# This is a clothes file for MakeHuman Community, exported by MakeClothes 2
#
# author: Donitz
# license: CC0
#
v 0.0271 4.5361 -1.1145
v -0.6730 4.5912 -1.1424
v -1.3368 4.6726 -1.2332
v -1.8168 4.6266 -0.8743
v -2.3677 4.6551 -0.7029
v -2.8474 4.6452 -0.5414
v -3.4229 4.5996 -0.2506
v -3.5325 4.6591 -0.0016
v -3.5492 4.6789 0.2864
v -3.4603 4.6455 0.5634
v -3.3035 4.5769 0.7934
v -2.7794 4.6905 1.1505
v -2.3364 4.7489 1.3537
v -1.7739 4.6934 1.3635
v -1.2560 4.7096 1.6658
v -0.5985 4.6767 1.7995
v -0.0770 4.6348 1.7608
v 0.4974 4.6372 1.6074
v 1.1734 4.6770 1.6351
v 1.7479 4.6676 1.3997
v 2.3210 4.7245 1.3765
v 2.7661 4.6706 1.1672
v 3.2994 4.5632 0.8202
v 3.4570 4.6315 0.5929
v 3.5556 4.6708 0.3184
v 3.5460 4.6533 0.0301
v 3.4466 4.5981 -0.2227
v 2.9040 4.6831 -0.5366
v 2.3923 4.6563 -0.6644
v 1.8445 4.6290 -0.8439
v 1.3899 4.6823 -1.2267
v 0.7259 4.5997 -1.1645
v 0.0137 6.2708 -0.5811
v -0.4388 6.2932 -0.6148
v -0.8762 6.3422 -0.6669
v -1.2686 6.3367 -0.5832
v -1.5980 6.3208 -0.4483
v -1.8552 6.3049 -0.2863
v -2.0433 6.3019 -0.1154
v -2.1394 6.3332 0.0696
v -2.1676 6.2800 0.2406
v -2.0898 6.2154 0.3829
v -1.9595 6.2836 0.5027
v -1.7833 6.2633 0.6815
v -1.5233 6.2299 0.8272
v -1.2240 6.1633 0.9591
v -0.8550 6.0644 1.0343
v -0.4566 6.0389 1.1403
v -0.0077 6.0582 1.1896
v 0.4484 6.0327 1.1587
v 0.8588 6.0484 1.0715
v 1.2154 6.1367 0.9661
v 1.5531 6.2431 0.8795
v 1.8017 6.2660 0.7237
v 1.9857 6.2555 0.5615
v 2.1040 6.2978 0.4228
v 2.1764 6.2759 0.2649
v 2.1462 6.3255 0.0938
v 2.0407 6.2754 -0.0797
v 1.8604 6.2825 -0.2373
v 1.6126 6.3102 -0.4083
v 1.2912 6.3308 -0.5542
v 0.9025 6.3371 -0.6398
v 0.4678 6.2928 -0.6032
v 0.0108 6.7464 -0.3252
v -0.1462 6.7498 -0.3183
v -0.2998 6.7572 -0.2908
v -0.4408 6.7615 -0.2317
v -0.5530 6.7625 -0.1455
v -0.6443 6.7596 -0.0439
v -0.6998 6.7491 0.0726
v -0.7125 6.7306 0.2058
v -0.6990 6.7015 0.3327
v -0.6622 6.6731 0.4461
v -0.6063 6.6417 0.5630
v -0.5598 6.6008 0.6788
v -0.4992 6.5620 0.7753
v -0.4325 6.5014 0.8483
v -0.3160 6.4597 0.8856
v -0.1646 6.4319 0.9045
v 0.0054 6.4256 0.9100
v 0.1793 6.4325 0.9087
v 0.3270 6.4633 0.8933
v 0.4457 6.5160 0.8588
v 0.5250 6.5641 0.7909
v 0.5827 6.5994 0.6940
v 0.6289 6.6317 0.5882
v 0.6598 6.6669 0.4678
v 0.6991 6.6943 0.3459
v 0.7130 6.7252 0.2194
v 0.7019 6.7445 0.0888
v 0.6543 6.7575 -0.0300
v 0.5674 6.7613 -0.1336
v 0.4573 6.7602 -0.2205
v 0.3209 6.7574 -0.2844
v 0.1670 6.7501 -0.3163
v -1.9942 5.6646 -0.6414
v -2.3447 5.6506 -0.4600
v 0.5904 5.7202 -0.9581
v 0.0196 5.7115 -0.9538
v 1.0305 5.5925 1.3331
v 1.5329 5.6558 1.2747
v -2.7639 5.5946 -0.1785
v 1.9753 5.6986 1.1767
v -2.7790 5.6004 0.0286
v 2.2263 5.6157 0.9312
v -2.7885 5.6273 0.2455
v 2.6395 5.5209 0.6651
v -2.7400 5.6006 0.4562
v 2.7329 5.5721 0.4813
v -2.6494 5.5347 0.6389
v 2.7926 5.6168 0.2761
v -2.2414 5.6403 0.9110
v 2.7908 5.5942 0.0592
v -1.9873 5.7194 1.1560
v 2.7834 5.5917 -0.1480
v -1.5488 5.6810 1.2531
v 2.3755 5.6531 -0.4409
v -1.0394 5.6038 1.2870
v -0.5513 5.7152 -0.9608
v 2.0305 5.6713 -0.6292
v -0.5192 5.5657 1.3524
v -1.1031 5.7282 -0.9622
v 1.6133 5.7049 -0.7987
v -0.0253 5.5611 1.4031
v -1.5812 5.6995 -0.8186
v 1.1414 5.7360 -0.9531
v 0.4861 5.5599 1.3276
v -0.4995 4.5755 -1.1199
v -0.3243 4.5613 -1.1090
v -0.1486 4.5477 -1.1080
v -1.1690 4.6581 -1.2362
v -1.0041 4.6356 -1.2041
v -0.8398 4.6124 -1.1687
v -1.6857 4.6361 -0.9543
v -1.5775 4.6515 -1.0571
v -1.4704 4.6670 -1.1603
v -2.2271 4.6472 -0.7396
v -2.0866 4.6390 -0.7765
v -1.9479 4.6314 -0.8176
v -2.7281 4.6476 -0.5836
v -2.6083 4.6501 -0.6247
v -2.4882 4.6528 -0.6645
v -3.3035 4.6218 -0.3527
v -3.1579 4.6331 -0.4276
v -3.0035 4.6396 -0.4864
v -3.5152 4.6477 -0.0693
v -3.4872 4.6309 -0.1306
v -3.4564 4.6135 -0.1911
v -3.5543 4.6784 0.2136
v -3.5533 4.6751 0.1399
v -3.5444 4.6676 0.0693
v -3.4899 4.6580 0.4972
v -3.5170 4.6695 0.4294
v -3.5394 4.6779 0.3574
v -3.3449 4.5905 0.7376
v -3.3838 4.6079 0.6802
v -3.4223 4.6264 0.6225
v -2.9147 4.6614 1.0669
v -3.0465 4.6310 0.9787
v -3.1755 4.6008 0.8869
v -2.4583 4.7433 1.3276
v -2.5683 4.7282 1.2733
v -2.6744 4.7100 1.2128
v -1.9102 4.7059 1.2977
v -2.0548 4.7204 1.2865
v -2.1965 4.7351 1.3183
v -1.3924 4.7101 1.5964
v -1.5270 4.7096 1.5234
v -1.6511 4.6985 1.4382
v -0.7247 4.6684 1.7064
v -0.8870 4.6740 1.6660
v -1.0776 4.6917 1.6866
v -0.1679 4.6647 1.8787
v -0.3151 4.6897 1.9440
v -0.4768 4.6912 1.9002
v 0.3287 4.6299 1.5635
v 0.1555 4.6257 1.5539
v 0.0106 4.6276 1.6328
v 1.0054 4.6709 1.6586
v 0.8345 4.6611 1.6586
v 0.6646 4.6491 1.6393
v 1.6008 4.6699 1.4533
v 1.4592 4.6735 1.5161
v 1.3185 4.6764 1.5800
v 2.1766 4.7087 1.3641
v 2.0315 4.6918 1.3489
v 1.8863 4.6778 1.3601
v 2.6587 4.6879 1.2266
v 2.5492 4.7032 1.2828
v 2.4381 4.7168 1.3363
v 3.1699 4.5866 0.9121
v 3.0389 4.6156 1.0018
v 2.9045 4.6440 1.0871
v 3.4191 4.6122 0.6505
v 3.3808 4.5941 0.7081
v 3.3415 4.5769 0.7651
v 3.5428 4.6688 0.3911
v 3.5157 4.6562 0.4591
v 3.4884 4.6450 0.5267
v 3.5578 4.6625 0.1009
v 3.5657 4.6701 0.1724
v 3.5614 4.6700 0.2458
v 3.4798 4.6123 -0.1633
v 3.5092 4.6296 -0.1020
v 3.5328 4.6443 -0.0379
v 3.0629 4.6787 -0.4876
v 3.1939 4.6381 -0.4144
v 3.3317 4.6225 -0.3295
v 2.5145 4.6543 -0.6298
v 2.6367 4.6521 -0.5951
v 2.7667 4.6635 -0.5676
v 1.9748 4.6336 -0.7855
v 2.1117 4.6407 -0.7397
v 2.2513 4.6486 -0.7002
v 1.5105 4.6724 -1.1383
v 1.6060 4.6543 -1.0268
v 1.7123 4.6384 -0.9227
v 0.8932 4.6221 -1.1865
v 1.0580 4.6467 -1.2185
v 1.2238 4.6699 -1.2446
v 0.2025 4.5503 -1.1204
v 0.3776 4.5664 -1.1300
v 0.5523 4.5825 -1.1439
v -0.3269 6.2826 -0.5963
v -0.2139 6.2748 -0.5836
v -0.1002 6.2706 -0.5784
v -0.7656 6.3324 -0.6605
v -0.6570 6.3184 -0.6434
v -0.5481 6.3050 -0.6275
v -1.1707 6.3369 -0.6068
v -1.0704 6.3333 -0.6245
v -0.9721 6.3355 -0.6450
v -1.5171 6.3265 -0.4842
v -1.4346 6.3307 -0.5183
v -1.3516 6.3336 -0.5513
v -1.7911 6.3084 -0.3274
v -1.7271 6.3123 -0.3685
v -1.6630 6.3168 -0.4091
v -1.9964 6.3028 -0.1587
v -1.9493 6.3037 -0.2016
v -1.9024 6.3044 -0.2443
v -2.1175 6.3279 0.0232
v -2.0933 6.3198 -0.0233
v -2.0687 6.3113 -0.0696
v -2.1608 6.2945 0.1978
v -2.1544 6.3087 0.1549
v -2.1478 6.3224 0.1120
v -2.1134 6.2436 0.3567
v -2.1338 6.2618 0.3213
v -2.1514 6.2731 0.2817
v -1.9887 6.2613 0.4704
v -2.0171 6.2330 0.4411
v -2.0492 6.2088 0.4141
v -1.8291 6.2746 0.6376
v -1.8740 6.2830 0.5928
v -1.9177 6.2869 0.5473
v -1.5884 6.2432 0.7918
v -1.6531 6.2521 0.7553
v -1.7181 6.2587 0.7186
v -1.2913 6.1735 0.9283
v -1.3614 6.1855 0.8923
v -1.4412 6.2074 0.8595
v -0.9329 6.0796 0.9967
v -1.0256 6.1035 0.9717
v -1.1253 6.1324 0.9613
v -0.5546 6.0390 1.1101
v -0.6561 6.0423 1.0852
v -0.7599 6.0506 1.0649
v -0.1232 6.0568 1.1857
v -0.2387 6.0513 1.1792
v -0.3502 6.0447 1.1635
v 0.3372 6.0413 1.1724
v 0.2256 6.0493 1.1844
v 0.1083 6.0558 1.1895
v 0.7602 6.0362 1.0977
v 0.6571 6.0301 1.1186
v 0.5532 6.0295 1.1390
v 1.1146 6.1053 0.9749
v 1.0231 6.0812 1.0004
v 0.9407 6.0635 1.0359
v 1.4803 6.2296 0.9203
v 1.3970 6.2048 0.9495
v 1.3079 6.1718 0.9658
v 1.7398 6.2651 0.7632
v 1.6777 6.2610 0.8023
v 1.6154 6.2535 0.8413
v 1.9387 6.2594 0.6020
v 1.8925 6.2626 0.6427
v 1.8469 6.2651 0.6833
v 2.0678 6.2712 0.4345
v 2.0378 6.2631 0.4719
v 2.0114 6.2597 0.5163
v 2.1592 6.2836 0.3065
v 2.1422 6.2915 0.3481
v 2.1246 6.2979 0.3888
v 2.1549 6.3152 0.1359
v 2.1616 6.3019 0.1788
v 2.1684 6.2882 0.2217
v 2.0700 6.2933 -0.0402
v 2.0969 6.3065 0.0037
v 2.1228 6.3180 0.0486
v 1.9034 6.2762 -0.1926
v 1.9447 6.2670 -0.1474
v 1.9875 6.2573 -0.1072
v 1.6750 6.3033 -0.3665
v 1.7368 6.2960 -0.3237
v 1.7989 6.2894 -0.2808
v 1.3722 6.3262 -0.5194
v 1.4538 6.3229 -0.4843
v 1.5341 6.3178 -0.4473
v 0.9997 6.3340 -0.6220
v 1.1010 6.3408 -0.6095
v 1.1978 6.3384 -0.5861
v 0.5772 6.3022 -0.6096
v 0.6848 6.3176 -0.6273
v 0.7934 6.3318 -0.6417
v 0.1275 6.2717 -0.5782
v 0.2414 6.2763 -0.5815
v 0.3550 6.2831 -0.5897
v -1.9056 5.8436 -0.6121
v -1.8105 6.0153 -0.5709
v -1.6869 6.1569 -0.4944
v -2.4806 5.4021 -0.4965
v -2.6111 5.1505 -0.5236
v -2.7333 4.8967 -0.5383
v 0.5612 5.8783 -0.8882
v 0.5323 6.0143 -0.7812
v 0.5023 6.1473 -0.6760
v 0.0215 5.4180 -0.9974
v 0.0235 5.1210 -1.0274
v 0.0254 4.8249 -1.0674
v 0.9938 5.7172 1.2779
v 0.9547 5.8304 1.2185
v 0.9104 5.9378 1.1491
v 1.5934 5.4209 1.3246
v 1.6459 5.1734 1.3532
v 1.6966 4.9201 1.3774
v -2.9350 5.3455 -0.2070
v -3.1047 5.0950 -0.2282
v -3.2657 4.8427 -0.2410
v 2.0728 5.4633 1.2413
v 2.1581 5.2166 1.2815
v 2.2398 4.9684 1.3243
v -2.9678 5.3623 0.0140
v -3.1647 5.1299 0.0024
v -3.3460 4.8891 -0.0001
v 2.3648 5.3808 1.0030
v 2.5366 5.1684 1.0856
v 2.6674 4.9258 1.1412
v -2.9698 5.3815 0.2449
v -3.1419 5.1283 0.2499
v -3.3385 4.8945 0.2662
v 2.7285 5.2353 0.6554
v 2.9106 4.9973 0.7069
v 3.1280 4.7953 0.7762
v -2.8648 5.3244 0.4515
v -3.0380 5.0737 0.4762
v -3.2426 4.8500 0.5154
v 2.8628 5.3007 0.4757
v 3.0359 5.0530 0.5015
v 3.2419 4.8342 0.5435
v -2.7422 5.2512 0.6349
v -2.9136 5.0070 0.6795
v -3.1264 4.8025 0.7454
v 2.9745 5.3712 0.2759
v 3.1448 5.1170 0.2790
v 3.3429 4.8844 0.2962
v -2.3703 5.3984 0.9762
v -2.5413 5.1842 1.0572
v -2.6774 4.9444 1.1181
v 2.9797 5.3562 0.0443
v 3.1762 5.1233 0.0325
v 3.3612 4.8847 0.0298
v -2.0946 5.4915 1.2285
v -2.1843 5.2478 1.2760
v -2.2627 4.9976 1.3125
v 2.9555 5.3431 -0.1778
v 3.1307 5.0956 -0.2024
v 3.2914 4.8426 -0.2149
v -1.6203 5.4499 1.3217
v -1.6734 5.2025 1.3335
v -1.7227 4.9478 1.3369
v 2.5154 5.4070 -0.4822
v 2.6464 5.1554 -0.5095
v 2.7667 4.9004 -0.5205
v -1.0871 5.3918 1.3842
v -1.1349 5.1664 1.4808
v -1.1795 4.9314 1.5541
v -0.5810 5.4340 -1.0009
v -0.6117 5.1501 -1.0382
v -0.6424 4.8679 -1.0886
v 2.1380 5.4233 -0.6679
v 2.2312 5.1681 -0.6826
v 2.3137 4.9105 -0.6766
v -0.5404 5.3509 1.4623
v -0.5603 5.1281 1.5758
v -0.5801 4.9027 1.6899
v -1.1605 5.4626 -1.0295
v -1.2182 5.1965 -1.0975
v -1.2761 4.9314 -1.1634
v 1.6778 5.4366 -0.8193
v 1.7342 5.1650 -0.8268
v 1.7902 4.8941 -0.8358
v -0.0373 5.3349 1.4902
v -0.0505 5.1044 1.5813
v -0.0639 4.8706 1.6731
v -1.6476 5.4322 -0.8436
v -1.7056 5.1614 -0.8549
v -1.7624 4.8912 -0.8658
v 1.2019 5.4711 -1.0223
v 1.2636 5.2055 -1.0911
v 1.3250 4.9408 -1.1569
v 0.4892 5.3409 1.3952
v 0.4917 5.1109 1.4713
v 0.4942 4.8756 1.5445
v -0.1075 6.7487 -0.3216
v -0.0673 6.7478 -0.3237
v -0.0285 6.7469 -0.3247
v -0.2615 6.7553 -0.2991
v -0.2245 6.7538 -0.3073
v -0.1849 6.7519 -0.3141
v -0.4049 6.7604 -0.2481
v -0.3704 6.7594 -0.2629
v -0.3371 6.7587 -0.2776
v -0.5268 6.7628 -0.1691
v -0.4971 6.7619 -0.1897
v -0.4689 6.7615 -0.2108
v -0.6266 6.7621 -0.0721
v -0.6022 6.7628 -0.0981
v -0.5777 6.7629 -0.1220
v -0.6925 6.7539 0.0417
v -0.6768 6.7565 0.0114
v -0.6611 6.7583 -0.0161
v -0.7146 6.7366 0.1715
v -0.7100 6.7415 0.1369
v -0.7063 6.7453 0.1054
v -0.7065 6.7101 0.3010
v -0.7088 6.7176 0.2688
v -0.7108 6.7241 0.2367
v -0.6712 6.6807 0.4179
v -0.6810 6.6879 0.3897
v -0.6900 6.6948 0.3612
v -0.6214 6.6501 0.5346
v -0.6377 6.6580 0.5062
v -0.6499 6.6658 0.4761
v -0.5710 6.6116 0.6502
v -0.5823 6.6220 0.6213
v -0.5939 6.6321 0.5922
v -0.5156 6.5720 0.7538
v -0.5315 6.5814 0.7295
v -0.5451 6.5913 0.7044
v -0.4498 6.5196 0.8315
v -0.4628 6.5367 0.8142
v -0.4802 6.5506 0.7956
v -0.3511 6.4675 0.8784
v -0.3844 6.4765 0.8701
v -0.4134 6.4874 0.8599
v -0.2071 6.4380 0.9005
v -0.2429 6.4446 0.8964
v -0.2800 6.4521 0.8911
v -0.0388 6.4257 0.9086
v -0.0802 6.4267 0.9072
v -0.1258 6.4288 0.9060
v 0.1364 6.4288 0.9095
v 0.0940 6.4267 0.9103
v 0.0472 6.4255 0.9099
v 0.2925 6.4546 0.8980
v 0.2561 6.4459 0.9029
v 0.2203 6.4391 0.9065
v 0.4203 6.4951 0.8695
v 0.3924 6.4829 0.8786
v 0.3609 6.4724 0.8865
v 0.5069 6.5536 0.8114
v 0.4872 6.5421 0.8288
v 0.4643 6.5294 0.8444
v 0.5687 6.5909 0.7195
v 0.5542 6.5821 0.7444
v 0.5396 6.5731 0.7684
v 0.6176 6.6240 0.6151
v 0.6059 6.6161 0.6417
v 0.5942 6.6079 0.6680
v 0.6516 6.6586 0.4981
v 0.6440 6.6500 0.5283
v 0.6366 6.6410 0.5583
v 0.6894 6.6878 0.3767
v 0.6792 6.6812 0.4072
v 0.6692 6.6742 0.4376
v 0.7112 6.7184 0.2513
v 0.7094 6.7110 0.2826
v 0.7058 6.7025 0.3155
v 0.7071 6.7405 0.1212
v 0.7109 6.7360 0.1531
v 0.7161 6.7310 0.1882
v 0.6708 6.7564 -0.0033
v 0.6862 6.7544 0.0265
v 0.6974 6.7500 0.0605
v 0.5922 6.7615 -0.1099
v 0.6152 6.7610 -0.0846
v 0.6371 6.7598 -0.0578
v 0.4853 6.7607 -0.2000
v 0.5136 6.7614 -0.1794
v 0.5422 6.7616 -0.1570
v 0.3559 6.7582 -0.2701
v 0.3895 6.7591 -0.2552
v 0.4235 6.7600 -0.2388
v 0.2066 6.7525 -0.3115
v 0.2442 6.7541 -0.3033
v 0.2821 6.7557 -0.2949
v 0.0498 6.7471 -0.3244
v 0.0891 6.7481 -0.3233
v 0.1282 6.7489 -0.3200
v -1.2291 6.2931 0.7959
v -0.9381 6.2841 0.7533
v -0.7746 6.3687 0.7275
v -0.6485 6.3112 0.8421
v -0.7849 6.2564 0.8779
v -0.9994 6.2303 0.9164
v 1.6522 6.4460 -0.0354
v 1.2652 6.4892 -0.0043
v 0.8929 6.5588 0.0314
v 0.8345 6.5897 -0.0878
v 1.1614 6.5147 -0.1380
v 1.5105 6.4627 -0.1877
v -0.4230 6.2771 0.8811
v -0.5853 6.2253 0.9921
v -0.7081 6.1655 1.0072
v 0.0123 6.4638 -0.4971
v 0.0113 6.5628 -0.4487
v 0.0105 6.6268 -0.4039
v -0.2040 6.6313 -0.3993
v -0.2812 6.5735 -0.4565
v -0.3616 6.4811 -0.5174
v 0.7403 6.6164 -0.2023
v 1.0159 6.5487 -0.2654
v 1.3127 6.4894 -0.3338
v -0.2195 6.2667 0.8914
v -0.2972 6.2077 1.0101
v -0.3839 6.1486 1.0989
v -0.4097 6.6401 -0.3794
v -0.5626 6.6003 -0.4664
v -0.7178 6.5236 -0.5542
v 0.6056 6.6338 -0.3023
v 0.8304 6.5876 -0.3804
v 1.0534 6.5089 -0.4584
v 0.0022 6.2771 0.8971
v -0.0011 6.2057 1.0114
v -0.0043 6.1576 1.1073
v -0.5863 6.6320 -0.3137
v -0.8017 6.5757 -0.3891
v -1.0381 6.5223 -0.4831
v 0.4295 6.6399 -0.3697
v 0.5846 6.5965 -0.4499
v 0.7423 6.5199 -0.5338
v 0.2253 6.2992 0.8981
v 0.2953 6.2033 1.0188
v 0.3757 6.1429 1.1067
v -0.7256 6.6170 -0.2177
v -1.0044 6.5564 -0.2863
v -1.2993 6.4990 -0.3648
v 0.2249 6.6324 -0.3968
v 0.3039 6.5734 -0.4507
v 0.3865 6.4809 -0.5093
v 0.4311 6.2923 0.8978
v 0.5865 6.2118 1.0044
v 0.7154 6.1495 1.0377
v -0.8260 6.5926 -0.1063
v -1.1509 6.5172 -0.1620
v -1.4957 6.4586 -0.2204
v 0.6529 6.3111 0.8612
v 0.7997 6.2425 0.9046
v 0.9943 6.2099 0.9258
v -0.8883 6.5639 0.0114
v -1.2583 6.4928 -0.0304
v -1.6446 6.4473 -0.0707
v 0.7916 6.3453 0.7497
v 0.9605 6.2736 0.7830
v 1.2495 6.2836 0.8354
v -0.9149 6.5403 0.1396
v -1.2930 6.4456 0.1109
v -1.7122 6.4355 0.0950
v 0.8673 6.3571 0.6402
v 1.0981 6.3007 0.6651
v 1.4371 6.3099 0.7056
v -0.9417 6.5223 0.2630
v -1.3116 6.4055 0.2473
v -1.7376 6.4029 0.2499
v 0.9146 6.4291 0.5278
v 1.2057 6.3274 0.5425
v 1.5819 6.3198 0.5685
v -0.9349 6.4869 0.3773
v -1.2697 6.3695 0.3745
v -1.6806 6.3624 0.3907
v 0.9325 6.4836 0.4038
v 1.2660 6.3602 0.4042
v 1.6751 6.3540 0.4189
v -0.8996 6.4381 0.4938
v -1.1777 6.3425 0.5007
v -1.5544 6.3336 0.5183
v 0.9487 6.5137 0.2830
v 1.3200 6.3975 0.2721
v 1.7441 6.3914 0.2740
v -0.8555 6.4035 0.6180
v -1.0800 6.3113 0.6367
v -1.4239 6.3258 0.6701
v 0.9216 6.5348 0.1595
v 1.2998 6.4387 0.1361
v 1.7229 6.4404 0.1252
v -2.2852 4.9079 -0.7051
v -2.1988 5.1639 -0.7020
v -2.1026 5.4175 -0.6815
v -1.9654 6.1389 -0.3219
v -2.1131 5.9998 -0.3905
v -2.2374 5.8336 -0.4352
v 0.6923 4.8749 -1.1024
v 0.6581 5.1561 -1.0459
v 0.6236 5.4396 -1.0042
v 0.0151 6.1264 -0.6565
v 0.0167 5.9962 -0.7642
v 0.0182 5.8663 -0.8777
v 1.1392 4.9143 1.5682
v 1.1048 5.1501 1.4966
v 1.0682 5.3785 1.4164
v 1.2975 6.0239 1.0359
v 1.3796 5.9105 1.1188
v 1.4643 5.7948 1.2104
v -2.2203 6.1307 -0.1332
v -2.4014 5.9555 -0.1504
v -2.5730 5.7671 -0.1600
v 1.6654 6.1253 0.9593
v 1.7656 5.9875 1.0283
v 1.8681 5.8439 1.0998
v -2.2865 6.1526 0.0560
v -2.4618 5.9823 0.0415
v -2.6207 5.7934 0.0360
v 1.9154 6.1188 0.7818
v 2.0389 5.9709 0.8447
v 2.1442 5.8025 0.8971
v -2.3368 6.1367 0.2376
v -2.5014 5.9826 0.2381
v -2.6445 5.8064 0.2428
v 2.1709 6.1019 0.6045
v 2.3468 5.9288 0.6349
v 2.5079 5.7364 0.6589
v -2.3166 6.1510 0.4190
v -2.4633 5.9764 0.4322
v -2.6111 5.7968 0.4490
v 2.2930 6.1560 0.4452
v 2.4500 5.9736 0.4622
v 2.6067 5.7850 0.4804
v -2.1710 6.1510 0.5678
v -2.3446 5.9621 0.5992
v -2.5153 5.7629 0.6302
v 2.3444 6.1303 0.2654
v 2.5031 5.9708 0.2691
v 2.6489 5.7961 0.2747
v -1.8947 6.1123 0.7345
v -2.0263 5.9718 0.8048
v -2.1592 5.8272 0.8766
v 2.3001 6.1490 0.0811
v 2.4733 5.9764 0.0713
v 2.6335 5.7881 0.0671
v -1.6438 6.1178 0.9100
v -1.7634 5.9985 0.9967
v -1.8776 5.8654 1.0781
v 2.2483 6.1359 -0.1137
v 2.4210 5.9531 -0.1231
v 2.5913 5.7632 -0.1303
v -1.3123 6.0550 1.0257
v -1.3957 5.9394 1.0970
v -1.4729 5.8145 1.1738
v 1.9870 6.1299 -0.2928
v 2.1420 6.0013 -0.3698
v 2.2658 5.8343 -0.4139
v -0.9100 5.9516 1.1078
v -0.9549 5.8417 1.1712
v -0.9972 5.7277 1.2291
v -0.4717 6.1458 -0.6835
v -0.4987 6.0100 -0.7851
v -0.5248 5.8740 -0.8925
v 1.7125 6.1544 -0.4694
v 1.8407 6.0181 -0.5511
v 1.9409 5.8499 -0.5984
v -0.4687 5.9222 1.1838
v -0.4835 5.8073 1.2340
v -0.5006 5.6894 1.2908
v -0.9373 6.2004 -0.7510
v -0.9956 6.0518 -0.8332
v -1.0522 5.8938 -0.9055
v 1.3927 6.2032 -0.6532
v 1.4806 6.0529 -0.7298
v 1.5503 5.8820 -0.7716
v -0.0107 5.9347 1.2594
v -0.0144 5.8129 1.3080
v -0.0194 5.6887 1.3549
v -1.3613 6.1984 -0.6713
v -1.4491 6.0475 -0.7475
v -1.5178 5.8763 -0.7901
v 0.9683 6.2020 -0.7331
v 1.0298 6.0620 -0.8257
v 1.0889 5.9014 -0.8965
v 0.4615 5.9158 1.2100
v 0.4701 5.8020 1.2519
v 0.4779 5.6846 1.2892
v 0.6227 5.5631 1.3418
v 0.7594 5.5700 1.3446
v 0.8950 5.5799 1.3398
v 1.0062 5.7363 -0.9661
v 0.8668 5.7310 -0.9639
v 0.7286 5.7255 -0.9603
v -1.6861 5.6918 -0.7776
v -1.7900 5.6832 -0.7346
v -1.8926 5.6740 -0.6890
v 0.0799 5.5654 1.3370
v 0.2077 5.5663 1.3004
v 0.3470 5.5629 1.3043
v 1.4964 5.7161 -0.8404
v 1.3832 5.7269 -0.8876
v 1.2658 5.7343 -0.9277
v -1.2287 5.7262 -0.9394
v -1.3493 5.7205 -0.9052
v -1.4657 5.7111 -0.8627
v -0.4062 5.5656 1.4067
v -0.2842 5.5646 1.4486
v -0.1477 5.5619 1.4500
v 1.9283 5.6805 -0.6758
v 1.8247 5.6894 -0.7197
v 1.7195 5.6976 -0.7604
v -0.6896 5.7194 -0.9636
v -0.8279 5.7238 -0.9675
v -0.9665 5.7281 -0.9708
v -0.9020 5.5886 1.2823
v -0.7658 5.5770 1.2850
v -0.6354 5.5697 1.3067
v 2.2912 5.6588 -0.4909
v 2.2050 5.6631 -0.5383
v 2.1180 5.6672 -0.5843
v -0.1231 5.7121 -0.9539
v -0.2659 5.7129 -0.9550
v -0.4086 5.7140 -0.9574
v -1.4223 5.6622 1.2669
v -1.2956 5.6425 1.2786
v -1.1678 5.6227 1.2853
v 2.6889 5.6105 -0.2262
v 2.5891 5.6275 -0.3024
v 2.4841 5.6413 -0.3737
v -1.8930 5.7277 1.2048
v -1.7787 5.7163 1.2238
v -1.6635 5.6996 1.2388
v 2.7886 5.5931 0.0067
v 2.7888 5.5937 -0.0458
v 2.7890 5.5944 -0.0980
v -2.1711 5.6580 0.9692
v -2.1071 5.6781 1.0308
v -2.0469 5.6998 1.0934
v 2.7959 5.6140 0.2217
v 2.7969 5.6095 0.1673
v 2.7940 5.6019 0.1132
v -2.5457 5.5615 0.7052
v -2.4436 5.5890 0.7738
v -2.3419 5.6152 0.8425
v 2.7545 5.5879 0.4323
v 2.7738 5.6022 0.3823
v 2.7870 5.6124 0.3301
v -2.7205 5.5862 0.5041
v -2.6989 5.5702 0.5508
v -2.6745 5.5521 0.5955
v 2.6634 5.5339 0.6212
v 2.6875 5.5479 0.5755
v 2.7108 5.5606 0.5287
v -2.7845 5.6268 0.2998
v -2.7740 5.6210 0.3531
v -2.7587 5.6118 0.4053
v 2.3249 5.5923 0.8602
v 2.4289 5.5693 0.7935
v 2.5327 5.5443 0.7265
v -2.7816 5.6071 0.0828
v -2.7856 5.6150 0.1369
v -2.7888 5.6224 0.1911
v 2.0340 5.6766 1.1143
v 2.0940 5.6548 1.0521
v 2.1572 5.6339 0.9903
v -2.7716 5.5984 -0.1288
v -2.7744 5.5991 -0.0765
v -2.7762 5.5993 -0.0240
v 1.6457 5.6714 1.2548
v 1.7588 5.6853 1.2352
v 1.8739 5.6973 1.2181
v -2.4560 5.6406 -0.3961
v -2.5627 5.6274 -0.3266
v -2.6662 5.6123 -0.2538
v 1.1566 5.6082 1.3215
v 1.2826 5.6247 1.3084
v 1.4080 5.6408 1.2928
v 0.4477 5.7177 -0.9552
v 0.3049 5.7154 -0.9536
v 0.1622 5.7134 -0.9531
v -2.0818 5.6607 -0.5964
v -2.1695 5.6572 -0.5513
v -2.2574 5.6541 -0.5062
v -2.1552 5.8358 -0.4814
v -2.0721 5.8381 -0.5255
v -1.9889 5.8407 -0.5690
v -2.0384 6.0042 -0.4373
v -1.9625 6.0077 -0.4823
v -1.8866 6.0114 -0.5269
v -1.8950 6.1418 -0.3647
v -1.8249 6.1457 -0.4075
v -1.7554 6.1507 -0.4506
v 0.1539 5.8683 -0.8773
v 0.2896 5.8710 -0.8791
v 0.4254 5.8744 -0.8828
v 0.1457 5.9984 -0.7640
v 0.2746 6.0022 -0.7669
v 0.4035 6.0075 -0.7726
v 0.1371 6.1288 -0.6566
v 0.2591 6.1334 -0.6601
v 0.3808 6.1394 -0.6664
v 1.3486 5.7757 1.2329
v 1.2325 5.7560 1.2535
v 1.1138 5.7359 1.2679
v 1.2728 5.8888 1.1441
v 1.1703 5.8699 1.1748
v 1.0655 5.8503 1.2021
v 1.1943 5.9963 1.0557
v 1.0990 5.9746 1.0865
v 1.0068 5.9558 1.1206
v -2.4984 5.7917 -0.2350
v -2.4172 5.8103 -0.3069
v -2.3294 5.8232 -0.3732
v -2.3380 5.9741 -0.2165
v -2.2674 5.9857 -0.2789
v -2.1914 5.9935 -0.3361
v -2.1623 6.1375 -0.1854
v -2.0999 6.1404 -0.2342
v -2.0328 6.1392 -0.2783
v 1.7797 5.8460 1.1466
v 1.6779 5.8344 1.1754
v 1.5701 5.8150 1.1903
v 1.6824 5.9847 1.0707
v 1.5838 5.9639 1.0922
v 1.4805 5.9364 1.1019
v 1.5899 6.1194 1.0032
v 1.4945 6.0907 1.0218
v 1.3957 6.0570 1.0277
v -2.6110 5.7890 -0.0137
v -2.5996 5.7828 -0.0629
v -2.5856 5.7743 -0.1114
v -2.4494 5.9776 -0.0072
v -2.4347 5.9713 -0.0554
v -2.4181 5.9634 -0.1029
v -2.2734 6.1494 0.0079
v -2.2575 6.1446 -0.0398
v -2.2393 6.1381 -0.0868
v 2.0688 5.8116 0.9447
v 1.9956 5.8201 0.9934
v 1.9287 5.8308 1.0457
v 1.9689 5.9775 0.8906
v 1.8986 5.9815 0.9356
v 1.8302 5.9842 0.9814
v 1.8512 6.1232 0.8260
v 1.7880 6.1257 0.8705
v 1.7260 6.1261 0.9153
v -2.6444 5.8073 0.1904
v -2.6376 5.8034 0.1388
v -2.6291 5.7983 0.0874
v -2.4953 5.9853 0.1882
v -2.4851 5.9850 0.1392
v -2.4735 5.9837 0.0904
v -2.3211 6.1374 0.1926
v -2.3072 6.1403 0.1472
v -2.2954 6.1451 0.1016
v 2.4188 5.7562 0.7212
v 2.3283 5.7740 0.7817
v 2.2365 5.7893 0.8402
v 2.2689 5.9404 0.6879
v 2.1914 5.9514 0.7403
v 2.1149 5.9618 0.7928
v 2.1036 6.1049 0.6467
v 2.0393 6.1096 0.6911
v 1.9770 6.1147 0.7364
v -2.6219 5.8011 0.3978
v -2.6303 5.8037 0.3462
v -2.6380 5.8055 0.2945
v -2.4773 5.9814 0.3845
v -2.4873 5.9835 0.3359
v -2.4955 5.9840 0.2870
v -2.3294 6.1536 0.3744
v -2.3358 6.1516 0.3288
v -2.3379 6.1457 0.2830
v 2.5841 5.7741 0.5260
v 2.5601 5.7627 0.5713
v 2.5350 5.7504 0.6158
v 2.4265 5.9633 0.5066
v 2.4001 5.9516 0.5495
v 2.3736 5.9401 0.5924
v 2.2691 6.1462 0.4885
v 2.2370 6.1314 0.5274
v 2.2032 6.1159 0.5653
v -2.5415 5.7729 0.5863
v -2.5670 5.7825 0.5416
v -2.5913 5.7913 0.4967
v -2.3754 5.9663 0.5583
v -2.4060 5.9705 0.5171
v -2.4364 5.9746 0.4755
v -2.2132 6.1552 0.5353
v -2.2517 6.1563 0.4993
v -2.2860 6.1547 0.4603
v 2.6420 5.7964 0.3267
v 2.6343 5.7957 0.3787
v 2.6240 5.7930 0.4304
v 2.4916 5.9731 0.3177
v 2.4799 5.9751 0.3664
v 2.4670 5.9759 0.4147
v 2.3312 6.1369 0.3106
v 2.3183 6.1433 0.3559
v 2.3066 6.1505 0.4010
v -2.2483 5.8134 0.8164
v -2.3386 5.7986 0.7564
v -2.4283 5.7819 0.6948
v -2.1037 5.9693 0.7524
v -2.1843 5.9681 0.7022
v -2.2663 5.9671 0.6532
v -1.9609 6.1215 0.6903
v -2.0298 6.1314 0.6484
v -2.1004 6.1416 0.6081
v 2.6423 5.7936 0.1185
v 2.6500 5.7987 0.1699
v 2.6514 5.7990 0.2225
v 2.4839 5.9772 0.1205
v 2.4943 5.9780 0.1696
v 2.5020 5.9771 0.2195
v 2.3100 6.1428 0.1272
v 2.3221 6.1388 0.1732
v 2.3349 6.1359 0.2191
v -1.9439 5.8559 1.0261
v -2.0153 5.8481 0.9767
v -2.0869 5.8383 0.9268
v -1.8253 5.9926 0.9472
v -1.8898 5.9857 0.8988
v -1.9567 5.9786 0.8512
v -1.6993 6.1143 0.8634
v -1.7603 6.1124 0.8184
v -1.8259 6.1121 0.7755
v 2.6035 5.7711 -0.0817
v 2.6146 5.7782 -0.0324
v 2.6242 5.7833 0.0173
v 2.4367 5.9611 -0.0753
v 2.4515 5.9687 -0.0271
v 2.4629 5.9727 0.0220
v 2.2647 6.1418 -0.0660
v 2.2783 6.1453 -0.0173
v 2.2900 6.1475 0.0319
v -1.5822 5.8387 1.1644
v -1.6928 5.8625 1.1566
v -1.7923 5.8713 1.1277
v -1.5002 5.9701 1.0916
v -1.6044 5.9985 1.0832
v -1.6908 6.0064 1.0476
v -1.4085 6.0854 1.0230
v -1.4887 6.1005 0.9923
v -1.5709 6.1151 0.9555
v 2.3570 5.8237 -0.3506
v 2.4432 5.8101 -0.2830
v 2.5189 5.7882 -0.2072
v 2.2206 5.9953 -0.3154
v 2.2945 5.9866 -0.2566
v 2.3603 5.9720 -0.1913
v 2.0552 6.1312 -0.2504
v 2.1266 6.1396 -0.2121
v 2.1928 6.1426 -0.1676
v -1.1181 5.7483 1.2226
v -1.2363 5.7696 1.2067
v -1.3536 5.7912 1.1879
v -1.0660 5.8631 1.1551
v -1.1727 5.8853 1.1297
v -1.2819 5.9102 1.1081
v -1.0058 5.9714 1.0783
v -1.1002 5.9930 1.0469
v -1.2037 6.0210 1.0288
v -0.3889 5.8712 -0.8861
v -0.2532 5.8689 -0.8812
v -0.1175 5.8673 -0.8783
v -0.3700 6.0043 -0.7756
v -0.2412 6.0002 -0.7689
v -0.1123 5.9974 -0.7651
v -0.3504 6.1379 -0.6714
v -0.2287 6.1321 -0.6630
v -0.1069 6.1282 -0.6579
v 2.0240 5.8467 -0.5551
v 2.1066 5.8439 -0.5108
v 2.1880 5.8403 -0.4643
v 1.9162 6.0136 -0.5065
v 1.9917 6.0094 -0.4615
v 2.0675 6.0059 -0.4166
v 1.7794 6.1459 -0.4241
v 1.8477 6.1390 -0.3798
v 1.9170 6.1337 -0.3361
v -0.6134 5.6933 1.2503
v -0.7374 5.7001 1.2293
v -0.8668 5.7115 1.2257
v -0.5921 5.8098 1.1980
v -0.7093 5.8151 1.1774
v -0.8318 5.8251 1.1727
v -0.5721 5.9233 1.1510
v -0.6818 5.9270 1.1290
v -0.7967 5.9355 1.1200
v -0.9208 5.8911 -0.9095
v -0.7883 5.8852 -0.9038
v -0.6565 5.8795 -0.8979
v -0.8715 6.0413 -0.8230
v -0.7473 6.0298 -0.8081
v -0.6232 6.0191 -0.7952
v -0.8206 6.1867 -0.7354
v -0.7048 6.1719 -0.7152
v -0.5886 6.1579 -0.6974
v 1.6489 5.8744 -0.7303
v 1.7470 5.8663 -0.6880
v 1.8443 5.8580 -0.6440
v 1.5728 6.0453 -0.6882
v 1.6637 6.0367 -0.6444
v 1.7524 6.0273 -0.5984
v 1.4764 6.1939 -0.6113
v 1.5572 6.1825 -0.5663
v 1.6351 6.1686 -0.5182
v -0.1432 5.6886 1.3882
v -0.2735 5.6895 1.3791
v -0.3898 5.6893 1.3387
v -0.1382 5.8120 1.3246
v -0.2616 5.8105 1.3102
v -0.3744 5.8085 1.2747
v -0.1311 5.9338 1.2580
v -0.2490 5.9300 1.2431
v -0.3609 5.9255 1.2163
v -1.4085 5.8875 -0.8346
v -1.2946 5.8939 -0.8693
v -1.1739 5.8953 -0.8911
v -1.3474 6.0599 -0.7880
v -1.2315 6.0604 -0.8147
v -1.1145 6.0574 -0.8276
v -1.2631 6.2070 -0.7071
v -1.1555 6.2063 -0.7283
v -1.0484 6.2059 -0.7460
v 1.2101 5.9033 -0.8799
v 1.3318 5.9018 -0.8560
v 1.4420 5.8938 -0.8158
v 1.1482 6.0655 -0.8153
v 1.2656 6.0688 -0.8017
v 1.3775 6.0649 -0.7722
v 1.0791 6.2095 -0.7274
v 1.1876 6.2142 -0.7134
v 1.2957 6.2128 -0.6899
v 0.3451 5.6894 1.2694
v 0.2122 5.6937 1.2681
v 0.0879 5.6932 1.2993
v 0.3437 5.8091 1.2386
v 0.2177 5.8146 1.2427
v 0.0970 5.8159 1.2674
v 0.3420 5.9241 1.2112
v 0.2245 5.9296 1.2257
v 0.1068 5.9336 1.2432
v -1.8092 5.8516 -0.6580
v -1.7125 5.8600 -0.7031
v -1.6153 5.8682 -0.7470
v -1.7218 6.0236 -0.6176
v -1.6325 6.0322 -0.6632
v -1.5413 6.0398 -0.7061
v -1.6078 6.1686 -0.5417
v -1.5287 6.1807 -0.5885
v -1.4459 6.1899 -0.6311
v 0.6929 5.8847 -0.8925
v 0.8246 5.8914 -0.8974
v 0.9561 5.8980 -0.9021
v 0.6569 6.0242 -0.7901
v 0.7813 6.0356 -0.8017
v 0.9056 6.0481 -0.8155
v 0.6196 6.1589 -0.6869
v 0.7360 6.1733 -0.7025
v 0.8520 6.1887 -0.7202
v 0.8650 5.7026 1.2839
v 0.7368 5.6924 1.2921
v 0.6080 5.6865 1.2966
v 0.8331 5.8151 1.2260
v 0.7123 5.8059 1.2364
v 0.5922 5.8019 1.2486
v 0.7985 5.9233 1.1644
v 0.6853 5.9158 1.1777
v 0.5737 5.9139 1.1948
v -1.0528 6.2446 0.8885
v -1.1057 6.2561 0.8561
v -1.1655 6.2734 0.8250
v -0.8175 6.2627 0.8443
v -0.8573 6.2706 0.8135
v -0.8975 6.2778 0.7831
v -0.6804 6.3261 0.7967
v -0.7103 6.3460 0.7769
v -0.7440 6.3657 0.7533
v 1.5475 6.4628 -0.1502
v 1.5833 6.4603 -0.1121
v 1.6181 6.4546 -0.0735
v 1.1873 6.5093 -0.1048
v 1.2138 6.5045 -0.0716
v 1.2398 6.4985 -0.0382
v 0.8498 6.5834 -0.0582
v 0.8649 6.5761 -0.0281
v 0.8784 6.5675 0.0016
v -0.7752 6.1791 0.9735
v -0.8453 6.1945 0.9435
v -0.9172 6.2085 0.9211
v -0.6496 6.2344 0.9782
v -0.7149 6.2455 0.9546
v -0.7584 6.2512 0.9210
v -0.4725 6.2759 0.8804
v -0.5325 6.2850 0.8769
v -0.5900 6.2916 0.8707
v -0.2686 6.4745 -0.5072
v -0.1751 6.4694 -0.5008
v -0.0815 6.4658 -0.4974
v -0.2083 6.5696 -0.4519
v -0.1352 6.5667 -0.4495
v -0.0620 6.5644 -0.4484
v -0.1505 6.6304 -0.4011
v -0.0969 6.6292 -0.4025
v -0.0432 6.6280 -0.4034
v 1.3618 6.4818 -0.2977
v 1.4102 6.4731 -0.2608
v 1.4595 6.4663 -0.2240
v 1.0531 6.5412 -0.2342
v 1.0891 6.5322 -0.2022
v 1.1248 6.5229 -0.1700
v 0.7654 6.6111 -0.1743
v 0.7890 6.6049 -0.1458
v 0.8128 6.5983 -0.1171
v -0.4724 6.1490 1.0870
v -0.5574 6.1513 1.0681
v -0.6360 6.1568 1.0402
v -0.3692 6.2110 1.0088
v -0.4428 6.2138 1.0086
v -0.5158 6.2187 1.0013
v -0.2695 6.2689 0.8886
v -0.3208 6.2664 0.8861
v -0.3719 6.2752 0.8831
v -0.6291 6.5177 -0.5526
v -0.5402 6.5054 -0.5407
v -0.4513 6.4925 -0.5275
v -0.4926 6.5965 -0.4676
v -0.4222 6.5888 -0.4640
v -0.3518 6.5808 -0.4597
v -0.3588 6.6389 -0.3859
v -0.3074 6.6368 -0.3910
v -0.2559 6.6344 -0.3957
v 1.1151 6.4980 -0.4260
v 1.1821 6.4966 -0.3965
v 1.2487 6.4950 -0.3661
v 0.8742 6.5755 -0.3512
v 0.9207 6.5657 -0.3226
v 0.9685 6.5575 -0.2941
v 0.6406 6.6306 -0.2787
v 0.6742 6.6263 -0.2538
v 0.7074 6.6215 -0.2284
v -0.0994 6.1576 1.1050
v -0.1946 6.1554 1.1038
v -0.2895 6.1522 1.1032
v -0.0756 6.2062 1.0094
v -0.1493 6.2071 1.0089
v -0.2232 6.2073 1.0093
v -0.0528 6.2785 0.8954
v -0.1128 6.2744 0.8938
v -0.1668 6.2642 0.8937
v -0.9577 6.5205 -0.5018
v -0.8747 6.5155 -0.5170
v -0.7939 6.5162 -0.5126
v -0.7407 6.5795 -0.4080
v -0.6803 6.5852 -0.4272
v -0.6224 6.5944 -0.4486
v -0.5447 6.6365 -0.3336
v -0.5012 6.6394 -0.3512
v -0.4563 6.6407 -0.3667
v 0.8205 6.5159 -0.5152
v 0.9035 6.5217 -0.5036
v 0.9843 6.5244 -0.4878
v 0.6447 6.5919 -0.4312
v 0.7074 6.5907 -0.4153
v 0.7709 6.5922 -0.4007
v 0.4757 6.6404 -0.3562
v 0.5207 6.6395 -0.3406
v 0.5642 6.6376 -0.3226
v 0.2811 6.1486 1.1092
v 0.1863 6.1533 1.1090
v 0.0909 6.1568 1.1080
v 0.2210 6.2045 1.0156
v 0.1471 6.2051 1.0135
v 0.0731 6.2054 1.0116
v 0.1725 6.2883 0.8987
v 0.1185 6.2823 0.8970
v 0.0582 6.2781 0.8970
v -1.2387 6.5138 -0.3980
v -1.1782 6.5264 -0.4306
v -1.1089 6.5270 -0.4591
v -0.9562 6.5649 -0.3141
v -0.9069 6.5711 -0.3410
v -0.8547 6.5738 -0.3658
v -0.6914 6.6213 -0.2424
v -0.6570 6.6252 -0.2668
v -0.6220 6.6288 -0.2907
v 0.4764 6.4920 -0.5167
v 0.5650 6.5056 -0.5299
v 0.6539 6.5174 -0.5390
v 0.3745 6.5805 -0.4519
v 0.4449 6.5885 -0.4551
v 0.5153 6.5954 -0.4564
v 0.2766 6.6353 -0.3914
v 0.3282 6.6380 -0.3859
v 0.3791 6.6395 -0.3788
v 0.6373 6.1431 1.0644
v 0.5530 6.1404 1.0837
v 0.4653 6.1410 1.0972
v 0.5143 6.2076 1.0117
v 0.4418 6.2050 1.0180
v 0.3682 6.2042 1.0195
v 0.3772 6.2827 0.8956
v 0.3261 6.2756 0.8959
v 0.2755 6.2720 0.8967
v -1.4456 6.4665 -0.2565
v -1.3976 6.4783 -0.2927
v -1.3485 6.4886 -0.3292
v -1.1151 6.5283 -0.1934
v -1.0800 6.5402 -0.2245
v -1.0424 6.5487 -0.2558
v -0.8023 6.6004 -0.1348
v -0.7778 6.6071 -0.1628
v -0.7533 6.6133 -0.1906
v 0.1060 6.4668 -0.4975
v 0.1995 6.4711 -0.5004
v 0.2931 6.4756 -0.5038
v 0.0846 6.5649 -0.4478
v 0.1578 6.5673 -0.4479
v 0.2309 6.5701 -0.4484
v 0.0643 6.6283 -0.4027
v 0.1179 6.6297 -0.4011
v 0.1715 6.6312 -0.3993
v 0.9160 6.1884 0.9439
v 0.8490 6.1740 0.9737
v 0.7838 6.1609 1.0066
v 0.7684 6.2380 0.9429
v 0.7145 6.2286 0.9731
v 0.6501 6.2193 0.9923
v 0.5995 6.2919 0.8846
v 0.5433 6.2967 0.8928
v 0.4813 6.2977 0.8983
v -1.6085 6.4536 -0.1085
v -1.5710 6.4559 -0.1458
v -1.5332 6.4568 -0.1831
v -1.2320 6.5004 -0.0638
v -1.2043 6.5051 -0.0965
v -1.1770 6.5103 -0.1292
v -0.8734 6.5718 -0.0184
v -0.8583 6.5797 -0.0479
v -0.8421 6.5863 -0.0772
v 1.1934 6.2737 0.8658
v 1.1347 6.2597 0.8938
v 1.0697 6.2370 0.9168
v 0.9183 6.2669 0.8115
v 0.8746 6.2587 0.8396
v 0.8333 6.2506 0.8691
v 0.7623 6.3427 0.7744
v 0.7275 6.3336 0.7982
v 0.6887 6.3237 0.8195
v -1.6948 6.4368 0.0541
v -1.6778 6.4391 0.0123
v -1.6613 6.4435 -0.0290
v -1.2840 6.4574 0.0755
v -1.2764 6.4711 0.0406
v -1.2690 6.4844 0.0061
v -0.9076 6.5458 0.1076
v -0.9009 6.5520 0.0755
v -0.8946 6.5583 0.0435
v 1.3891 6.3055 0.7381
v 1.3424 6.3002 0.7706
v 1.2960 6.2928 0.8031
v 1.0634 6.2949 0.6947
v 1.0289 6.2882 0.7244
v 0.9947 6.2811 0.7539
v 0.8497 6.3506 0.6681
v 0.8315 6.3474 0.6960
v 0.8125 6.3450 0.7233
v -1.7315 6.4139 0.2116
v -1.7248 6.4211 0.1727
v -1.7181 6.4277 0.1336
v -1.3068 6.4161 0.2133
v -1.3017 6.4254 0.1790
v -1.2969 6.4348 0.1448
v -0.9348 6.5272 0.2322
v -0.9278 6.5312 0.2013
v -0.9210 6.5354 0.1705
v 1.5443 6.3180 0.6029
v 1.5075 6.3155 0.6372
v 1.4717 6.3128 0.6715
v 1.1786 6.3219 0.5734
v 1.1514 6.3152 0.6042
v 1.1246 6.3080 0.6348
v 0.9029 6.4092 0.5558
v 0.8914 6.3902 0.5839
v 0.8796 6.3710 0.6121
v -1.6965 6.3775 0.3573
v -1.7108 6.3878 0.3220
v -1.7242 6.3956 0.2860
v -1.2804 6.3793 0.3429
v -1.2909 6.3884 0.3111
v -1.3013 6.3972 0.2792
v -0.9364 6.5031 0.3488
v -0.9381 6.5189 0.3203
v -0.9399 6.5210 0.2916
v 1.6451 6.3368 0.4527
v 1.6210 6.3266 0.4904
v 1.6008 6.3228 0.5293
v 1.2487 6.3510 0.4386
v 1.2340 6.3433 0.4734
v 1.2200 6.3358 0.5081
v 0.9276 6.4684 0.4350
v 0.9232 6.4583 0.4660
v 0.9190 6.4441 0.4969
v -1.5787 6.3294 0.4842
v -1.6073 6.3323 0.4503
v -1.6440 6.3467 0.4214
v -1.1992 6.3485 0.4692
v -1.2215 6.3550 0.4374
v -1.2452 6.3622 0.4059
v -0.9083 6.4538 0.4648
v -0.9173 6.4638 0.4357
v -0.9260 6.4757 0.4065
v 1.7269 6.3838 0.3105
v 1.7094 6.3746 0.3470
v 1.6923 6.3650 0.3834
v 1.3065 6.3891 0.3052
v 1.2924 6.3793 0.3381
v 1.2788 6.3695 0.3711
v 0.9445 6.5101 0.3131
v 0.9402 6.5062 0.3434
v 0.9361 6.4971 0.3737
v -1.4559 6.3300 0.6323
v -1.4881 6.3320 0.5946
v -1.5208 6.3331 0.5566
v -1.1044 6.3203 0.6032
v -1.1285 6.3283 0.5693
v -1.1527 6.3355 0.5352
v -0.8673 6.4114 0.5871
v -0.8784 6.4207 0.5561
v -0.8891 6.4290 0.5250
v 1.7276 6.4287 0.1613
v 1.7332 6.4175 0.1991
v 1.7390 6.4062 0.2371
v 1.3043 6.4280 0.1700
v 1.3096 6.4184 0.2040
v 1.3151 6.4088 0.2382
v 0.9278 6.5292 0.1905
v 0.9347 6.5243 0.2213
v 0.9419 6.5195 0.2521
v -1.2779 6.3063 0.7641
v -1.3260 6.3151 0.7325
v -1.3747 6.3215 0.7012
v -0.9729 6.2917 0.7240
v -1.0083 6.2989 0.6948
v -1.0442 6.3057 0.6657
v -0.7969 6.3765 0.7010
v -0.8173 6.3849 0.6737
v -0.8366 6.3923 0.6458
v 1.6692 6.4426 0.0054
v 1.6858 6.4383 0.0467
v 1.7029 6.4353 0.0871
v 1.2729 6.4765 0.0308
v 1.2808 6.4629 0.0656
v 1.2898 6.4499 0.1007
v 0.8998 6.5538 0.0634
v 0.9067 6.5482 0.0955
v 0.9141 6.5413 0.1275
v 0.9789 4.9062 1.5840
v 0.8165 4.8962 1.5841
v 0.6545 4.8856 1.5695
v 0.9521 5.1401 1.5060
v 0.7982 5.1295 1.5049
v 0.6443 5.1195 1.4926
v 0.9242 5.3671 1.4239
v 0.7791 5.3565 1.4245
v 0.6337 5.3475 1.4149
v 0.8520 4.8934 -1.1220
v 1.0101 4.9130 -1.1490
v 1.1684 4.9313 -1.1704
v 0.8107 5.1699 -1.0602
v 0.9621 5.1846 -1.0811
v 1.1136 5.1984 -1.0992
v 0.7688 5.4490 -1.0124
v 0.9141 5.4593 -1.0270
v 1.0585 5.4675 -1.0312
v -2.1529 4.9031 -0.7423
v -2.0201 4.8984 -0.7780
v -1.8886 4.8942 -0.8165
v -2.0762 5.1634 -0.7426
v -1.9519 5.1626 -0.7789
v -1.8273 5.1617 -0.8139
v -1.9915 5.4221 -0.7279
v -1.8782 5.4261 -0.7696
v -1.7628 5.4292 -0.8066
v 0.3314 4.8711 1.5113
v 0.1699 4.8691 1.4994
v 0.0306 4.8690 1.5627
v 0.3364 5.1082 1.4425
v 0.1822 5.1076 1.4319
v 0.0465 5.1061 1.4849
v 0.3422 5.3405 1.3685
v 0.1952 5.3410 1.3634
v 0.0635 5.3389 1.4086
v 1.4483 4.9339 -1.0878
v 1.5514 4.9187 -0.9933
v 1.6613 4.9044 -0.9039
v 1.3872 5.2004 -1.0358
v 1.4942 5.1874 -0.9564
v 1.6067 5.1748 -0.8818
v 1.3258 5.4676 -0.9814
v 1.4379 5.4574 -0.9202
v 1.5528 5.4464 -0.8619
v -1.6333 4.9014 -0.9339
v -1.5204 4.9148 -1.0206
v -1.4082 4.9276 -1.1068
v -1.5783 5.1711 -0.9105
v -1.4635 5.1830 -0.9828
v -1.3487 5.1938 -1.0537
v -1.5237 5.4420 -0.8887
v -1.4078 5.4526 -0.9458
v -1.2893 5.4609 -0.9985
v -0.1648 4.8919 1.7713
v -0.3099 4.9082 1.8154
v -0.4584 4.9108 1.7744
v -0.1580 5.1172 1.6643
v -0.3026 5.1284 1.6927
v -0.4422 5.1315 1.6503
v -0.1525 5.3408 1.5562
v -0.2943 5.3479 1.5693
v -0.4248 5.3511 1.5265
v 1.9162 4.8970 -0.7859
v 2.0473 4.9011 -0.7463
v 2.1803 4.9056 -0.7111
v 1.8565 5.1654 -0.7870
v 1.9818 5.1663 -0.7537
v 2.1072 5.1673 -0.7199
v 1.7942 5.4339 -0.7852
v 1.9109 5.4310 -0.7509
v 2.0256 5.4275 -0.7119
v -1.1178 4.9206 -1.1655
v -0.9600 4.9031 -1.1387
v -0.8021 4.8849 -1.1093
v -1.0670 5.1886 -1.0966
v -0.9160 5.1755 -1.0736
v -0.7646 5.1623 -1.0512
v -1.0163 5.4587 -1.0325
v -0.8714 5.4504 -1.0189
v -0.7264 5.4418 -1.0061
v -0.7048 4.9003 1.6129
v -0.8600 4.9085 1.5866
v -1.0210 4.9209 1.5767
v -0.6818 5.1297 1.5091
v -0.8284 5.1385 1.4840
v -0.9815 5.1522 1.4826
v -0.6591 5.3550 1.4060
v -0.7969 5.3637 1.3806
v -0.9415 5.3765 1.3785
v 2.4283 4.9079 -0.6411
v 2.5422 4.9054 -0.6035
v 2.6551 4.9030 -0.5634
v 2.3370 5.1654 -0.6436
v 2.4415 5.1625 -0.6015
v 2.5447 5.1592 -0.5568
v 2.2337 5.4197 -0.6241
v 2.3285 5.4158 -0.5784
v 2.4225 5.4117 -0.5312
v -0.4762 4.8567 -1.0722
v -0.3092 4.8461 -1.0646
v -0.1419 4.8356 -1.0636
v -0.4532 5.1428 -1.0290
v -0.2944 5.1357 -1.0255
v -0.1354 5.1285 -1.0253
v -0.4304 5.4299 -0.9972
v -0.2798 5.4260 -0.9961
v -0.1292 5.4221 -0.9963
v -1.3191 4.9376 1.5082
v -1.4519 4.9415 1.4490
v -1.5849 4.9445 1.3890
v -1.2742 5.1783 1.4577
v -1.4089 5.1879 1.4207
v -1.5407 5.1955 1.3767
v -1.2227 5.4084 1.3792
v -1.3570 5.4242 1.3666
v -1.4893 5.4379 1.3461
v 2.9117 4.8934 -0.4623
v 3.0514 4.8839 -0.3959
v 3.1785 4.8671 -0.3121
v 2.7778 5.1463 -0.4449
v 2.9044 5.1344 -0.3735
v 3.0227 5.1176 -0.2925
v 2.6357 5.3969 -0.4165
v 2.7503 5.3832 -0.3437
v 2.8580 5.3655 -0.2638
v -1.8526 4.9609 1.2990
v -1.9890 4.9742 1.2867
v -2.1263 4.9869 1.3009
v -1.7958 5.2159 1.2979
v -1.9242 5.2289 1.2819
v -2.0550 5.2408 1.2833
v -1.7392 5.4647 1.2978
v -1.8602 5.4787 1.2803
v -1.9838 5.4916 1.2648
v 3.3169 4.8565 -0.1567
v 3.3381 4.8692 -0.0966
v 3.3522 4.8783 -0.0340
v 3.1502 5.1065 -0.1465
v 3.1626 5.1140 -0.0874
v 3.1706 5.1192 -0.0276
v 2.9636 5.3462 -0.1239
v 2.9699 5.3499 -0.0682
v 2.9752 5.3532 -0.0119
v -2.3766 4.9922 1.2856
v -2.4825 4.9800 1.2379
v -2.5829 4.9639 1.1814
v -2.2887 5.2427 1.2420
v -2.3839 5.2305 1.1914
v -2.4679 5.2110 1.1285
v -2.1806 5.4817 1.1792
v -2.2511 5.4598 1.1163
v -2.3112 5.4298 1.0469
v 3.3657 4.8900 0.0964
v 3.3634 4.8911 0.1633
v 3.3550 4.8885 0.2301
v 3.1783 5.1282 0.0949
v 3.1738 5.1286 0.1573
v 3.1620 5.1244 0.2188
v 2.9834 5.3632 0.1024
v 2.9858 5.3695 0.1606
v 2.9843 5.3732 0.2188
v -2.7942 4.9113 1.0295
v -2.9044 4.8739 0.9350
v -3.0127 4.8355 0.8384
v -2.6313 5.1390 0.9619
v -2.7199 5.0913 0.8654
v -2.8129 5.0462 0.7705
v -2.4549 5.3569 0.8874
v -2.5456 5.3190 0.8007
v -2.6416 5.2835 0.7165
v 3.3250 4.8764 0.3607
v 3.2994 4.8631 0.4227
v 3.2714 4.8489 0.4834
v 3.1222 5.1036 0.3369
v 3.0944 5.0870 0.3924
v 3.0657 5.0702 0.4474
v 2.9523 5.3570 0.3286
v 2.9222 5.3380 0.3774
v 2.8920 5.3190 0.4263
v -3.1516 4.8094 0.6859
v -3.1791 4.8192 0.6273
v -3.2102 4.8331 0.5709
v -2.9392 5.0177 0.6248
v -2.9714 5.0349 0.5746
v -3.0070 5.0558 0.5274
v -2.7749 5.2695 0.5903
v -2.8089 5.2899 0.5470
v -2.8377 5.3078 0.4998
v 3.2104 4.8203 0.5999
v 3.1806 4.8092 0.6576
v 3.1538 4.8014 0.7168
v 3.0003 5.0339 0.5500
v 2.9655 5.0166 0.5990
v 2.9350 5.0037 0.6512
v 2.8329 5.2856 0.5230
v 2.7993 5.2685 0.5681
v 2.7628 5.2506 0.6107
v -3.2724 4.8644 0.4555
v -3.3002 4.8781 0.3945
v -3.3239 4.8893 0.3318
v -3.0678 5.0894 0.4214
v -3.0965 5.1049 0.3661
v -3.1228 5.1191 0.3095
v -2.8926 5.3395 0.4005
v -2.9192 5.3540 0.3489
v -2.9462 5.3688 0.2974
v 3.0152 4.8282 0.8702
v 2.9045 4.8638 0.9657
v 2.7898 4.8971 1.0572
v 2.8112 5.0358 0.7993
v 2.7195 5.0810 0.8951
v 2.6303 5.1273 0.9916
v 2.6293 5.2657 0.7387
v 2.5356 5.3009 0.8247
v 2.4477 5.3395 0.9132
v -3.3496 4.8983 0.1999
v -3.3557 4.8997 0.1330
v -3.3534 4.8958 0.0663
v -3.1569 5.1345 0.1891
v -3.1667 5.1374 0.1272
v -3.1682 5.1352 0.0648
v -2.9787 5.3829 0.1879
v -2.9770 5.3771 0.1300
v -2.9721 5.3693 0.0721
v 2.5681 4.9421 1.1996
v 2.4629 4.9546 1.2501
v 2.3536 4.9640 1.2936
v 2.4578 5.1914 1.1532
v 2.3670 5.2064 1.2097
v 2.2660 5.2146 1.2527
v 2.3051 5.4123 1.0731
v 2.2411 5.4399 1.1403
v 2.1643 5.4572 1.1988
v -3.3353 4.8822 -0.0635
v -3.3184 4.8719 -0.1255
v -3.2937 4.8574 -0.1839
v -3.1579 5.1256 -0.0575
v -3.1463 5.1184 -0.1166
v -3.1275 5.1071 -0.1734
v -2.9629 5.3596 -0.0422
v -2.9565 5.3561 -0.0983
v -2.9473 5.3510 -0.1537
v 2.1022 4.9562 1.3257
v 1.9638 4.9427 1.3239
v 1.8273 4.9305 1.3406
v 2.0281 5.2070 1.2915
v 1.8973 5.1956 1.2985
v 1.7692 5.1842 1.3189
v 1.9530 5.4557 1.2631
v 1.8308 5.4449 1.2754
v 1.7110 5.4332 1.2970
v -3.1484 4.8651 -0.3342
v -3.0194 4.8814 -0.4153
v -2.8783 4.8900 -0.4802
v -2.9939 5.1161 -0.3158
v -2.8736 5.1321 -0.3944
v -2.7446 5.1427 -0.4624
v -2.8328 5.3660 -0.2893
v -2.7211 5.3815 -0.3653
v -2.6041 5.3941 -0.4352
v 1.5568 4.9203 1.4259
v 1.4211 4.9205 1.4809
v 1.2827 4.9188 1.5306
v 1.5114 5.1697 1.3926
v 1.3782 5.1651 1.4337
v 1.2437 5.1587 1.4709
v 1.4630 5.4121 1.3513
v 1.3324 5.4020 1.3765
v 1.2009 5.3906 1.3986
v 0.1926 4.8374 -1.0696
v 0.3597 4.8497 -1.0753
v 0.5263 4.8620 -1.0855
v 0.1824 5.1299 -1.0272
v 0.3412 5.1385 -1.0292
v 0.4999 5.1471 -1.0347
v 0.1722 5.4234 -0.9964
v 0.3228 5.4287 -0.9965
v 0.4733 5.4340 -0.9985
v -2.6223 4.8993 -0.5826
v -2.5107 4.9020 -0.6253
v -2.3983 4.9049 -0.6663
v -2.5090 5.1539 -0.5703
v -2.4064 5.1572 -0.6160
v -2.3031 5.1606 -0.6602
v -2.3862 5.4057 -0.5433
v -2.2917 5.4094 -0.5898
v -2.1973 5.4134 -0.6361
v 0.0265 4.4929 -1.0575
v -0.6557 4.5466 -1.0843
v -1.3025 4.6259 -1.1716
v -1.7703 4.5811 -0.8267
v -2.3071 4.6089 -0.6619
v -2.7745 4.5992 -0.5067
v -3.3354 4.5548 -0.2272
v -3.4421 4.6128 0.0121
v -3.4584 4.6321 0.2889
v -3.3717 4.5995 0.5551
v -3.2190 4.5327 0.7761
v -2.7082 4.6434 1.1193
v -2.3015 4.7033 1.2821
v -1.7284 4.6462 1.3249
v -1.2247 4.6625 1.6164
v -0.5830 4.6299 1.7431
v -0.0958 4.5913 1.7004
v 0.4848 4.5914 1.5584
v 1.1436 4.6302 1.5851
v 1.7033 4.6211 1.3588
v 2.2618 4.6765 1.3365
v 2.6956 4.6240 1.1353
v 3.2152 4.5193 0.8019
v 3.3689 4.5859 0.5834
v 3.4649 4.6241 0.3197
v 3.4556 4.6071 0.0425
v 3.3587 4.5534 -0.2004
v 2.8306 4.6371 -0.5024
v 2.3314 4.6100 -0.6249
v 1.7975 4.5834 -0.7974
v 1.3545 4.6354 -1.1653
v 0.7075 4.5549 -1.1055
v 0.0061 5.9956 -0.0238
v -0.0752 5.9973 -0.0202
v -0.1547 6.0012 -0.0060
v -0.2277 6.0034 0.0246
v -0.2858 6.0039 0.0693
v -0.3331 6.0024 0.1219
v -0.3618 5.9968 0.1822
v -0.3684 5.9872 0.2512
v -0.3614 5.9721 0.3168
v -0.3423 5.9574 0.3755
v -0.3134 5.9412 0.4361
v -0.2893 5.9203 0.4960
v -0.2580 5.9005 0.5460
v -0.2233 5.8695 0.5838
v -0.1631 5.8480 0.6031
v -0.0847 5.8335 0.6129
v 0.0033 5.8301 0.6157
v 0.0933 5.8338 0.6151
v 0.1698 5.8499 0.6071
v 0.2312 5.8770 0.5892
v 0.2723 5.9016 0.5541
v 0.3022 5.9195 0.5039
v 0.3261 5.9361 0.4491
v 0.3421 5.9542 0.3867
v 0.3624 5.9684 0.3237
v 0.3696 5.9844 0.2582
v 0.3639 5.9944 0.1905
v 0.3392 6.0013 0.1290
v 0.2942 6.0033 0.0754
v 0.2372 6.0027 0.0304
v 0.1666 6.0012 -0.0027
v 0.0869 5.9975 -0.0191
v -0.4866 4.5313 -1.0627
v -0.3159 4.5175 -1.0522
v -0.1447 4.5042 -1.0512
v -1.1390 4.6118 -1.1745
v -0.9783 4.5899 -1.1436
v -0.8182 4.5673 -1.1095
v -1.6425 4.5904 -0.9036
v -1.5370 4.6054 -1.0023
v -1.4327 4.6204 -1.1015
v -2.1700 4.6012 -0.6972
v -2.0331 4.5931 -0.7326
v -1.8980 4.5858 -0.7721
v -2.6582 4.6016 -0.5472
v -2.5416 4.6040 -0.5867
v -2.4245 4.6067 -0.6250
v -3.2189 4.5764 -0.3254
v -3.0771 4.5875 -0.3973
v -2.9267 4.5938 -0.4539
v -3.4253 4.6017 -0.0530
v -3.3980 4.5853 -0.1119
v -3.3679 4.5683 -0.1700
v -3.4634 4.6316 0.2189
v -3.4624 4.6283 0.1481
v -3.4537 4.6211 0.0802
v -3.4006 4.6117 0.4915
v -3.4270 4.6229 0.4263
v -3.4489 4.6311 0.3571
v -3.2593 4.5459 0.7225
v -3.2972 4.5629 0.6673
v -3.3348 4.5809 0.6119
v -2.8401 4.6150 1.0390
v -2.9685 4.5854 0.9543
v -3.0943 4.5559 0.8660
v -2.4078 4.6923 1.2650
v -2.5026 4.6801 1.2374
v -2.6059 4.6623 1.1792
v -1.8613 4.6583 1.2607
v -2.0392 4.6794 1.2271
v -2.1869 4.6937 1.2489
v -1.3575 4.6629 1.5498
v -1.4888 4.6624 1.4795
v -1.6093 4.6513 1.3973
v -0.7061 4.6218 1.6536
v -0.8642 4.6273 1.6147
v -1.0505 4.6447 1.6360
v -0.1844 4.6205 1.8137
v -0.3069 4.6426 1.8819
v -0.4644 4.6440 1.8399
v 0.3204 4.5843 1.5162
v 0.1517 4.5802 1.5070
v -0.0104 4.5843 1.5774
v 0.9799 4.6243 1.6076
v 0.8133 4.6147 1.6076
v 0.6478 4.6031 1.5891
v 1.5601 4.6233 1.4103
v 1.4220 4.6268 1.4707
v 1.2850 4.6296 1.5321
v 2.1211 4.6611 1.3246
v 1.9797 4.6446 1.3100
v 1.8383 4.6310 1.3208
v 2.5910 4.6408 1.1924
v 2.4842 4.6558 1.2465
v 2.3760 4.6690 1.2979
v 3.0891 4.5422 0.8902
v 2.9614 4.5704 0.9764
v 2.8305 4.5981 1.0584
v 3.3319 4.5671 0.6388
v 3.2945 4.5495 0.6942
v 3.2562 4.5327 0.7490
v 3.4524 4.6222 0.3895
v 3.4260 4.6099 0.4549
v 3.3994 4.5990 0.5198
v 3.4671 4.6161 0.1106
v 3.4747 4.6235 0.1794
v 3.4705 4.6234 0.2498
v 3.3910 4.5672 -0.1434
v 3.4197 4.5840 -0.0845
v 3.4427 4.5984 -0.0228
v 2.9854 4.6328 -0.4553
v 3.1124 4.5923 -0.3846
v 3.2468 4.5771 -0.3031
v 2.4504 4.6081 -0.5917
v 2.5695 4.6059 -0.5583
v 2.6964 4.6174 -0.5321
v 1.9245 4.5879 -0.7413
v 2.0579 4.5948 -0.6973
v 2.1939 4.6025 -0.6593
v 1.4720 4.6258 -1.0804
v 1.5651 4.6081 -0.9732
v 1.6687 4.5926 -0.8731
v 0.8705 4.5767 -1.1267
v 1.0311 4.6006 -1.1575
v 1.1927 4.6233 -1.1825
v 0.1975 4.5068 -1.0631
v 0.3681 4.5224 -1.0724
v 0.5383 4.5381 -1.0857
v -1.8561 5.3685 -0.2413
v -2.3480 5.1300 -0.4397
v -2.5965 4.8847 -0.4861
v 0.0171 5.3804 -0.5765
v 0.0217 5.1034 -0.8929
v 0.0244 4.8173 -0.9835
v 1.1938 5.3826 0.9772
v 1.4809 5.1506 1.2483
v 1.6121 4.9068 1.3150
v -2.1963 5.3262 -0.0476
v -2.7920 5.0801 -0.1741
v -3.1022 4.8340 -0.2066
v 1.5528 5.4143 0.9214
v 1.9416 5.1894 1.1838
v 2.1281 4.9522 1.2650
v -2.2209 5.3387 0.1002
v -2.8460 5.1114 0.0334
v -3.1786 4.8776 0.0199
v 1.7713 5.3526 0.7620
v 2.2821 5.1461 1.0076
v 2.5344 4.9121 1.0929
v -2.2224 5.3531 0.2547
v -2.8254 5.1100 0.2560
v -3.1714 4.8827 0.2703
v 2.0436 5.2436 0.5294
v 2.6185 4.9921 0.6671
v 2.9720 4.7894 0.7497
v -2.1437 5.3104 0.3930
v -2.7320 5.0609 0.4595
v -3.0803 4.8408 0.5045
v 2.1442 5.2926 0.4092
v 2.7312 5.0423 0.4823
v 3.0802 4.8260 0.5309
v -2.0520 5.2555 0.5157
v -2.6201 5.0009 0.6423
v -2.9699 4.7962 0.7208
v 2.2278 5.3454 0.2755
v 2.8291 5.0998 0.2822
v 3.1761 4.8732 0.2984
v -1.7736 5.3658 0.7440
v -2.2852 5.1603 0.9821
v -2.5434 4.9296 1.0712
v 2.2317 5.3341 0.1205
v 2.8574 5.1055 0.0604
v 3.1936 4.8734 0.0480
v -1.5671 5.4354 0.9128
v -1.9642 5.2175 1.1789
v -2.1476 4.9816 1.2426
v 2.2136 5.3243 -0.0281
v 2.8164 5.0806 -0.1508
v 3.1272 4.8339 -0.1820
v -1.2121 5.4043 0.9752
v -1.5046 5.1767 1.2306
v -1.6364 4.9328 1.2769
v 1.8841 5.3722 -0.2318
v 2.3809 5.1344 -0.4270
v 2.6288 4.8882 -0.4693
v -0.8129 5.3614 1.0171
v -1.0203 5.1444 1.3631
v -1.1203 4.9174 1.4811
v -0.4340 5.3924 -0.5789
v -0.5497 5.1297 -0.9026
v -0.6100 4.8577 -1.0034
v 1.6015 5.3844 -0.3560
v 2.0074 5.1458 -0.5827
v 2.1984 4.8977 -0.6161
v -0.4036 5.3307 1.0693
v -0.5034 5.1099 1.4485
v -0.5508 4.8904 1.6087
v -0.8679 5.4138 -0.5979
v -1.0952 5.1713 -0.9559
v -1.2120 4.9174 -1.0738
v 1.2570 5.3944 -0.4573
v 1.5603 5.1430 -0.7125
v 1.7010 4.8823 -0.7658
v -0.0270 5.3185 1.0880
v -0.0449 5.0885 1.4535
v -0.0955 4.8602 1.5929
v -1.2325 5.3910 -0.4736
v -1.5336 5.1398 -0.7378
v -1.6741 4.8796 -0.7940
v 0.9008 5.4202 -0.5931
v 1.1371 5.1795 -0.9502
v 1.2591 4.9262 -1.0677
v 0.3672 5.3232 1.0244
v 0.4428 5.0944 1.3546
v 0.4698 4.8649 1.4721
v -0.0552 5.9968 -0.0219
v -0.0344 5.9963 -0.0230
v -0.0143 5.9958 -0.0235
v -0.1349 6.0002 -0.0103
v -0.1157 5.9994 -0.0145
v -0.0953 5.9984 -0.0180
v -0.2092 6.0028 0.0161
v -0.1913 6.0023 0.0085
v -0.1740 6.0019 0.0009
v -0.2723 6.0040 0.0570
v -0.2569 6.0036 0.0464
v -0.2422 6.0034 0.0355
v -0.3239 6.0037 0.1073
v -0.3113 6.0040 0.0938
v -0.2986 6.0041 0.0814
v -0.3580 5.9994 0.1662
v -0.3499 6.0007 0.1505
v -0.3418 6.0017 0.1363
v -0.3695 5.9903 0.2334
v -0.3671 5.9929 0.2155
v -0.3652 5.9949 0.1992
v -0.3653 5.9765 0.3004
v -0.3664 5.9805 0.2838
v -0.3675 5.9838 0.2671
v -0.3470 5.9613 0.3609
v -0.3521 5.9650 0.3464
v -0.3568 5.9686 0.3316
v -0.3212 5.9455 0.4213
v -0.3296 5.9496 0.4066
v -0.3360 5.9536 0.3911
v -0.2951 5.9258 0.4812
v -0.3010 5.9311 0.4662
v -0.3070 5.9363 0.4512
v -0.2664 5.9055 0.5349
v -0.2747 5.9104 0.5223
v -0.2817 5.9154 0.5093
v -0.2326 5.8787 0.5752
v -0.2391 5.8876 0.5662
v -0.2481 5.8947 0.5565
v -0.1813 5.8521 0.5994
v -0.1985 5.8567 0.5951
v -0.2135 5.8623 0.5898
v -0.1067 5.8367 0.6109
v -0.1253 5.8402 0.6087
v -0.1445 5.8441 0.6060
v -0.0196 5.8302 0.6150
v -0.0410 5.8307 0.6143
v -0.0647 5.8318 0.6137
v 0.0711 5.8318 0.6155
v 0.0492 5.8308 0.6159
v 0.0249 5.8301 0.6157
v 0.1519 5.8454 0.6095
v 0.1331 5.8408 0.6121
v 0.1145 5.8373 0.6139
v 0.2181 5.8663 0.5948
v 0.2037 5.8600 0.5995
v 0.1873 5.8546 0.6036
v 0.2629 5.8962 0.5647
v 0.2527 5.8903 0.5737
v 0.2409 5.8839 0.5818
v 0.2949 5.9152 0.5171
v 0.2874 5.9107 0.5300
v 0.2799 5.9062 0.5424
v 0.3202 5.9321 0.4630
v 0.3142 5.9281 0.4768
v 0.3081 5.9239 0.4904
v 0.3378 5.9499 0.4024
v 0.3339 5.9454 0.4181
v 0.3300 5.9408 0.4336
v 0.3574 5.9650 0.3396
v 0.3521 5.9615 0.3554
v 0.3469 5.9579 0.3711
v 0.3687 5.9809 0.2747
v 0.3678 5.9770 0.2909
v 0.3659 5.9726 0.3079
v 0.3665 5.9924 0.2073
v 0.3685 5.9900 0.2238
v 0.3712 5.9874 0.2420
v 0.3478 6.0007 0.1429
v 0.3557 5.9996 0.1583
v 0.3615 5.9973 0.1759
v 0.3071 6.0033 0.0877
v 0.3190 6.0031 0.1008
v 0.3303 6.0025 0.1147
v 0.2517 6.0030 0.0410
v 0.2664 6.0033 0.0517
v 0.2812 6.0034 0.0633
v 0.1847 6.0016 0.0047
v 0.2021 6.0021 0.0125
v 0.2197 6.0026 0.0210
v 0.1075 5.9987 -0.0167
v 0.1269 5.9995 -0.0124
v 0.1465 6.0004 -0.0081
v 0.0262 5.9959 -0.0233
v 0.0466 5.9964 -0.0228
v 0.0668 5.9969 -0.0211
v -2.1708 4.8953 -0.6429
v -1.9772 5.1421 -0.6003
v -1.5731 5.3800 -0.3651
v 0.6580 4.8643 -1.0164
v 0.5925 5.1350 -0.9095
v 0.4678 5.3966 -0.5810
v 1.0826 4.9013 1.4943
v 0.9942 5.1297 1.3773
v 0.8006 5.3513 1.0386
v 0.9302 4.8937 1.5092
v 0.7760 4.8843 1.5093
v 0.6221 4.8743 1.4955
v 0.8569 5.1207 1.3858
v 0.7184 5.1111 1.3848
v 0.5800 5.1021 1.3737
v 0.6928 5.3429 1.0436
v 0.5842 5.3350 1.0440
v 0.4754 5.3282 1.0376
v 0.8097 4.8816 -1.0349
v 0.9599 4.9001 -1.0603
v 1.1103 4.9172 -1.0804
v 0.7297 5.1475 -0.9224
v 0.8659 5.1607 -0.9412
v 1.0021 5.1731 -0.9574
v 0.5765 5.4036 -0.5865
v 0.6852 5.4113 -0.5963
v 0.7934 5.4175 -0.5991
v -2.0450 4.8907 -0.6779
v -1.9189 4.8864 -0.7115
v -1.7940 4.8824 -0.7476
v -1.8669 5.1416 -0.6368
v -1.7551 5.1408 -0.6694
v -1.6430 5.1401 -0.7008
v -1.4900 5.3835 -0.3961
v -1.4051 5.3864 -0.4240
v -1.3188 5.3888 -0.4488
v 0.3152 4.8607 1.4409
v 0.1617 4.8588 1.4297
v -0.0057 4.8587 1.4892
v 0.3031 5.0920 1.3286
v 0.1644 5.0914 1.3191
v 0.0424 5.0901 1.3668
v 0.2571 5.3228 1.0066
v 0.1471 5.3231 1.0032
v 0.0485 5.3215 1.0334
v 1.3762 4.9197 -1.0027
v 1.4742 4.9054 -0.9139
v 1.5785 4.8920 -0.8298
v 1.2482 5.1748 -0.9005
v 1.3445 5.1632 -0.8290
v 1.4456 5.1519 -0.7619
v 0.9935 5.4176 -0.5658
v 1.0774 5.4099 -0.5248
v 1.1634 5.4017 -0.4858
v -1.5515 4.8891 -0.8580
v -1.4441 4.9018 -0.9395
v -1.3375 4.9138 -1.0206
v -1.4190 5.1485 -0.7877
v -1.3158 5.1592 -0.8527
v -1.2125 5.1689 -0.9166
v -1.1398 5.3984 -0.5037
v -1.0530 5.4063 -0.5420
v -0.9643 5.4125 -0.5772
v -0.1913 4.8802 1.6853
v -0.2941 4.8956 1.7268
v -0.4352 4.8980 1.6882
v -0.1416 5.1000 1.5281
v -0.2717 5.1101 1.5537
v -0.3972 5.1130 1.5156
v -0.1132 5.3229 1.1321
v -0.2194 5.3283 1.1409
v -0.3171 5.3308 1.1123
v 1.8207 4.8851 -0.7188
v 1.9453 4.8889 -0.6817
v 2.0717 4.8932 -0.6486
v 1.6704 5.1434 -0.6767
v 1.7831 5.1442 -0.6467
v 1.8958 5.1450 -0.6164
v 1.3442 5.3923 -0.4345
v 1.4315 5.3901 -0.4116
v 1.5174 5.3875 -0.3855
v -1.0617 4.9073 -1.0758
v -0.9118 4.8907 -1.0506
v -0.7618 4.8736 -1.0229
v -0.9592 5.1643 -0.9552
v -0.8234 5.1525 -0.9344
v -0.6872 5.1406 -0.9143
v -0.7599 5.4109 -0.6000
v -0.6514 5.4047 -0.5909
v -0.5429 5.3983 -0.5823
v -0.6693 4.8881 1.5364
v -0.8168 4.8958 1.5116
v -0.9697 4.9075 1.5024
v -0.6127 5.1113 1.3886
v -0.7446 5.1193 1.3660
v -0.8822 5.1316 1.3647
v -0.4925 5.3339 1.0316
v -0.5957 5.3405 1.0146
v -0.7039 5.3500 1.0132
v 2.3073 4.8953 -0.5828
v 2.4154 4.8930 -0.5474
v 2.5227 4.8907 -0.5097
v 2.1026 5.1434 -0.5477
v 2.1965 5.1407 -0.5098
v 2.2893 5.1378 -0.4696
v 1.6732 5.3817 -0.3267
v 1.7442 5.3787 -0.2961
v 1.8145 5.3757 -0.2645
v -0.4522 4.8472 -0.9881
v -0.2935 4.8372 -0.9809
v -0.1346 4.8273 -0.9799
v -0.4071 5.1230 -0.8944
v -0.2642 5.1166 -0.8912
v -0.1213 5.1102 -0.8910
v -0.3213 5.3894 -0.5764
v -0.2086 5.3864 -0.5756
v -0.0958 5.3835 -0.5758
v -1.2530 4.9232 1.4379
v -1.3791 4.9269 1.3823
v -1.5054 4.9297 1.3259
v -1.1456 5.1551 1.3423
v -1.2667 5.1636 1.3090
v -1.3852 5.1705 1.2694
v -0.9144 5.3736 1.0137
v -1.0150 5.3853 1.0052
v -1.1140 5.3954 0.9916
v 2.7664 4.8817 -0.4147
v 2.8992 4.8727 -0.3522
v 3.0199 4.8570 -0.2734
v 2.4990 5.1262 -0.3689
v 2.6129 5.1155 -0.3047
v 2.7193 5.1004 -0.2319
v 1.9741 5.3646 -0.1878
v 2.0600 5.3544 -0.1391
v 2.1405 5.3411 -0.0856
v -1.7597 4.9451 1.2413
v -1.8876 4.9595 1.2184
v -2.0180 4.9715 1.2317
v -1.6147 5.1888 1.1986
v -1.7302 5.2005 1.1842
v -1.8478 5.2112 1.1855
v -1.3011 5.4153 0.9592
v -1.3917 5.4258 0.9475
v -1.4842 5.4354 0.9372
v 3.1515 4.8469 -0.1273
v 3.1716 4.8589 -0.0709
v 3.1850 4.8674 -0.0119
v 2.8339 5.0904 -0.1006
v 2.8451 5.0971 -0.0474
v 2.8523 5.1019 0.0064
v 2.2196 5.3267 0.0080
v 2.2243 5.3294 0.0453
v 2.2283 5.3319 0.0829
v -2.2576 4.9745 1.2286
v -2.3582 4.9631 1.1838
v -2.4536 4.9480 1.1307
v -2.0581 5.2129 1.1483
v -2.1436 5.2019 1.1028
v -2.2193 5.1844 1.0462
v -1.6315 5.4281 0.8799
v -1.6843 5.4117 0.8378
v -1.7293 5.3892 0.7914
v 3.1978 4.8784 0.1106
v 3.1956 4.8795 0.1736
v 3.1877 4.8771 0.2363
v 2.8593 5.1099 0.1165
v 2.8552 5.1103 0.1727
v 2.8446 5.1065 0.2280
v 2.2344 5.3394 0.1594
v 2.2363 5.3441 0.1983
v 2.2351 5.3468 0.2373
v -2.6544 4.8985 0.9879
v -2.7590 4.8633 0.8990
v -2.8619 4.8272 0.8082
v -2.3662 5.1197 0.8964
v -2.4459 5.0767 0.8096
v -2.5295 5.0362 0.7242
v -1.8369 5.3347 0.6847
v -1.9048 5.3063 0.6266
v -1.9767 5.2798 0.5703
v 3.1591 4.8656 0.3591
v 3.1349 4.8532 0.4174
v 3.1083 4.8398 0.4745
v 2.8087 5.0878 0.3342
v 2.7838 5.0729 0.3841
v 2.7580 5.0578 0.4336
v 2.2112 5.3347 0.3108
v 2.1886 5.3205 0.3434
v 2.1660 5.3063 0.3761
v -2.9938 4.8026 0.6649
v -3.0200 4.8119 0.6098
v -3.0495 4.8250 0.5567
v -2.6431 5.0106 0.5931
v -2.6721 5.0260 0.5480
v -2.7041 5.0448 0.5055
v -2.0765 5.2692 0.4858
v -2.1019 5.2845 0.4569
v -2.1235 5.2979 0.4253
v 3.0503 4.8129 0.5840
v 3.0220 4.8025 0.6382
v 2.9965 4.7951 0.6939
v 2.6991 5.0251 0.5259
v 2.6678 5.0095 0.5699
v 2.6404 4.9980 0.6169
v 2.1218 5.2813 0.4408
v 2.0966 5.2685 0.4710
v 2.0693 5.2551 0.4995
v -3.1086 4.8544 0.4482
v -3.1350 4.8673 0.3909
v -3.1575 4.8778 0.3319
v -2.7588 5.0750 0.4102
v -2.7846 5.0890 0.3605
v -2.8083 5.1018 0.3095
v -2.1646 5.3216 0.3589
v -2.1845 5.3325 0.3243
v -2.2047 5.3436 0.2899
v 2.8648 4.8204 0.8382
v 2.7597 4.8538 0.9280
v 2.6506 4.8851 1.0139
v 2.5291 5.0268 0.7501
v 2.4465 5.0674 0.8363
v 2.3663 5.1091 0.9231
v 1.9693 5.2664 0.5852
v 1.8992 5.2927 0.6427
v 1.8334 5.3216 0.7019
v -3.1820 4.8863 0.2079
v -3.1878 4.8876 0.1450
v -3.1856 4.8839 0.0823
v -2.8390 5.1156 0.2013
v -2.8477 5.1182 0.1456
v -2.8491 5.1163 0.0895
v -2.2290 5.3542 0.2166
v -2.2278 5.3498 0.1779
v -2.2241 5.3439 0.1391
v 2.4401 4.9274 1.1478
v 2.3401 4.9392 1.1953
v 2.2363 4.9480 1.2361
v 2.2112 5.1668 1.0685
v 2.1295 5.1803 1.1192
v 2.0387 5.1876 1.1579
v 1.7267 5.3761 0.8089
v 1.6787 5.3968 0.8539
v 1.6213 5.4097 0.8930
v -3.1684 4.8711 -0.0397
v -3.1524 4.8614 -0.0980
v -3.1289 4.8478 -0.1529
v -2.8399 5.1075 -0.0206
v -2.8294 5.1011 -0.0737
v -2.8125 5.0909 -0.1248
v -2.2172 5.3367 0.0626
v -2.2124 5.3341 0.0251
v -2.2055 5.3303 -0.0120
v 1.9975 4.9407 1.2664
v 1.8660 4.9280 1.2647
v 1.7363 4.9166 1.2803
v 1.8246 5.1808 1.1928
v 1.7071 5.1705 1.1992
v 1.5919 5.1603 1.2175
v 1.4631 5.4086 0.9360
v 1.3716 5.4005 0.9443
v 1.2819 5.3918 0.9587
v -2.9909 4.8550 -0.2942
v -2.8682 4.8704 -0.3704
v -2.7342 4.8785 -0.4314
v -2.6924 5.0991 -0.2528
v -2.5842 5.1134 -0.3236
v -2.4681 5.1230 -0.3847
v -2.1198 5.3415 -0.1027
v -2.0361 5.3531 -0.1536
v -1.9486 5.3625 -0.2003
v 1.4793 4.9069 1.3605
v 1.3504 4.9072 1.4123
v 1.2189 4.9056 1.4590
v 1.3600 5.1472 1.2837
v 1.2402 5.1431 1.3207
v 1.1192 5.1375 1.3541
v 1.0962 5.3761 0.9951
v 0.9984 5.3687 1.0119
v 0.9000 5.3603 1.0267
v 0.1833 4.8290 -0.9856
v 0.3420 4.8405 -0.9909
v 0.5003 4.8521 -1.0006
v 0.1646 5.1114 -0.8927
v 0.3074 5.1192 -0.8945
v 0.4501 5.1270 -0.8995
v 0.1299 5.3845 -0.5758
v 0.2426 5.3884 -0.5759
v 0.3553 5.3924 -0.5772
v -2.4910 4.8872 -0.5277
v -2.3850 4.8898 -0.5679
v -2.2783 4.8925 -0.6065
v -2.2562 5.1330 -0.4818
v -2.1639 5.1360 -0.5229
v -2.0710 5.1391 -0.5626
v -1.7854 5.3712 -0.2726
v -1.7147 5.3740 -0.3037
v -1.6440 5.3769 -0.3347
v 2.1780 5.1425 -0.6344
v 2.1166 4.8664 -0.5890
v 2.0793 4.6656 -0.3865
v 2.0494 4.5091 -0.1381
v 2.0615 4.4696 0.1617
v 2.0884 4.5295 0.4581
v 2.1382 4.6949 0.7057
v 2.1862 4.9013 0.9034
v 2.2439 5.1755 0.9027
v 2.3062 5.4446 0.8238
v 2.3445 5.6827 0.6422
v 2.3751 5.8617 0.4025
v 2.3459 5.8852 0.1131
v 2.3059 5.8070 -0.1625
v 2.2486 5.6226 -0.3799
v 2.2410 5.4225 -0.5820
v 3.0489 4.1148 -0.4133
v 2.9152 3.9048 -0.3969
v 2.8035 3.7622 -0.2269
v 2.7130 3.6394 -0.0324
v 2.7055 3.6329 0.2208
v 2.7207 3.6624 0.4671
v 2.8119 3.7911 0.6742
v 2.9119 3.9454 0.8400
v 3.0368 4.1351 0.8463
v 3.1241 4.2876 0.8377
v 3.2666 4.5068 0.6404
v 3.3722 4.6727 0.4495
v 3.3654 4.6688 0.2025
v 3.3613 4.6360 -0.0387
v 3.2713 4.4885 -0.2231
v 3.1926 4.3265 -0.3922
v 4.1063 3.2906 0.3372
v 3.9950 3.1307 0.2548
v 3.8288 3.0185 0.2798
v 3.6569 2.9145 0.3332
v 3.5211 2.9156 0.4796
v 3.4132 2.9387 0.6529
v 3.4096 3.0530 0.8180
v 3.4344 3.1732 0.9860
v 3.5428 3.3326 1.0672
v 3.6852 3.5045 1.1316
v 3.8115 3.6179 1.1227
v 3.9668 3.7227 1.0649
v 4.1106 3.7418 0.9282
v 4.2050 3.6923 0.7519
v 4.2189 3.5762 0.5908
v 4.2050 3.4426 0.4286
v 4.0924 2.6851 1.7194
v 4.1968 2.8094 1.8331
v 4.5908 2.4845 1.0173
v 4.4274 2.3586 1.0231
v 4.3285 2.9956 1.8196
v 4.2604 2.2305 1.0431
v 4.4850 3.1399 1.7892
v 4.0992 2.2287 1.1700
v 4.6347 3.1209 1.6531
v 3.9706 2.2633 1.3311
v 4.7682 3.0827 1.4934
v 3.9710 2.4041 1.4788
v 4.7806 2.9462 1.3445
v 3.9860 2.5408 1.6369
v 4.7912 2.8079 1.1851
v 4.6910 2.6498 1.1043
v 3.9507 3.1521 1.4293
v 4.1260 2.7369 0.6943
v 4.0665 3.2835 1.4225
v 3.9806 2.6245 0.7084
v 4.2136 3.3891 1.3818
v 3.8485 2.6261 0.8253
v 4.3588 3.4132 1.2739
v 3.7479 2.6594 0.9730
v 4.4597 3.3647 1.1227
v 3.7451 2.7740 1.1080
v 4.4875 3.2591 0.9797
v 3.7654 2.8890 1.2510
v 4.4538 3.1261 0.8497
v 3.8338 3.0230 1.3493
v 4.2648 2.8513 0.6991
v 4.3726 2.9904 0.7650
v 4.4027 2.3588 2.0605
v 4.8607 2.1381 1.4519
v 4.9571 2.3031 1.5304
v 4.5137 2.5126 2.1436
v 4.7041 2.0100 1.4515
v 4.6301 2.6738 2.1609
v 4.5456 1.8782 1.4625
v 4.7564 2.8344 2.1799
v 4.3788 1.8642 1.5729
v 4.9000 2.8016 2.0507
v 4.2514 1.9063 1.7250
v 5.0220 2.7440 1.8950
v 4.2630 2.0556 1.8583
v 5.0372 2.6023 1.7544
v 4.2938 2.2047 1.9957
v 5.0538 2.4621 1.6053
v 3.2574 3.2507 0.1548
v 3.1872 3.2358 0.3385
v 3.7344 4.0626 0.6895
v 3.8102 4.0750 0.5116
v 3.1430 3.2532 0.5297
v 3.8343 4.0319 0.3199
v 3.1842 3.3597 0.7009
v 3.8053 3.9163 0.1546
v 3.2532 3.4893 0.8416
v 3.7492 3.7826 0.0066
v 3.3693 3.6458 0.8861
v 3.6602 3.6103 -0.0823
v 3.5155 3.4586 -0.0711
v 3.4747 3.7860 0.9178
v 3.3809 3.3476 0.0311
v 3.6126 3.9378 0.8087
v 4.4817 2.1325 2.4049
v 4.9144 1.8772 1.8482
v 5.0286 2.0361 1.9191
v 4.5570 2.3107 2.4952
v 4.7763 1.7293 1.8258
v 4.6475 2.4812 2.5270
v 4.6308 1.5833 1.8163
v 4.8207 2.5846 2.5212
v 4.4608 1.5729 1.9174
v 5.0005 2.5733 2.4229
v 4.3524 1.6491 2.0697
v 5.1142 2.4897 2.2657
v 4.3758 1.8075 2.1916
v 5.1686 2.3507 2.1250
v 4.4098 1.9639 2.3203
v 5.1335 2.1959 1.9905
v 2.1444 4.9967 -0.6282
v 2.0970 4.7599 -0.5010
v 2.0587 4.5752 -0.2685
v 2.0532 4.4761 0.0078
v 2.0725 4.4862 0.3147
v 2.1117 4.6031 0.5862
v 2.1606 4.7910 0.8208
v 2.2154 5.0337 0.9246
v 2.2781 5.3155 0.8716
v 2.3243 5.5638 0.7428
v 2.3629 5.7856 0.5263
v 2.3654 5.8918 0.2626
v 2.3291 5.8579 -0.0336
v 2.2780 5.7231 -0.2726
v 2.2439 5.5273 -0.4918
v 2.2146 5.2898 -0.6257
v 1.8514 5.9627 -0.4534
v 1.8773 5.7368 -0.6684
v 1.8555 5.1074 0.9722
v 1.8871 5.4083 0.9935
v 1.8417 5.4238 -0.7201
v 1.8016 5.1166 -0.6356
v 1.9171 5.7066 0.8600
v 1.7807 4.8720 -0.4261
v 1.9316 5.9649 0.6644
v 1.7521 4.6856 -0.1607
v 1.9530 6.1664 0.4088
v 1.7655 4.6294 0.1674
v 1.9304 6.2265 0.0963
v 1.7863 4.6906 0.4935
v 1.8795 6.1429 -0.2001
v 1.8229 4.8695 0.7633
v 2.9789 4.0032 -0.4181
v 2.8580 3.8297 -0.3239
v 2.7505 3.6910 -0.1334
v 2.7028 3.6264 0.0887
v 2.7070 3.6399 0.3500
v 2.7608 3.7180 0.5723
v 2.8586 3.8639 0.7726
v 2.9773 4.0422 0.8526
v 3.0798 4.2099 0.8559
v 3.1896 4.3907 0.7512
v 3.3329 4.6090 0.5468
v 3.3742 4.6829 0.3308
v 3.3692 4.6600 0.0753
v 3.3223 4.5721 -0.1337
v 3.2349 4.4105 -0.3193
v 3.1249 4.2256 -0.4147
v 2.8731 5.2027 -0.1107
v 2.7886 5.0387 -0.3047
v 2.4678 4.2521 0.6724
v 2.5505 4.4244 0.8545
v 2.7321 4.8613 -0.4873
v 2.6536 4.6492 0.8520
v 2.6138 4.6205 -0.5210
v 2.5047 4.3836 -0.4953
v 2.7392 4.8525 0.8154
v 2.4225 4.2198 -0.3092
v 2.8345 5.0717 0.6179
v 2.3591 4.0856 -0.0887
v 2.9119 5.2430 0.4080
v 2.3618 4.0642 0.1826
v 2.8896 5.2463 0.1451
v 2.3895 4.1090 0.4480
v 4.0533 3.2055 0.2881
v 3.9179 3.0736 0.2585
v 3.7391 2.9577 0.2998
v 3.5866 2.9071 0.3965
v 3.4574 2.9208 0.5677
v 3.4031 2.9880 0.7335
v 3.4167 3.1136 0.9093
v 3.4789 3.2454 1.0314
v 3.6150 3.4258 1.1063
v 3.7463 3.5614 1.1331
v 3.8894 3.6797 1.1029
v 4.0366 3.7367 1.0042
v 4.1696 3.7254 0.8380
v 4.2182 3.6424 0.6736
v 4.2174 3.5084 0.5032
v 4.1628 3.3717 0.3798
v 3.4692 3.0852 0.2309
v 2.9698 3.3691 0.2769
v 3.8455 3.8858 0.8774
v 3.6542 4.3110 0.3269
v 2.9623 3.3920 0.5009
v 3.6572 4.2740 0.1066
v 3.0390 3.5095 0.6931
v 3.5859 4.1400 -0.0697
v 3.1339 3.6536 0.8432
v 3.5130 3.9931 -0.2307
v 3.2619 3.8244 0.8674
v 3.9042 3.4511 0.1302
v 3.2371 3.6166 -0.2593
v 3.3560 3.9603 0.8798
v 3.1107 3.4897 -0.1146
v 3.5090 4.1582 0.7109
v 3.8166 3.3316 1.2672
v 3.9883 2.8793 0.4807
v 3.9364 3.4427 1.2633
v 3.8272 2.7717 0.5099
v 4.0875 3.5464 1.2220
v 3.6892 2.7721 0.6377
v 4.2327 3.5674 1.1044
v 3.5826 2.8020 0.7968
v 4.3335 3.5205 0.9435
v 3.5766 2.9159 0.9460
v 4.3565 3.4118 0.7929
v 3.5978 3.0323 1.1019
v 4.3344 3.2803 0.6459
v 3.9626 2.8554 1.5244
v 4.3588 2.6523 2.0074
v 4.4189 2.6751 0.8614
v 4.5834 2.1686 1.2306
v 4.4864 2.8331 2.0069
v 4.4153 2.0380 1.2498
v 4.6330 2.9891 1.9968
v 4.2475 2.0310 1.3723
v 4.7800 2.9564 1.8575
v 4.1143 2.0672 1.5318
v 4.9150 2.9128 1.6979
v 4.1181 2.2146 1.6768
v 4.9275 2.7698 1.5502
v 4.1405 2.3605 1.8289
v 4.9465 2.6293 1.3910
v 4.5186 2.8253 0.9386
v 4.7495 2.7337 1.1414
v 4.6423 2.5615 1.0547
v 4.0313 2.6123 1.6782
v 4.7927 2.8754 1.2583
v 3.9735 2.4753 1.5645
v 4.7823 3.0230 1.4207
v 3.9616 2.3256 1.4037
v 4.7112 3.1076 1.5714
v 4.0226 2.2372 1.2513
v 4.5609 3.1399 1.7311
v 4.1791 2.2187 1.0950
v 4.4037 3.0871 1.8136
v 4.3421 2.2853 1.0262
v 4.2587 2.8944 1.8336
v 4.5161 2.4227 1.0138
v 4.1454 2.7469 1.7842
v 4.0717 2.9731 1.6219
v 4.2709 2.5559 0.8600
v 4.1969 3.1329 1.6051
v 4.1180 2.4360 0.8746
v 4.3456 3.2572 1.5708
v 3.9736 2.4360 0.9947
v 4.4938 3.2725 1.4559
v 3.8620 2.4706 1.1476
v 4.6036 3.2224 1.3019
v 3.8608 2.5967 1.2865
v 4.6197 3.1033 1.1603
v 3.8773 2.7200 1.4349
v 4.6092 2.9691 1.0184
v 3.6811 3.1782 1.1992
v 4.1417 2.9915 0.4756
v 4.2466 3.1393 0.5558
v 3.8861 3.0937 1.4032
v 4.2009 2.7959 0.6917
v 4.0053 3.2150 1.4325
v 4.0520 2.6727 0.6947
v 4.1406 3.3457 1.4064
v 3.9120 2.6147 0.7560
v 4.2853 3.4073 1.3376
v 3.7880 2.6359 0.9004
v 4.4208 3.3987 1.1974
v 3.7398 2.7102 1.0385
v 4.4800 3.3194 1.0534
v 3.7514 2.8336 1.1852
v 4.4774 3.1917 0.9068
v 3.7942 2.9514 1.2986
v 4.3180 2.9160 0.7278
v 4.4189 3.0626 0.8058
v 4.2533 2.5122 1.9012
v 4.7483 2.2970 1.2254
v 4.8470 2.4666 1.3107
v 5.0138 2.3873 1.5647
v 4.9099 2.2149 1.4855
v 4.3408 2.2780 2.0291
v 5.0532 2.5308 1.6733
v 4.2736 2.1337 1.9339
v 5.0353 2.6811 1.8266
v 4.2477 1.9730 1.7915
v 4.9694 2.7758 1.9699
v 4.3007 1.8739 1.6488
v 4.8348 2.8364 2.1282
v 4.4630 1.8595 1.5057
v 4.6910 2.7634 2.1741
v 4.6232 1.9357 1.4513
v 4.5702 2.5871 2.1542
v 4.7894 2.0757 1.4464
v 4.4607 2.4391 2.1066
v 3.0031 3.3768 0.0496
v 3.3610 3.0800 0.3914
v 3.6279 4.3115 0.5496
v 3.9646 3.9069 0.7261
v 3.2793 3.1000 0.5704
v 4.0269 3.8564 0.5426
v 3.2885 3.2067 0.7383
v 4.0286 3.7448 0.3784
v 3.3333 3.3305 0.8932
v 3.9921 3.6097 0.2259
v 3.4471 3.4883 0.9564
v 3.3798 3.8001 -0.2757
v 3.7756 3.2939 0.0880
v 3.5747 3.6495 1.0068
v 3.6218 3.1827 0.1449
v 3.7043 3.7786 0.9640
v 3.6799 4.0117 0.7504
v 3.3129 3.2917 0.0901
v 3.5399 3.8598 0.8741
v 3.4497 3.4026 -0.0277
v 3.4219 3.7175 0.9122
v 3.7081 3.7039 -0.0406
v 3.5865 3.5265 -0.0895
v 3.3087 3.5659 0.8684
v 3.7812 3.8504 0.0719
v 3.2142 3.4230 0.7821
v 3.8229 3.9811 0.2389
v 3.1557 3.2972 0.6161
v 3.8313 4.0605 0.4104
v 3.1571 3.2375 0.4378
v 3.7754 4.0780 0.6079
v 3.2188 3.2361 0.2392
v 5.0873 2.1209 1.9529
v 4.9698 1.9515 1.8793
v 4.4414 2.0414 2.3618
v 5.1612 2.2690 2.0504
v 4.3913 1.8902 2.2612
v 5.1473 2.4291 2.1983
v 4.3570 1.7214 2.1301
v 5.0701 2.5358 2.3430
v 4.3891 1.6004 1.9952
v 4.9114 2.5898 2.4842
v 4.5456 1.5607 1.8519
v 4.7227 2.5645 2.5322
v 4.7034 1.6477 1.8152
v 4.5963 2.3920 2.5146
v 4.8508 1.8073 1.8345
v 4.5221 2.2251 2.4553
v 5.0086 2.1801 1.7211
v 4.9099 2.0227 1.6494
v 4.8186 2.7092 2.3310
v 4.9684 2.6831 2.2158
v 4.3896 2.0948 2.1371
v 4.4832 2.2498 2.2065
v 4.6180 1.7583 1.6407
v 4.4545 1.7428 1.7409
v 5.1041 2.4752 1.9293
v 5.1047 2.3334 1.7914
v 4.6986 2.5545 2.3065
v 4.3570 1.9468 2.0095
v 4.7644 1.8927 1.6404
v 5.0757 2.6116 2.0641
v 4.5882 2.4065 2.2839
v 4.3382 1.7976 1.8874
v 1.8650 5.8585 -0.5726
v 1.8751 5.2498 1.0261
v 1.8188 5.2636 -0.6926
v 1.8654 5.5867 -0.7172
v 1.9022 5.5625 0.9322
v 1.7907 4.9875 -0.5430
v 1.9239 5.8389 0.7708
v 1.7629 4.7653 -0.3016
v 1.9472 6.0809 0.5461
v 1.7605 4.6442 -0.0001
v 1.9467 6.2172 0.2576
v 1.7737 4.6445 0.3348
v 1.9136 6.2037 -0.0609
v 1.8038 4.7686 0.6354
v 1.8674 6.0633 -0.3307
v 1.8390 4.9820 0.8806
v 2.8348 5.1301 -0.2098
v 2.5059 4.3323 0.7800
v 2.7615 4.9536 -0.4071
v 2.6037 4.5357 0.8674
v 2.5559 4.4949 -0.5227
v 2.6774 4.7467 -0.5179
v 2.6979 4.7528 0.8455
v 2.4616 4.2965 -0.4154
v 2.7841 4.9593 0.7285
v 2.3843 4.1429 -0.2030
v 2.8829 5.1745 0.5155
v 2.3551 4.0635 0.0421
v 2.9057 5.2586 0.2813
v 2.3709 4.0763 0.3209
v 2.8861 5.2335 0.0099
v 2.4253 4.1725 0.5623
v 3.4126 3.0756 0.3026
v 3.9049 3.9030 0.8096
v 3.3116 3.0838 0.4833
v 4.0075 3.8901 0.6305
v 3.2755 3.1447 0.6533
v 4.0345 3.8096 0.4619
v 3.3055 3.2681 0.8246
v 4.0160 3.6773 0.2940
v 3.3830 3.4041 0.9300
v 3.8411 3.3668 0.0995
v 3.9544 3.5365 0.1747
v 3.5123 3.5739 0.9888
v 3.7028 3.2372 0.1079
v 3.6367 3.7133 0.9933
v 3.5404 3.1256 0.1828
v 3.7762 3.8455 0.9301
v 4.5718 2.9017 0.9753
v 4.4696 2.7451 0.8946
v 3.9128 2.7860 1.4791
v 4.6205 3.0344 1.0828
v 3.8650 2.6610 1.3666
v 4.6219 3.1723 1.2321
v 3.8537 2.5264 1.2154
v 4.5573 3.2520 1.3762
v 3.9067 2.4456 1.0723
v 4.4171 3.2691 1.5217
v 4.0440 2.4251 0.9233
v 4.2698 3.2122 1.5962
v 4.1932 2.4873 0.8602
v 4.1304 3.0470 1.6209
v 4.3510 2.6173 0.8554
v 4.0171 2.9150 1.5813
v 3.7456 3.2621 1.2446
v 4.0712 2.9358 0.4712
v 3.8749 3.3861 1.2695
v 3.9055 2.8170 0.4883
v 4.0117 3.5015 1.2482
v 3.7558 2.7626 0.5632
v 4.1601 3.5648 1.1735
v 3.6257 2.7804 0.7184
v 4.2982 3.5569 1.0238
v 3.5719 2.8519 0.8693
v 4.3498 3.4730 0.8710
v 3.5826 2.9757 1.0302
v 4.3501 3.3441 0.7132
v 3.6323 3.0980 1.1512
v 4.1954 3.0608 0.5097
v 4.2967 3.2146 0.5990
v 4.9057 2.5529 1.3473
v 4.7991 2.3760 1.2620
v 4.1895 2.4344 1.8654
v 4.9440 2.6980 1.4641
v 4.1239 2.2907 1.7600
v 4.9285 2.8497 1.6258
v 4.1064 2.1325 1.6035
v 4.8567 2.9392 1.7753
v 4.1676 2.0389 1.4522
v 4.7099 2.9860 1.9378
v 4.3316 2.0237 1.2995
v 4.5544 2.9282 2.0127
v 4.4974 2.0942 1.2339
v 4.4196 2.7350 2.0120
v 4.6732 2.2339 1.2216
v 4.3078 2.5836 1.9607
v 3.5792 4.2513 0.6306
v 3.0494 3.4244 -0.0358
v 3.4272 4.0535 0.8078
v 3.1738 3.5509 -0.1970
v 3.3079 3.8909 0.8870
v 3.4510 3.9026 -0.2622
v 3.3057 3.7016 -0.2800
v 3.1991 3.7406 0.8611
v 3.5525 4.0683 -0.1603
v 3.0830 3.5787 0.7819
v 3.6266 4.2157 0.0175
v 2.9935 3.4414 0.5986
v 3.6623 4.2994 0.2106
v 2.9589 3.3738 0.3944
v 3.6478 4.3234 0.4442
v 2.9809 3.3645 0.1567
v 4.9592 2.0960 1.6804
v 4.8977 2.7112 2.2861
v 4.4292 2.1675 2.1727
v 4.5370 1.7371 1.6780
v 5.1138 2.4026 1.8532
v 4.7653 2.6332 2.3136
v 4.3703 2.0248 2.0791
v 4.6903 1.8174 1.6350
v 5.0933 2.5508 1.9990
v 4.6408 2.4759 2.2976
v 4.3394 1.8651 1.9482
v 4.8432 1.9606 1.6411
v 5.0311 2.6498 2.1369
v 5.0642 2.2613 1.7536
v 4.5370 2.3328 2.2499
v 4.3807 1.7589 1.8145
v 1.2772 6.0974 -0.5138
v 1.3507 5.8378 -0.7421
v 1.4342 5.0862 1.0176
v 1.4126 5.4354 1.0300
v 1.3673 5.4620 -0.7946
v 1.3771 5.0916 -0.7007
v 1.3914 5.7700 0.8754
v 1.3978 4.7988 -0.4732
v 1.3613 6.0618 0.6583
v 1.3985 4.5735 -0.1868
v 1.3517 6.3173 0.3853
v 1.4240 4.5100 0.1652
v 1.3171 6.4059 0.0610
v 1.4358 4.5864 0.5138
v 1.2750 6.3097 -0.2472
v 1.4433 4.8033 0.8000
v 1.3132 5.9784 -0.6403
v 1.4290 5.2535 1.0705
v 1.3701 5.2684 -0.7635
v 1.3649 5.6587 -0.7932
v 1.4010 5.6096 0.9583
v 1.3882 4.9371 -0.5999
v 1.3749 5.9164 0.7753
v 1.3965 4.6694 -0.3386
v 1.3592 6.2052 0.5303
v 1.4158 4.5263 -0.0143
v 1.3364 6.3877 0.2278
v 1.4304 4.5296 0.3444
v 1.3029 6.3832 -0.1021
v 1.4408 4.6815 0.6647
v 1.2766 6.2168 -0.3843
v 1.4397 4.9376 0.9231
v 4.1240 2.6800 1.6911
v 4.2246 2.7986 1.8026
v 4.5672 2.4962 1.0509
v 4.4128 2.3794 1.0574
v 4.3510 2.9758 1.7891
v 4.2612 2.2600 1.0739
v 4.4854 3.1042 1.7657
v 4.1212 2.2604 1.1882
v 4.6142 3.0855 1.6410
v 4.0065 2.2865 1.3316
v 4.7366 3.0540 1.4954
v 4.0097 2.4155 1.4647
v 4.7444 2.9286 1.3586
v 4.0224 2.5434 1.6147
v 4.7566 2.7997 1.2086
v 4.6610 2.6534 1.1345
v 3.9744 3.1373 1.3970
v 4.1093 2.7598 0.7263
v 4.0830 3.2612 1.3900
v 3.9808 2.6561 0.7371
v 4.2136 3.3564 1.3544
v 3.8703 2.6599 0.8397
v 4.3398 3.3782 1.2584
v 3.7816 2.6856 0.9709
v 4.4267 3.3377 1.1247
v 3.7815 2.7898 1.0922
v 4.4504 3.2433 0.9936
v 3.8008 2.8967 1.2285
v 4.4181 3.1224 0.8728
v 3.8654 3.0211 1.3206
v 4.2395 2.8665 0.7299
v 4.3409 2.9966 0.7929
v 4.4332 2.3516 2.0315
v 4.8308 2.1573 1.4755
v 4.9220 2.3147 1.5516
v 4.5417 2.5018 2.1132
v 4.6828 2.0359 1.4778
v 4.6547 2.6585 2.1296
v 4.5388 1.9110 1.4890
v 4.7602 2.8033 2.1509
v 4.3971 1.8990 1.5896
v 4.8737 2.7699 2.0394
v 4.2865 1.9304 1.7215
v 4.9856 2.7219 1.8930
v 4.3003 2.0659 1.8402
v 4.9972 2.5896 1.7622
v 4.3282 2.2063 1.9705
v 5.0140 2.4620 1.6208
v 4.5060 2.1026 2.4150
v 4.8689 1.8850 1.8875
v 4.9788 2.0385 1.9561
v 4.5806 2.2771 2.5103
v 4.7356 1.7391 1.8698
v 4.6680 2.4421 2.5441
v 4.6118 1.5993 1.8667
v 4.8162 2.5335 2.5226
v 4.4726 1.5847 1.9600
v 4.9615 2.5274 2.4295
v 4.3801 1.6436 2.0931
v 5.0633 2.4545 2.2822
v 4.4038 1.7909 2.2049
v 5.1136 2.3261 2.1515
v 4.4363 1.9417 2.3302
v 5.0796 2.1897 2.0242
v 3.8974 3.2447 1.0560
v 3.9673 3.0319 0.6825
v 3.9552 3.2984 1.0540
v 3.8925 2.9801 0.6956
v 4.0251 3.3472 1.0353
v 3.8308 2.9813 0.7546
v 4.0911 3.3566 0.9811
v 3.7809 2.9940 0.8286
v 4.1361 3.3367 0.9075
v 3.7795 3.0476 0.8985
v 4.1464 3.2854 0.8354
v 3.7899 3.1034 0.9750
v 4.1352 3.2242 0.7635
v 3.9955 2.8505 1.4976
v 4.3843 2.6446 1.9741
v 4.3964 2.6858 0.8961
v 4.5659 2.1926 1.2612
v 4.5081 2.8178 1.9735
v 4.4126 2.0697 1.2782
v 4.6331 2.9560 1.9699
v 4.2668 2.0650 1.3894
v 4.7564 2.9227 1.8461
v 4.1488 2.0923 1.5298
v 4.8810 2.8871 1.6977
v 4.1552 2.2271 1.6597
v 4.8892 2.7544 1.5611
v 4.1744 2.3640 1.8032
v 4.9088 2.6245 1.4104
v 4.4894 2.8283 0.9697
v 4.7194 2.7367 1.1714
v 4.6122 2.5646 1.0849
v 4.0629 2.6060 1.6501
v 4.7569 2.8573 1.2729
v 4.0121 2.4867 1.5499
v 4.7462 3.0043 1.4339
v 4.0004 2.3385 1.3915
v 4.6877 3.0731 1.5620
v 4.0494 2.2674 1.2652
v 4.5451 3.1030 1.7166
v 4.1955 2.2512 1.1173
v 4.4214 3.0617 1.7843
v 4.3292 2.3074 1.0603
v 4.2814 2.8762 1.8023
v 4.5010 2.4428 1.0483
v 4.1776 2.7434 1.7565
v 4.0992 2.9588 1.5926
v 4.2566 2.5751 0.8953
v 4.2178 3.1106 1.5752
v 4.1200 2.4644 0.9064
v 4.3470 3.2216 1.5473
v 3.9974 2.4666 1.0126
v 4.4752 3.2365 1.4425
v 3.8986 2.4925 1.1489
v 4.5725 3.1933 1.3046
v 3.9000 2.6077 1.2737
v 4.5837 3.0861 1.1755
v 3.9151 2.7228 1.4152
v 4.5757 2.9615 1.0438
v 3.8314 3.1717 1.0224
v 4.0411 3.0856 0.6791
v 4.0919 3.1566 0.7194
v 3.9147 3.0861 1.3725
v 4.1828 2.8180 0.7233
v 4.0247 3.1958 1.3998
v 4.0379 2.6969 0.7269
v 4.1519 3.3189 1.3751
v 3.9284 2.6492 0.7750
v 4.2743 3.3721 1.3161
v 3.8135 2.6684 0.9108
v 4.3939 3.3664 1.1898
v 3.7763 2.7276 1.0250
v 4.4439 3.2987 1.0629
v 3.7877 2.8484 1.1684
v 4.4402 3.1805 0.9246
v 3.8270 2.9523 1.2713
v 4.2874 2.9241 0.7564
v 4.3860 3.0662 0.8327
v 4.2828 2.5084 1.8705
v 4.7213 2.3126 1.2546
v 4.8142 2.4739 1.3370
v 4.9785 2.3985 1.5861
v 4.8744 2.2262 1.5062
v 4.3709 2.2704 1.9998
v 5.0129 2.5190 1.6813
v 4.3104 2.1441 1.9149
v 4.9952 2.6684 1.8340
v 4.2855 1.9849 1.7756
v 4.9409 2.7458 1.9592
v 4.3255 1.9070 1.6597
v 4.8140 2.8027 2.1124
v 4.4734 1.8952 1.5267
v 4.7149 2.7463 2.1431
v 4.6032 1.9619 1.4785
v 4.5949 2.5719 2.1228
v 4.7674 2.1019 1.4720
v 4.4920 2.4334 2.0781
v 5.0372 2.1224 1.9900
v 4.9200 1.9545 1.9157
v 4.4659 2.0137 2.3700
v 5.1055 2.2515 2.0797
v 4.4192 1.8733 2.2741
v 5.0932 2.4002 2.2209
v 4.3853 1.7063 2.1449
v 5.0249 2.4940 2.3543
v 4.4097 1.6066 2.0304
v 4.8828 2.5407 2.4851
v 4.5472 1.5758 1.8996
v 4.7371 2.5197 2.5438
v 4.6660 1.6585 1.8615
v 4.6187 2.3557 2.5313
v 4.8101 1.8182 1.8772
v 4.5466 2.1941 2.4682
v 4.9728 2.1954 1.7385
v 4.8782 2.0439 1.6686
v 4.8254 2.6755 2.3057
v 4.9415 2.6523 2.2034
v 4.4284 2.0903 2.1198
v 4.5193 2.2366 2.1878
v 4.6083 1.7897 1.6680
v 4.4761 1.7739 1.7607
v 5.0632 2.4646 1.9355
v 5.0644 2.3387 1.8046
v 4.7307 2.5319 2.2898
v 4.3976 1.9500 1.9967
v 4.7395 1.9182 1.6639
v 5.0383 2.5913 2.0608
v 4.6237 2.3890 2.2679
v 4.3779 1.8134 1.8871
v 4.5420 2.9031 1.0058
v 4.4411 2.7484 0.9262
v 3.9468 2.7815 1.4537
v 4.5850 3.0188 1.1006
v 3.9043 2.6713 1.3534
v 4.5866 3.1516 1.2444
v 3.8930 2.5391 1.2047
v 4.5329 3.2178 1.3689
v 3.9348 2.4745 1.0862
v 4.4056 3.2319 1.5042
v 4.0622 2.4565 0.9458
v 4.2855 3.1844 1.5678
v 4.1809 2.5082 0.8954
v 4.1531 3.0270 1.5908
v 4.3361 2.6355 0.8910
v 4.0489 2.9080 1.5537
v 3.8634 3.2121 1.0452
v 4.0090 3.0608 0.6772
v 3.9252 3.2707 1.0570
v 3.9261 3.0002 0.6867
v 3.9913 3.3268 1.0468
v 3.8629 2.9767 0.7183
v 4.0572 3.3553 1.0137
v 3.7995 2.9853 0.7944
v 4.1209 3.3526 0.9440
v 3.7771 3.0155 0.8601
v 4.1433 3.3149 0.8736
v 3.7825 3.0781 0.9414
v 4.1428 3.2528 0.7958
v 3.8065 3.1327 0.9980
v 4.0659 3.1170 0.6958
v 4.1172 3.1944 0.7413
v 4.8727 2.5599 1.3735
v 4.7659 2.3827 1.2879
v 4.2182 2.4285 1.8344
v 4.9058 2.6821 1.4746
v 4.1605 2.3034 1.7420
v 4.8902 2.8344 1.6368
v 4.1438 2.1464 1.5885
v 4.8316 2.9065 1.7643
v 4.1923 2.0715 1.4644
v 4.6903 2.9507 1.9237
v 4.3447 2.0584 1.3206
v 4.5733 2.9081 1.9802
v 4.4814 2.1190 1.2648
v 4.4406 2.7205 1.9778
v 4.6550 2.2576 1.2521
v 4.3379 2.5826 1.9304
v 4.9230 2.1115 1.6971
v 4.8790 2.6774 2.2678
v 4.4651 2.1558 2.1529
v 4.5480 1.7702 1.7025
v 5.0722 2.3966 1.8610
v 4.7931 2.6081 2.2931
v 4.4107 2.0276 2.0657
v 4.6669 1.8430 1.6599
v 5.0528 2.5377 2.0027
v 4.6746 2.4553 2.2816
v 4.3804 1.8695 1.9373
v 4.8177 1.9866 1.6633
v 4.9999 2.6223 2.1274
v 5.0280 2.2758 1.7711
v 4.5738 2.3189 2.2330
v 4.4107 1.7863 1.8276
v -2.1780 5.1425 -0.6344
v -2.1166 4.8664 -0.5890
v -2.0793 4.6656 -0.3865
v -2.0494 4.5091 -0.1381
v -2.0615 4.4696 0.1617
v -2.0884 4.5295 0.4581
v -2.1382 4.6949 0.7057
v -2.1862 4.9013 0.9034
v -2.2439 5.1755 0.9027
v -2.3062 5.4446 0.8238
v -2.3445 5.6827 0.6422
v -2.3751 5.8617 0.4025
v -2.3459 5.8852 0.1131
v -2.3059 5.8070 -0.1625
v -2.2486 5.6226 -0.3799
v -2.2410 5.4225 -0.5820
v -3.0489 4.1148 -0.4133
v -2.9152 3.9048 -0.3969
v -2.8035 3.7622 -0.2269
v -2.7130 3.6394 -0.0324
v -2.7055 3.6329 0.2208
v -2.7207 3.6624 0.4671
v -2.8119 3.7911 0.6742
v -2.9119 3.9454 0.8400
v -3.0368 4.1351 0.8463
v -3.1241 4.2876 0.8377
v -3.2666 4.5068 0.6404
v -3.3722 4.6727 0.4495
v -3.3654 4.6688 0.2025
v -3.3613 4.6360 -0.0387
v -3.2713 4.4885 -0.2231
v -3.1926 4.3265 -0.3922
v -4.1063 3.2906 0.3372
v -3.9950 3.1307 0.2548
v -3.8288 3.0185 0.2798
v -3.6569 2.9145 0.3332
v -3.5211 2.9156 0.4796
v -3.4132 2.9387 0.6529
v -3.4096 3.0530 0.8180
v -3.4344 3.1732 0.9860
v -3.5428 3.3326 1.0672
v -3.6852 3.5045 1.1316
v -3.8115 3.6179 1.1227
v -3.9668 3.7227 1.0649
v -4.1106 3.7418 0.9282
v -4.2050 3.6923 0.7519
v -4.2189 3.5762 0.5908
v -4.2050 3.4426 0.4286
v -4.0924 2.6851 1.7194
v -4.1968 2.8094 1.8331
v -4.5908 2.4845 1.0173
v -4.4274 2.3586 1.0231
v -4.3285 2.9956 1.8196
v -4.2604 2.2305 1.0431
v -4.4850 3.1399 1.7892
v -4.0992 2.2287 1.1700
v -4.6347 3.1209 1.6531
v -3.9706 2.2633 1.3311
v -4.7682 3.0827 1.4934
v -3.9710 2.4041 1.4788
v -4.7806 2.9462 1.3445
v -3.9860 2.5408 1.6369
v -4.7912 2.8079 1.1851
v -4.6910 2.6498 1.1043
v -3.9507 3.1521 1.4293
v -4.1260 2.7369 0.6943
v -4.0665 3.2835 1.4225
v -3.9806 2.6245 0.7084
v -4.2136 3.3891 1.3818
v -3.8485 2.6261 0.8253
v -4.3588 3.4132 1.2739
v -3.7479 2.6594 0.9730
v -4.4597 3.3647 1.1227
v -3.7451 2.7740 1.1080
v -4.4875 3.2591 0.9797
v -3.7654 2.8890 1.2510
v -4.4538 3.1261 0.8497
v -3.8338 3.0230 1.3493
v -4.2648 2.8513 0.6991
v -4.3726 2.9904 0.7650
v -4.4027 2.3588 2.0605
v -4.8607 2.1381 1.4519
v -4.9571 2.3031 1.5304
v -4.5137 2.5126 2.1436
v -4.7041 2.0100 1.4515
v -4.6301 2.6738 2.1609
v -4.5456 1.8782 1.4625
v -4.7564 2.8344 2.1799
v -4.3788 1.8642 1.5729
v -4.9000 2.8016 2.0507
v -4.2514 1.9063 1.7250
v -5.0220 2.7440 1.8950
v -4.2630 2.0556 1.8583
v -5.0372 2.6023 1.7544
v -4.2938 2.2047 1.9957
v -5.0538 2.4621 1.6053
v -3.2574 3.2507 0.1548
v -3.1872 3.2358 0.3385
v -3.7344 4.0626 0.6895
v -3.8102 4.0750 0.5116
v -3.1430 3.2532 0.5297
v -3.8343 4.0319 0.3199
v -3.1842 3.3597 0.7009
v -3.8053 3.9163 0.1546
v -3.2532 3.4893 0.8416
v -3.7492 3.7826 0.0066
v -3.3693 3.6458 0.8861
v -3.6602 3.6103 -0.0823
v -3.5155 3.4586 -0.0711
v -3.4747 3.7860 0.9178
v -3.3809 3.3476 0.0311
v -3.6126 3.9378 0.8087
v -4.4806 2.1282 2.4122
v -4.9133 1.8730 1.8556
v -5.0275 2.0319 1.9265
v -4.5559 2.3065 2.5026
v -4.7751 1.7251 1.8332
v -4.6464 2.4770 2.5344
v -4.6297 1.5791 1.8237
v -4.8196 2.5804 2.5286
v -4.4597 1.5687 1.9248
v -4.9994 2.5691 2.4302
v -4.3513 1.6449 2.0771
v -5.1131 2.4855 2.2730
v -4.3747 1.8032 2.1989
v -5.1674 2.3465 2.1324
v -4.4086 1.9596 2.3276
v -5.1324 2.1917 1.9979
v -2.1444 4.9967 -0.6282
v -2.0970 4.7599 -0.5010
v -2.0587 4.5752 -0.2685
v -2.0532 4.4761 0.0078
v -2.0725 4.4862 0.3147
v -2.1117 4.6031 0.5862
v -2.1606 4.7910 0.8208
v -2.2154 5.0337 0.9246
v -2.2781 5.3155 0.8716
v -2.3243 5.5638 0.7428
v -2.3629 5.7856 0.5263
v -2.3654 5.8918 0.2626
v -2.3291 5.8579 -0.0336
v -2.2780 5.7231 -0.2726
v -2.2439 5.5273 -0.4918
v -2.2146 5.2898 -0.6257
v -1.8514 5.9627 -0.4534
v -1.8773 5.7368 -0.6684
v -1.8555 5.1074 0.9722
v -1.8871 5.4083 0.9935
v -1.8417 5.4238 -0.7201
v -1.8016 5.1166 -0.6356
v -1.9171 5.7066 0.8600
v -1.7807 4.8720 -0.4261
v -1.9316 5.9649 0.6644
v -1.7521 4.6856 -0.1607
v -1.9530 6.1664 0.4088
v -1.7655 4.6294 0.1674
v -1.9304 6.2265 0.0963
v -1.7863 4.6906 0.4935
v -1.8795 6.1429 -0.2001
v -1.8229 4.8695 0.7633
v -2.9789 4.0032 -0.4181
v -2.8580 3.8297 -0.3239
v -2.7505 3.6910 -0.1334
v -2.7028 3.6264 0.0887
v -2.7070 3.6399 0.3500
v -2.7608 3.7180 0.5723
v -2.8586 3.8639 0.7726
v -2.9773 4.0422 0.8526
v -3.0798 4.2099 0.8559
v -3.1896 4.3907 0.7512
v -3.3329 4.6090 0.5468
v -3.3742 4.6829 0.3308
v -3.3692 4.6600 0.0753
v -3.3223 4.5721 -0.1337
v -3.2349 4.4105 -0.3193
v -3.1249 4.2256 -0.4147
v -2.8731 5.2027 -0.1107
v -2.7886 5.0387 -0.3047
v -2.4678 4.2521 0.6724
v -2.5505 4.4244 0.8545
v -2.7321 4.8613 -0.4873
v -2.6536 4.6492 0.8520
v -2.6138 4.6205 -0.5210
v -2.5047 4.3836 -0.4953
v -2.7392 4.8525 0.8154
v -2.4225 4.2198 -0.3092
v -2.8345 5.0717 0.6179
v -2.3591 4.0856 -0.0887
v -2.9119 5.2430 0.4080
v -2.3618 4.0642 0.1826
v -2.8896 5.2463 0.1451
v -2.3895 4.1090 0.4480
v -4.0533 3.2055 0.2881
v -3.9179 3.0736 0.2585
v -3.7391 2.9577 0.2998
v -3.5866 2.9071 0.3965
v -3.4574 2.9208 0.5677
v -3.4031 2.9880 0.7335
v -3.4167 3.1136 0.9093
v -3.4789 3.2454 1.0314
v -3.6150 3.4258 1.1063
v -3.7463 3.5614 1.1331
v -3.8894 3.6797 1.1029
v -4.0366 3.7367 1.0042
v -4.1696 3.7254 0.8380
v -4.2182 3.6424 0.6736
v -4.2174 3.5084 0.5032
v -4.1628 3.3717 0.3798
v -3.4692 3.0852 0.2309
v -2.9698 3.3691 0.2769
v -3.8455 3.8858 0.8774
v -3.6542 4.3110 0.3269
v -2.9623 3.3920 0.5009
v -3.6572 4.2740 0.1066
v -3.0390 3.5095 0.6931
v -3.5859 4.1400 -0.0697
v -3.1339 3.6536 0.8432
v -3.5130 3.9931 -0.2307
v -3.2619 3.8244 0.8674
v -3.9042 3.4511 0.1302
v -3.2371 3.6166 -0.2593
v -3.3560 3.9603 0.8798
v -3.1107 3.4897 -0.1146
v -3.5090 4.1582 0.7109
v -3.8166 3.3316 1.2672
v -3.9883 2.8793 0.4807
v -3.9364 3.4427 1.2633
v -3.8272 2.7717 0.5099
v -4.0875 3.5464 1.2220
v -3.6892 2.7721 0.6377
v -4.2327 3.5674 1.1044
v -3.5826 2.8020 0.7968
v -4.3335 3.5205 0.9435
v -3.5766 2.9159 0.9460
v -4.3565 3.4118 0.7929
v -3.5978 3.0323 1.1019
v -4.3344 3.2803 0.6459
v -3.9626 2.8554 1.5244
v -4.3588 2.6523 2.0074
v -4.4189 2.6751 0.8614
v -4.5834 2.1686 1.2306
v -4.4864 2.8331 2.0069
v -4.4153 2.0380 1.2498
v -4.6330 2.9891 1.9968
v -4.2475 2.0310 1.3723
v -4.7800 2.9564 1.8575
v -4.1143 2.0672 1.5318
v -4.9150 2.9128 1.6979
v -4.1181 2.2146 1.6768
v -4.9275 2.7698 1.5502
v -4.1405 2.3605 1.8289
v -4.9465 2.6293 1.3910
v -4.5186 2.8253 0.9386
v -4.7495 2.7337 1.1414
v -4.6423 2.5615 1.0547
v -4.0313 2.6123 1.6782
v -4.7927 2.8754 1.2583
v -3.9735 2.4753 1.5645
v -4.7823 3.0230 1.4207
v -3.9616 2.3256 1.4037
v -4.7112 3.1076 1.5714
v -4.0226 2.2372 1.2513
v -4.5609 3.1399 1.7311
v -4.1791 2.2187 1.0950
v -4.4037 3.0871 1.8136
v -4.3421 2.2853 1.0262
v -4.2587 2.8944 1.8336
v -4.5161 2.4227 1.0138
v -4.1454 2.7469 1.7842
v -4.0717 2.9731 1.6219
v -4.2709 2.5559 0.8600
v -4.1969 3.1329 1.6051
v -4.1180 2.4360 0.8746
v -4.3456 3.2572 1.5708
v -3.9736 2.4360 0.9947
v -4.4938 3.2725 1.4559
v -3.8620 2.4706 1.1476
v -4.6036 3.2224 1.3019
v -3.8608 2.5967 1.2865
v -4.6197 3.1033 1.1603
v -3.8773 2.7200 1.4349
v -4.6092 2.9691 1.0184
v -3.6811 3.1782 1.1992
v -4.1417 2.9915 0.4756
v -4.2466 3.1393 0.5558
v -3.8861 3.0937 1.4032
v -4.2009 2.7959 0.6917
v -4.0053 3.2150 1.4325
v -4.0520 2.6727 0.6947
v -4.1406 3.3457 1.4064
v -3.9120 2.6147 0.7560
v -4.2853 3.4073 1.3376
v -3.7880 2.6359 0.9004
v -4.4208 3.3987 1.1974
v -3.7398 2.7102 1.0385
v -4.4800 3.3194 1.0534
v -3.7514 2.8336 1.1852
v -4.4774 3.1917 0.9068
v -3.7942 2.9514 1.2986
v -4.3180 2.9160 0.7278
v -4.4189 3.0626 0.8058
v -4.2533 2.5122 1.9012
v -4.7483 2.2970 1.2254
v -4.8470 2.4666 1.3107
v -5.0138 2.3873 1.5647
v -4.9099 2.2149 1.4855
v -4.3408 2.2780 2.0291
v -5.0532 2.5308 1.6733
v -4.2736 2.1337 1.9339
v -5.0353 2.6811 1.8266
v -4.2477 1.9730 1.7915
v -4.9694 2.7758 1.9699
v -4.3007 1.8739 1.6488
v -4.8348 2.8364 2.1282
v -4.4630 1.8595 1.5057
v -4.6910 2.7634 2.1741
v -4.6232 1.9357 1.4513
v -4.5702 2.5871 2.1542
v -4.7894 2.0757 1.4464
v -4.4607 2.4391 2.1066
v -3.0031 3.3768 0.0496
v -3.3610 3.0800 0.3914
v -3.6279 4.3115 0.5496
v -3.9646 3.9069 0.7261
v -3.2793 3.1000 0.5704
v -4.0269 3.8564 0.5426
v -3.2885 3.2067 0.7383
v -4.0286 3.7448 0.3784
v -3.3333 3.3305 0.8932
v -3.9921 3.6097 0.2259
v -3.4471 3.4883 0.9564
v -3.3798 3.8001 -0.2757
v -3.7756 3.2939 0.0880
v -3.5747 3.6495 1.0068
v -3.6218 3.1827 0.1449
v -3.7043 3.7786 0.9640
v -3.6799 4.0117 0.7504
v -3.3129 3.2917 0.0901
v -3.5399 3.8598 0.8741
v -3.4497 3.4026 -0.0277
v -3.4219 3.7175 0.9122
v -3.7081 3.7039 -0.0406
v -3.5865 3.5265 -0.0895
v -3.3087 3.5659 0.8684
v -3.7812 3.8504 0.0719
v -3.2142 3.4230 0.7821
v -3.8229 3.9811 0.2389
v -3.1557 3.2972 0.6161
v -3.8313 4.0605 0.4104
v -3.1571 3.2375 0.4378
v -3.7754 4.0780 0.6079
v -3.2188 3.2361 0.2392
v -5.0862 2.1166 1.9602
v -4.9687 1.9473 1.8867
v -4.4402 2.0372 2.3691
v -5.1601 2.2648 2.0578
v -4.3902 1.8860 2.2686
v -5.1462 2.4249 2.2056
v -4.3559 1.7172 2.1375
v -5.0690 2.5316 2.3503
v -4.3880 1.5962 2.0025
v -4.9103 2.5856 2.4916
v -4.5445 1.5565 1.8593
v -4.7215 2.5603 2.5396
v -4.7023 1.6435 1.8226
v -4.5952 2.3878 2.5220
v -4.8497 1.8031 1.8419
v -4.5210 2.2209 2.4626
v -5.0086 2.1801 1.7211
v -4.9099 2.0227 1.6494
v -4.8186 2.7092 2.3310
v -4.9684 2.6831 2.2158
v -4.3896 2.0948 2.1371
v -4.4832 2.2498 2.2065
v -4.6180 1.7583 1.6407
v -4.4545 1.7428 1.7409
v -5.1041 2.4752 1.9293
v -5.1047 2.3334 1.7914
v -4.6986 2.5545 2.3065
v -4.3570 1.9468 2.0095
v -4.7644 1.8927 1.6404
v -5.0757 2.6116 2.0641
v -4.5882 2.4065 2.2839
v -4.3382 1.7976 1.8874
v -1.8650 5.8585 -0.5726
v -1.8751 5.2498 1.0261
v -1.8188 5.2636 -0.6926
v -1.8654 5.5867 -0.7172
v -1.9022 5.5625 0.9322
v -1.7907 4.9875 -0.5430
v -1.9239 5.8389 0.7708
v -1.7629 4.7653 -0.3016
v -1.9472 6.0809 0.5461
v -1.7605 4.6442 -0.0001
v -1.9467 6.2172 0.2576
v -1.7737 4.6445 0.3348
v -1.9136 6.2037 -0.0609
v -1.8038 4.7686 0.6354
v -1.8674 6.0633 -0.3307
v -1.8390 4.9820 0.8806
v -2.8348 5.1301 -0.2098
v -2.5059 4.3323 0.7800
v -2.7615 4.9536 -0.4071
v -2.6037 4.5357 0.8674
v -2.5559 4.4949 -0.5227
v -2.6774 4.7467 -0.5179
v -2.6979 4.7528 0.8455
v -2.4616 4.2965 -0.4154
v -2.7841 4.9593 0.7285
v -2.3843 4.1429 -0.2030
v -2.8829 5.1745 0.5155
v -2.3551 4.0635 0.0421
v -2.9057 5.2586 0.2813
v -2.3709 4.0763 0.3209
v -2.8861 5.2335 0.0099
v -2.4253 4.1725 0.5623
v -3.4126 3.0756 0.3026
v -3.9049 3.9030 0.8096
v -3.3116 3.0838 0.4833
v -4.0075 3.8901 0.6305
v -3.2755 3.1447 0.6533
v -4.0345 3.8096 0.4619
v -3.3055 3.2681 0.8246
v -4.0160 3.6773 0.2940
v -3.3830 3.4041 0.9300
v -3.8411 3.3668 0.0995
v -3.9544 3.5365 0.1747
v -3.5123 3.5739 0.9888
v -3.7028 3.2372 0.1079
v -3.6367 3.7133 0.9933
v -3.5404 3.1256 0.1828
v -3.7762 3.8455 0.9301
v -4.5718 2.9017 0.9753
v -4.4696 2.7451 0.8946
v -3.9128 2.7860 1.4791
v -4.6205 3.0344 1.0828
v -3.8650 2.6610 1.3666
v -4.6219 3.1723 1.2321
v -3.8537 2.5264 1.2154
v -4.5573 3.2520 1.3762
v -3.9067 2.4456 1.0723
v -4.4171 3.2691 1.5217
v -4.0440 2.4251 0.9233
v -4.2698 3.2122 1.5962
v -4.1932 2.4873 0.8602
v -4.1304 3.0470 1.6209
v -4.3510 2.6173 0.8554
v -4.0171 2.9150 1.5813
v -3.7456 3.2621 1.2446
v -4.0712 2.9358 0.4712
v -3.8749 3.3861 1.2695
v -3.9055 2.8170 0.4883
v -4.0117 3.5015 1.2482
v -3.7558 2.7626 0.5632
v -4.1601 3.5648 1.1735
v -3.6257 2.7804 0.7184
v -4.2982 3.5569 1.0238
v -3.5719 2.8519 0.8693
v -4.3498 3.4730 0.8710
v -3.5826 2.9757 1.0302
v -4.3501 3.3441 0.7132
v -3.6323 3.0980 1.1512
v -4.1954 3.0608 0.5097
v -4.2967 3.2146 0.5990
v -4.9057 2.5529 1.3473
v -4.7991 2.3760 1.2620
v -4.1895 2.4344 1.8654
v -4.9440 2.6980 1.4641
v -4.1239 2.2907 1.7600
v -4.9285 2.8497 1.6258
v -4.1064 2.1325 1.6035
v -4.8567 2.9392 1.7753
v -4.1676 2.0389 1.4522
v -4.7099 2.9860 1.9378
v -4.3316 2.0237 1.2995
v -4.5544 2.9282 2.0127
v -4.4974 2.0942 1.2339
v -4.4196 2.7350 2.0120
v -4.6732 2.2339 1.2216
v -4.3078 2.5836 1.9607
v -3.5792 4.2513 0.6306
v -3.0494 3.4244 -0.0358
v -3.4272 4.0535 0.8078
v -3.1738 3.5509 -0.1970
v -3.3079 3.8909 0.8870
v -3.4510 3.9026 -0.2622
v -3.3057 3.7016 -0.2800
v -3.1991 3.7406 0.8611
v -3.5525 4.0683 -0.1603
v -3.0830 3.5787 0.7819
v -3.6266 4.2157 0.0175
v -2.9935 3.4414 0.5986
v -3.6623 4.2994 0.2106
v -2.9589 3.3738 0.3944
v -3.6478 4.3234 0.4442
v -2.9809 3.3645 0.1567
v -4.9592 2.0960 1.6804
v -4.8977 2.7112 2.2861
v -4.4292 2.1675 2.1727
v -4.5370 1.7371 1.6780
v -5.1138 2.4026 1.8532
v -4.7653 2.6332 2.3136
v -4.3703 2.0248 2.0791
v -4.6903 1.8174 1.6350
v -5.0933 2.5508 1.9990
v -4.6408 2.4759 2.2976
v -4.3394 1.8651 1.9482
v -4.8432 1.9606 1.6411
v -5.0311 2.6498 2.1369
v -5.0642 2.2613 1.7536
v -4.5370 2.3328 2.2499
v -4.3807 1.7589 1.8145
v -1.2772 6.0974 -0.5138
v -1.3507 5.8378 -0.7421
v -1.4342 5.0862 1.0176
v -1.4126 5.4354 1.0300
v -1.3673 5.4620 -0.7946
v -1.3771 5.0916 -0.7007
v -1.3914 5.7700 0.8754
v -1.3978 4.7988 -0.4732
v -1.3613 6.0618 0.6583
v -1.3985 4.5735 -0.1868
v -1.3517 6.3173 0.3853
v -1.4240 4.5100 0.1652
v -1.3171 6.4059 0.0610
v -1.4358 4.5864 0.5138
v -1.2750 6.3097 -0.2472
v -1.4433 4.8033 0.8000
v -1.3132 5.9784 -0.6403
v -1.4290 5.2535 1.0705
v -1.3701 5.2684 -0.7635
v -1.3649 5.6587 -0.7932
v -1.4010 5.6096 0.9583
v -1.3882 4.9371 -0.5999
v -1.3749 5.9164 0.7753
v -1.3965 4.6694 -0.3386
v -1.3592 6.2052 0.5303
v -1.4158 4.5263 -0.0143
v -1.3364 6.3877 0.2278
v -1.4304 4.5296 0.3444
v -1.3029 6.3832 -0.1021
v -1.4408 4.6815 0.6647
v -1.2766 6.2168 -0.3843
v -1.4397 4.9376 0.9231
v -4.1240 2.6800 1.6911
v -4.2246 2.7986 1.8026
v -4.5672 2.4962 1.0509
v -4.4128 2.3794 1.0574
v -4.3510 2.9758 1.7891
v -4.2612 2.2600 1.0739
v -4.4854 3.1042 1.7657
v -4.1212 2.2604 1.1882
v -4.6142 3.0855 1.6410
v -4.0065 2.2865 1.3316
v -4.7366 3.0540 1.4954
v -4.0097 2.4155 1.4647
v -4.7444 2.9286 1.3586
v -4.0224 2.5434 1.6147
v -4.7566 2.7997 1.2086
v -4.6610 2.6534 1.1345
v -3.9744 3.1373 1.3970
v -4.1093 2.7598 0.7263
v -4.0830 3.2612 1.3900
v -3.9808 2.6561 0.7371
v -4.2136 3.3564 1.3544
v -3.8703 2.6599 0.8397
v -4.3398 3.3782 1.2584
v -3.7816 2.6856 0.9709
v -4.4267 3.3377 1.1247
v -3.7815 2.7898 1.0922
v -4.4504 3.2433 0.9936
v -3.8008 2.8967 1.2285
v -4.4181 3.1224 0.8728
v -3.8654 3.0211 1.3206
v -4.2395 2.8665 0.7299
v -4.3409 2.9966 0.7929
v -4.4332 2.3516 2.0315
v -4.8308 2.1573 1.4755
v -4.9220 2.3147 1.5516
v -4.5417 2.5018 2.1132
v -4.6828 2.0359 1.4778
v -4.6547 2.6585 2.1296
v -4.5388 1.9110 1.4890
v -4.7602 2.8033 2.1509
v -4.3971 1.8990 1.5896
v -4.8737 2.7699 2.0394
v -4.2865 1.9304 1.7215
v -4.9856 2.7219 1.8930
v -4.3003 2.0659 1.8402
v -4.9972 2.5896 1.7622
v -4.3282 2.2063 1.9705
v -5.0140 2.4620 1.6208
v -4.5076 2.1026 2.4150
v -4.8705 1.8850 1.8875
v -4.9804 2.0385 1.9561
v -4.5822 2.2771 2.5103
v -4.7373 1.7391 1.8698
v -4.6696 2.4421 2.5441
v -4.6135 1.5993 1.8667
v -4.8178 2.5335 2.5226
v -4.4743 1.5847 1.9600
v -4.9631 2.5274 2.4295
v -4.3817 1.6436 2.0931
v -5.0649 2.4545 2.2822
v -4.4054 1.7909 2.2049
v -5.1152 2.3261 2.1515
v -4.4379 1.9417 2.3302
v -5.0812 2.1897 2.0242
v -3.8992 3.2424 1.0505
v -3.9672 3.0358 0.6879
v -3.9554 3.2945 1.0485
v -3.8945 2.9856 0.7006
v -4.0233 3.3419 1.0303
v -3.8347 2.9867 0.7579
v -4.0874 3.3511 0.9778
v -3.7862 2.9990 0.8297
v -4.1310 3.3317 0.9063
v -3.7848 3.0511 0.8976
v -4.1410 3.2820 0.8364
v -3.7949 3.1053 0.9719
v -4.1301 3.2225 0.7665
v -3.9955 2.8505 1.4976
v -4.3843 2.6446 1.9741
v -4.3964 2.6858 0.8961
v -4.5659 2.1926 1.2612
v -4.5081 2.8178 1.9735
v -4.4126 2.0697 1.2782
v -4.6331 2.9560 1.9699
v -4.2668 2.0650 1.3894
v -4.7564 2.9227 1.8461
v -4.1488 2.0923 1.5298
v -4.8810 2.8871 1.6977
v -4.1552 2.2271 1.6597
v -4.8892 2.7544 1.5611
v -4.1744 2.3640 1.8032
v -4.9088 2.6245 1.4104
v -4.4894 2.8283 0.9697
v -4.7194 2.7367 1.1714
v -4.6122 2.5646 1.0849
v -4.0629 2.6060 1.6501
v -4.7569 2.8573 1.2729
v -4.0121 2.4867 1.5499
v -4.7462 3.0043 1.4339
v -4.0004 2.3385 1.3915
v -4.6877 3.0731 1.5620
v -4.0494 2.2674 1.2652
v -4.5451 3.1030 1.7166
v -4.1955 2.2512 1.1173
v -4.4214 3.0617 1.7843
v -4.3292 2.3074 1.0603
v -4.2814 2.8762 1.8023
v -4.5010 2.4428 1.0483
v -4.1776 2.7434 1.7565
v -4.0992 2.9588 1.5926
v -4.2566 2.5751 0.8953
v -4.2178 3.1106 1.5752
v -4.1200 2.4644 0.9064
v -4.3470 3.2216 1.5473
v -3.9974 2.4666 1.0126
v -4.4752 3.2365 1.4425
v -3.8986 2.4925 1.1489
v -4.5725 3.1933 1.3046
v -3.9000 2.6077 1.2737
v -4.5837 3.0861 1.1755
v -3.9151 2.7228 1.4152
v -4.5757 2.9615 1.0438
v -3.8352 3.1716 1.0179
v -4.0388 3.0880 0.6846
v -4.0881 3.1568 0.7238
v -3.9147 3.0861 1.3725
v -4.1828 2.8180 0.7233
v -4.0247 3.1958 1.3998
v -4.0379 2.6969 0.7269
v -4.1519 3.3189 1.3751
v -3.9284 2.6492 0.7750
v -4.2743 3.3721 1.3161
v -3.8135 2.6684 0.9108
v -4.3939 3.3664 1.1898
v -3.7763 2.7276 1.0250
v -4.4439 3.2987 1.0629
v -3.7877 2.8484 1.1684
v -4.4402 3.1805 0.9246
v -3.8270 2.9523 1.2713
v -4.2874 2.9241 0.7564
v -4.3860 3.0662 0.8327
v -4.2828 2.5084 1.8705
v -4.7213 2.3126 1.2546
v -4.8142 2.4739 1.3370
v -4.9785 2.3985 1.5861
v -4.8744 2.2262 1.5062
v -4.3709 2.2704 1.9998
v -5.0129 2.5190 1.6813
v -4.3104 2.1441 1.9149
v -4.9952 2.6684 1.8340
v -4.2855 1.9849 1.7756
v -4.9409 2.7458 1.9592
v -4.3255 1.9070 1.6597
v -4.8140 2.8027 2.1124
v -4.4734 1.8952 1.5267
v -4.7149 2.7463 2.1431
v -4.6032 1.9619 1.4785
v -4.5949 2.5719 2.1228
v -4.7674 2.1019 1.4720
v -4.4920 2.4334 2.0781
v -5.0388 2.1224 1.9900
v -4.9216 1.9545 1.9157
v -4.4675 2.0137 2.3700
v -5.1071 2.2515 2.0797
v -4.4208 1.8733 2.2741
v -5.0948 2.4002 2.2209
v -4.3869 1.7063 2.1449
v -5.0265 2.4940 2.3543
v -4.4113 1.6066 2.0304
v -4.8844 2.5407 2.4851
v -4.5488 1.5758 1.8996
v -4.7387 2.5197 2.5438
v -4.6676 1.6585 1.8615
v -4.6203 2.3557 2.5313
v -4.8118 1.8182 1.8772
v -4.5483 2.1941 2.4682
v -4.9728 2.1954 1.7385
v -4.8782 2.0439 1.6686
v -4.8254 2.6755 2.3057
v -4.9415 2.6523 2.2034
v -4.4284 2.0903 2.1198
v -4.5193 2.2366 2.1878
v -4.6083 1.7897 1.6680
v -4.4761 1.7739 1.7607
v -5.0632 2.4646 1.9355
v -5.0644 2.3387 1.8046
v -4.7307 2.5319 2.2898
v -4.3976 1.9500 1.9967
v -4.7395 1.9182 1.6639
v -5.0383 2.5913 2.0608
v -4.6237 2.3890 2.2679
v -4.3779 1.8134 1.8871
v -4.5420 2.9031 1.0058
v -4.4411 2.7484 0.9262
v -3.9468 2.7815 1.4537
v -4.5850 3.0188 1.1006
v -3.9043 2.6713 1.3534
v -4.5866 3.1516 1.2444
v -3.8930 2.5391 1.2047
v -4.5329 3.2178 1.3689
v -3.9348 2.4745 1.0862
v -4.4056 3.2319 1.5042
v -4.0622 2.4565 0.9458
v -4.2855 3.1844 1.5678
v -4.1809 2.5082 0.8954
v -4.1531 3.0270 1.5908
v -4.3361 2.6355 0.8910
v -4.0489 2.9080 1.5537
v -3.8663 3.2108 1.0400
v -4.0076 3.0639 0.6827
v -3.9263 3.2677 1.0515
v -3.9272 3.0051 0.6919
v -3.9905 3.3221 1.0415
v -3.8658 2.9823 0.7226
v -4.0544 3.3498 1.0094
v -3.8043 2.9906 0.7965
v -4.1163 3.3472 0.9417
v -3.7825 3.0200 0.8603
v -4.1380 3.3105 0.8734
v -3.7878 3.0807 0.9392
v -4.1376 3.2503 0.7979
v -3.8111 3.1337 0.9942
v -4.0628 3.1184 0.7008
v -4.1127 3.1936 0.7450
v -4.8727 2.5599 1.3735
v -4.7659 2.3827 1.2879
v -4.2182 2.4285 1.8344
v -4.9058 2.6821 1.4746
v -4.1605 2.3034 1.7420
v -4.8902 2.8344 1.6368
v -4.1438 2.1464 1.5885
v -4.8316 2.9065 1.7643
v -4.1923 2.0715 1.4644
v -4.6903 2.9507 1.9237
v -4.3447 2.0584 1.3206
v -4.5733 2.9081 1.9802
v -4.4814 2.1190 1.2648
v -4.4406 2.7205 1.9778
v -4.6550 2.2576 1.2521
v -4.3379 2.5826 1.9304
v -4.9230 2.1115 1.6971
v -4.8790 2.6774 2.2678
v -4.4651 2.1558 2.1529
v -4.5480 1.7702 1.7025
v -5.0722 2.3966 1.8610
v -4.7931 2.6081 2.2931
v -4.4107 2.0276 2.0657
v -4.6669 1.8430 1.6599
v -5.0528 2.5377 2.0027
v -4.6746 2.4553 2.2816
v -4.3804 1.8695 1.9373
v -4.8177 1.9866 1.6633
v -4.9999 2.6223 2.1274
v -5.0280 2.2758 1.7711
v -4.5738 2.3189 2.2330
v -4.4107 1.7863 1.8276
v 0.0254 0.7616 1.3559
v -0.0012 0.7638 1.3612
v -0.0238 0.7656 1.3763
v -0.0389 0.7667 1.3990
v -0.0441 0.7669 1.4257
v -0.0389 0.7662 1.4524
v -0.0238 0.7647 1.4750
v -0.0012 0.7626 1.4901
v 0.0254 0.7603 1.4954
v 0.0520 0.7580 1.4901
v 0.0745 0.7562 1.4749
v 0.0896 0.7551 1.4523
v 0.0949 0.7549 1.4256
v 0.0896 0.7556 1.3989
v 0.0745 0.7571 1.3763
v 0.0520 0.7592 1.3612
v 0.0067 1.1803 1.3777
v 0.0343 1.5371 1.3981
v -0.0037 1.7455 1.4212
v -0.0960 1.7517 1.5262
v -0.4505 1.3564 1.4150
v -0.6494 1.6184 1.4148
v -0.4459 1.8090 1.4366
v -0.1315 1.9928 1.4384
v 0.0961 2.0184 1.5163
v 0.2583 1.9855 1.5343
v 0.4500 1.7695 1.4578
v 0.5707 1.4525 1.4629
v 0.6172 1.1637 1.4685
v 0.6520 0.8646 1.4740
v 0.6573 0.8653 1.5007
v 0.6224 1.1645 1.4952
v 0.5757 1.4542 1.4896
v 0.4543 1.7725 1.4845
v 0.2609 1.9904 1.5609
v 0.0880 2.0251 1.5414
v -0.1376 1.9977 1.4645
v -0.4556 1.8105 1.4620
v -0.6476 1.6213 1.4418
v -0.4476 1.3483 1.4408
v -0.0824 1.7408 1.5472
v -0.0051 1.7412 1.4480
v 0.0281 1.5329 1.4243
v 0.0021 1.1788 1.4045
v 0.1370 1.1818 1.4276
v 0.1600 1.5471 1.4580
v 0.1294 1.7640 1.4588
v -0.1266 1.8420 1.6281
v -0.5331 1.4473 1.4813
v -0.5399 1.5369 1.4439
v -0.3724 1.7087 1.4998
v -0.0980 1.8710 1.4977
v 0.0839 1.8926 1.5754
v 0.2052 1.8685 1.5888
v 0.3400 1.7023 1.5111
v 0.4463 1.4184 1.5162
v 0.4890 1.1501 1.5218
v 0.5234 0.8552 1.5273
v 0.5182 0.8545 1.5006
v 0.4837 1.1493 1.4951
v 0.4413 1.4168 1.4895
v 0.3356 1.6993 1.4844
v 0.2026 1.8636 1.5622
v 0.0920 1.8859 1.5503
v -0.0919 1.8661 1.4716
v -0.3627 1.7072 1.4745
v -0.5417 1.5340 1.4169
v -0.5360 1.4553 1.4554
v -0.1401 1.8529 1.6071
v 0.1308 1.7684 1.4320
v 0.1662 1.5513 1.4318
v 0.1415 1.1833 1.4008
v 0.6519 0.8651 1.5274
v 0.6171 1.1641 1.5219
v 0.5705 1.4530 1.5163
v 0.4497 1.7699 1.5112
v 0.2591 1.9856 1.5877
v 0.0802 2.0212 1.5672
v -0.1403 1.9926 1.4911
v -0.4583 1.8041 1.4883
v -0.6378 1.6176 1.4669
v -0.4514 1.3484 1.4678
v -0.0733 1.7385 1.5727
v 0.0038 1.7388 1.4736
v 0.0324 1.5301 1.4510
v 0.0082 1.1777 1.4310
v 0.5235 0.8547 1.4739
v 0.4890 1.1497 1.4684
v 0.4465 1.4180 1.4628
v 0.3402 1.7019 1.4577
v 0.2044 1.8684 1.5355
v 0.0998 1.8898 1.5245
v -0.0892 1.8712 1.4450
v -0.3600 1.7136 1.4481
v -0.5515 1.5377 1.3918
v -0.5321 1.4552 1.4285
v -0.1492 1.8552 1.5816
v 0.1219 1.7707 1.4064
v 0.1619 1.5541 1.4051
v 0.1355 1.1844 1.3743
v 0.6368 0.8641 1.5500
v 0.6020 1.1627 1.5445
v 0.5559 1.4491 1.5390
v 0.4367 1.7622 1.5339
v 0.2531 1.9720 1.6105
v 0.0739 2.0073 1.5898
v -0.1390 1.9783 1.5142
v -0.4534 1.7909 1.5116
v -0.6214 1.6077 1.4863
v -0.4614 1.3566 1.4917
v -0.0700 1.7450 1.5989
v 0.0217 1.7390 1.4941
v 0.0465 1.5291 1.4742
v 0.0239 1.1771 1.4532
v 0.5386 0.8556 1.4513
v 0.5041 1.1511 1.4458
v 0.4611 1.4218 1.4402
v 0.3532 1.7096 1.4351
v 0.2104 1.8820 1.5127
v 0.1061 1.9037 1.5019
v -0.0904 1.8856 1.4219
v -0.3648 1.7268 1.4249
v -0.5679 1.5475 1.3724
v -0.5222 1.4470 1.4045
v -0.1526 1.8487 1.5554
v 0.1039 1.7706 1.3859
v 0.1478 1.5550 1.3819
v 0.1197 1.1850 1.3521
v 0.6142 0.8625 1.5652
v 0.5795 1.1604 1.5596
v 0.5340 1.4432 1.5541
v 0.4173 1.7504 1.5490
v 0.2439 1.9514 1.6258
v 0.0700 1.9855 1.6056
v -0.1341 1.9569 1.5303
v -0.4419 1.7727 1.5282
v -0.6009 1.5933 1.4970
v -0.4760 1.3717 1.5090
v -0.0729 1.7595 1.6218
v 0.0459 1.7415 1.5064
v 0.0683 1.5301 1.4905
v 0.0470 1.1771 1.4677
v 0.5612 0.8572 1.4362
v 0.5266 1.1534 1.4307
v 0.4830 1.4278 1.4251
v 0.3726 1.7214 1.4200
v 0.2196 1.9025 1.4974
v 0.1099 1.9255 1.4861
v -0.0954 1.9070 1.4058
v -0.3764 1.7450 1.4082
v -0.5884 1.5619 1.3617
v -0.5076 1.4319 1.3872
v -0.1497 1.8342 1.5325
v 0.0798 1.7681 1.3736
v 0.1260 1.5540 1.3657
v 0.0967 1.1850 1.3376
v 0.5876 0.8605 1.5704
v 0.5530 1.1575 1.5649
v 0.5083 1.4361 1.5594
v 0.3946 1.7364 1.5543
v 0.2328 1.9272 1.6313
v 0.0692 1.9591 1.6123
v -0.1262 1.9317 1.5369
v -0.4253 1.7525 1.5358
v -0.5795 1.5765 1.4974
v -0.4930 1.3914 1.5171
v -0.0817 1.7796 1.6379
v 0.0726 1.7460 1.5085
v 0.0946 1.5330 1.4972
v 0.0738 1.1777 1.4723
v 0.0699 1.1844 1.3330
v 0.0997 1.5512 1.3589
v 0.0530 1.7635 1.3715
v -0.1409 1.8141 1.5164
v -0.4906 1.4122 1.3791
v -0.6098 1.5787 1.3613
v -0.3929 1.7653 1.4006
v -0.1033 1.9322 1.3992
v 0.1108 1.9519 1.4793
v 0.2307 1.9268 1.4918
v 0.3953 1.7354 1.4147
v 0.5087 1.4349 1.4198
v 0.5532 1.1563 1.4254
v 0.5878 0.8592 1.4309
v 0.6144 0.8614 1.4362
v 0.5797 1.1592 1.4307
v 0.5344 1.4421 1.4252
v 0.4180 1.7494 1.4201
v 0.2420 1.9510 1.4969
v 0.1084 1.9788 1.4827
v -0.1129 1.9573 1.4031
v -0.4120 1.7845 1.4034
v -0.6289 1.5954 1.3712
v -0.4738 1.3910 1.3816
v -0.1276 1.7914 1.5095
v 0.0278 1.7576 1.3798
v 0.0731 1.5470 1.3627
v 0.0434 1.1833 1.3390
v 0.5610 0.8584 1.5651
v 0.5264 1.1546 1.5596
v 0.4826 1.4289 1.5540
v 0.3719 1.7224 1.5489
v 0.2215 1.9029 1.6263
v 0.0715 1.9322 1.6090
v -0.1166 1.9065 1.5330
v -0.4063 1.7332 1.5330
v -0.5604 1.5599 1.4875
v -0.5098 1.4127 1.5146
v -0.0950 1.8023 1.6448
v 0.0979 1.7519 1.5003
v 0.1212 1.5372 1.4934
v 0.1003 1.1788 1.4663
v 0.6370 0.8632 1.4514
v 0.6022 1.1618 1.4458
v 0.5562 1.4483 1.4403
v 0.4372 1.7614 1.4352
v 0.2517 1.9717 1.5118
v 0.1033 2.0022 1.4957
v -0.1228 1.9786 1.4169
v -0.4305 1.7999 1.4160
v -0.6428 1.6093 1.3900
v -0.4597 1.3714 1.3942
v -0.1118 1.7694 1.5130
v 0.0078 1.7513 1.3972
v 0.0502 1.5420 1.3765
v 0.0212 1.1818 1.3547
v 0.5385 0.8565 1.5500
v 0.5039 1.1520 1.5444
v 0.4608 1.4227 1.5389
v 0.3527 1.7104 1.5338
v 0.2119 1.8823 1.6113
v 0.0767 1.9089 1.5960
v -0.1067 1.8852 1.5192
v -0.3877 1.7178 1.5204
v -0.5465 1.5460 1.4687
v -0.5239 1.4323 1.5021
v -0.1107 1.8242 1.6413
v 0.1178 1.7582 1.4828
v 0.1442 1.5421 1.4796
v 0.1225 1.1803 1.4506
v 0.1274 1.9780 1.5781
v 0.1007 1.9780 1.5834
v 0.0629 1.9780 1.6211
v 0.1919 1.9780 1.6745
v -0.3392 1.8673 1.4244
v -0.6790 1.8673 1.3232
v -0.9985 1.8510 1.1775
v -1.3241 1.8673 0.9173
v -1.4619 1.8673 0.6357
v -1.4932 1.8673 0.2744
v -1.3829 1.8673 -0.1413
v -1.1303 1.8510 -0.4686
v -0.6587 1.8673 -0.7053
v -0.1322 1.8673 -0.7909
v 0.3843 1.8510 -0.7558
v 0.8552 1.8673 -0.5845
v 1.2213 1.8673 -0.3049
v 1.4332 1.8673 0.0299
v 1.4886 1.8510 0.4353
v 1.3861 1.8673 0.8049
v 1.1631 1.8673 1.0798
v 0.8464 1.8510 1.2611
v 0.4745 1.8673 1.3905
v 0.0540 1.8673 1.4761
v 0.0541 1.8620 1.5028
v 0.4775 1.8620 1.4170
v 0.8562 1.8457 1.2859
v 1.1787 1.8620 1.1015
v 1.4092 1.8620 0.8183
v 1.5152 1.8457 0.4336
v 1.4578 1.8620 0.0195
v 1.2400 1.8620 -0.3240
v 0.8668 1.8620 -0.6086
v 0.3885 1.8457 -0.7822
v -0.1329 1.8620 -0.8176
v -0.6679 1.8620 -0.7304
v -1.1489 1.8457 -0.4877
v -1.4075 1.8620 -0.1516
v -1.5197 1.8620 0.2715
v -1.4883 1.8620 0.6397
v -1.3465 1.8620 0.9317
v -1.0124 1.8457 1.2003
v -0.6900 1.8620 1.3475
v -0.3484 1.8620 1.4495
v -0.3576 1.9962 1.4745
v -0.7010 1.9962 1.3718
v -1.0263 1.9799 1.2230
v -1.3690 1.9962 0.9462
v -1.5147 1.9962 0.6436
v -1.5463 1.9962 0.2687
v -1.4321 1.9962 -0.1619
v -1.1675 1.9799 -0.5068
v -0.6771 1.9962 -0.7554
v -0.1337 1.9962 -0.8443
v 0.3927 1.9799 -0.8086
v 0.8783 1.9962 -0.6326
v 1.2587 1.9962 -0.3430
v 1.4823 1.9962 0.0090
v 1.5419 1.9799 0.4320
v 1.4323 1.9962 0.8316
v 1.1943 1.9962 1.1231
v 0.8660 1.9799 1.3108
v 0.4804 1.9962 1.4436
v 0.0543 1.9962 1.5295
v 0.0541 2.0015 1.5028
v 0.4775 2.0015 1.4170
v 0.8562 1.9852 1.2859
v 1.1787 2.0015 1.1015
v 1.4092 2.0015 0.8183
v 1.5152 1.9852 0.4336
v 1.4578 2.0015 0.0195
v 1.2400 2.0015 -0.3240
v 0.8668 2.0015 -0.6086
v 0.3885 1.9852 -0.7822
v -0.1329 2.0015 -0.8176
v -0.6679 2.0015 -0.7304
v -1.1489 1.9852 -0.4877
v -1.4075 2.0015 -0.1516
v -1.5197 2.0015 0.2715
v -1.4883 2.0015 0.6397
v -1.3465 2.0015 0.9317
v -1.0124 1.9852 1.2003
v -0.6900 2.0015 1.3475
v -0.3484 2.0015 1.4495
v 0.0543 1.8673 1.5295
v 0.4804 1.8673 1.4436
v 0.8660 1.8510 1.3108
v 1.1943 1.8673 1.1231
v 1.4323 1.8673 0.8316
v 1.5419 1.8510 0.4320
v 1.4823 1.8673 0.0090
v 1.2587 1.8673 -0.3430
v 0.8783 1.8673 -0.6326
v 0.3927 1.8510 -0.8086
v -0.1337 1.8673 -0.8443
v -0.6771 1.8673 -0.7554
v -1.1675 1.8510 -0.5068
v -1.4321 1.8673 -0.1619
v -1.5463 1.8673 0.2687
v -1.5147 1.8673 0.6436
v -1.3690 1.8673 0.9462
v -1.0263 1.8510 1.2230
v -0.7010 1.8673 1.3718
v -0.3576 1.8673 1.4745
v 0.0540 1.9962 1.4761
v 0.4745 1.9962 1.3905
v 0.8464 1.9799 1.2611
v 1.1631 1.9962 1.0798
v 1.3861 1.9962 0.8049
v 1.4886 1.9799 0.4353
v 1.4332 1.9962 0.0299
v 1.2213 1.9962 -0.3049
v 0.8552 1.9962 -0.5845
v 0.3843 1.9799 -0.7558
v -0.1322 1.9962 -0.7909
v -0.6587 1.9962 -0.7053
v -1.1302 1.9799 -0.4686
v -1.3829 1.9962 -0.1413
v -1.4932 1.9962 0.2744
v -1.4619 1.9962 0.6357
v -1.3241 1.9962 0.9173
v -0.9985 1.9799 1.1775
v -0.6790 1.9962 1.3232
v -0.3392 1.9962 1.4244
v 0.0544 1.8824 1.5521
v 0.4830 1.8824 1.4661
v 0.8743 1.8661 1.3318
v 1.2075 1.8824 1.1415
v 1.4519 1.8824 0.8429
v 1.5644 1.8661 0.4307
v 1.5031 1.8824 0.0001
v 1.2745 1.8824 -0.3592
v 0.8881 1.8824 -0.6530
v 0.3962 1.8661 -0.8309
v -0.1344 1.8824 -0.8669
v -0.6849 1.8824 -0.7767
v -1.1833 1.8661 -0.5230
v -1.4530 1.8824 -0.1706
v -1.5688 1.8824 0.2663
v -1.5371 1.8824 0.6470
v -1.3880 1.8824 0.9585
v -1.0381 1.8661 1.2424
v -0.7103 1.8824 1.3924
v -0.3654 1.8824 1.4958
v 0.0539 1.9811 1.4535
v 0.4719 1.9811 1.3680
v 0.8382 1.9648 1.2400
v 1.1498 1.9811 1.0614
v 1.3665 1.9811 0.7936
v 1.4660 1.9648 0.4366
v 1.4124 1.9811 0.0388
v 1.2055 1.9811 -0.2887
v 0.8455 1.9811 -0.5641
v 0.3808 1.9648 -0.7335
v -0.1315 1.9811 -0.7683
v -0.6509 1.9811 -0.6841
v -1.1144 1.9648 -0.4524
v -1.3620 1.9811 -0.1326
v -1.4707 1.9811 0.2768
v -1.4395 1.9811 0.6324
v -1.3051 1.9811 0.9050
v -0.9867 1.9648 1.1582
v -0.6697 1.9811 1.3025
v -0.3314 1.9811 1.4032
v 0.0545 1.9050 1.5672
v 0.4847 1.9050 1.4811
v 0.8798 1.8888 1.3459
v 1.2163 1.9050 1.1538
v 1.4650 1.9050 0.8505
v 1.5795 1.8888 0.4298
v 1.5170 1.9050 -0.0058
v 1.2851 1.9050 -0.3700
v 0.8947 1.9050 -0.6667
v 0.3986 1.8888 -0.8459
v -0.1348 1.9050 -0.8821
v -0.6901 1.9050 -0.7908
v -1.1939 1.8888 -0.5339
v -1.4670 1.9050 -0.1765
v -1.5838 1.9050 0.2647
v -1.5521 1.9050 0.6492
v -1.4007 1.9050 0.9667
v -1.0460 1.8888 1.2553
v -0.7166 1.9050 1.4062
v -0.3706 1.9050 1.5100
v 0.0538 1.9584 1.4383
v 0.4703 1.9584 1.3530
v 0.8326 1.9422 1.2259
v 1.1410 1.9584 1.0492
v 1.3534 1.9584 0.7860
v 1.4509 1.9422 0.4375
v 1.3985 1.9584 0.0447
v 1.1949 1.9584 -0.2779
v 0.8389 1.9584 -0.5505
v 0.3785 1.9422 -0.7185
v -0.1311 1.9584 -0.7532
v -0.6456 1.9584 -0.6699
v -1.1039 1.9422 -0.4416
v -1.3480 1.9584 -0.1268
v -1.4557 1.9584 0.2784
v -1.4246 1.9584 0.6301
v -1.2924 1.9584 0.8968
v -0.9788 1.9422 1.1453
v -0.6634 1.9584 1.2888
v -0.3261 1.9584 1.3890
v 0.0545 1.9317 1.5726
v 0.4852 1.9317 1.4864
v 0.8817 1.9155 1.3509
v 1.2194 1.9317 1.1581
v 1.4696 1.9317 0.8532
v 1.5848 1.9155 0.4294
v 1.5219 1.9317 -0.0079
v 1.2888 1.9317 -0.3738
v 0.8970 1.9317 -0.6715
v 0.3994 1.9155 -0.8511
v -0.1349 1.9317 -0.8874
v -0.6920 1.9317 -0.7958
v -1.1976 1.9155 -0.5377
v -1.4719 1.9317 -0.1785
v -1.5891 1.9317 0.2641
v -1.5573 1.9317 0.6500
v -1.4051 1.9317 0.9696
v -1.0488 1.9155 1.2598
v -0.7187 1.9317 1.4111
v -0.3725 1.9317 1.5150
v -0.3243 1.9317 1.3840
v -0.6612 1.9317 1.2839
v -0.9760 1.9155 1.1407
v -1.2879 1.9317 0.8939
v -1.4193 1.9317 0.6293
v -1.4504 1.9317 0.2790
v -1.3431 1.9317 -0.1247
v -1.1002 1.9155 -0.4378
v -0.6438 1.9317 -0.6649
v -0.1310 1.9317 -0.7479
v 0.3776 1.9155 -0.7133
v 0.8366 1.9317 -0.5457
v 1.1912 1.9317 -0.2741
v 1.3936 1.9317 0.0468
v 1.4456 1.9155 0.4379
v 1.3488 1.9317 0.7833
v 1.1379 1.9317 1.0448
v 0.8307 1.9155 1.2210
v 0.4697 1.9317 1.3477
v 0.0538 1.9317 1.4330
v 0.0538 1.9050 1.4383
v 0.4703 1.9050 1.3530
v 0.8326 1.8888 1.2259
v 1.1410 1.9050 1.0492
v 1.3534 1.9050 0.7860
v 1.4509 1.8888 0.4375
v 1.3985 1.9050 0.0447
v 1.1949 1.9050 -0.2779
v 0.8389 1.9050 -0.5505
v 0.3785 1.8888 -0.7185
v -0.1311 1.9050 -0.7532
v -0.6456 1.9050 -0.6699
v -1.1039 1.8888 -0.4416
v -1.3480 1.9050 -0.1268
v -1.4557 1.9050 0.2784
v -1.4246 1.9050 0.6301
v -1.2924 1.9050 0.8968
v -0.9788 1.8888 1.1453
v -0.6634 1.9050 1.2888
v -0.3261 1.9050 1.3890
v 0.0545 1.9584 1.5672
v 0.4847 1.9584 1.4811
v 0.8798 1.9422 1.3459
v 1.2163 1.9584 1.1538
v 1.4650 1.9584 0.8505
v 1.5795 1.9422 0.4298
v 1.5170 1.9584 -0.0058
v 1.2851 1.9584 -0.3700
v 0.8947 1.9584 -0.6667
v 0.3986 1.9422 -0.8459
v -0.1348 1.9584 -0.8821
v -0.6901 1.9584 -0.7908
v -1.1939 1.9422 -0.5339
v -1.4670 1.9584 -0.1765
v -1.5838 1.9584 0.2647
v -1.5521 1.9584 0.6492
v -1.4007 1.9584 0.9667
v -1.0460 1.9422 1.2553
v -0.7166 1.9584 1.4062
v -0.3706 1.9584 1.5100
v 0.0539 1.8824 1.4535
v 0.4719 1.8824 1.3680
v 0.8382 1.8661 1.2400
v 1.1498 1.8824 1.0614
v 1.3665 1.8824 0.7936
v 1.4660 1.8661 0.4366
v 1.4124 1.8824 0.0388
v 1.2055 1.8824 -0.2887
v 0.8455 1.8824 -0.5641
v 0.3808 1.8661 -0.7335
v -0.1315 1.8824 -0.7683
v -0.6509 1.8824 -0.6841
v -1.1144 1.8661 -0.4524
v -1.3620 1.8824 -0.1326
v -1.4707 1.8824 0.2768
v -1.4395 1.8824 0.6324
v -1.3051 1.8824 0.9050
v -0.9867 1.8661 1.1582
v -0.6697 1.8824 1.3025
v -0.3314 1.8824 1.4032
v 0.0544 1.9811 1.5521
v 0.4830 1.9811 1.4661
v 0.8743 1.9648 1.3318
v 1.2075 1.9811 1.1415
v 1.4519 1.9811 0.8429
v 1.5644 1.9648 0.4307
v 1.5031 1.9811 0.0001
v 1.2745 1.9811 -0.3592
v 0.8881 1.9811 -0.6530
v 0.3962 1.9648 -0.8309
v -0.1344 1.9811 -0.8669
v -0.6849 1.9811 -0.7767
v -1.1833 1.9648 -0.5230
v -1.4530 1.9811 -0.1706
v -1.5688 1.9811 0.2663
v -1.5371 1.9811 0.6470
v -1.3880 1.9811 0.9585
v -1.0381 1.9648 1.2424
v -0.7103 1.9811 1.3924
v -0.3654 1.9811 1.4958
v -0.6494 1.6184 1.4148
v -0.6476 1.6213 1.4418
v -0.5399 1.5369 1.4439
v -0.5417 1.5340 1.4169
v -0.6378 1.6176 1.4669
v -0.5515 1.5377 1.3918
v -0.6214 1.6077 1.4863
v -0.5679 1.5475 1.3724
v -0.6009 1.5933 1.4970
v -0.5884 1.5619 1.3617
v -0.5795 1.5765 1.4974
v -0.6098 1.5787 1.3613
v -0.6289 1.5954 1.3712
v -0.5604 1.5599 1.4875
v -0.6428 1.6093 1.3900
v -0.5465 1.5460 1.4687
v -0.6494 1.6184 1.4148
v -0.6476 1.6213 1.4418
v -0.5399 1.5369 1.4439
v -0.5417 1.5340 1.4169
v -0.6378 1.6176 1.4669
v -0.5515 1.5377 1.3918
v -0.6214 1.6077 1.4863
v -0.5679 1.5475 1.3724
v -0.6009 1.5933 1.4970
v -0.5884 1.5619 1.3617
v -0.5795 1.5765 1.4974
v -0.6098 1.5787 1.3613
v -0.6289 1.5954 1.3712
v -0.5604 1.5599 1.4875
v -0.6428 1.6093 1.3900
v -0.5465 1.5460 1.4687
v -0.6494 1.6184 1.4148
v -0.6476 1.6213 1.4418
v -0.5399 1.5369 1.4439
v -0.5417 1.5340 1.4169
v -0.6378 1.6176 1.4669
v -0.5515 1.5377 1.3918
v -0.6214 1.6077 1.4863
v -0.5679 1.5475 1.3724
v -0.6009 1.5933 1.4970
v -0.5884 1.5619 1.3617
v -0.5795 1.5765 1.4974
v -0.6098 1.5787 1.3613
v -0.6289 1.5954 1.3712
v -0.5604 1.5599 1.4875
v -0.6428 1.6093 1.3900
v -0.5465 1.5460 1.4687
v -0.6494 1.6184 1.4148
v -0.6476 1.6213 1.4418
v -0.5399 1.5369 1.4439
v -0.5417 1.5340 1.4169
v -0.6378 1.6176 1.4669
v -0.5515 1.5377 1.3918
v -0.6214 1.6077 1.4863
v -0.5679 1.5475 1.3724
v -0.6009 1.5933 1.4970
v -0.5884 1.5619 1.3617
v -0.5795 1.5765 1.4974
v -0.6098 1.5787 1.3613
v -0.6289 1.5954 1.3712
v -0.5604 1.5599 1.4875
v -0.6428 1.6093 1.3900
v -0.5465 1.5460 1.4687
v -0.6494 1.6184 1.4148
v -0.6476 1.6213 1.4418
v -0.5399 1.5369 1.4439
v -0.5417 1.5340 1.4169
v -0.6378 1.6176 1.4669
v -0.5515 1.5377 1.3918
v -0.6214 1.6077 1.4863
v -0.5679 1.5475 1.3724
v -0.6009 1.5933 1.4970
v -0.5884 1.5619 1.3617
v -0.5795 1.5765 1.4974
v -0.6098 1.5787 1.3613
v -0.6289 1.5954 1.3712
v -0.5604 1.5599 1.4875
v -0.6428 1.6093 1.3900
v -0.5465 1.5460 1.4687
v -0.6494 1.6184 1.4148
v -0.6476 1.6213 1.4418
v -0.5399 1.5369 1.4439
v -0.5417 1.5340 1.4169
v -0.6378 1.6176 1.4669
v -0.5515 1.5377 1.3918
v -0.6214 1.6077 1.4863
v -0.5679 1.5475 1.3724
v -0.6009 1.5933 1.4970
v -0.5884 1.5619 1.3617
v -0.5795 1.5765 1.4974
v -0.6098 1.5787 1.3613
v -0.6289 1.5954 1.3712
v -0.5604 1.5599 1.4875
v -0.6428 1.6093 1.3900
v -0.5465 1.5460 1.4687
v -0.6494 1.6184 1.4148
v -0.6476 1.6213 1.4418
v -0.5399 1.5369 1.4439
v -0.5417 1.5340 1.4169
v -0.6378 1.6176 1.4669
v -0.5515 1.5377 1.3918
v -0.6214 1.6077 1.4863
v -0.5679 1.5475 1.3724
v -0.6009 1.5933 1.4970
v -0.5884 1.5619 1.3617
v -0.5795 1.5765 1.4974
v -0.6098 1.5787 1.3613
v -0.6289 1.5954 1.3712
v -0.5604 1.5599 1.4875
v -0.6428 1.6093 1.3900
v -0.5465 1.5460 1.4687
v -0.6494 1.6184 1.4148
v -0.6476 1.6213 1.4418
v -0.5399 1.5369 1.4439
v -0.5417 1.5340 1.4169
v -0.6378 1.6176 1.4669
v -0.5515 1.5377 1.3918
v -0.6214 1.6077 1.4863
v -0.5679 1.5475 1.3724
v -0.6009 1.5933 1.4970
v -0.5884 1.5619 1.3617
v -0.5795 1.5765 1.4974
v -0.6098 1.5787 1.3613
v -0.6289 1.5954 1.3712
v -0.5604 1.5599 1.4875
v -0.6428 1.6093 1.3900
v -0.5465 1.5460 1.4687
v -0.6494 1.6184 1.4148
v -0.6476 1.6213 1.4418
v -0.5399 1.5369 1.4439
v -0.5417 1.5340 1.4169
v -0.6378 1.6176 1.4669
v -0.5515 1.5377 1.3918
v -0.6214 1.6077 1.4863
v -0.5679 1.5475 1.3724
v -0.6009 1.5933 1.4970
v -0.5884 1.5619 1.3617
v -0.5795 1.5765 1.4974
v -0.6098 1.5787 1.3613
v -0.6289 1.5954 1.3712
v -0.5604 1.5599 1.4875
v -0.6428 1.6093 1.3900
v -0.5465 1.5460 1.4687
v -0.6494 1.6184 1.4148
v -0.6476 1.6213 1.4418
v -0.5399 1.5369 1.4439
v -0.5417 1.5340 1.4169
v -0.6378 1.6176 1.4669
v -0.5515 1.5377 1.3918
v -0.6214 1.6077 1.4863
v -0.5679 1.5475 1.3724
v -0.6009 1.5933 1.4970
v -0.5884 1.5619 1.3617
v -0.5795 1.5765 1.4974
v -0.6098 1.5787 1.3613
v -0.6289 1.5954 1.3712
v -0.5604 1.5599 1.4875
v -0.6428 1.6093 1.3900
v -0.5465 1.5460 1.4687
v -0.6494 1.6184 1.4148
v -0.6476 1.6213 1.4418
v -0.5399 1.5369 1.4439
v -0.5417 1.5340 1.4169
v -0.6378 1.6176 1.4669
v -0.5515 1.5377 1.3918
v -0.6214 1.6077 1.4863
v -0.5679 1.5475 1.3724
v -0.6009 1.5933 1.4970
v -0.5884 1.5619 1.3617
v -0.5795 1.5765 1.4974
v -0.6098 1.5787 1.3613
v -0.6289 1.5954 1.3712
v -0.5604 1.5599 1.4875
v -0.6428 1.6093 1.3900
v -0.5465 1.5460 1.4687
v -0.6494 1.6184 1.4148
v -0.6476 1.6213 1.4418
v -0.5399 1.5369 1.4439
v -0.5417 1.5340 1.4169
v -0.6378 1.6176 1.4669
v -0.5515 1.5377 1.3918
v -0.6214 1.6077 1.4863
v -0.5679 1.5475 1.3724
v -0.6009 1.5933 1.4970
v -0.5884 1.5619 1.3617
v -0.5795 1.5765 1.4974
v -0.6098 1.5787 1.3613
v -0.6289 1.5954 1.3712
v -0.5604 1.5599 1.4875
v -0.6428 1.6093 1.3900
v -0.5465 1.5460 1.4687
v -0.5628 1.3045 1.3978
v -0.7173 1.4077 1.3929
v -0.7160 1.5144 1.4007
v -0.7171 1.5189 1.4273
v -0.7233 1.4068 1.4190
v -0.5663 1.2967 1.4234
v -0.5781 1.4259 1.4611
v -0.5998 1.4507 1.4493
v -0.5924 1.4690 1.4412
v -0.5912 1.4645 1.4147
v -0.5938 1.4515 1.4232
v -0.5746 1.4336 1.4356
v -0.7086 1.5193 1.4528
v -0.7195 1.4094 1.4455
v -0.5704 1.2994 1.4499
v -0.5997 1.4641 1.3891
v -0.5976 1.4489 1.3968
v -0.5705 1.4310 1.4091
v -0.6919 1.5154 1.4735
v -0.7064 1.4150 1.4682
v -0.5746 1.3121 1.4732
v -0.6165 1.4680 1.3684
v -0.6107 1.4433 1.3740
v -0.5664 1.4183 1.3857
v -0.6694 1.5080 1.4863
v -0.6861 1.4227 1.4838
v -0.5781 1.3329 1.4900
v -0.6390 1.4754 1.3557
v -0.6311 1.4356 1.3585
v -0.5629 1.3975 1.3690
v -0.6446 1.4981 1.4890
v -0.6615 1.4314 1.4898
v -0.5804 1.3586 1.4975
v -0.5605 1.3718 1.3615
v -0.6556 1.4269 1.3524
v -0.6638 1.4853 1.3529
v -0.6871 1.4962 1.3605
v -0.6806 1.4185 1.3569
v -0.5597 1.3451 1.3643
v -0.6212 1.4872 1.4814
v -0.6365 1.4398 1.4854
v -0.5812 1.3853 1.4946
v -0.7055 1.5065 1.3773
v -0.7023 1.4118 1.3711
v -0.5605 1.3214 1.3771
v -0.6029 1.4769 1.4647
v -0.6148 1.4466 1.4711
v -0.5804 1.4089 1.4819
v -0.0290 1.7983 1.4770
v -0.0217 1.7882 1.5009
v 0.0119 1.8963 1.5468
v 0.0046 1.9064 1.5229
v -0.0124 1.7871 1.5265
v -0.0047 1.9075 1.4973
v -0.0025 1.7952 1.5498
v -0.0146 1.8994 1.4740
v 0.0065 1.8112 1.5674
v -0.0236 1.8834 1.4564
v 0.0131 1.8327 1.5765
v -0.0302 1.8619 1.4473
v -0.0336 1.8382 1.4480
v 0.0165 1.8564 1.5758
v -0.0332 1.8159 1.4584
v 0.0161 1.8787 1.5654
v -0.0709 1.7909 1.4938
v -0.0605 1.8856 1.5773
v -0.0908 1.8540 1.4725
v -0.0610 1.7804 1.5165
v -0.0705 1.8960 1.5546
v -0.0518 1.7788 1.5420
v -0.0797 1.8976 1.5290
v -0.0447 1.7862 1.5666
v -0.0868 1.8902 1.5045
v -0.0408 1.8016 1.5864
v -0.0907 1.8749 1.4846
v -0.0407 1.8225 1.5985
v -0.0871 1.8307 1.4700
v -0.0444 1.8458 1.6010
v -0.0801 1.8085 1.4775
v -0.0514 1.8679 1.5936
v -0.6508 1.3399 1.3894
v -0.6556 1.3357 1.4152
v -0.5984 1.4213 1.4491
v -0.5936 1.4256 1.4233
v -0.6557 1.3383 1.4417
v -0.5935 1.4229 1.3968
v -0.6510 1.3474 1.4647
v -0.5982 1.4139 1.3738
v -0.6424 1.3615 1.4808
v -0.6069 1.3997 1.3577
v -0.6310 1.3785 1.4876
v -0.6182 1.3827 1.3509
v -0.6306 1.3653 1.3546
v -0.6186 1.3959 1.4839
v -0.6420 1.3503 1.3681
v -0.6072 1.4109 1.4704
v 0.0590 2.0092 1.6017
v 0.0888 2.0153 1.5131
v 0.0571 2.0190 1.4568
v 0.0046 2.0138 1.4173
v -0.0662 1.9792 1.4892
v -0.0883 1.9184 1.5469
v -0.1101 1.8253 1.5095
v -0.1136 1.7642 1.4568
v -0.0394 1.8115 1.4957
v 0.0156 1.8310 1.5886
v 0.0685 1.9297 1.6362
v 0.0586 1.9777 1.6495
v 0.0658 1.9246 1.6628
v 0.0183 1.8217 1.6140
v -0.0416 1.8006 1.5205
v -0.1092 1.7672 1.4835
v -0.1051 1.8202 1.5357
v -0.0838 1.9155 1.5736
v -0.0444 1.9747 1.5049
v -0.0002 2.0085 1.4435
v 0.0382 2.0141 1.4759
v 0.0700 2.0104 1.5322
v 0.0550 2.0084 1.6286
v 0.1580 2.0965 1.6470
v 0.0613 2.1444 1.5585
v 0.0347 2.1475 1.5062
v -0.0051 2.1426 1.4701
v -0.0729 2.0877 1.5766
v -0.1975 1.9870 1.6003
v -0.2369 1.8422 1.5652
v -0.2204 1.6921 1.5102
v -0.0258 1.6757 1.4669
v 0.1399 1.7681 1.5814
v 0.1931 1.8743 1.6658
v 0.1981 1.9777 1.6495
v 0.1957 1.8794 1.6392
v 0.1372 1.7774 1.5559
v -0.0236 1.6866 1.4421
v -0.2248 1.6891 1.4835
v -0.2419 1.8474 1.5389
v -0.2019 1.9898 1.5736
v -0.0947 2.0922 1.5609
v -0.0003 2.1480 1.4439
v 0.0536 2.1524 1.4872
v 0.0801 2.1494 1.5394
v 0.1621 2.0974 1.6201
v 0.0639 1.9777 1.6762
v 0.0731 1.9161 1.6876
v 0.0300 1.8090 1.6350
v -0.0424 1.7810 1.5394
v -0.1136 1.7642 1.5102
v -0.1105 1.8171 1.5622
v -0.0883 1.9184 1.6003
v -0.0265 1.9792 1.5248
v -0.0051 2.0137 1.4698
v 0.0205 2.0198 1.4957
v 0.0520 2.0160 1.5518
v 0.0590 2.0143 1.6549
v 0.1928 1.9777 1.6228
v 0.1885 1.8879 1.6144
v 0.1254 1.7902 1.5349
v -0.0228 1.7062 1.4232
v -0.2204 1.6921 1.4568
v -0.2365 1.8504 1.5124
v -0.1975 1.9870 1.5469
v -0.1127 2.0877 1.5409
v 0.0045 2.1427 1.4176
v 0.0713 2.1467 1.4674
v 0.0981 2.1437 1.5198
v 0.1580 2.0915 1.5939
v 0.0790 1.9777 1.6988
v 0.0891 1.9054 1.7069
v 0.0490 1.7948 1.6484
v -0.0417 1.7557 1.5494
v -0.1261 1.7558 1.5328
v -0.1255 1.8165 1.5849
v -0.1011 1.9264 1.6230
v -0.0151 1.9919 1.5460
v -0.0092 2.0288 1.4921
v 0.0067 2.0352 1.5135
v 0.0375 2.0313 1.5690
v 0.0707 2.0261 1.6765
v 0.1777 1.9777 1.6002
v 0.1724 1.8986 1.5952
v 0.1064 1.8043 1.5215
v -0.0235 1.7315 1.4132
v -0.2079 1.7006 1.4341
v -0.2215 1.8510 1.4897
v -0.1847 1.9789 1.5243
v -0.1241 2.0750 1.5197
v 0.0086 2.1277 1.3953
v 0.0851 2.1313 1.4496
v 0.1126 2.1284 1.5026
v 0.1464 2.0797 1.5723
v 0.1016 1.9777 1.7140
v 0.1115 1.8942 1.7176
v 0.0724 1.7814 1.6521
v -0.0397 1.7285 1.5491
v -0.1449 1.7431 1.5479
v -0.1478 1.8186 1.6004
v -0.1203 1.9385 1.6381
v -0.0120 2.0110 1.5652
v -0.0119 2.0514 1.5070
v -0.0012 2.0579 1.5263
v 0.0287 2.0541 1.5812
v 0.0880 2.0420 1.6901
v 0.1550 1.9777 1.5850
v 0.1501 1.9098 1.5844
v 0.0830 1.8177 1.5178
v -0.0256 1.7587 1.4136
v -0.1891 1.7132 1.4190
v -0.1992 1.8489 1.4743
v -0.1655 1.9669 1.5092
v -0.1272 2.0559 1.5005
v 0.0114 2.1051 1.3804
v 0.0930 2.1087 1.4368
v 0.1214 2.1057 1.4905
v 0.1290 2.0638 1.5586
v 0.1283 1.9777 1.7193
v 0.1368 1.8842 1.7182
v 0.0966 1.7708 1.6456
v -0.0365 1.7037 1.5384
v -0.1670 1.7282 1.5532
v -0.1740 1.8230 1.6062
v -0.1429 1.9527 1.6434
v -0.0177 2.0335 1.5795
v -0.0129 2.0781 1.5123
v -0.0019 2.0844 1.5324
v 0.0270 2.0807 1.5864
v 0.1085 2.0595 1.6938
v 0.1085 2.0463 1.5549
v 0.1231 2.0790 1.4852
v 0.0937 2.0821 1.4307
v 0.0124 2.0784 1.3751
v -0.1215 2.0335 1.4863
v -0.1429 1.9527 1.5039
v -0.1730 1.8446 1.4684
v -0.1670 1.7282 1.4137
v -0.0287 1.7835 1.4242
v 0.0588 1.8284 1.5243
v 0.1248 1.9198 1.5838
v 0.1004 1.9271 1.5935
v 0.0375 1.8346 1.5400
v -0.0325 1.8023 1.4436
v -0.1449 1.7431 1.4190
v -0.1468 1.8385 1.4730
v -0.1203 1.9385 1.5092
v -0.1079 2.0110 1.4791
v 0.0114 2.0517 1.3802
v 0.0871 2.0558 1.4324
v 0.1175 2.0525 1.4877
v 0.0880 2.0298 1.5618
v 0.1550 1.9777 1.7140
v 0.1612 1.8769 1.7086
v 0.1179 1.7645 1.6299
v -0.0328 1.6849 1.5190
v -0.1891 1.7132 1.5479
v -0.2002 1.8290 1.6016
v -0.1655 1.9669 1.6381
v -0.0312 2.0559 1.5867
v -0.0119 2.1048 1.5072
v 0.0047 2.1107 1.5307
v 0.0326 2.1073 1.5839
v 0.1290 2.0760 1.6869
v 0.0790 1.9777 1.6002
v 0.0806 1.9306 1.6118
v 0.0223 1.8356 1.5626
v -0.0362 1.8121 1.4687
v -0.1261 1.7558 1.4341
v -0.1248 1.8318 1.4874
v -0.1011 1.9264 1.5243
v -0.0885 1.9919 1.4801
v 0.0087 2.0290 1.3951
v 0.0742 2.0336 1.4416
v 0.1054 2.0301 1.4975
v 0.0707 2.0167 1.5782
v 0.1777 1.9777 1.6988
v 0.1809 1.8734 1.6902
v 0.1331 1.7636 1.6073
v -0.0290 1.6751 1.4939
v -0.2079 1.7006 1.5328
v -0.2222 1.8357 1.5872
v -0.1847 1.9789 1.6230
v -0.0506 2.0750 1.5856
v -0.0092 2.1274 1.4923
v 0.0175 2.1329 1.5215
v 0.0446 2.1296 1.5741
v 0.1464 2.0890 1.6705
v -0.0821 1.9530 1.5270
v -0.0690 1.9494 1.5482
v -0.1400 2.0416 1.5974
v -0.1532 2.0453 1.5762
v -0.0622 1.9530 1.5715
v -0.1599 2.0416 1.5529
v -0.0629 1.9634 1.5934
v -0.1592 2.0312 1.5309
v -0.0710 1.9790 1.6106
v -0.1512 2.0157 1.5138
v -0.0851 1.9973 1.6204
v -0.1370 1.9973 1.5040
v -0.1189 1.9790 1.5031
v -0.1032 2.0157 1.6213
v -0.0997 1.9634 1.5111
v -0.1225 2.0312 1.6132
v -0.0532 1.9909 1.4409
v -0.0422 1.9868 1.4608
v -0.0531 2.1123 1.5068
v -0.0642 2.1164 1.4869
v -0.0327 1.9926 1.4827
v -0.0736 2.1106 1.4650
v -0.0264 2.0074 1.5033
v -0.0799 2.0959 1.4445
v -0.0242 2.0288 1.5193
v -0.0821 2.0744 1.4284
v -0.0264 2.0538 1.5285
v -0.0800 2.0494 1.4193
v -0.0737 2.0248 1.4184
v -0.0326 2.0784 1.5293
v -0.0643 2.0043 1.4260
v -0.0420 2.0989 1.5217
v 0.0337 0.7867 1.4304
v 0.0337 0.7867 1.4304
v 0.0337 0.7867 1.4304
v 0.0337 0.7867 1.4304
v 0.0337 0.7867 1.4304
v 0.0337 0.7867 1.4304
v 0.0337 0.7867 1.4304
v 0.0337 0.7867 1.4304
v 0.0337 0.7867 1.4304
v 0.0337 0.7867 1.4304
v 0.0337 0.7867 1.4304
v 0.0337 0.7867 1.4304
v 0.0337 0.7867 1.4304
v 0.0337 0.7867 1.4304
v 0.0337 0.7867 1.4304
v 0.0337 0.7867 1.4304
v 0.5839 0.8741 1.5015
v 0.5839 0.8741 1.5015
v 0.5839 0.8741 1.5015
v 0.5839 0.8741 1.5015
v 0.5839 0.8741 1.5015
v 0.5839 0.8741 1.5015
v 0.5839 0.8741 1.5015
v 0.5839 0.8741 1.5015
v 0.5839 0.8741 1.5015
v 0.5839 0.8741 1.5015
v 0.5839 0.8741 1.5015
v 0.5839 0.8741 1.5015
v 0.5839 0.8741 1.5015
v 0.5839 0.8741 1.5015
v 0.5839 0.8741 1.5015
v 0.5839 0.8741 1.5015
v -1.7076 -0.5399 1.0488
v 1.7706 -0.6935 1.0191
v 1.3456 1.4692 0.9483
v 1.3296 3.3807 1.3325
v -1.4935 5.7154 0.8905
v -2.5089 -7.3060 1.0665
v 2.1853 -7.5126 0.8468
v -1.3104 1.6230 0.9628
v -1.4805 3.4680 1.4446
v 1.6195 5.6279 0.8739
v -2.7691 -7.3596 0.4161
v 2.4871 -7.3988 0.1100
v -1.9634 -0.6121 -0.2561
v 1.8829 -0.7412 -0.3729
v -1.3454 1.5077 -0.3339
v 1.3379 1.3714 -0.4153
v -1.4035 3.3731 -0.7023
v 1.2985 3.2467 -0.6548
v -1.4035 5.5082 -0.8106
v 1.4976 5.3797 -0.7959
v 0.2101 -7.3253 1.7714
v 1.2269 -7.5274 1.0052
v -1.2780 -0.4853 1.6532
v -0.5217 -0.5430 1.2094
v 0.3550 -0.5660 1.6915
v 1.1462 -0.6658 1.2777
v -0.9877 1.6236 1.2112
v -0.4151 1.5693 1.4110
v 0.3573 1.5612 1.4247
v 0.9896 1.5028 1.1937
v -0.9016 3.4730 1.5337
v -0.2629 3.5052 1.4599
v 0.2754 3.4962 1.4743
v 0.8638 3.4406 1.4318
v -1.0155 5.5250 1.2614
v -0.2957 5.5358 1.0555
v 0.3186 5.5284 1.0702
v 1.0700 5.4681 1.1705
v -2.0534 -7.2224 1.9152
v -0.9746 -7.2021 1.1882
v -2.7704 -7.3473 0.5662
v -2.8043 -7.3393 0.7580
v -2.6748 -7.3222 0.9281
v -1.5637 5.6160 0.6605
v -1.5088 5.6239 0.1408
v -1.5550 5.5890 -0.4384
v -1.4793 3.4960 0.9522
v -1.6447 3.4727 0.3023
v -1.4803 3.4483 -0.2839
v -1.4536 1.6025 0.7337
v -1.5636 1.5724 0.3610
v -1.4675 1.5490 -0.0326
v -1.9146 -0.5537 0.8674
v -2.0774 -0.5779 0.4695
v -1.9758 -0.6039 0.0462
v -2.2444 -7.5214 -0.4311
v -0.9817 -7.6149 -0.7620
v 0.3572 -7.3882 -0.7391
v 1.6584 -7.4256 -0.4693
v -1.4280 -0.6618 -0.7721
v -0.5575 -0.7287 -1.0549
v 0.4216 -0.7222 -1.1556
v 1.3346 -0.7427 -0.8593
v -0.9921 1.4656 -0.7660
v -0.3733 1.3866 -0.9550
v 0.3964 1.3616 -0.9694
v 1.0496 1.3603 -0.7770
v -0.9481 3.2991 -0.8782
v -0.3225 3.2509 -0.8320
v 0.3462 3.2253 -0.8423
v 0.9575 3.2297 -0.7757
v -0.8754 5.4860 -0.9319
v -0.2520 5.4338 -0.7947
v 0.3722 5.4133 -0.8198
v 1.0097 5.4145 -0.9249
v 1.7201 5.4117 -0.4354
v 1.6084 5.3367 0.1203
v 1.5945 5.4752 0.6076
v 2.3083 -7.5148 0.6612
v 2.4847 -7.5630 0.5163
v 2.4658 -7.4310 0.2981
v 1.5013 3.2849 -0.2865
v 1.7973 3.2810 0.2075
v 1.5587 3.3427 0.8399
v 1.4790 1.3987 -0.1056
v 1.5822 1.4166 0.2934
v 1.5234 1.4583 0.6752
v 1.9385 -0.7342 -0.0533
v 2.0492 -0.7443 0.3725
v 1.9434 -0.7043 0.7885
v -0.9607 -0.5314 1.2164
v -0.7077 1.5661 1.3495
v -0.5471 3.4902 1.5785
v -0.6454 5.5121 1.1848
v -1.5597 -7.2559 1.4327
v -0.3611 -7.2224 1.3594
v -0.0549 -0.5605 1.3067
v -0.0395 1.5561 1.3624
v 0.0153 3.5121 1.6233
v 0.0352 5.5391 1.1547
v 0.6921 -0.6291 1.2514
v 0.6552 1.5132 1.3295
v 0.5573 3.4729 1.5298
v 0.6881 5.4834 1.1686
v 0.6478 -7.4581 1.2303
v -1.5464 -0.5215 1.2448
v -1.1668 1.6482 1.1401
v -1.1937 3.4692 1.6409
v -1.3994 5.5434 1.2168
v -2.3417 -7.2769 1.3471
v 1.5213 -0.6944 1.4023
v 1.1455 1.4993 1.1220
v 1.1423 3.3956 1.5521
v 1.4411 5.4641 1.2291
v 1.8440 -7.5891 1.1866
v -2.6383 -7.4155 0.0252
v -1.7683 -0.6163 -0.5029
v -1.2074 1.4910 -0.5372
v -1.2670 3.3218 -0.8800
v -1.1883 5.4804 -0.9456
v -1.6632 -7.6490 -0.7634
v -1.0504 -0.6927 -1.0737
v -0.7325 1.4323 -0.8799
v -0.6238 3.2772 -0.9319
v -0.5538 5.4500 -0.8902
v -0.3237 -7.4856 -0.7379
v -0.0760 -0.7164 -1.0896
v 0.0019 1.3685 -0.9436
v 0.0078 3.2384 -0.8903
v 0.0585 5.4128 -0.8188
v 1.0165 -7.3858 -0.5737
v 0.8913 -0.7194 -0.9722
v 0.7482 1.3607 -0.8951
v 0.6612 3.2277 -0.8940
v 0.6815 5.4061 -0.9114
v 2.2622 -7.4021 -0.2957
v 1.7330 -0.7259 -0.7931
v 1.1618 1.3708 -0.6508
v 1.1944 3.2209 -0.8042
v 1.3057 5.3790 -0.9277
v 1.2290 1.6188 1.0506
v 1.2247 3.0674 1.4874
v 1.2970 2.1994 1.0559
v -1.3185 2.2833 1.1988
v 1.2095 1.4951 -0.5471
v 1.1777 2.9261 -0.7249
v 1.1080 2.0838 -0.4020
v -1.1550 2.2127 -0.4016
v -1.3564 3.1040 -0.4445
v -1.3610 1.6562 -0.2114
v -1.0396 1.7604 1.1675
v -0.5507 1.6887 1.4049
v 0.1719 1.6900 1.4031
v 0.8214 1.6285 1.2865
v -1.0346 3.1537 1.5759
v -0.3821 3.1792 1.5320
v 0.1166 3.1810 1.5109
v 0.6695 3.1386 1.4157
v -0.9630 2.2420 1.4174
v -0.3553 2.2743 1.3951
v 0.3287 2.2620 1.4149
v 0.9443 2.2180 1.2580
v -1.4215 3.1683 1.2409
v -1.6079 3.1593 0.6771
v -1.6207 3.1310 -0.0074
v -1.3480 1.7386 0.8772
v -1.4721 1.7138 0.5492
v -1.5041 1.6960 0.1435
v -1.3643 2.2721 0.8646
v -1.5268 2.2546 0.3458
v -1.4013 2.2364 -0.1756
v -1.0561 1.5985 -0.6567
v -0.5336 1.5312 -0.8811
v 0.1994 1.4827 -0.9128
v 0.8890 1.4802 -0.8005
v -1.0949 2.9935 -0.8451
v -0.4768 2.9448 -0.8794
v 0.1694 2.9143 -0.8631
v 0.7880 2.9178 -0.8056
v -0.8344 2.0959 -0.6444
v -0.3104 2.0306 -0.7573
v 0.3583 2.0022 -0.7523
v 0.8889 2.0190 -0.5950
v 1.2939 2.9666 -0.4145
v 1.7282 2.9307 -0.0985
v 1.5482 3.0135 0.5259
v 1.3892 1.5152 -0.2898
v 1.5104 1.5387 0.0829
v 1.5226 1.5626 0.4792
v 1.3972 2.1230 0.7768
v 1.5098 2.0899 0.2976
v 1.3530 2.0732 -0.2104
v -0.8203 1.7176 1.2640
v -0.7086 3.1614 1.5462
v -0.5935 2.2536 1.4736
v -0.2191 1.6898 1.4260
v -0.1249 3.1881 1.5257
v -0.0142 2.2784 1.4857
v 0.5019 1.6682 1.3663
v 0.4076 3.1684 1.4383
v 0.6045 2.2448 1.3408
v -1.1537 2.2442 1.3948
v 1.0549 1.6268 1.1563
v 0.9676 3.1072 1.4185
v 1.1317 2.2171 1.2263
v -1.2356 1.6230 -0.4483
v -1.3177 3.0348 -0.7723
v -1.1238 2.1663 -0.5663
v -0.8420 1.5737 -0.8200
v -0.7820 2.9738 -0.8849
v -0.6298 2.0940 -0.7319
v -0.1915 1.4983 -0.9122
v -0.1678 2.9283 -0.8417
v -0.0068 2.0301 -0.7945
v 0.5511 1.4784 -0.9095
v 0.4976 2.9086 -0.8609
v 0.5989 2.0357 -0.7140
v 1.0827 1.4912 -0.7149
v 1.0424 2.9140 -0.7416
v 0.9380 2.0421 -0.5621
v 1.3270 3.0567 1.0807
v 1.4377 1.5809 0.8296
v -1.2048 1.7663 1.0512
v -1.3057 3.1506 1.5792
v 0.9215 2.0204 -0.5763
v 0.4857 2.0140 -0.7609
v -0.1464 2.0328 -0.7224
v -0.7522 2.0950 -0.6670
v -1.1717 2.1875 -0.4807
v 1.0424 2.2147 1.2419
v -1.2461 2.2670 1.3082
v 0.4653 2.2546 1.3703
v -0.1966 2.2757 1.4760
v -0.7815 2.2458 1.4569
v 1.4509 2.0789 0.0442
v 1.4478 2.1085 0.5046
v 1.2845 2.1488 0.9587
v 0.7505 2.0280 -0.6427
v 0.1677 2.0132 -0.7763
v -0.4665 2.0547 -0.7795
v -0.9788 2.1268 -0.6258
v -1.4558 2.2445 0.0805
v -1.4923 2.2578 0.6191
v -1.2687 2.2842 1.0568
v 0.7817 2.2252 1.3311
v 0.1598 2.2666 1.4630
v -0.4758 2.2667 1.4200
v -1.0653 2.2390 1.4082
v -1.2668 2.2238 -0.2678
v 1.0059 2.0673 -0.4830
v 1.2557 2.0709 -0.2941
v 1.2448 2.2086 1.1493
v 1.5858 -0.6940 1.3315
v 1.6431 -0.6913 1.2250
v 1.7051 -0.6931 1.1130
v 1.2497 1.5682 1.0365
v 1.2821 1.5128 1.0113
v 1.3147 1.4813 0.9803
v 1.6107 0.2611 0.9867
v 1.4816 0.8806 0.9584
v 1.3977 1.2472 0.9430
v 1.2610 3.1764 1.4909
v 1.3048 3.2977 1.4656
v 1.3264 3.3632 1.4055
v 1.3162 2.3958 1.1701
v 1.3467 2.6464 1.2806
v 1.3171 2.9732 1.3370
v -1.2066 5.8545 0.7661
v 1.9503 -7.5792 1.1410
v 2.0445 -7.5587 1.0537
v 2.1261 -7.5336 0.9482
v 1.6291 5.4788 0.7065
v 1.6550 5.4951 0.7899
v 1.6447 5.5369 0.8436
v -2.6333 -7.3174 0.9669
v -2.5929 -7.3131 1.0020
v -2.5519 -7.3093 1.0346
v -1.2569 2.1555 1.0614
v -1.2401 1.9852 0.9662
v -1.2686 1.8019 0.9556
v 2.4705 -7.4106 0.2601
v 2.4818 -7.4012 0.2252
v 2.4906 -7.3986 0.1790
v 2.3518 -7.3991 -0.2055
v 2.4201 -7.3984 -0.0992
v 2.4645 -7.3987 0.0123
v 1.7830 -0.7251 -0.7101
v 1.8186 -0.7272 -0.5993
v 1.8530 -0.7355 -0.4814
v 2.4178 -5.4801 -0.0937
v 2.3101 -3.6596 -0.2358
v 2.0990 -2.0480 -0.3158
v -2.1786 -1.9391 -0.1616
v -2.3728 -3.5779 -0.0249
v -2.5650 -5.4202 0.1692
v 1.2355 1.4532 -0.5243
v 1.2739 1.4057 -0.4922
v 1.3093 1.3784 -0.4547
v 1.6812 0.1924 -0.3978
v 1.5152 0.7720 -0.3984
v 1.4037 1.1436 -0.4033
v -1.4154 1.2792 -0.3186
v -1.5396 0.9069 -0.3046
v -1.7368 0.3293 -0.2973
v 1.2106 3.0327 -0.7349
v 1.2510 3.1529 -0.7315
v 1.2806 3.2220 -0.7053
v 1.0957 2.2926 -0.4600
v 1.1258 2.5447 -0.5168
v 1.2020 2.8561 -0.5863
v -1.1856 2.0252 -0.3607
v -1.2408 1.8482 -0.3522
v -1.2973 1.6831 -0.3470
v 1.3515 5.3657 -0.9164
v 1.3972 5.3575 -0.8951
v 1.4467 5.3670 -0.8553
v 1.4134 3.7227 -0.7115
v 1.5363 4.2680 -0.7505
v 1.6359 4.8421 -0.7601
v -1.5917 4.9877 -0.8122
v -1.5495 4.4089 -0.8022
v -1.4784 3.8559 -0.7603
v 1.3554 5.7780 -0.7799
v -1.2476 5.8907 -0.7763
v -1.5188 5.5992 -0.5491
v -1.4956 5.5392 -0.6503
v -1.4533 5.5198 -0.7379
v -1.3697 3.2076 -0.4941
v -1.3911 3.3191 -0.5652
v -1.4039 3.3711 -0.6387
v -1.3620 1.6078 -0.2213
v -1.3621 1.5531 -0.2526
v -1.3579 1.5197 -0.2932
v -1.9665 -0.6051 -0.0417
v -1.9666 -0.6048 -0.1198
v -1.9704 -0.6092 -0.1906
v -0.2302 -7.2410 1.4916
v -0.0978 -7.2642 1.6323
v 0.0497 -7.2924 1.7403
v -1.5238 -0.5028 1.3747
v -1.4748 -0.4848 1.5144
v -1.3875 -0.4802 1.6229
v -0.8557 -0.5340 1.1623
v -0.7427 -0.5334 1.1560
v -0.6317 -0.5378 1.1796
v 0.0458 -0.5576 1.4138
v 0.1381 -0.5530 1.5434
v 0.2392 -0.5566 1.6531
v 0.8017 -0.6377 1.1991
v 0.9165 -0.6441 1.2004
v 1.0320 -0.6552 1.2318
v -1.0442 1.7163 1.1753
v -1.0417 1.6655 1.1910
v -1.0212 1.6354 1.2067
v -0.5393 1.6461 1.4104
v -0.5123 1.5993 1.4103
v -0.4689 1.5754 1.4098
v 0.2018 1.6446 1.4080
v 0.2466 1.5954 1.4225
v 0.3027 1.5698 1.4326
v 0.8530 1.5831 1.2704
v 0.8968 1.5343 1.2429
v 0.9450 1.5087 1.2153
v -1.0190 3.2659 1.5710
v -0.9928 3.3894 1.5598
v -0.9528 3.4557 1.5447
v -0.3646 3.2922 1.5260
v -0.3436 3.4179 1.5111
v -0.3120 3.4874 1.4830
v 0.1295 3.2924 1.4915
v 0.1659 3.4151 1.4744
v 0.2187 3.4805 1.4731
v 0.6977 3.2496 1.4118
v 0.7467 3.3706 1.4193
v 0.8064 3.4317 1.4238
v -1.3073 5.5302 1.2459
v -1.2118 5.5194 1.2621
v -1.1138 5.5226 1.2629
v -0.5686 5.5114 1.1392
v -0.4757 5.5103 1.1129
v -0.3832 5.5240 1.0866
v 0.0892 5.5270 1.0978
v 0.1342 5.5161 1.0313
v 0.2323 5.5225 1.0328
v 0.7754 5.4641 1.1540
v 0.8720 5.4531 1.1534
v 0.9723 5.4610 1.1596
v -2.3180 -7.2573 1.5033
v -2.2784 -7.2371 1.6771
v -2.1937 -7.2236 1.8321
v -1.4364 -7.2469 1.3145
v -1.2917 -7.2316 1.2392
v -1.1350 -7.2150 1.2009
v -1.0026 5.7797 1.0607
v -0.9126 5.8285 0.9020
v -0.8167 5.8851 0.8056
v -0.3025 5.8230 0.9331
v -0.2980 5.9984 0.8586
v -0.2864 6.1143 0.8079
v 0.3264 5.8174 0.9299
v 0.3263 5.9964 0.8429
v 0.3152 6.1160 0.7889
v 1.0759 5.7574 1.0346
v 1.0450 5.9253 0.9291
v 0.9693 6.0156 0.8293
v -0.9278 3.9635 1.5378
v -0.9708 4.5121 1.5024
v -1.0030 5.0720 1.4074
v -0.2511 3.9939 1.4998
v -0.2592 4.5377 1.4372
v -0.2763 5.0833 1.2448
v 0.2738 3.9850 1.5147
v 0.2833 4.5284 1.4595
v 0.3041 5.0748 1.2713
v 0.9054 3.9172 1.5455
v 0.9732 4.4576 1.5553
v 1.0270 5.0079 1.3807
v -0.9449 2.4579 1.4832
v -0.9190 2.7298 1.5066
v -0.9010 3.0632 1.5208
v -0.3320 2.4946 1.4057
v -0.3045 2.7650 1.4022
v -0.2808 3.0969 1.4240
v 0.3129 2.4839 1.4203
v 0.2968 2.7545 1.4345
v 0.2816 3.0872 1.4489
v 0.9103 2.4419 1.2721
v 0.8711 2.7115 1.2856
v 0.8537 3.0418 1.3304
v -1.1508 0.4518 1.5202
v -1.0720 1.0514 1.3591
v -1.0229 1.4069 1.2560
v -0.4772 0.3900 1.2835
v -0.4469 0.9924 1.3599
v -0.4266 1.3497 1.3998
v 0.3680 0.3783 1.6231
v 0.3628 0.9852 1.5217
v 0.3579 1.3435 1.4565
v 1.0933 0.2959 1.2500
v 1.0442 0.9177 1.2032
v 1.0101 1.2841 1.1858
v 0.2575 -5.3764 1.7643
v 0.2985 -3.5312 1.7546
v 0.3311 -1.8933 1.7334
v 1.2272 -5.5494 1.0809
v 1.2172 -3.6770 1.1641
v 1.1901 -2.0146 1.2392
v -2.7784 -7.3541 0.4611
v -2.7774 -7.3509 0.4949
v -2.7721 -7.3489 0.5279
v -2.7786 -7.3455 0.6129
v -2.7920 -7.3436 0.6639
v -2.8032 -7.3417 0.7133
v -2.7882 -7.3361 0.7996
v -2.7575 -7.3320 0.8423
v -2.7178 -7.3272 0.8859
v -1.5331 5.6130 0.5591
v -1.5199 5.6096 0.4340
v -1.5099 5.6178 0.2918
v -1.5346 5.6119 -0.0066
v -1.5265 5.5968 -0.1561
v -1.5351 5.5936 -0.3027
v -1.4240 3.2843 1.2024
v -1.4328 3.4124 1.1332
v -1.4484 3.4808 1.0463
v -1.6289 3.2706 0.6227
v -1.6500 3.3930 0.5332
v -1.6595 3.4572 0.4218
v -1.6452 3.2392 -0.0678
v -1.6188 3.3641 -0.1487
v -1.5349 3.4372 -0.2026
v -1.3685 1.6915 0.8530
v -1.3992 1.6420 0.8219
v -1.4301 1.6126 0.7841
v -1.4934 1.6675 0.5186
v -1.5280 1.6163 0.4761
v -1.5553 1.5837 0.4223
v -1.5025 1.6493 0.1183
v -1.4995 1.5962 0.0778
v -1.4889 1.5631 0.0242
v -1.9716 -0.5558 0.7840
v -2.0216 -0.5584 0.6860
v -2.0612 -0.5680 0.5799
v -2.0607 -0.5817 0.3586
v -2.0272 -0.5854 0.2500
v -1.9968 -0.5952 0.1446
v -2.0642 -1.8913 0.8793
v -2.2274 -3.5348 0.8761
v -2.4286 -5.3798 0.8861
v -2.2340 -1.9139 0.5154
v -2.3808 -3.5573 0.5608
v -2.5643 -5.4011 0.6366
v -2.1717 -1.9336 0.1154
v -2.3519 -3.5721 0.2141
v -2.5450 -5.4121 0.3633
v -1.4736 1.3763 0.7257
v -1.6217 1.0256 0.7832
v -1.7615 0.4033 0.8299
v -1.6316 1.3434 0.3727
v -1.7452 0.9671 0.3930
v -1.9084 0.3772 0.4245
v -1.4918 1.3147 -0.0019
v -1.5943 0.9319 0.0097
v -1.7653 0.3428 0.0144
v -1.3632 2.0849 0.8184
v -1.3635 1.9176 0.7719
v -1.4199 1.7679 0.7519
v -1.5033 2.0713 0.3477
v -1.5006 1.9061 0.3512
v -1.5249 1.7460 0.3546
v -1.3844 2.0454 -0.1324
v -1.3970 1.8768 -0.0904
v -1.4349 1.7196 -0.0602
v -1.7354 5.1180 0.7442
v -1.6545 4.5380 0.8456
v -1.5650 3.9837 0.9155
v -1.7225 5.1162 0.1762
v -1.7530 4.5267 0.2247
v -1.6935 3.9654 0.2669
v -1.7263 5.0677 -0.4182
v -1.6377 4.4862 -0.3917
v -1.5406 3.9358 -0.3320
v -1.3948 5.9609 0.6162
v -1.4856 6.0285 0.1356
v -1.4326 5.9832 -0.4344
v -2.5763 -7.4362 -0.1028
v -2.4896 -7.4605 -0.2258
v -2.3754 -7.4888 -0.3335
v -1.5032 -7.6568 -0.7868
v -1.3322 -7.6523 -0.7877
v -1.1558 -7.6377 -0.7767
v -0.1508 -7.4541 -0.7427
v 0.0245 -7.4266 -0.7483
v 0.1950 -7.4043 -0.7495
v 1.1776 -7.3972 -0.5390
v 1.3356 -7.4095 -0.5114
v 1.4945 -7.4199 -0.4885
v -1.6886 -0.6227 -0.5640
v -1.6016 -0.6321 -0.6277
v -1.5150 -0.6477 -0.6962
v -0.9365 -0.6997 -1.0870
v -0.8119 -0.7079 -1.0795
v -0.6839 -0.7204 -1.0659
v 0.0498 -0.7128 -1.1138
v 0.1773 -0.7119 -1.1386
v 0.3023 -0.7174 -1.1564
v 1.0038 -0.7220 -0.9297
v 1.1136 -0.7267 -0.8966
v 1.2236 -0.7366 -0.8730
v -1.0527 1.5542 -0.6745
v -1.0446 1.5051 -0.6996
v -1.0234 1.4755 -0.7312
v -0.5150 1.4863 -0.9007
v -0.4829 1.4344 -0.9232
v -0.4337 1.4007 -0.9415
v 0.2283 1.4398 -0.9313
v 0.2739 1.3932 -0.9519
v 0.3323 1.3675 -0.9648
v 0.9231 1.4370 -0.8059
v 0.9691 1.3905 -0.8067
v 1.0145 1.3653 -0.7960
v -1.0716 3.1023 -0.8583
v -1.0371 3.2228 -0.8689
v -0.9937 3.2859 -0.8740
v -0.4491 3.0544 -0.8701
v -0.4102 3.1753 -0.8549
v -0.3657 3.2379 -0.8403
v 0.2016 3.0247 -0.8588
v 0.2482 3.1461 -0.8508
v 0.2990 3.2101 -0.8440
v 0.8193 3.0284 -0.8041
v 0.8655 3.1504 -0.7969
v 0.9147 3.2148 -0.7850
v -1.1202 5.4756 -0.9506
v -1.0384 5.4708 -0.9476
v -0.9553 5.4799 -0.9399
v -0.4812 5.4377 -0.8670
v -0.4009 5.4251 -0.8368
v -0.3219 5.4289 -0.8097
v 0.1333 5.4045 -0.8192
v 0.2176 5.3976 -0.8154
v 0.2999 5.4057 -0.8133
v 0.7554 5.4006 -0.9221
v 0.8393 5.3980 -0.9261
v 0.9263 5.4088 -0.9254
v -0.7577 5.8515 -0.8589
v -0.2162 5.7949 -0.6857
v 0.3519 5.7794 -0.7223
v 0.8976 5.7976 -0.8794
v -1.0096 4.9510 -0.9339
v -0.9989 4.3562 -0.9326
v -0.9726 3.7932 -0.9126
v -0.3086 4.8983 -0.8182
v -0.3158 4.3058 -0.8408
v -0.3208 3.7436 -0.8401
v 0.3990 4.8731 -0.8330
v 0.3812 4.2803 -0.8494
v 0.3614 3.7183 -0.8493
v 1.1092 4.8702 -0.9063
v 1.0623 4.2774 -0.8743
v 1.0050 3.7191 -0.8265
v -0.8193 1.9111 -0.6488
v -0.8867 1.7669 -0.7090
v -0.9470 1.6258 -0.7566
v -0.3124 1.8442 -0.7745
v -0.3382 1.6906 -0.8413
v -0.3587 1.5460 -0.9063
v 0.3724 1.8200 -0.7950
v 0.3767 1.6667 -0.8689
v 0.3844 1.5229 -0.9313
v 0.9295 1.8274 -0.6262
v 0.9814 1.6734 -0.6870
v 1.0210 1.5267 -0.7453
v -1.0764 1.2543 -0.7874
v -1.1774 0.8851 -0.7997
v -1.2839 0.2942 -0.7972
v -0.4108 1.1829 -1.0262
v -0.4497 0.8167 -1.0562
v -0.4948 0.2289 -1.0617
v 0.4026 1.1533 -1.0456
v 0.4092 0.7895 -1.1027
v 0.4135 0.2108 -1.1304
v 1.0935 1.1390 -0.8060
v 1.1591 0.7728 -0.8428
v 1.2387 0.1933 -0.8602
v -1.6228 -2.0054 -0.7432
v -1.8481 -3.6663 -0.7057
v -2.0529 -5.5413 -0.5956
v -0.6407 -2.0791 -1.0195
v -0.7434 -3.7478 -0.9552
v -0.8582 -5.6285 -0.8664
v 0.4218 -2.0324 -1.1151
v 0.4124 -3.6475 -1.0117
v 0.3898 -5.4671 -0.8861
v 1.4308 -2.0564 -0.8129
v 1.5274 -3.6758 -0.7306
v 1.6019 -5.5005 -0.6200
v 1.5496 5.3829 -0.7207
v 1.6017 5.3870 -0.6314
v 1.6574 5.3931 -0.5345
v 1.6013 5.3923 -0.4213
v 1.5911 5.3719 -0.2812
v 1.6296 5.3544 -0.1159
v 1.6156 5.4481 0.2376
v 1.6794 5.4608 0.3744
v 1.6032 5.4599 0.4892
v 2.2225 -7.5002 0.7731
v 2.2489 -7.4966 0.7247
v 2.2745 -7.5015 0.6911
v 2.3557 -7.5345 0.6263
v 2.4085 -7.5543 0.5888
v 2.4553 -7.5663 0.5528
v 2.4901 -7.5399 0.4696
v 2.4822 -7.5039 0.4118
v 2.4717 -7.4644 0.3508
v 1.3244 3.0782 -0.3945
v 1.3635 3.2034 -0.3557
v 1.4000 3.2743 -0.2956
v 1.7673 3.0413 -0.0639
v 1.8002 3.1700 -0.0020
v 1.8061 3.2499 0.0917
v 1.5744 3.1251 0.5697
v 1.5991 3.2490 0.6426
v 1.5934 3.3190 0.7388
v 1.4119 1.4731 -0.2575
v 1.4380 1.4265 -0.2135
v 1.4612 1.4021 -0.1623
v 1.5193 1.4939 0.1201
v 1.5409 1.4456 0.1720
v 1.5658 1.4202 0.2317
v 1.5316 1.5218 0.5081
v 1.5389 1.4790 0.5554
v 1.5360 1.4596 0.6145
v 1.8992 -0.7372 -0.2829
v 1.9081 -0.7313 -0.2054
v 1.9194 -0.7317 -0.1323
v 1.9668 -0.7336 0.0413
v 2.0004 -0.7345 0.1483
v 2.0327 -0.7412 0.2604
v 2.0395 -0.7349 0.4846
v 2.0140 -0.7209 0.5967
v 1.9829 -0.7116 0.7022
v 2.2119 -5.5551 0.6634
v 2.1293 -3.6982 0.7082
v 2.0494 -2.0473 0.7706
v 2.3880 -5.6012 0.4302
v 2.3007 -3.7406 0.3983
v 2.1926 -2.0869 0.3955
v 2.3987 -5.5025 0.1396
v 2.3054 -3.6729 0.0396
v 2.1288 -2.0507 -0.0104
v 1.7778 0.2499 0.7500
v 1.6327 0.8683 0.7061
v 1.5321 1.2349 0.6706
v 1.8902 0.2147 0.3367
v 1.7461 0.8089 0.3124
v 1.6432 1.1867 0.2991
v 1.7619 0.2086 -0.0827
v 1.6030 0.7926 -0.0814
v 1.4963 1.1670 -0.0819
v 1.5209 5.8688 0.6574
v 1.4893 5.8011 0.1307
v 1.5570 5.8397 -0.4267
v 1.6512 3.8272 0.7950
v 1.7630 4.3763 0.7244
v 1.8267 4.9598 0.6349
v 1.8833 3.7668 0.1596
v 1.8714 4.2963 0.1283
v 1.8114 4.7308 0.1365
v 1.5485 3.7755 -0.2651
v 1.6321 4.3345 -0.2870
v 1.8204 4.8888 -0.3304
v 1.4128 2.3436 0.8159
v 1.4507 2.6103 0.8490
v 1.4937 2.9391 0.8568
v 1.5762 2.2975 0.2877
v 1.6605 2.5542 0.2762
v 1.7245 2.8794 0.2503
v 1.3926 2.2861 -0.2508
v 1.4216 2.5496 -0.2680
v 1.4713 2.8751 -0.2953
v -1.1852 -0.4921 1.5820
v -1.1198 -0.5015 1.4537
v -1.0518 -0.5177 1.3190
v -0.8068 1.6688 1.2730
v -0.7846 1.6141 1.2907
v -0.7506 1.5795 1.3186
v -0.6817 3.2745 1.5484
v -0.6452 3.3996 1.5540
v -0.6005 3.4694 1.5655
v -0.9150 5.5127 1.2665
v -0.8140 5.5002 1.2612
v -0.7211 5.5033 1.2332
v -1.8938 -7.2329 1.8790
v -1.7629 -7.2460 1.7524
v -1.6607 -7.2549 1.5892
v -0.8602 0.4092 1.1675
v -0.7674 1.0155 1.1923
v -0.7164 1.3644 1.2750
v -0.5792 2.4786 1.5212
v -0.5580 2.7492 1.5692
v -0.5449 3.0823 1.5864
v -0.5690 3.9781 1.5706
v -0.6036 4.5220 1.5097
v -0.6453 5.0650 1.2958
v -0.6227 5.7759 1.0919
v -0.6290 5.9298 0.9544
v -0.5815 6.0157 0.8484
v -0.4061 -0.5436 1.2245
v -0.2870 -0.5455 1.2318
v -0.1685 -0.5540 1.2507
v -0.1931 1.6407 1.4183
v -0.1561 1.5896 1.3939
v -0.1049 1.5625 1.3683
v -0.1053 3.3011 1.5469
v -0.0812 3.4272 1.5748
v -0.0408 3.4960 1.6085
v -0.2059 5.5294 1.0335
v -0.1078 5.5220 1.0515
v -0.0495 5.5311 1.1170
v -0.2659 -5.3038 1.3417
v -0.1806 -3.4864 1.3297
v -0.1097 -1.8714 1.3194
v -0.0288 0.3754 1.2985
v -0.0370 0.9816 1.3265
v -0.0418 1.3395 1.3466
v -0.0087 2.5010 1.5401
v -0.0013 2.7710 1.5943
v 0.0066 3.1036 1.6168
v 0.0227 3.9998 1.6151
v 0.0283 4.5428 1.5587
v 0.0339 5.0898 1.3782
v 0.0322 5.8287 0.9911
v 0.0275 6.0112 0.8888
v 0.0225 6.1351 0.8232
v 0.4568 -0.5759 1.6270
v 0.5311 -0.5898 1.5008
v 0.6021 -0.6107 1.3625
v 0.5203 1.6191 1.3568
v 0.5519 1.5644 1.3461
v 0.5988 1.5289 1.3379
v 0.4230 3.2798 1.4646
v 0.4526 3.4005 1.5075
v 0.5011 3.4623 1.5399
v 0.4039 5.5145 1.1147
v 0.4951 5.4962 1.1527
v 0.5929 5.4905 1.1733
v 0.6787 0.3272 1.2329
v 0.6652 0.9464 1.2304
v 0.6547 1.3093 1.2573
v 0.5928 2.4709 1.3842
v 0.5749 2.7376 1.4546
v 0.5618 3.0667 1.5149
v 0.5795 3.9573 1.5607
v 0.6195 4.4962 1.5861
v 0.6539 5.0440 1.4330
v 0.6954 5.7528 0.9601
v 0.6851 5.9267 0.8743
v 0.6451 6.0450 0.8311
v -1.6646 -0.5342 1.0716
v -1.6181 -0.5285 1.0999
v -1.5747 -0.5279 1.1521
v -1.6956 5.6198 0.9915
v -1.6097 5.5633 1.1003
v -1.5008 5.5470 1.1720
v -2.4630 -7.3029 1.1018
v -2.4161 -7.2984 1.1525
v -2.3737 -7.2905 1.2310
v -1.4048 0.4302 1.1928
v -1.3035 1.0543 1.1511
v -1.2246 1.4282 1.1390
v -1.1674 2.4581 1.4868
v -1.1694 2.7269 1.5653
v -1.1731 3.0601 1.6133
v -1.2396 3.9599 1.6355
v -1.3036 4.5110 1.5736
v -1.3665 5.0765 1.4255
v -1.3685 5.8040 1.0011
v -1.2588 5.8892 0.8478
v -1.1245 5.8538 0.7677
v 1.2524 -0.6704 1.3331
v 1.3504 -0.6752 1.3845
v 1.4414 -0.6857 1.4152
v 1.0689 1.5823 1.1484
v 1.0898 1.5336 1.1414
v 1.1155 1.5070 1.1336
v 0.9933 3.2124 1.4651
v 1.0392 3.3283 1.5116
v 1.0923 3.3866 1.5403
v 1.1626 5.4590 1.1963
v 1.2540 5.4493 1.2257
v 1.3474 5.4559 1.2411
v 1.4489 5.7721 1.0539
v 1.3903 5.9316 0.9027
v 1.2301 5.9101 0.8312
v 1.2206 3.8784 1.5842
v 1.3106 4.4213 1.5408
v 1.3879 4.9832 1.3995
v 1.1097 2.4406 1.1873
v 1.0974 2.6884 1.3147
v 1.0995 2.9965 1.4590
v 1.3994 0.2727 1.3271
v 1.2778 0.8962 1.2133
v 1.1890 1.2700 1.1389
v -2.7476 -7.3689 0.3489
v -2.7183 -7.3818 0.2584
v -2.6830 -7.3974 0.1484
v -1.9334 -0.6081 -0.3182
v -1.8874 -0.6046 -0.3793
v -1.8333 -0.6088 -0.4412
v -1.2416 1.5785 -0.4587
v -1.2424 1.5299 -0.4780
v -1.2309 1.5017 -0.5044
v -1.3223 3.1390 -0.8064
v -1.3179 3.2545 -0.8422
v -1.2976 3.3129 -0.8669
v -1.3517 5.4888 -0.8694
v -1.2975 5.4730 -0.9110
v -1.2432 5.4743 -0.9340
v -2.0017 -1.9470 -0.4493
v -2.2359 -3.5950 -0.3587
v -2.4467 -5.4543 -0.1968
v -1.2900 1.2731 -0.5345
v -1.4086 0.9077 -0.5299
v -1.5582 0.3259 -0.5222
v -1.0681 2.0021 -0.4804
v -1.0973 1.8309 -0.4986
v -1.1508 1.6632 -0.5283
v -1.3632 4.9548 -0.9575
v -1.3455 4.3642 -0.9530
v -1.3078 3.8073 -0.9250
v -1.0314 5.8507 -0.9050
v -2.1054 -7.5583 -0.5300
v -1.9608 -7.5955 -0.6253
v -1.8136 -7.6275 -0.7069
v -1.3391 -0.6675 -0.8588
v -1.2470 -0.6722 -0.9471
v -1.1519 -0.6822 -1.0240
v -0.8353 1.5296 -0.8365
v -0.8157 1.4773 -0.8545
v -0.7806 1.4451 -0.8691
v -0.7565 3.0839 -0.9053
v -0.7184 3.2049 -0.9238
v -0.6706 3.2667 -0.9327
v -0.7937 5.4715 -0.9253
v -0.7096 5.4522 -0.9182
v -0.6267 5.4495 -0.9066
v -1.1816 -2.0535 -1.0497
v -1.3334 -3.7385 -0.9857
v -1.4948 -5.6399 -0.8870
v -0.7808 1.2174 -0.9323
v -0.8538 0.8538 -0.9930
v -0.9408 0.2686 -1.0479
v -0.6455 1.9085 -0.7032
v -0.6712 1.7476 -0.7600
v -0.6993 1.5951 -0.8257
v -0.6417 4.9197 -0.9165
v -0.6421 4.3269 -0.9329
v -0.6334 3.7672 -0.9369
v -0.4698 5.8157 -0.8526
v -0.8146 -7.5861 -0.7511
v -0.6521 -7.5535 -0.7436
v -0.4899 -7.5194 -0.7387
v -0.4355 -0.7257 -1.0527
v -0.3164 -0.7194 -1.0585
v -0.1977 -0.7173 -1.0710
v -0.1643 1.4561 -0.9282
v -0.1202 1.4085 -0.9411
v -0.0627 1.3794 -0.9444
v -0.1375 3.0395 -0.8548
v -0.0925 3.1611 -0.8711
v -0.0415 3.2246 -0.8840
v -0.1819 5.4222 -0.7934
v -0.1007 5.4083 -0.8024
v -0.0166 5.4094 -0.8132
v -0.1195 -2.0447 -1.0380
v -0.1775 -3.6850 -0.9545
v -0.2463 -5.5334 -0.8529
v -0.0059 1.1633 -1.0309
v -0.0209 0.8050 -1.0971
v -0.0453 0.2268 -1.1031
v -0.0059 1.8409 -0.7616
v 0.0109 1.6785 -0.8007
v 0.0091 1.5270 -0.8650
v 0.0437 4.8799 -0.8508
v 0.0312 4.2885 -0.8807
v 0.0184 3.7292 -0.8914
v 0.0635 5.7833 -0.7964
v 0.5168 -7.3784 -0.7085
v 0.6815 -7.3752 -0.6652
v 0.8500 -7.3780 -0.6178
v 0.5379 -0.7185 -1.1265
v 0.6558 -0.7134 -1.0783
v 0.7746 -0.7148 -1.0237
v 0.5830 1.4372 -0.9171
v 0.6318 1.3923 -0.9191
v 0.6889 1.3672 -0.9106
v 0.5266 3.0202 -0.8728
v 0.5701 3.1431 -0.8865
v 0.6173 3.2095 -0.8946
v 0.4456 5.4040 -0.8382
v 0.5260 5.3942 -0.8653
v 0.6076 5.3998 -0.8926
v 0.9331 -2.0293 -0.9180
v 0.9767 -3.6453 -0.8300
v 1.0033 -5.4652 -0.7165
v 0.7873 1.1481 -0.9535
v 0.8263 0.7880 -0.9998
v 0.8548 0.2131 -0.9941
v 0.6266 1.8501 -0.7379
v 0.6774 1.6847 -0.7920
v 0.7144 1.5283 -0.8473
v 0.7410 4.8687 -0.9255
v 0.7159 4.2761 -0.9251
v 0.6864 3.7170 -0.9139
v 0.6063 5.7791 -0.8868
v 1.8291 -7.4244 -0.4516
v 1.9971 -7.4176 -0.4229
v 2.1439 -7.4090 -0.3666
v 1.4458 -0.7377 -0.8549
v 1.5544 -0.7291 -0.8508
v 1.6545 -0.7258 -0.8353
v 1.0960 1.4485 -0.7090
v 1.1165 1.4015 -0.6978
v 1.1394 1.3762 -0.6778
v 1.0742 3.0234 -0.7624
v 1.1215 3.1424 -0.7869
v 1.1651 3.2048 -0.8016
v 1.0854 5.4012 -0.9273
v 1.1650 5.3855 -0.9316
v 1.2432 5.3824 -0.9332
v 1.1598 5.7668 -0.9191
v 1.4401 4.8370 -0.9136
v 1.3736 4.2495 -0.8987
v 1.2825 3.6995 -0.8601
v 0.9901 1.8488 -0.5819
v 1.0795 1.6938 -0.6410
v 1.1344 1.5379 -0.6621
v 1.2437 1.1492 -0.6634
v 1.3695 0.7776 -0.6976
v 1.5496 0.2065 -0.7713
v 1.9011 -2.0367 -0.7428
v 2.0573 -3.6542 -0.6384
v 2.1752 -5.4780 -0.4944
v 2.0871 -5.5496 0.8730
v 1.9920 -3.6895 0.9329
v 1.8897 -2.0369 0.9986
v -1.8631 -1.8756 1.0504
v -2.0485 -3.5170 1.0479
v -2.2653 -5.3614 1.0491
v -1.3623 1.4014 0.9721
v -1.4447 1.0357 0.9985
v -1.5580 0.4140 1.0220
v 1.5353 5.4607 1.1824
v 1.6319 5.4699 1.1017
v 1.7219 5.5214 0.9879
v 1.4264 3.8648 1.2774
v 1.5683 4.4203 1.1754
v 1.7119 5.0296 1.0210
v -1.6915 5.1500 1.0699
v -1.6255 4.5332 1.2566
v -1.5443 3.9624 1.3818
v 1.5101 5.7333 0.7966
v 1.3170 3.1760 1.1375
v 1.3267 3.2999 1.1912
v 1.3292 3.3658 1.2584
v 1.4186 1.5456 0.8622
v 1.4015 1.4967 0.8875
v 1.3759 1.4708 0.9174
v 1.9025 -0.6941 0.8490
v 1.8664 -0.6864 0.8993
v 1.8258 -0.6884 0.9529
v 0.7608 -7.4791 1.1060
v 0.8990 -7.4954 1.0257
v 1.0569 -7.5105 0.9922
v -1.8402 -5.2783 1.8639
v -1.6327 -3.4383 1.8146
v -1.4418 -1.8061 1.7490
v -0.8348 -5.2844 1.1832
v -0.7081 -3.4677 1.1840
v -0.6018 -1.8534 1.1893
v -1.5300 5.6349 0.8571
v -1.5470 5.6016 0.8112
v -1.5628 5.6048 0.7463
v -1.7510 -0.5393 1.0192
v -1.7994 -0.5391 0.9803
v -1.8553 -0.5461 0.9317
v -1.3850 -5.3181 1.3841
v -1.2236 -3.4826 1.3338
v -1.0817 -1.8527 1.2770
v -0.8141 -7.1970 1.1904
v -0.6557 -7.1993 1.2132
v -0.5031 -7.2082 1.2666
v 0.3556 -7.3613 1.7000
v 0.4678 -7.3973 1.5589
v 0.5571 -7.4304 1.3905
v 0.6730 -5.4901 1.2446
v 0.6905 -3.6263 1.2555
v 0.6976 -1.9713 1.2592
v -1.2091 1.7207 1.0682
v -1.2058 1.6754 1.0925
v -1.1920 1.6530 1.1169
v -1.2941 3.2625 1.5935
v -1.2741 3.3859 1.6099
v -1.2392 3.4522 1.6286
v -2.1187 -5.3319 1.3182
v -1.9061 -3.4896 1.2987
v -1.7125 -1.8522 1.2765
v 1.4007 -7.5480 1.0573
v 1.5671 -7.5687 1.1233
v 1.7170 -7.5843 1.1750
v 1.7878 -5.6017 1.2584
v 1.7168 -3.7207 1.3414
v 1.6258 -2.0507 1.4061
v 1.1783 1.5031 1.1035
v 1.2050 1.5259 1.0818
v 1.2212 1.5727 1.0641
v 1.1851 3.3730 1.5472
v 1.2115 3.3036 1.5309
v 1.2222 3.1795 1.5087
v 1.2936 1.6488 0.9542
v 1.2493 1.8240 0.9541
v 1.2535 2.0171 0.9586
v -1.4407 3.0597 1.4448
v -1.4173 2.7312 1.3968
v -1.3726 2.4750 1.3094
v 1.1833 1.3791 -0.6184
v 1.1994 1.4052 -0.5863
v 1.2063 1.4518 -0.5618
v 1.2095 3.2073 -0.7983
v 1.2111 3.1464 -0.7820
v 1.1959 3.0305 -0.7537
v 1.2850 1.5474 -0.4240
v 1.2283 1.7150 -0.4209
v 1.1678 1.8903 -0.4116
v -1.3324 2.9779 -0.6354
v -1.2673 2.6620 -0.5617
v -1.2137 2.4083 -0.4861
v -1.4381 3.4223 -0.3538
v -1.4067 3.3459 -0.4027
v -1.3775 3.2177 -0.4308
v -1.4394 1.5502 -0.0863
v -1.4087 1.5724 -0.1345
v -1.3801 1.6169 -0.1774
v -1.1321 1.6535 1.1581
v -1.0952 1.6764 1.1660
v -1.0625 1.7202 1.1659
v -0.6627 1.5687 1.3758
v -0.6185 1.5929 1.3950
v -0.5789 1.6420 1.4049
v 0.0301 1.5630 1.3713
v 0.0939 1.5916 1.3847
v 0.1424 1.6430 1.3945
v 0.7118 1.5132 1.3190
v 0.7620 1.5359 1.3089
v 0.7998 1.5828 1.2986
v -1.1448 3.4536 1.6364
v -1.0977 3.3885 1.6186
v -1.0585 3.2656 1.5954
v -0.4901 3.4776 1.5820
v -0.4375 3.4137 1.5730
v -0.4000 3.2910 1.5540
v 0.0678 3.4934 1.6022
v 0.0966 3.4222 1.5639
v 0.1077 3.2947 1.5344
v 0.5959 3.4498 1.4907
v 0.6212 3.3776 1.4548
v 0.6451 3.2515 1.4305
v -0.9635 1.7937 1.2013
v -0.9445 1.9605 1.1972
v -0.9480 2.1224 1.2649
v -0.4024 1.7469 1.4021
v -0.3906 1.9147 1.3871
v -0.3746 2.0866 1.3898
v 0.3563 1.7352 1.4152
v 0.3511 1.9010 1.4105
v 0.3414 2.0727 1.4106
v 0.9750 1.6786 1.1979
v 0.9564 1.8488 1.1879
v 0.9468 2.0274 1.2054
v -1.5082 3.4534 1.3789
v -1.4973 3.3915 1.3169
v -1.4584 3.2743 1.2729
v -1.5253 3.4749 0.8597
v -1.5708 3.4027 0.7799
v -1.5987 3.2740 0.7190
v -1.6209 3.4540 0.1870
v -1.6199 3.3790 0.0905
v -1.6268 3.2464 0.0306
v -1.3339 1.6251 0.9399
v -1.3464 1.6485 0.9102
v -1.3466 1.6938 0.8851
v -1.4670 1.6036 0.6748
v -1.4694 1.6233 0.6183
v -1.4698 1.6700 0.5750
v -1.5547 1.5768 0.2977
v -1.5342 1.6031 0.2365
v -1.5139 1.6518 0.1829
v -1.4107 3.0922 0.9532
v -1.3704 2.7634 0.9320
v -1.3624 2.4932 0.9037
v -1.6156 3.0643 0.3225
v -1.5964 2.7329 0.3336
v -1.5559 2.4661 0.3430
v -1.4532 3.0424 -0.2562
v -1.4486 2.7105 -0.2419
v -1.4254 2.4474 -0.1959
v -1.1739 1.4930 -0.5751
v -1.1318 1.5150 -0.6119
v -1.0876 1.5590 -0.6401
v -0.6787 1.4329 -0.8887
v -0.6218 1.4525 -0.8934
v -0.5697 1.4933 -0.8891
v 0.0663 1.3721 -0.9430
v 0.1240 1.3961 -0.9385
v 0.1704 1.4413 -0.9254
v 0.8036 1.3674 -0.8745
v 0.8477 1.3927 -0.8498
v 0.8752 1.4382 -0.8226
v -1.2258 3.2990 -0.8845
v -1.1768 3.2295 -0.8784
v -1.1281 3.1055 -0.8621
v -0.5792 3.2546 -0.9236
v -0.5375 3.1835 -0.9097
v -0.5012 3.0578 -0.8931
v 0.0559 3.2196 -0.8898
v 0.1029 3.1516 -0.8832
v 0.1425 3.0271 -0.8727
v 0.7026 3.2136 -0.8842
v 0.7412 3.1499 -0.8632
v 0.7699 3.0285 -0.8331
v -0.9302 2.8901 -0.8317
v -0.9108 2.5625 -0.7755
v -0.8838 2.2995 -0.7132
v -0.3217 2.8424 -0.8234
v -0.3165 2.5124 -0.8090
v -0.3117 2.2438 -0.7856
v 0.3399 2.8181 -0.8341
v 0.3398 2.4840 -0.8215
v 0.3449 2.2131 -0.7905
v 0.9279 2.8241 -0.7264
v 0.9098 2.4974 -0.6768
v 0.8897 2.2284 -0.6266
v 1.3071 3.2412 -0.5875
v 1.3052 3.1867 -0.5136
v 1.2965 3.0727 -0.4506
v 1.6037 3.2567 -0.2627
v 1.6864 3.1738 -0.2211
v 1.7288 3.0422 -0.1585
v 1.7488 3.2815 0.3199
v 1.6609 3.2328 0.4018
v 1.5846 3.1209 0.4723
v 1.3612 1.3808 -0.3753
v 1.3774 1.4131 -0.3375
v 1.3857 1.4677 -0.3077
v 1.4911 1.4107 -0.0453
v 1.4999 1.4420 0.0115
v 1.5057 1.4931 0.0554
v 1.5815 1.4287 0.3528
v 1.5604 1.4620 0.4065
v 1.5353 1.5168 0.4480
v 1.4490 1.6057 0.6814
v 1.4096 1.7624 0.7029
v 1.3885 1.9339 0.7318
v 1.5470 1.5911 0.2923
v 1.5197 1.7503 0.2935
v 1.4922 1.9116 0.2993
v 1.4626 1.5692 -0.1310
v 1.4114 1.7230 -0.1500
v 1.3568 1.8852 -0.1700
v -0.9447 1.6228 1.2078
v -0.8930 1.6393 1.2127
v -0.8479 1.6797 1.2375
v -0.8440 3.4581 1.5327
v -0.7867 3.3941 1.5371
v -0.7384 3.2724 1.5419
v -0.6583 1.7297 1.3400
v -0.6092 1.8960 1.3273
v -0.5975 2.0697 1.3884
v -0.3557 1.5731 1.4157
v -0.2977 1.5960 1.4229
v -0.2499 1.6441 1.4269
v -0.2068 3.4884 1.4565
v -0.1576 3.4218 1.4705
v -0.1307 3.2989 1.4994
v -0.0319 1.7331 1.3807
v -0.0243 1.9059 1.4047
v -0.0193 2.0847 1.4399
v 0.4043 1.5629 1.4020
v 0.4458 1.5828 1.3764
v 0.4804 1.6263 1.3641
v 0.3292 3.4778 1.4700
v 0.3694 3.4072 1.4635
v 0.3900 3.2809 1.4520
v 0.6443 1.6858 1.3578
v 0.6228 1.8578 1.3437
v 0.6109 2.0433 1.3345
v -1.0998 1.8120 1.1209
v -1.0703 2.0053 1.1279
v -1.1117 2.1694 1.2156
v 1.0214 1.5084 1.1793
v 1.0395 1.5330 1.1684
v 1.0508 1.5819 1.1587
v 0.9082 3.4151 1.4502
v 0.9343 3.3422 1.4577
v 0.9528 3.2177 1.4421
v 1.1263 1.6723 1.1324
v 1.0872 1.8406 1.1090
v 1.0892 2.0342 1.1249
v -1.3255 1.5111 -0.3702
v -1.2971 1.5351 -0.4036
v -1.2629 1.5806 -0.4312
v -1.3916 3.3440 -0.7497
v -1.3700 3.2699 -0.7747
v -1.3409 3.1450 -0.7803
v -1.2311 2.9248 -0.8180
v -1.1894 2.6140 -0.7404
v -1.1376 2.3736 -0.6502
v -0.9552 1.4732 -0.7998
v -0.9127 1.5033 -0.8243
v -0.8744 1.5396 -0.8279
v -0.9002 3.2795 -0.8842
v -0.8525 3.2099 -0.8891
v -0.8108 3.0852 -0.8888
v -0.6197 2.8738 -0.9113
v -0.6198 2.5535 -0.8647
v -0.6223 2.2987 -0.7955
v -0.3176 1.3887 -0.9620
v -0.2668 1.4157 -0.9587
v -0.2231 1.4597 -0.9381
v -0.2790 3.2321 -0.8301
v -0.2344 3.1646 -0.8336
v -0.1950 3.0406 -0.8386
v -0.0002 2.8326 -0.8783
v -0.0030 2.5088 -0.8496
v -0.0000 2.2472 -0.8086
v 0.4591 1.3702 -0.9669
v 0.5114 1.3979 -0.9545
v 0.5388 1.4405 -0.9327
v 0.3913 3.2086 -0.8461
v 0.4355 3.1428 -0.8537
v 0.4724 3.0197 -0.8598
v 0.6462 2.8272 -0.8623
v 0.6295 2.5068 -0.8092
v 0.6148 2.2474 -0.7527
v 1.0716 1.3698 -0.7570
v 1.0819 1.3982 -0.7390
v 1.0835 1.4476 -0.7237
v 0.9929 3.2126 -0.7705
v 1.0202 3.1465 -0.7649
v 1.0351 3.0242 -0.7539
v 1.1189 2.8329 -0.7353
v 1.0398 2.5237 -0.6589
v 0.9620 2.2661 -0.5982
v 1.5031 3.3362 0.9294
v 1.4330 3.2815 1.0033
v 1.3594 3.1684 1.0615
v 1.5049 1.4676 0.7288
v 1.4807 1.4949 0.7754
v 1.4530 1.5450 0.8167
v -1.2841 1.6336 0.9827
v -1.2548 1.6663 1.0039
v -1.2259 1.7192 1.0312
v -1.4323 3.4512 1.5024
v -1.3804 3.3855 1.5472
v -1.3340 3.2625 1.5726
v 0.9257 2.0284 -0.5723
v 0.9290 2.0332 -0.5691
v 0.9348 2.0385 -0.5654
v 0.9018 2.0186 -0.5891
v 0.9111 2.0166 -0.5841
v 0.9146 2.0200 -0.5816
v 0.9589 1.8301 -0.6105
v 1.0341 1.6931 -0.6716
v 1.0723 1.5761 -0.7100
v 1.0205 2.7109 -0.7090
v 0.9884 2.4707 -0.6567
v 0.9347 2.2312 -0.6058
v 0.5303 2.0223 -0.7522
v 0.5717 2.0306 -0.7389
v 0.5863 2.0455 -0.7333
v 0.3941 1.9992 -0.7542
v 0.4146 2.0029 -0.7616
v 0.4421 2.0073 -0.7643
v 0.4973 1.8289 -0.7643
v 0.5149 1.6820 -0.8200
v 0.5322 1.5627 -0.8762
v 0.4962 2.7027 -0.8485
v 0.4931 2.4576 -0.8201
v 0.4862 2.2244 -0.7812
v -0.0998 2.0335 -0.7334
v -0.0615 2.0329 -0.7528
v -0.0317 2.0312 -0.7761
v -0.2831 2.0247 -0.7383
v -0.2441 2.0289 -0.7263
v -0.1965 2.0307 -0.7204
v -0.1564 1.8510 -0.7511
v -0.1713 1.7022 -0.8088
v -0.1846 1.5819 -0.8671
v -0.1696 2.7210 -0.8322
v -0.1684 2.4716 -0.8119
v -0.1573 2.2351 -0.7817
v -0.7341 2.0960 -0.6790
v -0.6985 2.0971 -0.6975
v -0.6636 2.0971 -0.7152
v -0.8209 2.0921 -0.6431
v -0.7978 2.0945 -0.6438
v -0.7713 2.0909 -0.6490
v -0.7479 1.9103 -0.6719
v -0.7622 1.7665 -0.7370
v -0.8086 1.6532 -0.7894
v -0.7765 2.7693 -0.8593
v -0.7721 2.5250 -0.8099
v -0.7708 2.2925 -0.7443
v -1.1691 2.1815 -0.5036
v -1.1600 2.1765 -0.5270
v -1.1450 2.1719 -0.5481
v -1.1504 2.2087 -0.4243
v -1.1582 2.2015 -0.4394
v -1.1671 2.1942 -0.4566
v -1.1426 2.0178 -0.4018
v -1.1710 1.8543 -0.4183
v -1.2088 1.7177 -0.4429
v -1.2854 2.8359 -0.7334
v -1.2370 2.6053 -0.6714
v -1.1812 2.3829 -0.5903
v 1.0093 2.4334 1.2136
v 0.9899 2.6756 1.2410
v 0.9753 2.9090 1.3428
v 1.0473 1.7186 1.1645
v 1.0243 1.8552 1.1473
v 1.0223 2.0298 1.1624
v 1.0222 2.2146 1.2438
v 1.0002 2.2151 1.2464
v 0.9748 2.2164 1.2508
v 1.1066 2.2161 1.2329
v 1.0837 2.2157 1.2373
v 1.0625 2.2151 1.2399
v -1.2892 2.4604 1.4265
v -1.2978 2.6945 1.5094
v -1.2984 2.9425 1.5570
v -1.1866 1.8634 1.0300
v -1.1840 2.0213 1.0430
v -1.2102 2.1680 1.1331
v -1.2670 2.2726 1.2792
v -1.2888 2.2781 1.2531
v -1.3066 2.2814 1.2269
v -1.1792 2.2471 1.3792
v -1.2054 2.2521 1.3597
v -1.2286 2.2585 1.3355
v 0.4516 2.4736 1.3695
v 0.4398 2.7154 1.3715
v 0.4291 2.9629 1.4049
v 0.4993 1.7619 1.3803
v 0.4882 1.8981 1.3828
v 0.4764 2.0629 1.3789
v 0.4333 2.2569 1.3808
v 0.4003 2.2586 1.3908
v 0.3657 2.2602 1.4025
v 0.5662 2.2482 1.3444
v 0.5305 2.2505 1.3509
v 0.4972 2.2524 1.3596
v -0.1850 2.4930 1.5010
v -0.1704 2.7327 1.5230
v -0.1446 2.9806 1.5252
v -0.2136 1.7863 1.4269
v -0.2061 1.9234 1.4225
v -0.2040 2.0866 1.4481
v -0.2374 2.2749 1.4525
v -0.2758 2.2742 1.4262
v -0.3156 2.2742 1.4063
v -0.0609 2.2793 1.4840
v -0.1065 2.2789 1.4893
v -0.1523 2.2772 1.4891
v -0.7642 2.4605 1.5171
v -0.7402 2.7023 1.5503
v -0.7181 2.9525 1.5485
v -0.8101 1.8083 1.2761
v -0.7840 1.9393 1.2710
v -0.7779 2.0950 1.3322
v -0.8313 2.2450 1.4455
v -0.8794 2.2442 1.4341
v -0.9240 2.2433 1.4246
v -0.6361 2.2507 1.4758
v -0.6826 2.2483 1.4733
v -0.7315 2.2468 1.4666
v 1.5097 2.2795 0.0001
v 1.5905 2.5002 -0.0425
v 1.6831 2.7288 -0.0786
v 1.5092 1.6292 0.0748
v 1.4952 1.7544 0.0685
v 1.4647 1.9046 0.0647
v 1.4683 2.0824 0.1135
v 1.4889 2.0840 0.1784
v 1.5120 2.0848 0.2353
v 1.3918 2.0718 -0.1559
v 1.4213 2.0727 -0.0946
v 1.4367 2.0746 -0.0265
v 1.4602 2.3228 0.5196
v 1.4702 2.5634 0.5249
v 1.5054 2.8108 0.5293
v 1.4963 1.6475 0.4769
v 1.4725 1.7737 0.4800
v 1.4510 1.9262 0.4898
v 1.4426 2.1115 0.5724
v 1.4368 2.1141 0.6429
v 1.4215 2.1180 0.7120
v 1.5019 2.0948 0.3594
v 1.4880 2.0990 0.4148
v 1.4614 2.1042 0.4465
v 1.2723 2.3637 1.0071
v 1.2601 2.6041 1.0483
v 1.2892 2.8517 1.0727
v 1.4003 1.6676 0.8488
v 1.3513 1.7945 0.8776
v 1.2986 1.9587 0.8986
v 1.2851 2.1572 0.9832
v 1.2941 2.1708 1.0100
v 1.2994 2.1929 1.0327
v 1.3671 2.1293 0.8361
v 1.3335 2.1369 0.8893
v 1.3007 2.1470 0.9352
v 0.7968 2.0244 -0.6271
v 0.8389 2.0213 -0.6132
v 0.8683 2.0203 -0.6029
v 0.6255 2.0333 -0.6942
v 0.6644 2.0346 -0.6775
v 0.7055 2.0316 -0.6597
v 0.7871 1.8442 -0.6779
v 0.8316 1.6936 -0.7282
v 0.8670 1.5694 -0.7723
v 0.7786 2.7128 -0.7776
v 0.7666 2.4669 -0.7322
v 0.7542 2.2338 -0.6859
v 0.2199 2.0083 -0.7657
v 0.2703 2.0043 -0.7579
v 0.3169 2.0023 -0.7535
v 0.0262 2.0264 -0.8021
v 0.0697 2.0212 -0.7994
v 0.1168 2.0173 -0.7887
v 0.1760 1.8331 -0.7778
v 0.1872 1.6918 -0.8362
v 0.1953 1.5708 -0.8842
v 0.1670 2.7074 -0.8558
v 0.1657 2.4600 -0.8378
v 0.1659 2.2226 -0.8061
v -0.4184 2.0458 -0.7817
v -0.3732 2.0388 -0.7789
v -0.3362 2.0335 -0.7704
v -0.5954 2.0868 -0.7480
v -0.5586 2.0761 -0.7625
v -0.5148 2.0650 -0.7731
v -0.4751 1.8750 -0.7478
v -0.4993 1.7317 -0.7963
v -0.5209 1.6163 -0.8531
v -0.4762 2.7392 -0.8708
v -0.4759 2.4950 -0.8452
v -0.4702 2.2657 -0.8037
v -0.9361 2.1162 -0.6362
v -0.8949 2.1076 -0.6419
v -0.8574 2.1012 -0.6444
v -1.0955 2.1591 -0.5826
v -1.0605 2.1500 -0.5978
v -1.0207 2.1386 -0.6123
v -0.9520 1.9554 -0.5735
v -0.9951 1.8134 -0.6149
v -1.0362 1.6888 -0.6490
v -1.0810 2.7898 -0.8128
v -1.0578 2.5500 -0.7574
v -1.0202 2.3287 -0.6882
v -1.4635 2.0663 0.1028
v -1.4795 1.9117 0.1197
v -1.4973 1.7859 0.1323
v -1.5813 2.9269 0.0068
v -1.5159 2.6881 0.0234
v -1.4763 2.4548 0.0513
v -1.4745 2.2511 0.1504
v -1.4942 2.2523 0.2174
v -1.5165 2.2531 0.2807
v -1.4292 2.2373 -0.1224
v -1.4414 2.2388 -0.0587
v -1.4452 2.2404 0.0096
v -1.4645 2.0794 0.5911
v -1.4498 1.9288 0.5679
v -1.4583 1.8026 0.5547
v -1.5935 2.9517 0.6815
v -1.5668 2.7049 0.6724
v -1.5219 2.4695 0.6471
v -1.4686 2.2606 0.6856
v -1.4361 2.2643 0.7492
v -1.4033 2.2677 0.8108
v -1.5221 2.2524 0.4137
v -1.5055 2.2555 0.4803
v -1.4969 2.2570 0.5501
v -1.2618 2.1146 0.9689
v -1.2789 1.9311 0.9148
v -1.3288 1.8183 0.8940
v -1.3851 2.9635 1.2289
v -1.3345 2.7219 1.1943
v -1.2971 2.4889 1.1304
v -1.2803 2.2826 1.1015
v -1.3019 2.2833 1.1383
v -1.3201 2.2851 1.1678
v -1.3240 2.2779 0.9108
v -1.2946 2.2827 0.9602
v -1.2811 2.2854 1.0113
v 0.7602 2.4449 1.3701
v 0.7314 2.6846 1.4039
v 0.6916 2.9314 1.4106
v 0.8113 1.7251 1.2807
v 0.7927 1.8632 1.2622
v 0.7880 2.0318 1.2880
v 0.7357 2.2288 1.3438
v 0.6898 2.2340 1.3458
v 0.6461 2.2401 1.3421
v 0.9081 2.2197 1.2705
v 0.8681 2.2214 1.2889
v 0.8259 2.2230 1.3108
v 0.1519 2.4846 1.4814
v 0.1352 2.7245 1.4912
v 0.1209 2.9728 1.4997
v 0.1718 1.7838 1.4108
v 0.1696 1.9151 1.4263
v 0.1632 2.0763 1.4418
v 0.1202 2.2700 1.4852
v 0.0765 2.2733 1.4959
v 0.0311 2.2763 1.4936
v 0.2874 2.2631 1.4234
v 0.2435 2.2635 1.4288
v 0.1997 2.2643 1.4406
v -0.4556 2.4848 1.4500
v -0.4272 2.7242 1.4832
v -0.3968 2.9711 1.5156
v -0.5301 1.7781 1.3917
v -0.4996 1.9006 1.3677
v -0.4989 2.0793 1.3886
v -0.4979 2.2641 1.4391
v -0.5243 2.2602 1.4553
v -0.5562 2.2567 1.4668
v -0.3919 2.2738 1.3902
v -0.4245 2.2721 1.3924
v -0.4525 2.2692 1.4029
v -1.0613 2.4518 1.4842
v -1.0480 2.6941 1.5296
v -1.0372 2.9446 1.5578
v -1.0180 1.8494 1.1659
v -1.0079 1.9917 1.1652
v -1.0318 2.1464 1.2355
v -1.0857 2.2394 1.4074
v -1.1069 2.2403 1.4058
v -1.1295 2.2422 1.4031
v -0.9952 2.2408 1.4129
v -1.0217 2.2398 1.4104
v -1.0445 2.2392 1.4091
v -1.3036 2.0330 -0.2340
v -1.3284 1.8730 -0.2263
v -1.3476 1.7448 -0.2282
v -1.3287 2.9010 -0.4164
v -1.3035 2.6614 -0.3819
v -1.2831 2.4287 -0.3374
v -1.3109 2.2253 -0.2338
v -1.3429 2.2291 -0.2159
v -1.3710 2.2332 -0.2026
v -1.1725 2.2153 -0.3748
v -1.1914 2.2174 -0.3387
v -1.2264 2.2232 -0.3039
v 1.0288 2.0747 -0.4598
v 1.0523 2.0794 -0.4380
v 1.0792 2.0823 -0.4180
v 0.9516 2.0479 -0.5462
v 0.9661 2.0526 -0.5281
v 0.9848 2.0591 -0.5059
v 1.0788 1.8815 -0.4988
v 1.1506 1.7223 -0.5372
v 1.1933 1.5876 -0.5515
v 1.1294 2.7320 -0.6830
v 1.0609 2.4995 -0.6186
v 1.0151 2.2719 -0.5450
v 1.2396 2.2848 -0.3412
v 1.2374 2.5233 -0.3766
v 1.2652 2.7650 -0.4057
v 1.3620 1.6045 -0.3101
v 1.3167 1.7250 -0.3139
v 1.2783 1.8796 -0.2936
v 1.2851 2.0706 -0.2747
v 1.3030 2.0751 -0.2637
v 1.3176 2.0769 -0.2507
v 1.1368 2.0832 -0.3875
v 1.1744 2.0796 -0.3636
v 1.2135 2.0751 -0.3304
v 1.2316 2.4222 1.1974
v 1.2199 2.6282 1.3411
v 1.2130 2.8625 1.4414
v 1.2135 1.7176 1.0508
v 1.1871 1.8581 1.0227
v 1.1825 2.0394 1.0472
v 1.2165 2.2123 1.1756
v 1.1865 2.2165 1.1984
v 1.1593 2.2191 1.2164
v 1.2878 2.2052 1.0776
v 1.2803 2.2059 1.0992
v 1.2669 2.2058 1.1231
v 1.8818 -5.5960 1.2001
v 1.9624 -5.5820 1.0987
v 2.0322 -5.5648 0.9810
v 1.8007 -3.7182 1.2755
v 1.8723 -3.7096 1.1665
v 1.9368 -3.6991 1.0433
v 1.7009 -2.0501 1.3365
v 1.7660 -2.0455 1.2259
v 1.8293 -2.0413 1.1045
v 1.3590 1.0048 1.0849
v 1.4511 0.2763 1.2595
v 1.4949 0.2852 1.1622
v 1.5503 0.2697 1.0661
v 1.4315 0.9026 1.0208
v 1.3591 1.2661 0.9887
v 1.3123 1.3283 1.0260
v 1.2584 1.4463 1.0474
v 1.2569 1.3363 1.0721
v 1.2298 1.2812 1.1078
v 1.3249 0.9114 1.1653
v 1.2556 2.4132 1.2065
v 1.2804 2.4065 1.2069
v 1.3019 2.4011 1.1937
v 1.2537 2.6279 1.3545
v 1.2916 2.6382 1.3465
v 1.3249 2.6439 1.3220
v 1.2488 2.8899 1.4420
v 1.2898 2.9374 1.4305
v 1.3197 2.9651 1.3928
v 1.4200 4.2511 1.4309
v 1.2725 3.8439 1.5585
v 1.2969 3.7208 1.5293
v 1.2853 3.4685 1.5115
v 1.3521 3.7178 1.4631
v 1.3979 3.8370 1.3744
v 1.5098 4.3884 1.2905
v 1.6365 4.9947 1.1374
v 1.5492 4.9503 1.2597
v 1.4687 4.9647 1.3476
v 1.3733 4.3853 1.4936
v 1.5372 5.7761 1.0028
v 1.6097 5.7842 0.9181
v 1.6362 5.8011 0.8056
v 1.4434 5.9111 0.8465
v 1.4680 5.8738 0.7777
v 1.2776 5.8679 0.8017
v 1.3074 5.8218 0.7614
v -1.3876 5.9484 -0.5362
v -1.3383 5.9190 -0.6238
v -1.2937 5.9032 -0.7050
v 1.1980 2.2910 -0.3716
v 1.1579 2.2952 -0.4035
v 1.1238 2.2961 -0.4334
v 1.2024 2.5327 -0.4082
v 1.1730 2.5449 -0.4431
v 1.1475 2.5477 -0.4799
v 1.2435 2.7921 -0.4374
v 1.2293 2.8353 -0.4813
v 1.2158 2.8564 -0.5341
v 1.5380 4.1378 -0.5277
v 1.4488 3.7559 -0.3349
v 1.4162 3.6192 -0.4101
v 1.3584 3.3631 -0.4472
v 1.4038 3.6019 -0.5345
v 1.4224 3.7076 -0.6300
v 1.5547 4.2512 -0.6610
v 1.6804 4.8370 -0.6750
v 1.7193 4.8320 -0.5713
v 1.7629 4.8680 -0.4564
v 1.5828 4.2920 -0.4132
v 1.4949 5.8140 -0.5268
v 1.4444 5.7918 -0.6183
v 1.4005 5.7837 -0.7047
v 2.2651 -5.4769 -0.4147
v 2.1410 -3.6540 -0.5618
v 1.9668 -2.0370 -0.6600
v 2.3420 -5.4777 -0.3141
v 2.2168 -3.6555 -0.4609
v 2.0199 -2.0395 -0.5488
v 2.3900 -5.4792 -0.1983
v 2.2765 -3.6580 -0.3462
v 2.0656 -2.0447 -0.4280
v 1.4170 0.8901 -0.5574
v 1.5898 0.2127 -0.6964
v 1.4044 0.7998 -0.6395
v 1.2711 1.1657 -0.6204
v 1.2811 1.2222 -0.5734
v 1.2589 1.3406 -0.5404
v 1.3255 1.2183 -0.5091
v 1.3737 1.1593 -0.4586
v 1.4826 0.7949 -0.4748
v 1.6499 0.2026 -0.4926
v 1.6160 0.2204 -0.5963
v 1.0337 2.2774 -0.5253
v 1.0746 2.5088 -0.5998
v 1.1463 2.7619 -0.6724
v 1.0527 2.2836 -0.5050
v 1.0908 2.5254 -0.5783
v 1.1693 2.8119 -0.6582
v 1.0727 2.2886 -0.4835
v 1.1076 2.5379 -0.5503
v 1.1875 2.8428 -0.6295
v 1.4315 4.0868 -0.8571
v 1.3056 3.6727 -0.8518
v 1.4093 4.2180 -0.8875
v 1.4884 4.8158 -0.9006
v 1.5349 4.7948 -0.8752
v 1.5868 4.8199 -0.8277
v 1.4964 4.2272 -0.8150
v 1.3852 3.6847 -0.7697
v 1.3371 3.5605 -0.7959
v 1.2667 3.3128 -0.7883
v 1.3048 3.5567 -0.8289
v 1.2112 5.7627 -0.9148
v 1.2601 5.7618 -0.8878
v 1.3082 5.7688 -0.8416
v 1.5230 0.8921 -0.2438
v 1.7348 0.2125 -0.1627
v 1.7118 0.2193 -0.2373
v 1.6986 0.2022 -0.3146
v 1.5290 0.7944 -0.3252
v 1.4211 1.1598 -0.3482
v 1.4260 1.2226 -0.2957
v 1.4151 1.3519 -0.2637
v 1.4484 1.2313 -0.2121
v 1.4742 1.1775 -0.1496
v 1.5713 0.8078 -0.1596
v -1.5713 4.2803 -0.5967
v -1.6928 5.0345 -0.5387
v -1.6691 4.9875 -0.6412
v -1.6360 4.9875 -0.7350
v -1.5736 4.3949 -0.7198
v -1.4869 3.8436 -0.6848
v -1.4689 3.7383 -0.5947
v -1.4224 3.4992 -0.5045
v -1.4717 3.7569 -0.4822
v -1.5058 3.8920 -0.4236
v -1.6076 4.4368 -0.4956
v 2.4073 -5.4876 0.0889
v 2.4196 -5.4812 0.0414
v 2.4264 -5.4798 -0.0157
v 2.3113 -3.6627 -0.0240
v 2.3213 -3.6587 -0.0825
v 2.3250 -3.6589 -0.1506
v 2.1209 -2.0452 -0.0840
v 2.1192 -2.0435 -0.1518
v 2.1152 -2.0461 -0.2258
v -1.2679 2.0322 -0.2741
v -1.2331 2.0298 -0.3107
v -1.2057 2.0262 -0.3394
v -1.3152 1.8678 -0.2519
v -1.2897 1.8604 -0.2901
v -1.2631 1.8535 -0.3244
v -1.3438 1.7282 -0.2475
v -1.3346 1.7067 -0.2776
v -1.3178 1.6913 -0.3134
v -1.5207 1.0289 -0.1625
v -1.4642 1.3217 -0.0700
v -1.4324 1.3737 -0.1327
v -1.3918 1.4943 -0.1823
v -1.4150 1.3623 -0.2146
v -1.4229 1.2975 -0.2672
v -1.5433 0.9303 -0.2419
v -1.7420 0.3378 -0.2307
v -1.7362 0.3526 -0.1558
v -1.7451 0.3445 -0.0739
v -1.5642 0.9446 -0.0731
v -2.1703 -1.9355 0.0346
v -2.1763 -1.9362 -0.0360
v -2.1827 -1.9382 -0.0999
v -2.3561 -3.5743 0.1452
v -2.3660 -3.5756 0.0857
v -2.3742 -3.5770 0.0313
v -2.5507 -5.4140 0.3094
v -2.5608 -5.4156 0.2632
v -2.5677 -5.4175 0.2194
v -1.2841 5.7968 1.0337
v -1.1935 5.7876 1.0510
v -1.0980 5.7825 1.0547
v -1.1769 5.8825 0.8779
v -1.0886 5.8573 0.8912
v -1.0021 5.8228 0.8951
v -1.0555 5.8814 0.7807
v -0.9738 5.8580 0.7952
v -0.8901 5.8615 0.7998
v -0.5396 5.7819 1.0571
v -0.4630 5.7928 1.0124
v -0.3850 5.8091 0.9685
v -0.5398 5.9480 0.9521
v -0.4537 5.9637 0.9270
v -0.3765 5.9818 0.8910
v -0.5208 6.0531 0.8541
v -0.4416 6.0796 0.8532
v -0.3596 6.0971 0.8364
v 0.0835 5.8238 0.9388
v 0.1433 5.8217 0.8874
v 0.2391 5.8219 0.8981
v 0.0807 6.0103 0.8439
v 0.1493 6.0115 0.8058
v 0.2396 6.0067 0.8195
v 0.0812 6.1351 0.7884
v 0.1499 6.1362 0.7592
v 0.2337 6.1284 0.7704
v 0.7901 5.7458 0.9714
v 0.8831 5.7443 1.0006
v 0.9796 5.7507 1.0204
v 0.7684 5.9153 0.9091
v 0.8605 5.9151 0.9230
v 0.9532 5.9201 0.9262
v 0.7294 6.0354 0.8420
v 0.8127 6.0298 0.8416
v 0.8928 6.0248 0.8355
v -1.1198 4.3473 1.5802
v -1.1744 3.9319 1.6362
v -1.1082 3.8118 1.6213
v -1.0533 3.5593 1.5985
v -1.0359 3.8125 1.5834
v -0.9907 3.9339 1.5578
v -1.0465 4.4808 1.5330
v -1.0900 5.0566 1.4353
v -1.1805 5.0358 1.4574
v -1.2761 5.0584 1.4520
v -1.2210 4.4801 1.5856
v -0.4063 4.3692 1.5255
v -0.4959 3.9540 1.5736
v -0.4256 3.8364 1.5700
v -0.3798 3.5848 1.5551
v -0.3569 3.8388 1.5436
v -0.3162 3.9635 1.5167
v -0.3356 4.5054 1.4684
v -0.3582 5.0656 1.2829
v -0.4485 5.0383 1.3092
v -0.5485 5.0532 1.3030
v -0.5144 4.4961 1.5145
v 0.1030 4.3662 1.4534
v 0.0821 3.9680 1.5813
v 0.1013 3.8406 1.5360
v 0.1101 3.5859 1.5213
v 0.1395 3.8368 1.4958
v 0.2042 3.9569 1.5014
v 0.2003 4.4978 1.4438
v 0.2189 5.0564 1.2347
v 0.1217 5.0364 1.2408
v 0.0907 5.0664 1.3191
v 0.0957 4.5075 1.5164
v 0.7649 4.3130 1.5967
v 0.6384 3.9209 1.5343
v 0.6676 3.7940 1.5028
v 0.6837 3.5417 1.4575
v 0.7507 3.7871 1.5045
v 0.8316 3.8985 1.5305
v 0.8826 4.4360 1.5722
v 0.9335 5.0007 1.4090
v 0.8334 4.9867 1.4323
v 0.7425 5.0176 1.4384
v 0.6964 4.4548 1.5955
v -1.0356 2.4526 1.4819
v -1.0086 2.4547 1.4805
v -0.9789 2.4565 1.4806
v -1.0199 2.7027 1.5188
v -0.9901 2.7179 1.5108
v -0.9566 2.7269 1.5062
v -1.0108 2.9758 1.5451
v -0.9809 3.0266 1.5346
v -0.9440 3.0554 1.5253
v -0.4302 2.4875 1.4288
v -0.4016 2.4912 1.4124
v -0.3686 2.4937 1.4041
v -0.4066 2.7354 1.4528
v -0.3818 2.7530 1.4253
v -0.3470 2.7630 1.4059
v -0.3764 3.0042 1.4902
v -0.3559 3.0581 1.4647
v -0.3250 3.0893 1.4378
v 0.1874 2.4832 1.4539
v 0.2287 2.4841 1.4377
v 0.2716 2.4846 1.4295
v 0.1612 2.7314 1.4516
v 0.2055 2.7456 1.4372
v 0.2521 2.7533 1.4381
v 0.1448 3.0030 1.4665
v 0.1857 3.0532 1.4523
v 0.2334 3.0809 1.4511
v 0.8004 2.4437 1.3440
v 0.8393 2.4440 1.3170
v 0.8766 2.4435 1.2928
v 0.7626 2.6912 1.3671
v 0.7987 2.7046 1.3364
v 0.8367 2.7115 1.3104
v 0.7226 2.9613 1.3822
v 0.7637 3.0110 1.3642
v 0.8094 3.0374 1.3472
v -1.1883 1.1744 1.2924
v -1.3821 0.4508 1.3024
v -1.3264 0.4736 1.4162
v -1.2452 0.4646 1.5046
v -1.1337 1.0758 1.3595
v -1.0675 1.4263 1.2564
v -1.0952 1.4881 1.2260
v -1.0871 1.6026 1.1903
v -1.1340 1.4953 1.2053
v -1.1879 1.4425 1.1846
v -1.2680 1.0781 1.2290
v -0.5984 1.1108 1.2878
v -0.7563 0.4107 1.1622
v -0.6579 0.4187 1.1913
v -0.5682 0.4024 1.2381
v -0.5240 1.0136 1.3232
v -0.4941 1.3633 1.3862
v -0.5489 1.4171 1.3819
v -0.5746 1.5249 1.3976
v -0.6149 1.4173 1.3621
v -0.6650 1.3677 1.3193
v -0.6865 1.0251 1.2255
v 0.1768 1.0960 1.4308
v 0.0784 0.3834 1.3779
v 0.1687 0.3992 1.4902
v 0.2614 0.3893 1.5915
v 0.2771 1.0051 1.5100
v 0.2902 1.3587 1.4575
v 0.2224 1.4127 1.4251
v 0.1746 1.5227 1.3970
v 0.1261 1.4106 1.3813
v 0.0478 1.3532 1.3586
v 0.0697 0.9994 1.3615
v 0.8493 1.0407 1.1801
v 0.7810 0.3253 1.1937
v 0.8862 0.3293 1.1936
v 0.9939 0.3099 1.2141
v 0.9597 0.9400 1.1849
v 0.9465 1.2986 1.1922
v 0.8804 1.3545 1.2181
v 0.8327 1.4646 1.2601
v 0.7915 1.3612 1.2443
v 0.7276 1.3138 1.2434
v 0.7524 0.9552 1.1960
v -2.0967 -5.3124 1.4718
v -2.0572 -5.2925 1.6421
v -1.9737 -5.2794 1.7903
v -1.8847 -3.4703 1.4487
v -1.8442 -3.4506 1.6140
v -1.7599 -3.4386 1.7534
v -1.6909 -1.8332 1.4195
v -1.6476 -1.8141 1.5758
v -1.5615 -1.8046 1.7025
v -1.2679 -5.3138 1.2769
v -1.1307 -5.3039 1.2148
v -0.9838 -5.2928 1.1885
v -1.1120 -3.4824 1.2394
v -0.9822 -3.4773 1.1922
v -0.8454 -3.4716 1.1799
v -0.9741 -1.8550 1.1991
v -0.8520 -1.8533 1.1697
v -0.7266 -1.8528 1.1736
v -0.1466 -5.3163 1.4731
v -0.0263 -5.3316 1.6160
v 0.1089 -5.3514 1.7281
v -0.0713 -3.4930 1.4582
v 0.0379 -3.5008 1.6010
v 0.1612 -3.5133 1.7154
v -0.0072 -1.8728 1.4406
v 0.0926 -1.8740 1.5795
v 0.2048 -1.8808 1.6933
v 0.7842 -5.5084 1.1344
v 0.9183 -5.5226 1.0717
v 1.0686 -5.5354 1.0551
v 0.8014 -3.6419 1.1620
v 0.9315 -3.6539 1.1202
v 1.0725 -3.6651 1.1238
v 0.8086 -1.9837 1.1854
v 0.9328 -1.9932 1.1663
v 1.0615 -2.0038 1.1887
v -1.9061 -1.8772 1.0212
v -1.9536 -1.8794 0.9846
v -2.0069 -1.8851 0.9387
v -2.0891 -3.5201 1.0158
v -2.1322 -3.5238 0.9781
v -2.1784 -3.5290 0.9324
v -2.3051 -5.3651 1.0155
v -2.3451 -5.3693 0.9784
v -2.3860 -5.3742 0.9358
v -2.1218 -1.8953 0.8038
v -2.1738 -1.8997 0.7150
v -2.2142 -1.9068 0.6177
v -2.2778 -3.5403 0.8079
v -2.3240 -3.5458 0.7305
v -2.3605 -3.5518 0.6473
v -2.4727 -5.3857 0.8288
v -2.5136 -5.3915 0.7665
v -2.5458 -5.3967 0.7020
v -2.2275 -1.9180 0.4111
v -2.2066 -1.9219 0.3076
v -2.1852 -1.9280 0.2076
v -2.3814 -3.5612 0.4719
v -2.3706 -3.5646 0.3818
v -2.3583 -3.5685 0.2943
v -2.5662 -5.4044 0.5686
v -2.5586 -5.4071 0.4977
v -2.5491 -5.4097 0.4275
v -1.5101 1.1463 0.9101
v -1.3900 1.4106 0.9426
v -1.3969 1.4628 0.8984
v -1.3746 1.5719 0.8604
v -1.4103 1.4565 0.8357
v -1.4430 1.3947 0.7885
v -1.5761 1.0477 0.8534
v -1.7057 0.4155 0.8988
v -1.6497 0.4316 0.9513
v -1.6028 0.4207 0.9941
v -1.4834 1.0516 0.9698
v -1.6734 1.1238 0.5852
v -1.5025 1.3837 0.6541
v -1.5183 1.4361 0.5861
v -1.5077 1.5472 0.5418
v -1.5734 1.4349 0.5085
v -1.6214 1.3634 0.4466
v -1.7351 0.9966 0.4873
v -1.8937 0.3928 0.5328
v -1.8533 0.4124 0.6391
v -1.8109 0.4060 0.7416
v -1.6579 1.0368 0.6965
v -1.6417 1.0648 0.1934
v -1.6124 1.3530 0.2972
v -1.5696 1.4079 0.2244
v -1.5209 1.5317 0.1670
v -1.5287 1.4027 0.1321
v -1.5161 1.3372 0.0692
v -1.6224 0.9618 0.0967
v -1.7941 0.3586 0.1109
v -1.8315 0.3803 0.2134
v -1.8808 0.3768 0.3176
v -1.7156 0.9802 0.2986
v -1.2857 2.1072 0.9395
v -1.3035 2.0976 0.9026
v -1.3323 2.0897 0.8655
v -1.2916 1.9418 0.8968
v -1.3105 1.9303 0.8664
v -1.3396 1.9197 0.8224
v -1.3447 1.8085 0.8763
v -1.3753 1.7872 0.8407
v -1.4015 1.7728 0.8002
v -1.4708 2.0773 0.5306
v -1.4824 2.0749 0.4691
v -1.4974 2.0710 0.4099
v -1.4669 1.9240 0.5126
v -1.4846 1.9174 0.4624
v -1.4957 1.9098 0.4093
v -1.4804 1.7892 0.5112
v -1.5033 1.7677 0.4640
v -1.5190 1.7526 0.4115
v -1.4448 2.0619 0.0395
v -1.4276 2.0553 -0.0214
v -1.4097 2.0482 -0.0779
v -1.4646 1.9042 0.0632
v -1.4461 1.8936 0.0092
v -1.4234 1.8826 -0.0398
v -1.4897 1.7697 0.0862
v -1.4789 1.7465 0.0383
v -1.4604 1.7289 -0.0105
v -1.6152 4.3645 1.0990
v -1.7141 5.1196 0.9956
v -1.7095 5.0790 0.9298
v -1.7081 5.0985 0.8431
v -1.6215 4.5063 0.9626
v -1.5336 3.9552 1.0262
v -1.5154 3.8296 1.1324
v -1.4880 3.5708 1.2218
v -1.5458 3.8179 1.2443
v -1.5689 3.9357 1.3020
v -1.6494 4.5011 1.1704
v -1.7332 4.3633 0.5825
v -1.7390 5.1035 0.6267
v -1.7338 5.0807 0.4911
v -1.7424 5.1029 0.3355
v -1.7555 4.4981 0.3908
v -1.7021 3.9384 0.4135
v -1.6873 3.8184 0.5519
v -1.6445 3.5655 0.6546
v -1.6445 3.8233 0.7106
v -1.6098 3.9509 0.8052
v -1.7001 4.5040 0.7252
v -1.7526 4.3362 -0.0960
v -1.7736 5.0934 0.0265
v -1.7330 5.0577 -0.1222
v -1.7603 5.0715 -0.2744
v -1.6811 4.4692 -0.2651
v -1.5847 3.9176 -0.2202
v -1.6706 3.7897 -0.1328
v -1.6811 3.5344 -0.0377
v -1.7026 3.7950 0.0189
v -1.6924 3.9299 0.1258
v -1.7592 4.4872 0.0660
v -1.2620 5.8909 0.7310
v -1.3079 5.9056 0.7126
v -1.3518 5.9308 0.6769
v -1.4271 5.9860 0.5283
v -1.4600 6.0099 0.4263
v -1.4782 6.0253 0.3054
v -1.4905 6.0173 -0.0128
v -1.4814 6.0082 -0.1658
v -1.4662 5.9997 -0.3075
v -0.9682 5.8470 -0.8955
v -0.8984 5.8453 -0.8804
v -0.8281 5.8490 -0.8649
v -0.4045 5.8074 -0.8213
v -0.3425 5.7993 -0.7721
v -0.2825 5.7971 -0.7182
v 0.1357 5.7793 -0.7886
v 0.2089 5.7755 -0.7614
v 0.2799 5.7765 -0.7257
v 0.6768 5.7800 -0.8954
v 0.7516 5.7822 -0.8856
v 0.8281 5.7938 -0.8878
v -1.1704 4.1907 -0.9412
v -1.2518 3.7731 -0.9272
v -1.2740 4.3288 -0.9540
v -1.2852 4.9360 -0.9593
v -1.1908 4.9129 -0.9505
v -1.0973 4.9354 -0.9403
v -1.0789 4.3266 -0.9348
v -1.0354 3.7671 -0.9098
v -1.0898 3.6472 -0.9057
v -1.1181 3.3953 -0.8907
v -1.1834 3.6491 -0.9157
v -0.4816 4.1455 -0.8832
v -0.5748 3.7321 -0.9224
v -0.5691 4.2888 -0.9131
v -0.5620 4.8956 -0.8937
v -0.4752 4.8659 -0.8614
v -0.3882 4.8841 -0.8325
v -0.3899 4.2779 -0.8521
v -0.3788 3.7186 -0.8492
v -0.4356 3.6005 -0.8672
v -0.4759 3.3491 -0.8843
v -0.5203 3.6050 -0.9030
v 0.2018 4.1150 -0.8657
v 0.0799 3.6977 -0.8891
v 0.1079 4.2541 -0.8770
v 0.1279 4.8601 -0.8482
v 0.2222 4.8352 -0.8378
v 0.3163 4.8568 -0.8290
v 0.3034 4.2498 -0.8495
v 0.2989 3.6908 -0.8505
v 0.2327 3.5710 -0.8597
v 0.1784 3.3191 -0.8696
v 0.1381 3.5740 -0.8802
v 0.8750 4.1122 -0.8987
v 0.7416 3.6905 -0.9061
v 0.7880 4.2468 -0.9220
v 0.8242 4.8530 -0.9316
v 0.9188 4.8327 -0.9249
v 1.0182 4.8568 -0.9132
v 0.9820 4.2483 -0.8827
v 0.9444 3.6920 -0.8360
v 0.8753 3.5718 -0.8472
v 0.8137 3.3196 -0.8464
v 0.7904 3.5712 -0.8828
v -0.9809 2.3195 -0.6963
v -1.0169 2.5516 -0.7621
v -1.0424 2.8158 -0.8173
v -0.9436 2.3118 -0.7031
v -0.9770 2.5603 -0.7675
v -1.0033 2.8624 -0.8238
v -0.9109 2.3053 -0.7086
v -0.9410 2.5643 -0.7716
v -0.9649 2.8868 -0.8280
v -0.4275 2.2581 -0.8004
v -0.4337 2.4974 -0.8357
v -0.4377 2.7667 -0.8580
v -0.3864 2.2530 -0.7958
v -0.3916 2.5077 -0.8256
v -0.3970 2.8143 -0.8440
v -0.3477 2.2477 -0.7904
v -0.3518 2.5130 -0.8159
v -0.3571 2.8386 -0.8313
v 0.2175 2.2182 -0.8010
v 0.2157 2.4647 -0.8318
v 0.2116 2.7362 -0.8481
v 0.2664 2.2157 -0.7964
v 0.2633 2.4765 -0.8268
v 0.2576 2.7849 -0.8410
v 0.3091 2.2140 -0.7928
v 0.3048 2.4829 -0.8233
v 0.3013 2.8118 -0.8357
v 0.7952 2.2333 -0.6675
v 0.8071 2.4741 -0.7126
v 0.8167 2.7429 -0.7600
v 0.8347 2.2338 -0.6506
v 0.8461 2.4881 -0.6971
v 0.8571 2.7925 -0.7467
v 0.8671 2.2319 -0.6367
v 0.8807 2.4957 -0.6852
v 0.8957 2.8193 -0.7345
v -1.2679 1.0084 -0.6707
v -1.4898 0.3270 -0.5830
v -1.3543 0.9239 -0.5933
v -1.2475 1.2823 -0.5845
v -1.1868 1.3330 -0.6345
v -1.1136 1.4483 -0.6646
v -1.1338 1.3312 -0.6976
v -1.1169 1.2731 -0.7414
v -1.2322 0.9123 -0.7386
v -1.3518 0.3097 -0.7236
v -1.4163 0.3303 -0.6518
v -0.6427 0.9450 -1.0165
v -0.8383 0.2666 -1.0588
v -0.7632 0.8652 -1.0089
v -0.7115 1.2239 -0.9449
v -0.6341 1.2721 -0.9497
v -0.5654 1.3835 -0.9338
v -0.5433 1.2648 -0.9772
v -0.4852 1.2038 -1.0071
v -0.5465 0.8448 -1.0407
v -0.6085 0.2440 -1.0598
v -0.7236 0.2668 -1.0593
v 0.1963 0.9051 -1.0929
v 0.0703 0.2317 -1.1149
v 0.0819 0.8213 -1.0995
v 0.0753 1.1724 -1.0271
v 0.1499 1.2222 -1.0124
v 0.2011 1.3342 -0.9750
v 0.2497 1.2207 -1.0196
v 0.3230 1.1672 -1.0414
v 0.3091 0.8124 -1.1056
v 0.3032 0.2220 -1.1338
v 0.1876 0.2388 -1.1254
v 0.9987 0.8910 -0.9218
v 0.9565 0.2164 -0.9562
v 0.9149 0.8056 -0.9660
v 0.8559 1.1600 -0.9250
v 0.9083 1.2123 -0.8897
v 0.9254 1.3269 -0.8470
v 0.9863 1.2097 -0.8558
v 1.0468 1.1534 -0.8368
v 1.0924 0.7961 -0.8814
v 1.1484 0.2038 -0.8861
v 1.0533 0.2223 -0.9193
v -2.3833 -5.4706 -0.3121
v -2.1661 -3.6077 -0.4574
v -1.9213 -1.9571 -0.5248
v -2.2968 -5.4907 -0.4230
v -2.0771 -3.6244 -0.5512
v -1.8285 -1.9707 -0.5977
v -2.1819 -5.5147 -0.5135
v -1.9700 -3.6446 -0.6334
v -1.7283 -1.9883 -0.6688
v -1.3454 -5.6485 -0.9044
v -1.1954 -3.7477 -1.0008
v -1.0559 -2.0622 -1.0655
v -1.1856 -5.6492 -0.8999
v -1.0471 -3.7526 -0.9932
v -0.9195 -2.0699 -1.0568
v -1.0206 -5.6424 -0.8843
v -0.8940 -3.7532 -0.9748
v -0.7789 -2.0771 -1.0378
v -0.0846 -5.5111 -0.8665
v -0.0276 -3.6709 -0.9753
v 0.0177 -2.0373 -1.0651
v 0.0795 -5.4923 -0.8816
v 0.1247 -3.6601 -0.9979
v 0.1570 -2.0328 -1.0939
v 0.2388 -5.4776 -0.8913
v 0.2725 -3.6527 -1.0137
v 0.2928 -2.0325 -1.1148
v 1.1533 -5.4752 -0.6815
v 1.1145 -3.6535 -0.7919
v 1.0575 -2.0352 -0.8756
v 1.3003 -5.4863 -0.6552
v 1.2495 -3.6629 -0.7640
v 1.1797 -2.0427 -0.8448
v 1.4484 -5.4957 -0.6349
v 1.3858 -3.6716 -0.7439
v 1.3032 -2.0516 -0.8242
v 2.1245 -5.5404 0.7956
v 2.1518 -5.5382 0.7433
v 2.1780 -5.5432 0.7037
v 2.0328 -3.6833 0.8544
v 2.0637 -3.6823 0.8002
v 2.0932 -3.6876 0.7566
v 1.9377 -2.0322 0.9238
v 1.9751 -2.0314 0.8707
v 2.0109 -2.0373 0.8255
v 2.2582 -5.5724 0.6120
v 2.3094 -5.5900 0.5529
v 2.3559 -5.6018 0.4919
v 2.1758 -3.7125 0.6434
v 2.2254 -3.7274 0.5658
v 2.2700 -3.7387 0.4829
v 2.0934 -2.0583 0.6938
v 2.1364 -2.0701 0.5999
v 2.1726 -2.0818 0.4986
v 2.3998 -5.5846 0.3613
v 2.4004 -5.5574 0.2843
v 2.3982 -5.5276 0.2068
v 2.3115 -3.7296 0.3085
v 2.3109 -3.7104 0.2135
v 2.3070 -3.6898 0.1205
v 2.1880 -2.0807 0.2900
v 2.1690 -2.0690 0.1827
v 2.1469 -2.0586 0.0797
v 1.5360 0.9885 0.8262
v 1.6607 0.2693 0.9248
v 1.7005 0.2808 0.8698
v 1.7372 0.2638 0.8146
v 1.5929 0.8904 0.7702
v 1.5057 1.2526 0.7302
v 1.4774 1.3123 0.7773
v 1.4487 1.4248 0.8193
v 1.4470 1.3105 0.8520
v 1.4284 1.2549 0.8970
v 1.5181 0.8947 0.8995
v 1.6836 0.9661 0.5124
v 1.8203 0.2505 0.6642
v 1.8505 0.2527 0.5575
v 1.8799 0.2299 0.4462
v 1.7364 0.8607 0.4067
v 1.6392 1.2071 0.3742
v 1.6006 1.2811 0.4407
v 1.5512 1.3987 0.4780
v 1.5631 1.2906 0.5271
v 1.5540 1.2409 0.5983
v 1.6675 0.8797 0.6229
v 1.6484 0.9142 0.1082
v 1.8675 0.2197 0.2279
v 1.8281 0.2318 0.1172
v 1.7919 0.2182 0.0118
v 1.6306 0.8176 0.0056
v 1.5169 1.1863 -0.0106
v 1.5305 1.2488 0.0559
v 1.5240 1.3752 0.0981
v 1.5747 1.2522 0.1518
v 1.6198 1.1969 0.2238
v 1.7173 0.8250 0.2164
v 1.4194 5.8343 0.7712
v 1.4667 5.8460 0.7204
v 1.5227 5.8422 0.5312
v 1.4848 5.8268 0.4095
v 1.4886 5.8244 0.2700
v 1.4897 5.8022 -0.0169
v 1.4918 5.8078 -0.1633
v 1.5267 5.8246 -0.3015
v 1.6221 4.2333 0.9981
v 1.4458 3.8337 1.1904
v 1.4450 3.7103 1.1237
v 1.4069 3.4588 1.0863
v 1.5119 3.6996 1.0077
v 1.5953 3.8085 0.9079
v 1.7130 4.3536 0.8534
v 1.8124 4.9478 0.7578
v 1.7882 4.9420 0.8652
v 1.7577 4.9903 0.9419
v 1.6063 4.3805 1.0838
v 1.8108 4.1951 0.4252
v 1.6835 3.7909 0.6730
v 1.6836 3.6652 0.5627
v 1.6393 3.4114 0.5008
v 1.7227 3.6556 0.4031
v 1.8181 3.7606 0.2850
v 1.9035 4.3186 0.2368
v 1.9106 4.9254 0.1777
v 1.8636 4.9119 0.3464
v 1.8430 4.9371 0.4999
v 1.7933 4.3375 0.5861
v 1.7673 4.1075 -0.1928
v 1.9220 3.7140 0.0187
v 1.8877 3.5814 -0.0893
v 1.8077 3.3300 -0.1398
v 1.7756 3.5926 -0.2104
v 1.6721 3.7333 -0.2356
v 1.7641 4.2898 -0.2133
v 1.8006 4.8260 -0.2141
v 1.7553 4.7438 -0.1594
v 1.7719 4.7251 -0.1328
v 1.8388 4.2520 -0.0354
v 1.2888 2.3638 0.9755
v 1.3312 2.3575 0.9289
v 1.3752 2.3503 0.8769
v 1.2832 2.6125 1.0082
v 1.3416 2.6182 0.9622
v 1.4010 2.6167 0.9126
v 1.3153 2.8823 1.0379
v 1.3768 2.9235 0.9874
v 1.4399 2.9414 0.9292
v 1.4791 2.3183 0.4540
v 1.5250 2.3124 0.4132
v 1.5627 2.3045 0.3568
v 1.4856 2.5684 0.4433
v 1.5649 2.5698 0.4111
v 1.6366 2.5624 0.3614
v 1.5309 2.8362 0.4542
v 1.6086 2.8737 0.4038
v 1.6895 2.8854 0.3456
v 1.5004 2.2749 -0.0761
v 1.4790 2.2744 -0.1478
v 1.4404 2.2778 -0.2076
v 1.5829 2.5027 -0.1227
v 1.5619 2.5151 -0.2011
v 1.5009 2.5352 -0.2542
v 1.6660 2.7597 -0.1540
v 1.6232 2.8168 -0.2218
v 1.5499 2.8589 -0.2660
v -1.6931 -5.2888 1.8216
v -1.5735 -5.3026 1.6944
v -1.4795 -5.3136 1.5340
v -1.5005 -3.4483 1.7627
v -1.3959 -3.4621 1.6328
v -1.3122 -3.4749 1.4757
v -1.3273 -1.8150 1.6869
v -1.2408 -1.8274 1.5558
v -1.1671 -1.8419 1.4058
v -0.9370 1.1442 1.2026
v -1.0851 0.4497 1.4410
v -1.0388 0.4513 1.3200
v -0.9644 0.4265 1.2163
v -0.8553 1.0413 1.1836
v -0.7717 1.3870 1.2380
v -0.8183 1.4498 1.2207
v -0.8392 1.5611 1.2230
v -0.9069 1.4601 1.2035
v -0.9748 1.4135 1.2272
v -1.0191 1.0615 1.3013
v -0.7151 2.4642 1.5249
v -0.6671 2.4693 1.5289
v -0.6213 2.4744 1.5278
v -0.6942 2.7130 1.5634
v -0.6482 2.7309 1.5728
v -0.6021 2.7432 1.5751
v -0.6776 2.9855 1.5585
v -0.6364 3.0389 1.5697
v -0.5922 3.0713 1.5813
v -0.7690 4.3516 1.5218
v -0.8544 3.9364 1.5340
v -0.7791 3.8177 1.5420
v -0.7182 3.5668 1.5485
v -0.6862 3.8206 1.5554
v -0.6358 3.9450 1.5620
v -0.6858 4.4877 1.5102
v -0.7339 5.0503 1.3195
v -0.8209 5.0310 1.3575
v -0.9124 5.0544 1.3855
v -0.8821 4.4820 1.4960
v -0.9088 5.7745 1.0786
v -0.8154 5.7705 1.1016
v -0.7172 5.7713 1.1063
v -0.8266 5.8380 0.9152
v -0.7518 5.8605 0.9318
v -0.7004 5.9017 0.9427
v -0.7464 5.9098 0.8161
v -0.6790 5.9359 0.8295
v -0.6198 5.9687 0.8425
v -0.6860 -5.2822 1.1862
v -0.5386 -5.2854 1.2053
v -0.3969 -5.2932 1.2532
v -0.5706 -3.4677 1.1895
v -0.4339 -3.4715 1.2054
v -0.3020 -3.4786 1.2471
v -0.4754 -1.8545 1.1992
v -0.3483 -1.8580 1.2122
v -0.2245 -1.8652 1.2460
v -0.2420 1.0917 1.3840
v -0.3720 0.3930 1.3024
v -0.2590 0.4015 1.2944
v -0.1454 0.3854 1.2790
v -0.1400 0.9982 1.3362
v -0.1248 1.3520 1.3546
v -0.1875 1.4071 1.3904
v -0.2272 1.5192 1.4191
v -0.2789 1.4097 1.4182
v -0.3519 1.3583 1.4114
v -0.3561 1.0038 1.3811
v -0.1452 2.4958 1.5243
v -0.1012 2.4995 1.5359
v -0.0553 2.5013 1.5385
v -0.1391 2.7429 1.5596
v -0.0970 2.7597 1.5823
v -0.0496 2.7694 1.5914
v -0.1215 3.0138 1.5608
v -0.0883 3.0672 1.5900
v -0.0436 3.0971 1.6102
v -0.0804 4.3713 1.4463
v -0.1824 3.9646 1.4886
v -0.1206 3.8432 1.4866
v -0.0977 3.5914 1.5179
v -0.0745 3.8457 1.5358
v -0.0418 3.9705 1.5831
v -0.0451 4.5104 1.5145
v -0.0445 5.0709 1.3312
v -0.0928 5.0442 1.2544
v -0.1892 5.0646 1.2236
v -0.1761 4.5056 1.4285
v -0.2153 5.8264 0.9076
v -0.1186 5.8247 0.9068
v -0.0542 5.8264 0.9607
v -0.2134 6.0079 0.8365
v -0.1252 6.0122 0.8217
v -0.0575 6.0109 0.8651
v -0.2036 6.1253 0.7963
v -0.1273 6.1354 0.7730
v -0.0585 6.1345 0.8062
v 0.3938 -5.4057 1.6973
v 0.4994 -5.4364 1.5599
v 0.5846 -5.4654 1.3964
v 0.4244 -3.5539 1.6897
v 0.5218 -3.5791 1.5552
v 0.6027 -3.6045 1.3972
v 0.4457 -1.9094 1.6694
v 0.5329 -1.9290 1.5382
v 0.6090 -1.9516 1.3878
v 0.4953 1.0784 1.3673
v 0.4541 0.3760 1.5558
v 0.5161 0.3744 1.4382
v 0.5875 0.3472 1.3204
v 0.5789 0.9729 1.2888
v 0.5810 1.3298 1.2827
v 0.5227 1.3918 1.3157
v 0.4931 1.5048 1.3421
v 0.4587 1.3997 1.3701
v 0.4131 1.3510 1.4206
v 0.4312 0.9954 1.4709
v 0.4854 2.4743 1.3646
v 0.5200 2.4757 1.3663
v 0.5557 2.4749 1.3736
v 0.4757 2.7243 1.3815
v 0.5076 2.7376 1.4047
v 0.5399 2.7421 1.4307
v 0.4590 2.9944 1.4237
v 0.4845 3.0421 1.4608
v 0.5186 3.0657 1.4952
v 0.4233 4.3531 1.5474
v 0.3411 3.9529 1.5118
v 0.3804 3.8256 1.5099
v 0.3978 3.5719 1.4923
v 0.4372 3.8212 1.5407
v 0.5070 3.9363 1.5698
v 0.5317 4.4758 1.5693
v 0.5596 5.0378 1.4157
v 0.4654 5.0254 1.3814
v 0.3823 5.0557 1.3276
v 0.3598 4.4942 1.4950
v 0.4175 5.8014 0.9561
v 0.5117 5.7814 0.9722
v 0.6053 5.7653 0.9704
v 0.4161 5.9789 0.8552
v 0.5054 5.9581 0.8602
v 0.5946 5.9401 0.8610
v 0.3978 6.0995 0.7921
v 0.4802 6.0804 0.7952
v 0.5640 6.0622 0.8069
v -2.2247 -5.3579 1.0837
v -2.1839 -5.3532 1.1315
v -2.1469 -5.3454 1.2059
v -2.0088 -3.5133 1.0787
v -1.9692 -3.5087 1.1213
v -1.9331 -3.5020 1.1906
v -1.8216 -1.8715 1.0762
v -1.7791 -1.8668 1.1119
v -1.7402 -1.8623 1.1745
v -1.3340 1.1569 1.0427
v -1.5100 0.4237 1.0369
v -1.4599 0.4389 1.0605
v -1.4239 0.4296 1.1110
v -1.3228 1.0660 1.0884
v -1.2423 1.4366 1.0951
v -1.2458 1.4885 1.0649
v -1.2383 1.5968 1.0454
v -1.2845 1.4795 1.0160
v -1.3278 1.4182 0.9934
v -1.4002 1.0560 1.0166
v -1.2594 2.4578 1.4471
v -1.2285 2.4580 1.4650
v -1.1974 2.4581 1.4784
v -1.2665 2.7022 1.5272
v -1.2350 2.7166 1.5438
v -1.2025 2.7247 1.5577
v -1.2718 2.9735 1.5731
v -1.2438 3.0241 1.5900
v -1.2104 3.0526 1.6052
v -1.4539 4.3494 1.4931
v -1.4862 3.9318 1.4650
v -1.4130 3.8094 1.5390
v -1.3429 3.5559 1.5838
v -1.3384 3.8093 1.5912
v -1.2988 3.9307 1.6139
v -1.3805 4.4807 1.5386
v -1.4584 5.0639 1.3791
v -1.5572 5.0549 1.3031
v -1.6474 5.1050 1.1866
v -1.5621 4.4938 1.3641
v -1.5439 5.7836 0.7686
v -1.5194 5.7943 0.8691
v -1.4506 5.8015 0.9475
v -1.3950 5.8751 0.7314
v -1.3353 5.8865 0.7978
v -1.2546 5.8564 0.6639
v -1.1972 5.8507 0.7231
v 1.1704 5.7574 1.0537
v 1.2647 5.7574 1.0711
v 1.3583 5.7642 1.0744
v 1.1359 5.9277 0.9349
v 1.2254 5.9293 0.9377
v 1.3110 5.9313 0.9295
v 1.0450 6.0024 0.8273
v 1.1190 5.9874 0.8254
v 1.1864 5.9656 0.8193
v 1.1117 4.2760 1.5808
v 0.9641 3.8795 1.5607
v 0.9915 3.7525 1.5608
v 0.9972 3.5006 1.5286
v 1.0728 3.7452 1.5739
v 1.1526 3.8577 1.5905
v 1.2285 4.3983 1.5653
v 1.2982 4.9708 1.4167
v 1.2037 4.9543 1.4093
v 1.1159 4.9834 1.3862
v 1.0501 4.4175 1.5574
v 1.0323 2.4352 1.2038
v 1.0565 2.4379 1.1963
v 1.0821 2.4397 1.1909
v 1.0180 2.6823 1.2547
v 1.0449 2.6928 1.2749
v 1.0707 2.6943 1.2966
v 1.0005 2.9342 1.3726
v 1.0305 2.9771 1.4101
v 1.0645 2.9974 1.4399
v 1.1523 1.0208 1.2147
v 1.1785 0.2980 1.2895
v 1.2548 0.3047 1.3231
v 1.3312 0.2860 1.3438
v 1.2238 0.9187 1.2286
v 1.1483 1.2868 1.1557
v 1.1085 1.3470 1.1597
v 1.0755 1.4613 1.1545
v 1.0769 1.3479 1.1724
v 1.0559 1.2942 1.1824
v 1.1087 0.9304 1.2187
v 1.3868 -5.5662 1.1393
v 1.5379 -5.5831 1.2063
v 1.6733 -5.5963 1.2548
v 1.3599 -3.6900 1.2294
v 1.4939 -3.7033 1.2976
v 1.6142 -3.7148 1.3434
v 1.3139 -2.0237 1.3061
v 1.4294 -2.0331 1.3711
v 1.5345 -2.0436 1.4125
v -2.5497 -5.4248 0.1024
v -2.3566 -3.5785 -0.0916
v -2.1555 -1.9370 -0.2268
v -2.5246 -5.4318 0.0170
v -2.3278 -3.5807 -0.1709
v -2.1167 -1.9358 -0.2972
v -2.4913 -5.4415 -0.0844
v -2.2883 -3.5861 -0.2611
v -2.0660 -1.9394 -0.3722
v -1.4492 1.0186 -0.4221
v -1.7045 0.3371 -0.3556
v -1.5122 0.9274 -0.3605
v -1.3935 1.2917 -0.3644
v -1.3529 1.3470 -0.4070
v -1.2944 1.4660 -0.4379
v -1.3210 1.3458 -0.4570
v -1.3159 1.2895 -0.4914
v -1.4412 0.9290 -0.4753
v -1.6111 0.3363 -0.4656
v -1.6561 0.3491 -0.4104
v -1.1725 2.3817 -0.6094
v -1.2290 2.6083 -0.6928
v -1.2791 2.8608 -0.7580
v -1.1629 2.3812 -0.6257
v -1.2198 2.6169 -0.7134
v -1.2707 2.9040 -0.7855
v -1.1516 2.3789 -0.6391
v -1.2067 2.6190 -0.7291
v -1.2542 2.9251 -0.8056
v -1.4497 4.2138 -0.9051
v -1.4527 3.8126 -0.8151
v -1.5082 4.3623 -0.8632
v -1.5411 4.9596 -0.8749
v -1.4840 4.9277 -0.9208
v -1.4245 4.9419 -0.9461
v -1.3980 4.3396 -0.9400
v -1.3482 3.7862 -0.9114
v -1.3730 3.6729 -0.8819
v -1.3662 3.4275 -0.8372
v -1.4150 3.6820 -0.8407
v -1.1979 5.8752 -0.8359
v -1.1443 5.8613 -0.8794
v -1.0885 5.8542 -0.9025
v -1.9167 -5.5700 -0.6808
v -1.7209 -3.6871 -0.7847
v -1.5147 -2.0182 -0.8286
v -1.7767 -5.5981 -0.7649
v -1.5916 -3.7068 -0.8658
v -1.4055 -2.0297 -0.9175
v -1.6362 -5.6225 -0.8376
v -1.4629 -3.7246 -0.9375
v -1.2958 -2.0421 -0.9967
v -1.0026 0.9810 -0.9128
v -1.2094 0.2961 -0.8773
v -1.1049 0.8985 -0.8591
v -1.0221 1.2631 -0.8300
v -0.9576 1.3156 -0.8587
v -0.8911 1.4261 -0.8569
v -0.8871 1.3013 -0.8876
v -0.8416 1.2380 -0.9139
v -0.9316 0.8816 -0.9638
v -1.0331 0.2833 -1.0119
v -1.1232 0.3019 -0.9523
v -0.7324 2.2952 -0.7589
v -0.7312 2.5339 -0.8281
v -0.7386 2.7995 -0.8781
v -0.6931 2.2985 -0.7740
v -0.6912 2.5484 -0.8460
v -0.6989 2.8471 -0.8969
v -0.6561 2.3001 -0.7866
v -0.6536 2.5550 -0.8585
v -0.6578 2.8719 -0.9081
v -0.8168 4.1732 -0.9430
v -0.9060 3.7600 -0.9181
v -0.9147 4.3192 -0.9356
v -0.9186 4.9278 -0.9319
v -0.8207 4.8952 -0.9334
v -0.7246 4.9095 -0.9298
v -0.7175 4.3024 -0.9434
v -0.6939 3.7450 -0.9427
v -0.7541 3.6280 -0.9368
v -0.7921 3.3766 -0.9185
v -0.8443 3.6323 -0.9220
v -0.6888 5.8403 -0.8510
v -0.6150 5.8258 -0.8525
v -0.5403 5.8201 -0.8609
v -0.7027 -5.6083 -0.8544
v -0.5996 -3.7353 -0.9434
v -0.5081 -2.0727 -1.0104
v -0.5518 -5.5841 -0.8482
v -0.4601 -3.7188 -0.9394
v -0.3795 -2.0624 -1.0108
v -0.4011 -5.5584 -0.8473
v -0.3208 -3.7015 -0.9428
v -0.2513 -2.0530 -1.0199
v -0.2299 0.9185 -1.0755
v -0.3825 0.2333 -1.0687
v -0.3483 0.8319 -1.0690
v -0.3317 1.1905 -1.0348
v -0.2585 1.2430 -1.0250
v -0.2009 1.3536 -0.9862
v -0.1579 1.2373 -1.0176
v -0.0864 1.1805 -1.0291
v -0.1223 0.8271 -1.0897
v -0.1584 0.2343 -1.0910
v -0.2700 0.2448 -1.0788
v -0.1142 2.2375 -0.7879
v -0.1238 2.4815 -0.8223
v -0.1282 2.7521 -0.8454
v -0.0718 2.2416 -0.7961
v -0.0801 2.4977 -0.8343
v -0.0846 2.8018 -0.8605
v -0.0335 2.2453 -0.8035
v -0.0392 2.5073 -0.8440
v -0.0409 2.8276 -0.8722
v -0.1491 4.1287 -0.8624
v -0.2617 3.7119 -0.8406
v -0.2408 4.2702 -0.8436
v -0.2276 4.8767 -0.8186
v -0.1360 4.8485 -0.8320
v -0.0412 4.8664 -0.8458
v -0.0473 4.2606 -0.8763
v -0.0449 3.7036 -0.8857
v -0.1100 3.5849 -0.8720
v -0.1615 3.3332 -0.8551
v -0.2038 3.5878 -0.8483
v -0.1457 5.7888 -0.7032
v -0.0787 5.7839 -0.7475
v -0.0078 5.7834 -0.7815
v 0.5380 -5.4600 -0.8567
v 0.5491 -3.6426 -0.9819
v 0.5473 -2.0287 -1.0841
v 0.6911 -5.4572 -0.8119
v 0.6899 -3.6396 -0.9339
v 0.6751 -2.0248 -1.0320
v 0.8481 -5.4589 -0.7622
v 0.8341 -3.6405 -0.8798
v 0.8048 -2.0253 -0.9729
v 0.6162 0.8977 -1.0534
v 0.5223 0.2181 -1.1071
v 0.5083 0.8085 -1.0861
v 0.4811 1.1664 -1.0357
v 0.5486 1.2202 -1.0105
v 0.5795 1.3336 -0.9680
v 0.6377 1.2173 -0.9850
v 0.7122 1.1625 -0.9755
v 0.7296 0.8088 -1.0291
v 0.7467 0.2215 -1.0331
v 0.6342 0.2315 -1.0713
v 0.5244 2.2323 -0.7760
v 0.5331 2.4706 -0.8202
v 0.5350 2.7354 -0.8561
v 0.5588 2.2408 -0.7695
v 0.5693 2.4895 -0.8197
v 0.5744 2.7872 -0.8641
v 0.5881 2.2473 -0.7622
v 0.6011 2.5018 -0.8162
v 0.6122 2.8175 -0.8665
v 0.5418 4.1085 -0.8890
v 0.4204 3.6887 -0.8564
v 0.4551 4.2472 -0.8619
v 0.4792 4.8542 -0.8499
v 0.5673 4.8297 -0.8785
v 0.6581 4.8513 -0.9077
v 0.6409 4.2437 -0.9146
v 0.6272 3.6869 -0.9096
v 0.5630 3.5655 -0.8948
v 0.5082 3.3127 -0.8762
v 0.4747 3.5665 -0.8690
v 0.4167 5.7767 -0.7574
v 0.4784 5.7727 -0.8069
v 0.5409 5.7753 -0.8554
v 0.9658 5.7878 -0.8762
v 1.0342 5.7764 -0.8889
v 1.1007 5.7705 -0.9069
v 1.2014 4.0988 -0.8753
v 1.0550 3.6885 -0.8217
v 1.1311 4.2419 -0.8728
v 1.1908 4.8468 -0.9053
v 1.2773 4.8160 -0.9107
v 1.3682 4.8287 -0.9178
v 1.3089 4.2242 -0.8972
v 1.2356 3.6739 -0.8561
v 1.1658 3.5593 -0.8337
v 1.0909 3.3129 -0.7951
v 1.0891 3.5653 -0.8151
v 0.9415 2.2422 -0.6049
v 1.0065 2.4826 -0.6562
v 1.0478 2.7426 -0.7170
v 0.9493 2.2533 -0.6034
v 1.0224 2.5019 -0.6580
v 1.0779 2.7932 -0.7290
v 0.9552 2.2615 -0.6020
v 1.0332 2.5160 -0.6590
v 1.1029 2.8229 -0.7352
v 1.2379 0.8835 -0.7673
v 1.3222 0.2022 -0.8434
v 1.2081 0.7927 -0.8079
v 1.1235 1.1539 -0.7757
v 1.1340 1.2112 -0.7473
v 1.1150 1.3345 -0.7228
v 1.1612 1.2146 -0.7196
v 1.2075 1.1606 -0.6966
v 1.3177 0.7961 -0.7377
v 1.4837 0.2114 -0.8104
v 1.4018 0.2180 -0.8295
v 1.7625 -5.4984 -0.6081
v 1.6757 -3.6727 -0.7225
v 1.5628 -2.0526 -0.8098
v 1.9208 -5.4915 -0.5879
v 1.8220 -3.6655 -0.7106
v 1.6926 -2.0448 -0.8046
v 2.0618 -5.4834 -0.5505
v 1.9526 -3.6582 -0.6847
v 1.8093 -2.0390 -0.7866
v 1.0846 1.5650 -0.7048
v 1.0398 1.6923 -0.6701
v 0.9605 1.8338 -0.6070
v 1.1002 1.5483 -0.6965
v 1.0497 1.6905 -0.6661
v 0.9654 1.8373 -0.6024
v 1.1170 1.5392 -0.6824
v 1.0632 1.6909 -0.6566
v 0.9754 1.8422 -0.5943
v 1.0431 1.5324 -0.7368
v 1.0008 1.6757 -0.6833
v 0.9430 1.8266 -0.6212
v 1.0572 1.5453 -0.7274
v 1.0153 1.6816 -0.6794
v 0.9514 1.8252 -0.6179
v 1.0657 1.5640 -0.7176
v 1.0272 1.6881 -0.6753
v 0.9562 1.8256 -0.6148
v 0.9038 2.2250 -0.6199
v 0.9336 2.4955 -0.6712
v 0.9551 2.8175 -0.7220
v 0.9141 2.2247 -0.6150
v 0.9527 2.4889 -0.6667
v 0.9790 2.7898 -0.7180
v 0.9245 2.2263 -0.6102
v 0.9708 2.4765 -0.6612
v 0.9995 2.7405 -0.7121
v 0.5719 1.5529 -0.8686
v 0.5581 1.6838 -0.8091
v 0.5423 1.8360 -0.7531
v 0.6183 1.5380 -0.8639
v 0.6030 1.6835 -0.8013
v 0.5865 1.8423 -0.7438
v 0.6675 1.5296 -0.8569
v 0.6453 1.6838 -0.7959
v 0.6151 1.8495 -0.7402
v 0.4340 1.5268 -0.9283
v 0.4137 1.6663 -0.8668
v 0.4042 1.8205 -0.7938
v 0.4714 1.5360 -0.9151
v 0.4417 1.6692 -0.8544
v 0.4208 1.8187 -0.7886
v 0.5022 1.5512 -0.8945
v 0.4759 1.6754 -0.8358
v 0.4540 1.8216 -0.7769
v 0.3774 2.2136 -0.7888
v 0.3732 2.4824 -0.8211
v 0.3770 2.8109 -0.8359
v 0.4102 2.2164 -0.7874
v 0.4105 2.4753 -0.8213
v 0.4168 2.7825 -0.8403
v 0.4472 2.2195 -0.7850
v 0.4513 2.4622 -0.8209
v 0.4568 2.7321 -0.8446
v -0.1419 1.5679 -0.8646
v -0.1221 1.6979 -0.8017
v -0.1053 1.8510 -0.7479
v -0.0951 1.5472 -0.8649
v -0.0730 1.6905 -0.7972
v -0.0578 1.8494 -0.7491
v -0.0437 1.5331 -0.8639
v -0.0250 1.6844 -0.7959
v -0.0248 1.8452 -0.7550
v -0.3200 1.5434 -0.9022
v -0.3099 1.6900 -0.8349
v -0.2928 1.8444 -0.7688
v -0.2755 1.5535 -0.8941
v -0.2692 1.6927 -0.8266
v -0.2576 1.8459 -0.7622
v -0.2278 1.5711 -0.8806
v -0.2206 1.6989 -0.8177
v -0.2083 1.8487 -0.7562
v -0.2759 2.2403 -0.7814
v -0.2837 2.5078 -0.8052
v -0.2874 2.8327 -0.8201
v -0.2385 2.2382 -0.7789
v -0.2493 2.4970 -0.8042
v -0.2501 2.8036 -0.8209
v -0.1990 2.2360 -0.7788
v -0.2113 2.4802 -0.8060
v -0.2103 2.7523 -0.8248
v -0.7832 1.6370 -0.7969
v -0.7483 1.7607 -0.7424
v -0.7424 1.9085 -0.6747
v -0.7645 1.6152 -0.8080
v -0.7333 1.7546 -0.7490
v -0.7198 1.9102 -0.6830
v -0.7367 1.6014 -0.8183
v -0.7082 1.7510 -0.7546
v -0.6822 1.9106 -0.6937
v -0.9142 1.6254 -0.7775
v -0.8545 1.7612 -0.7230
v -0.7953 1.9078 -0.6594
v -0.8785 1.6348 -0.7894
v -0.8193 1.7619 -0.7323
v -0.7722 1.9112 -0.6662
v -0.8414 1.6464 -0.7913
v -0.7911 1.7650 -0.7351
v -0.7586 1.9122 -0.6686
v -0.8584 2.2952 -0.7181
v -0.8824 2.5577 -0.7802
v -0.8954 2.8803 -0.8368
v -0.8326 2.2920 -0.7241
v -0.8506 2.5476 -0.7868
v -0.8568 2.8501 -0.8431
v -0.8036 2.2904 -0.7324
v -0.8131 2.5328 -0.7961
v -0.8162 2.8001 -0.8493
v -1.1982 1.7044 -0.4597
v -1.1534 1.8506 -0.4362
v -1.1263 2.0149 -0.4207
v -1.1879 1.6843 -0.4792
v -1.1367 1.8433 -0.4552
v -1.1089 2.0120 -0.4406
v -1.1724 1.6704 -0.5016
v -1.1184 1.8367 -0.4758
v -1.0898 2.0082 -0.4606
v -1.2766 1.6816 -0.3762
v -1.2215 1.8459 -0.3750
v -1.1678 2.0233 -0.3776
v -1.2532 1.6898 -0.4031
v -1.2026 1.8470 -0.3932
v -1.1581 2.0205 -0.3854
v -1.2299 1.7059 -0.4242
v -1.1899 1.8510 -0.4027
v -1.1529 2.0184 -0.3899
v -1.2052 2.4015 -0.5172
v -1.2627 2.6516 -0.6001
v -1.3275 2.9599 -0.6779
v -1.1975 2.3945 -0.5450
v -1.2559 2.6367 -0.6298
v -1.3161 2.9237 -0.7054
v -1.1896 2.3878 -0.5693
v -1.2465 2.6178 -0.6520
v -1.2995 2.8696 -0.7203
v 0.9390 2.4398 1.2544
v 0.9639 2.4371 1.2388
v 0.9868 2.4345 1.2253
v 0.9012 2.7078 1.2629
v 0.9303 2.6987 1.2455
v 0.9603 2.6842 1.2377
v 0.8957 3.0311 1.3258
v 0.9286 2.9978 1.3305
v 0.9526 2.9436 1.3335
v 1.0023 1.6802 1.1856
v 1.0209 1.6897 1.1771
v 1.0348 1.7081 1.1703
v 0.9813 1.8482 1.1747
v 0.9992 1.8497 1.1641
v 1.0118 1.8537 1.1558
v 0.9726 2.0274 1.1908
v 0.9920 2.0274 1.1793
v 1.0081 2.0285 1.1702
v 1.0626 1.7051 1.1591
v 1.0816 1.6855 1.1524
v 1.1023 1.6746 1.1441
v 1.0369 1.8503 1.1392
v 1.0519 1.8451 1.1293
v 1.0683 1.8411 1.1200
v 1.0363 2.0306 1.1545
v 1.0518 2.0316 1.1455
v 1.0681 2.0326 1.1360
v -1.3582 2.4726 1.3441
v -1.3387 2.4690 1.3743
v -1.3154 2.4642 1.4015
v -1.3876 2.7288 1.4342
v -1.3580 2.7197 1.4646
v -1.3282 2.7040 1.4890
v -1.4025 3.0526 1.4879
v -1.3642 3.0244 1.5209
v -1.3288 2.9738 1.5422
v -1.2487 1.8090 0.9727
v -1.2271 1.8283 0.9855
v -1.2079 1.8736 1.0015
v -1.2255 1.9901 0.9888
v -1.2114 1.9981 1.0073
v -1.2000 2.0118 1.0213
v -1.2497 2.1594 1.0740
v -1.2323 2.1605 1.0941
v -1.2179 2.1630 1.1130
v -1.1661 1.8456 1.0567
v -1.1433 1.8261 1.0850
v -1.1237 1.8159 1.1030
v -1.1617 2.0187 1.0632
v -1.1182 2.0239 1.1026
v -1.0919 2.0154 1.1167
v -1.1938 2.1720 1.1569
v -1.1704 2.1778 1.1839
v -1.1389 2.1725 1.2005
v 0.3506 2.4823 1.4074
v 0.3854 2.4799 1.3932
v 0.4187 2.4761 1.3799
v 0.3370 2.7513 1.4208
v 0.3718 2.7411 1.4007
v 0.4041 2.7243 1.3810
v 0.3264 3.0789 1.4386
v 0.3644 3.0478 1.4227
v 0.3957 2.9942 1.4126
v 0.3982 1.7339 1.4013
v 0.4363 1.7397 1.3884
v 0.4699 1.7548 1.3824
v 0.3891 1.8988 1.4004
v 0.4243 1.8983 1.3914
v 0.4571 1.9001 1.3863
v 0.3780 2.0704 1.3999
v 0.4122 2.0682 1.3908
v 0.4448 2.0662 1.3848
v 0.5272 1.7427 1.3774
v 0.5595 1.7155 1.3733
v 0.5993 1.6959 1.3675
v 0.5188 1.8882 1.3787
v 0.5508 1.8756 1.3720
v 0.5856 1.8653 1.3606
v 0.5076 2.0580 1.3704
v 0.5395 2.0526 1.3598
v 0.5737 2.0478 1.3478
v -0.2934 2.4945 1.4179
v -0.2558 2.4939 1.4407
v -0.2206 2.4929 1.4707
v -0.2612 2.7624 1.4155
v -0.2233 2.7539 1.4435
v -0.1946 2.7398 1.4815
v -0.2328 3.0894 1.4310
v -0.1912 3.0607 1.4540
v -0.1632 3.0104 1.4876
v -0.3538 1.7481 1.4056
v -0.3042 1.7568 1.4151
v -0.2571 1.7755 1.4233
v -0.3472 1.9146 1.3936
v -0.3028 1.9172 1.4066
v -0.2550 1.9220 1.4162
v -0.3333 2.0859 1.3985
v -0.2910 2.0858 1.4138
v -0.2495 2.0869 1.4343
v -0.1727 1.7705 1.4232
v -0.1313 1.7489 1.4060
v -0.0862 1.7365 1.3857
v -0.1585 1.9178 1.4242
v -0.1126 1.9112 1.4200
v -0.0716 1.9078 1.4066
v -0.1562 2.0864 1.4531
v -0.1097 2.0858 1.4481
v -0.0656 2.0859 1.4385
v -0.9052 2.4590 1.4890
v -0.8608 2.4595 1.4975
v -0.8132 2.4595 1.5074
v -0.8770 2.7289 1.5130
v -0.8321 2.7220 1.5235
v -0.7863 2.7089 1.5363
v -0.8536 3.0576 1.5235
v -0.8050 3.0309 1.5303
v -0.7596 2.9820 1.5388
v -0.9287 1.7891 1.2103
v -0.8890 1.7909 1.2297
v -0.8484 1.8033 1.2542
v -0.9123 1.9538 1.2141
v -0.8728 1.9485 1.2329
v -0.8292 1.9452 1.2526
v -0.9120 2.1163 1.2794
v -0.8705 2.1090 1.2951
v -0.8253 2.1024 1.3137
v -0.7762 1.7888 1.2934
v -0.7413 1.7606 1.3097
v -0.7009 1.7400 1.3251
v -0.7394 1.9272 1.2864
v -0.6954 1.9130 1.3001
v -0.6514 1.9024 1.3137
v -0.7304 2.0870 1.3492
v -0.6839 2.0794 1.3647
v -0.6391 2.0735 1.3781
v 1.5688 2.2929 0.2161
v 1.5397 2.2914 0.1497
v 1.5193 2.2867 0.0765
v 1.6397 2.5497 0.1906
v 1.5966 2.5427 0.1158
v 1.5920 2.5181 0.0359
v 1.7095 2.8663 0.1518
v 1.6903 2.8314 0.0636
v 1.6885 2.7683 -0.0084
v 1.5363 1.5906 0.2366
v 1.5251 1.5994 0.1805
v 1.5162 1.6174 0.1255
v 1.5126 1.7484 0.2397
v 1.5094 1.7492 0.1839
v 1.5048 1.7537 0.1251
v 1.4892 1.9087 0.2409
v 1.4908 1.9098 0.1856
v 1.4827 1.9077 0.1259
v 1.5027 1.6141 0.0275
v 1.4940 1.5919 -0.0232
v 1.4809 1.5766 -0.0773
v 1.4806 1.7476 0.0125
v 1.4616 1.7369 -0.0428
v 1.4379 1.7282 -0.0972
v 1.4417 1.8993 0.0034
v 1.4167 1.8922 -0.0567
v 1.3875 1.8880 -0.1150
v 1.4395 2.3379 0.7463
v 1.4531 2.3327 0.6709
v 1.4566 2.3276 0.5940
v 1.4833 2.6020 0.7719
v 1.4932 2.5899 0.6882
v 1.4841 2.5733 0.6059
v 1.5294 2.9252 0.7711
v 1.5392 2.8928 0.6823
v 1.5240 2.8412 0.6024
v 1.4627 1.6051 0.6260
v 1.4754 1.6145 0.5715
v 1.4852 1.6341 0.5223
v 1.4244 1.7598 0.6465
v 1.4398 1.7621 0.5892
v 1.4555 1.7690 0.5336
v 1.4133 1.9295 0.6739
v 1.4317 1.9270 0.6128
v 1.4400 1.9270 0.5503
v 1.5131 1.6364 0.4314
v 1.5351 1.6132 0.3914
v 1.5485 1.5987 0.3441
v 1.4901 1.7706 0.4296
v 1.5127 1.7603 0.3921
v 1.5247 1.7529 0.3444
v 1.4645 1.9237 0.4367
v 1.4854 1.9168 0.4055
v 1.4952 1.9127 0.3556
v 1.3165 2.3911 1.1380
v 1.2942 2.3864 1.1087
v 1.2695 2.3820 1.0737
v 1.3322 2.6471 1.2278
v 1.2853 2.6372 1.1882
v 1.2435 2.6213 1.1368
v 1.2962 2.9686 1.2787
v 1.2738 2.9427 1.2169
v 1.2631 2.8920 1.1535
v 1.3174 1.6449 0.9323
v 1.3437 1.6537 0.9156
v 1.3680 1.6689 0.8937
v 1.2680 1.8120 0.9386
v 1.2845 1.7986 0.9322
v 1.3092 1.7998 0.9194
v 1.2601 2.0033 0.9459
v 1.2724 1.9875 0.9319
v 1.2859 1.9757 0.9181
v 1.4090 1.6592 0.8234
v 1.4241 1.6310 0.7810
v 1.4367 1.6131 0.7332
v 1.3637 1.7937 0.8545
v 1.3826 1.7797 0.8080
v 1.3975 1.7689 0.7571
v 1.3125 1.9565 0.8774
v 1.3334 1.9463 0.8405
v 1.3618 1.9396 0.7873
v 0.9050 1.5553 -0.7642
v 0.8728 1.6869 -0.7141
v 0.8316 1.8393 -0.6622
v 0.9469 1.5366 -0.7594
v 0.9138 1.6784 -0.7023
v 0.8736 1.8338 -0.6465
v 0.9876 1.5268 -0.7533
v 0.9517 1.6739 -0.6929
v 0.9075 1.8300 -0.6338
v 0.7601 1.5318 -0.8312
v 0.7139 1.6871 -0.7800
v 0.6579 1.8504 -0.7266
v 0.8008 1.5419 -0.8113
v 0.7529 1.6896 -0.7626
v 0.6992 1.8491 -0.7102
v 0.8352 1.5589 -0.7900
v 0.7918 1.6932 -0.7448
v 0.7425 1.8472 -0.6938
v 0.6436 2.2438 -0.7398
v 0.6587 2.5044 -0.7973
v 0.6793 2.8219 -0.8512
v 0.6773 2.2408 -0.7236
v 0.6919 2.4943 -0.7791
v 0.7133 2.7947 -0.8312
v 0.7145 2.2368 -0.7051
v 0.7279 2.4772 -0.7557
v 0.7456 2.7445 -0.8039
v 0.2351 1.5549 -0.8977
v 0.2347 1.6821 -0.8442
v 0.2289 1.8266 -0.7808
v 0.2812 1.5351 -0.9136
v 0.2835 1.6720 -0.8535
v 0.2800 1.8212 -0.7856
v 0.3323 1.5247 -0.9256
v 0.3313 1.6673 -0.8627
v 0.3282 1.8193 -0.7911
v 0.0601 1.5290 -0.8714
v 0.0522 1.6817 -0.8099
v 0.0277 1.8405 -0.7678
v 0.1078 1.5406 -0.8787
v 0.0927 1.6864 -0.8217
v 0.0722 1.8386 -0.7730
v 0.1538 1.5594 -0.8813
v 0.1381 1.6913 -0.8302
v 0.1228 1.8367 -0.7755
v 0.0331 2.2442 -0.8115
v 0.0327 2.5036 -0.8516
v 0.0400 2.8240 -0.8792
v 0.0710 2.2379 -0.8122
v 0.0725 2.4913 -0.8499
v 0.0824 2.7934 -0.8747
v 0.1158 2.2298 -0.8103
v 0.1173 2.4725 -0.8446
v 0.1246 2.7408 -0.8656
v -0.4855 1.5986 -0.8691
v -0.4568 1.7200 -0.8105
v -0.4286 1.8640 -0.7586
v -0.4477 1.5740 -0.8872
v -0.4153 1.7069 -0.8255
v -0.3835 1.8541 -0.7681
v -0.4034 1.5562 -0.9010
v -0.3733 1.6971 -0.8377
v -0.3405 1.8476 -0.7745
v -0.6555 1.5931 -0.8334
v -0.6317 1.7436 -0.7668
v -0.6075 1.9033 -0.7135
v -0.6086 1.5982 -0.8409
v -0.5888 1.7401 -0.7753
v -0.5675 1.8944 -0.7247
v -0.5622 1.6102 -0.8463
v -0.5438 1.7374 -0.7850
v -0.5220 1.8851 -0.7363
v -0.5887 2.2942 -0.8013
v -0.5871 2.5461 -0.8660
v -0.5833 2.8606 -0.9082
v -0.5522 2.2866 -0.8046
v -0.5526 2.5313 -0.8625
v -0.5472 2.8267 -0.8990
v -0.5124 2.2759 -0.8052
v -0.5156 2.5102 -0.8547
v -0.5120 2.7733 -0.8853
v -1.0180 1.6716 -0.6760
v -0.9708 1.8011 -0.6439
v -0.9184 1.9398 -0.5966
v -0.9998 1.6484 -0.7039
v -0.9456 1.7862 -0.6706
v -0.8850 1.9263 -0.6170
v -0.9761 1.6329 -0.7314
v -0.9174 1.7749 -0.6922
v -0.8516 1.9168 -0.6340
v -1.1243 1.6613 -0.5594
v -1.0735 1.8254 -0.5248
v -1.0428 1.9935 -0.5016
v -1.0941 1.6677 -0.5922
v -1.0473 1.8219 -0.5542
v -1.0142 1.9836 -0.5249
v -1.0628 1.6813 -0.6223
v -1.0205 1.8192 -0.5846
v -0.9832 1.9704 -0.5491
v -1.1183 2.3649 -0.6604
v -1.1658 2.6036 -0.7489
v -1.2003 2.9105 -0.8250
v -1.0917 2.3534 -0.6702
v -1.1349 2.5872 -0.7541
v -1.1621 2.8767 -0.8250
v -1.0582 2.3405 -0.6795
v -1.0980 2.5655 -0.7558
v -1.1208 2.8231 -0.8180
v -1.5003 2.0693 0.2870
v -1.4892 2.0685 0.2290
v -1.4788 2.0684 0.1670
v -1.4998 1.9047 0.2927
v -1.4945 1.9073 0.2358
v -1.4895 1.9114 0.1776
v -1.5219 1.7469 0.2963
v -1.5134 1.7574 0.2384
v -1.5053 1.7752 0.1832
v -1.5775 3.0574 0.2300
v -1.5456 3.0270 0.1436
v -1.5492 2.9688 0.0679
v -1.5589 2.7315 0.2538
v -1.5138 2.7235 0.1804
v -1.4939 2.7055 0.1006
v -1.5366 2.4653 0.2700
v -1.5055 2.4642 0.2008
v -1.4832 2.4605 0.1274
v -1.6061 2.9514 -0.0688
v -1.5877 3.0043 -0.1508
v -1.5127 3.0349 -0.2008
v -1.5498 2.6864 -0.0519
v -1.5542 2.6986 -0.1353
v -1.5110 2.7070 -0.2063
v -1.4826 2.4501 -0.0241
v -1.4839 2.4472 -0.0971
v -1.4667 2.4474 -0.1611
v -1.3888 2.0830 0.7636
v -1.4121 2.0820 0.7049
v -1.4402 2.0801 0.6481
v -1.3861 1.9173 0.7192
v -1.4083 1.9209 0.6665
v -1.4332 1.9240 0.6201
v -1.4313 1.7667 0.6985
v -1.4348 1.7737 0.6463
v -1.4435 1.7911 0.5983
v -1.4613 3.0794 0.8780
v -1.5158 3.0443 0.8101
v -1.5616 2.9873 0.7480
v -1.4256 2.7547 0.8714
v -1.4821 2.7394 0.8108
v -1.5322 2.7178 0.7464
v -1.4106 2.4873 0.8480
v -1.4565 2.4810 0.7866
v -1.4956 2.4740 0.7197
v -1.6030 2.9824 0.6045
v -1.6128 3.0323 0.5186
v -1.6274 3.0582 0.4229
v -1.5673 2.7138 0.5899
v -1.5703 2.7285 0.5055
v -1.5975 2.7325 0.4222
v -1.5288 2.4697 0.5707
v -1.5366 2.4702 0.4935
v -1.5531 2.4680 0.4187
v -1.2603 2.1496 1.0477
v -1.2573 2.1342 1.0253
v -1.2546 2.1161 0.9884
v -1.2470 1.9771 0.9560
v -1.2534 1.9594 0.9416
v -1.2688 1.9451 0.9286
v -1.2895 1.7952 0.9375
v -1.3120 1.8052 0.9200
v -1.3218 1.8154 0.9049
v -1.4675 3.0544 1.3897
v -1.4595 3.0304 1.3279
v -1.4241 2.9864 1.2760
v -1.4389 2.7315 1.3470
v -1.4197 2.7289 1.2906
v -1.3775 2.7213 1.2430
v -1.3764 2.4779 1.2683
v -1.3571 2.4805 1.2251
v -1.3255 2.4836 1.1806
v -1.3639 3.0023 1.1758
v -1.3615 3.0580 1.1096
v -1.3762 3.0878 1.0326
v -1.3072 2.7389 1.1359
v -1.3052 2.7581 1.0678
v -1.3274 2.7659 0.9975
v -1.2835 2.4971 1.0748
v -1.2923 2.4996 1.0158
v -1.3200 2.4978 0.9581
v 0.6324 2.4647 1.3943
v 0.6747 2.4570 1.3978
v 0.7180 2.4496 1.3896
v 0.6159 2.7282 1.4697
v 0.6608 2.7140 1.4657
v 0.6998 2.6956 1.4401
v 0.6079 3.0544 1.5071
v 0.6419 3.0205 1.4774
v 0.6662 2.9654 1.4438
v 0.6909 1.6841 1.3429
v 0.7352 1.6931 1.3237
v 0.7743 1.7123 1.3023
v 0.6628 1.8539 1.3234
v 0.7052 1.8548 1.3020
v 0.7485 1.8589 1.2815
v 0.6520 2.0392 1.3212
v 0.6961 2.0355 1.3098
v 0.7414 2.0328 1.3024
v 0.8520 1.7125 1.2599
v 0.8955 1.6925 1.2378
v 0.9379 1.6816 1.2158
v 0.8378 1.8600 1.2424
v 0.8819 1.8540 1.2228
v 0.9225 1.8504 1.2042
v 0.8332 2.0304 1.2678
v 0.8758 2.0291 1.2456
v 0.9142 2.0280 1.2240
v 0.0370 2.4991 1.5409
v 0.0804 2.4949 1.5326
v 0.1186 2.4893 1.5110
v 0.0467 2.7669 1.5906
v 0.0910 2.7551 1.5734
v 0.1207 2.7364 1.5367
v 0.0552 3.0948 1.6056
v 0.0929 3.0624 1.5776
v 0.1108 3.0071 1.5400
v 0.0241 1.7354 1.3894
v 0.0793 1.7479 1.3988
v 0.1283 1.7701 1.4046
v 0.0237 1.9053 1.4142
v 0.0741 1.9084 1.4203
v 0.1233 1.9145 1.4240
v 0.0262 2.0826 1.4508
v 0.0728 2.0806 1.4583
v 0.1193 2.0797 1.4564
v 0.2121 1.7711 1.4191
v 0.2584 1.7511 1.4238
v 0.3086 1.7395 1.4234
v 0.2133 1.9112 1.4198
v 0.2605 1.9063 1.4186
v 0.3073 1.9029 1.4171
v 0.2077 2.0751 1.4270
v 0.2544 2.0745 1.4208
v 0.2994 2.0740 1.4178
v -0.5418 2.4816 1.5096
v -0.5091 2.4832 1.4933
v -0.4809 2.4838 1.4727
v -0.5177 2.7502 1.5560
v -0.4815 2.7439 1.5374
v -0.4510 2.7307 1.5129
v -0.4984 3.0782 1.5794
v -0.4564 3.0515 1.5634
v -0.4224 3.0016 1.5416
v -0.6188 1.7288 1.3564
v -0.5835 1.7398 1.3719
v -0.5532 1.7627 1.3834
v -0.5707 1.8936 1.3409
v -0.5356 1.8963 1.3542
v -0.5128 1.8998 1.3632
v -0.5600 2.0688 1.3945
v -0.5269 2.0707 1.3961
v -0.5156 2.0759 1.3947
v -0.5087 1.7725 1.3979
v -0.4818 1.7562 1.4022
v -0.4456 1.7483 1.4026
v -0.4822 1.9168 1.3728
v -0.4659 1.9151 1.3770
v -0.4302 1.9146 1.3830
v -0.4742 2.0830 1.3820
v -0.4451 2.0854 1.3810
v -0.4119 2.0866 1.3839
v -1.1393 2.4575 1.4903
v -1.1127 2.4558 1.4898
v -1.0869 2.4533 1.4872
v -1.1368 2.7252 1.5637
v -1.1056 2.7171 1.5549
v -1.0763 2.7025 1.5424
v -1.1346 3.0537 1.6088
v -1.0979 3.0260 1.5944
v -1.0653 2.9757 1.5756
v -1.0750 1.8152 1.1354
v -1.0521 1.8220 1.1457
v -1.0324 1.8391 1.1556
v -1.0495 1.9998 1.1411
v -1.0342 1.9917 1.1490
v -1.0197 1.9927 1.1585
v -1.0883 2.1651 1.2248
v -1.0658 2.1571 1.2278
v -1.0477 2.1515 1.2314
v -1.0116 1.8367 1.1736
v -1.0050 1.8152 1.1826
v -0.9892 1.8012 1.1930
v -0.9972 1.9848 1.1699
v -0.9857 1.9758 1.1749
v -0.9688 1.9674 1.1839
v -1.0161 2.1411 1.2408
v -0.9983 2.1350 1.2463
v -0.9764 2.1286 1.2540
v -1.3525 2.0436 -0.1810
v -1.3316 2.0393 -0.2047
v -1.3235 2.0344 -0.2122
v -1.3709 1.8745 -0.1399
v -1.3460 1.8742 -0.1872
v -1.3342 1.8747 -0.2118
v -1.4078 1.7179 -0.1089
v -1.3815 1.7246 -0.1555
v -1.3584 1.7383 -0.2005
v -1.4054 3.0300 -0.3069
v -1.3714 2.9939 -0.3490
v -1.3462 2.9373 -0.3824
v -1.3970 2.7068 -0.2780
v -1.3572 2.6942 -0.3130
v -1.3268 2.6748 -0.3466
v -1.3890 2.4435 -0.2268
v -1.3504 2.4388 -0.2621
v -1.3144 2.4333 -0.2990
v -1.3235 2.9249 -0.4624
v -1.3273 2.9658 -0.5205
v -1.3318 2.9827 -0.5811
v -1.2873 2.6627 -0.4225
v -1.2776 2.6698 -0.4683
v -1.2716 2.6692 -0.5164
v -1.2580 2.4249 -0.3763
v -1.2387 2.4204 -0.4148
v -1.2247 2.4162 -0.4521
v 1.2131 1.5779 -0.5210
v 1.1691 1.7234 -0.5071
v 1.1017 1.8877 -0.4752
v 1.2375 1.5607 -0.4883
v 1.1889 1.7196 -0.4764
v 1.1233 1.8904 -0.4515
v 1.2618 1.5499 -0.4557
v 1.2092 1.7163 -0.4474
v 1.1459 1.8909 -0.4302
v 1.1526 1.5420 -0.6361
v 1.0978 1.6985 -0.6198
v 1.0092 1.8562 -0.5647
v 1.1688 1.5533 -0.6074
v 1.1163 1.7054 -0.5942
v 1.0306 1.8637 -0.5448
v 1.1812 1.5728 -0.5791
v 1.1336 1.7148 -0.5662
v 1.0543 1.8728 -0.5223
v 0.9707 2.2681 -0.5914
v 1.0446 2.5257 -0.6565
v 1.1281 2.8294 -0.7311
v 0.9826 2.2685 -0.5799
v 1.0488 2.5199 -0.6497
v 1.1315 2.8053 -0.7202
v 0.9976 2.2690 -0.5638
v 1.0530 2.5069 -0.6363
v 1.1287 2.7599 -0.7014
v 1.3455 2.2893 -0.2766
v 1.3160 2.2860 -0.2933
v 1.2805 2.2828 -0.3144
v 1.3723 2.5501 -0.2949
v 1.3250 2.5410 -0.3208
v 1.2790 2.5282 -0.3478
v 1.4013 2.8724 -0.3256
v 1.3452 2.8462 -0.3560
v 1.3006 2.7966 -0.3814
v 1.4393 1.5690 -0.1818
v 1.4131 1.5780 -0.2288
v 1.3859 1.5948 -0.2721
v 1.3845 1.7211 -0.2002
v 1.3578 1.7230 -0.2477
v 1.3314 1.7265 -0.2922
v 1.3260 1.8836 -0.2215
v 1.2989 1.8829 -0.2637
v 1.2800 1.8810 -0.2914
v 1.3507 1.5875 -0.3330
v 1.3317 1.5657 -0.3622
v 1.3085 1.5518 -0.3927
v 1.3014 1.7203 -0.3312
v 1.2764 1.7161 -0.3582
v 1.2508 1.7147 -0.3898
v 1.2553 1.8816 -0.3177
v 1.2217 1.8849 -0.3554
v 1.1905 1.8886 -0.3892
v 1.1397 2.4404 1.1856
v 1.1714 2.4371 1.1864
v 1.2029 2.4307 1.1903
v 1.1271 2.6786 1.3266
v 1.1578 2.6632 1.3331
v 1.1885 2.6430 1.3353
v 1.1340 2.9823 1.4672
v 1.1638 2.9488 1.4638
v 1.1879 2.8959 1.4508
v 1.1534 1.6734 1.1165
v 1.1787 1.6831 1.0967
v 1.1971 1.7040 1.0745
v 1.1143 1.8434 1.0916
v 1.1439 1.8459 1.0710
v 1.1708 1.8553 1.0429
v 1.1152 2.0435 1.1138
v 1.1435 2.0477 1.0959
v 1.1744 2.0427 1.0585
v 1.2323 1.6995 1.0282
v 1.2507 1.6730 1.0035
v 1.2720 1.6572 0.9780
v 1.1976 1.8438 1.0103
v 1.2142 1.8362 0.9926
v 1.2317 1.8306 0.9725
v 1.1973 2.0304 1.0287
v 1.2170 2.0285 1.0072
v 1.2354 2.0233 0.9830
v -0.0132 -0.6196 0.2594
v -0.0132 -0.6196 0.2594
v -2.4706 -7.3164 1.0101
v 2.1384 -7.5083 0.8141
v -2.7171 -7.3663 0.4318
v 2.4345 -7.4011 0.1439
v -0.0132 -0.6196 0.2594
v -0.0132 -0.6196 0.2594
v 0.2020 -7.3317 1.6634
v 1.2241 -7.5197 0.9465
v -0.0132 -0.6196 0.2594
v -0.0132 -0.6196 0.2594
v -0.0132 -0.6196 0.2594
v -0.0132 -0.6196 0.2594
v -2.0342 -7.2367 1.7980
v -0.9693 -7.2165 1.1169
v -2.7179 -7.3559 0.5668
v -2.7519 -7.3489 0.7409
v -2.6313 -7.3323 0.8841
v -0.0132 -0.6196 0.2594
v -0.0132 -0.6196 0.2594
v -0.0132 -0.6196 0.2594
v -2.2100 -7.5149 -0.3417
v -0.9786 -7.6010 -0.6462
v 0.3493 -7.3882 -0.6248
v 1.6416 -7.4232 -0.3722
v -0.0132 -0.6196 0.2594
v -0.0132 -0.6196 0.2594
v -0.0132 -0.6196 0.2594
v -0.0132 -0.6196 0.2594
v 2.2666 -7.5102 0.6326
v 2.4345 -7.5562 0.5070
v 2.4130 -7.4319 0.3140
v -0.0132 -0.6196 0.2594
v -0.0132 -0.6196 0.2594
v -0.0132 -0.6196 0.2594
v -0.0132 -0.6196 0.2594
v -1.5750 -7.2651 1.3575
v -0.3381 -7.2366 1.2846
v -0.0132 -0.6196 0.2594
v -0.0132 -0.6196 0.2594
v 0.6153 -7.4556 1.1687
v -0.0132 -0.6196 0.2594
v -2.2930 -7.2901 1.2911
v -0.0132 -0.6196 0.2594
v 1.8221 -7.5778 1.1162
v -2.5895 -7.4175 0.0725
v -0.0132 -0.6196 0.2594
v -1.6440 -7.6335 -0.6483
v -0.0132 -0.6196 0.2594
v -0.3218 -7.4800 -0.6235
v -0.0132 -0.6196 0.2594
v 0.9998 -7.3862 -0.4707
v -0.0132 -0.6196 0.2594
v 2.2244 -7.4018 -0.2157
v -0.0132 -0.6196 0.2594
v -0.0132 -0.6196 0.2594
v -0.0132 -0.6196 0.2594
v -0.0132 -0.6196 0.2594
v 1.9147 -7.5694 1.0790
v 2.0022 -7.5508 1.0027
v 2.0809 -7.5277 0.9071
v -2.5911 -7.3276 0.9193
v -2.5522 -7.3233 0.9511
v -2.5127 -7.3196 0.9807
v 2.4184 -7.4132 0.2729
v 2.4298 -7.4045 0.2396
v 2.4376 -7.4015 0.2021
v 2.3078 -7.3997 -0.1361
v 2.3715 -7.3997 -0.0421
v 2.4132 -7.4005 0.0571
v -0.0132 -0.6196 0.2594
v -0.0132 -0.6196 0.2594
v -0.0132 -0.6196 0.2594
v 2.1666 -5.4772 0.0996
v 2.0066 -3.6431 0.0198
v 1.5768 -2.0137 -0.0483
v -1.6481 -1.9463 0.0287
v -2.0750 -3.5852 0.1441
v -2.3133 -5.4319 0.2754
v -0.0132 -0.6196 0.2594
v -0.0132 -0.6196 0.2594
v -0.0132 -0.6196 0.2594
v -0.2052 -7.2540 1.4111
v -0.0757 -7.2755 1.5410
v 0.0616 -7.3015 1.6365
v -0.0132 -0.6196 0.2594
v -0.0132 -0.6196 0.2594
v -0.0132 -0.6196 0.2594
v -0.0132 -0.6196 0.2594
v -0.0132 -0.6196 0.2594
v -0.0132 -0.6196 0.2594
v -0.0132 -0.6196 0.2594
v -0.0132 -0.6196 0.2594
v -0.0132 -0.6196 0.2594
v -0.0132 -0.6196 0.2594
v -0.0132 -0.6196 0.2594
v -0.0132 -0.6196 0.2594
v -2.2692 -7.2717 1.4381
v -2.2314 -7.2527 1.5956
v -2.1544 -7.2396 1.7298
v -1.4463 -7.2572 1.2411
v -1.2946 -7.2435 1.1666
v -1.1325 -7.2283 1.1292
v 0.2249 -5.3957 1.3185
v 0.3098 -3.5415 1.3359
v 0.2948 -1.9097 1.0893
v 1.1198 -5.5294 0.8610
v 1.2526 -3.6614 0.9056
v 1.0594 -1.9955 0.7828
v -2.7258 -7.3620 0.4682
v -2.7251 -7.3597 0.4950
v -2.7198 -7.3578 0.5262
v -2.7263 -7.3538 0.6146
v -2.7397 -7.3521 0.6629
v -2.7505 -7.3507 0.7062
v -2.7382 -7.3460 0.7723
v -2.7104 -7.3419 0.8075
v -2.6728 -7.3372 0.8459
v -0.0132 -0.6196 0.2594
v -0.0132 -0.6196 0.2594
v -0.0132 -0.6196 0.2594
v -0.0132 -0.6196 0.2594
v -0.0132 -0.6196 0.2594
v -0.0132 -0.6196 0.2594
v -1.5882 -1.9155 0.5423
v -1.9796 -3.5534 0.6759
v -2.1957 -5.4009 0.7377
v -1.6868 -1.9304 0.3648
v -2.0872 -3.5704 0.4926
v -2.3125 -5.4179 0.5818
v -1.6557 -1.9428 0.1653
v -2.0673 -3.5812 0.2851
v -2.2946 -5.4263 0.4019
v -2.5301 -7.4364 -0.0436
v -2.4478 -7.4585 -0.1540
v -2.3385 -7.4845 -0.2515
v -1.4910 -7.6404 -0.6693
v -1.3249 -7.6360 -0.6702
v -1.1513 -7.6223 -0.6600
v -0.1493 -7.4504 -0.6281
v 0.0245 -7.4245 -0.6333
v 0.1920 -7.4034 -0.6344
v 1.1613 -7.3968 -0.4379
v 1.3195 -7.4083 -0.4119
v 1.4782 -7.4180 -0.3902
v -0.0132 -0.6196 0.2594
v -0.0132 -0.6196 0.2594
v -0.0132 -0.6196 0.2594
v -0.0132 -0.6196 0.2594
v -0.0132 -0.6196 0.2594
v -0.0132 -0.6196 0.2594
v -0.0132 -0.6196 0.2594
v -0.0132 -0.6196 0.2594
v -0.0132 -0.6196 0.2594
v -0.0132 -0.6196 0.2594
v -0.0132 -0.6196 0.2594
v -0.0132 -0.6196 0.2594
v -1.2962 -1.9880 -0.2812
v -1.6695 -3.6485 -0.2716
v -1.8600 -5.5240 -0.2222
v -0.5811 -2.0433 -0.5041
v -0.7499 -3.7181 -0.5081
v -0.7911 -5.5906 -0.4002
v 0.3717 -2.0090 -0.5562
v 0.4184 -3.6366 -0.5610
v 0.3452 -5.4644 -0.4136
v 1.1650 -2.0199 -0.3233
v 1.4273 -3.6550 -0.3026
v 1.4505 -5.4906 -0.2350
v 2.1752 -7.4967 0.7453
v 2.2027 -7.4933 0.6979
v 2.2308 -7.4978 0.6629
v 2.3141 -7.5289 0.5995
v 2.3657 -7.5477 0.5652
v 2.4094 -7.5592 0.5345
v 2.4373 -7.5343 0.4724
v 2.4293 -7.5002 0.4229
v 2.4189 -7.4631 0.3663
v -0.0132 -0.6196 0.2594
v -0.0132 -0.6196 0.2594
v -0.0132 -0.6196 0.2594
v -0.0132 -0.6196 0.2594
v -0.0132 -0.6196 0.2594
v -0.0132 -0.6196 0.2594
v -0.0132 -0.6196 0.2594
v -0.0132 -0.6196 0.2594
v -0.0132 -0.6196 0.2594
v 1.9861 -5.5356 0.5880
v 1.9022 -3.6713 0.5754
v 1.5655 -2.0123 0.4885
v 2.1404 -5.5722 0.4395
v 2.0174 -3.7015 0.3920
v 1.6464 -2.0367 0.3041
v 2.1488 -5.4952 0.2501
v 2.0146 -3.6530 0.1793
v 1.6089 -2.0155 0.1026
v -0.0132 -0.6196 0.2594
v -0.0132 -0.6196 0.2594
v -0.0132 -0.6196 0.2594
v -1.8972 -7.2445 1.7677
v -1.7771 -7.2556 1.6571
v -1.6777 -7.2638 1.5072
v -0.0132 -0.6196 0.2594
v -0.0132 -0.6196 0.2594
v -0.0132 -0.6196 0.2594
v -0.2287 -5.3400 1.0405
v -0.1863 -3.4887 1.1502
v -0.0940 -1.8827 0.9659
v -0.0132 -0.6196 0.2594
v -0.0132 -0.6196 0.2594
v -0.0132 -0.6196 0.2594
v -0.0132 -0.6196 0.2594
v -0.0132 -0.6196 0.2594
v -0.0132 -0.6196 0.2594
v -2.4230 -7.3136 1.0448
v -2.3720 -7.3098 1.0972
v -2.3263 -7.3027 1.1773
v -0.0132 -0.6196 0.2594
v -0.0132 -0.6196 0.2594
v -0.0132 -0.6196 0.2594
v -2.6964 -7.3745 0.3716
v -2.6676 -7.3864 0.2875
v -2.6329 -7.4009 0.1855
v -0.0132 -0.6196 0.2594
v -0.0132 -0.6196 0.2594
v -0.0132 -0.6196 0.2594
v -1.5397 -1.9504 -0.1134
v -1.9679 -3.5968 -0.0516
v -2.2082 -5.4576 0.0363
v -2.0727 -7.5495 -0.4339
v -1.9306 -7.5842 -0.5223
v -1.7877 -7.6139 -0.5972
v -0.0132 -0.6196 0.2594
v -0.0132 -0.6196 0.2594
v -0.0132 -0.6196 0.2594
v -0.9744 -2.0196 -0.4598
v -1.2463 -3.7037 -0.4690
v -1.3611 -5.6000 -0.4145
v -0.8120 -7.5741 -0.6359
v -0.6498 -7.5437 -0.6288
v -0.4879 -7.5117 -0.6242
v -0.0132 -0.6196 0.2594
v -0.0132 -0.6196 0.2594
v -0.0132 -0.6196 0.2594
v -0.1084 -2.0212 -0.5470
v -0.1804 -3.6702 -0.5484
v -0.2291 -5.5165 -0.3911
v 0.5041 -7.3790 -0.5969
v 0.6661 -7.3761 -0.5567
v 0.8334 -7.3788 -0.5123
v -0.0132 -0.6196 0.2594
v -0.0132 -0.6196 0.2594
v -0.0132 -0.6196 0.2594
v 0.8071 -2.0060 -0.4286
v 0.9632 -3.6343 -0.4151
v 0.9000 -5.4632 -0.3004
v 1.8102 -7.4221 -0.3557
v 1.9733 -7.4158 -0.3295
v 2.1134 -7.4079 -0.2785
v -0.0132 -0.6196 0.2594
v -0.0132 -0.6196 0.2594
v -0.0132 -0.6196 0.2594
v 1.4378 -2.0048 -0.2549
v 1.8126 -3.6376 -0.2158
v 1.9580 -5.4737 -0.1548
v 1.8681 -5.5314 0.7331
v 1.7969 -3.6661 0.7203
v 1.4656 -2.0069 0.6106
v -1.4719 -1.9042 0.6351
v -1.8512 -3.5393 0.7835
v -2.0509 -5.3860 0.8441
v -0.0132 -0.6196 0.2594
v -0.0132 -0.6196 0.2594
v -0.0132 -0.6196 0.2594
v 0.7343 -7.4751 1.0461
v 0.8810 -7.4902 0.9664
v 1.0474 -7.5041 0.9334
v -1.6797 -5.3202 1.3853
v -1.4849 -3.4808 1.2527
v -1.1441 -1.8600 0.9914
v -0.7670 -5.3240 0.9288
v -0.8196 -3.4748 0.9944
v -0.6367 -1.8677 0.8541
v -0.0132 -0.6196 0.2594
v -0.0132 -0.6196 0.2594
v -0.0132 -0.6196 0.2594
v -1.2916 -5.3488 1.0715
v -1.2505 -3.5027 1.0198
v -1.0005 -1.8790 0.8219
v -0.8068 -7.2119 1.1191
v -0.6443 -7.2143 1.1412
v -0.4858 -7.2230 1.1936
v 0.3301 -7.3650 1.6036
v 0.4350 -7.3987 1.4785
v 0.5226 -7.4296 1.3225
v 0.5829 -5.4838 0.9786
v 0.7620 -3.6236 1.0434
v 0.6766 -1.9679 0.8713
v -1.9068 -5.3640 1.0377
v -1.7196 -3.5198 0.9552
v -1.3515 -1.8899 0.7684
v 1.4010 -7.5389 0.9965
v 1.5663 -7.5582 1.0584
v 1.7095 -7.5728 1.1052
v 1.6149 -5.5704 0.9799
v 1.5828 -3.6890 0.9729
v 1.2810 -2.0155 0.8203
v 1.6882 -5.5667 0.9456
v 1.7568 -5.5563 0.8816
v 1.8188 -5.5432 0.8046
v 1.6395 -3.6875 0.9339
v 1.6971 -3.6813 0.8675
v 1.7513 -3.6734 0.7903
v 1.3253 -2.0156 0.7868
v 1.3736 -2.0128 0.7312
v 1.4222 -2.0101 0.6676
v 2.0346 -5.4734 -0.1049
v 1.8731 -3.6381 -0.1705
v 1.4783 -2.0058 -0.2159
v 2.1010 -5.4745 -0.0412
v 1.9310 -3.6396 -0.1110
v 1.5166 -2.0079 -0.1622
v 2.1424 -5.4762 0.0327
v 1.9782 -3.6417 -0.0440
v 1.5511 -2.0114 -0.1030
v 2.1571 -5.4838 0.2132
v 2.1682 -5.4788 0.1819
v 2.1738 -5.4774 0.1476
v 2.0164 -3.6459 0.1394
v 2.0208 -3.6430 0.1050
v 2.0203 -3.6429 0.0676
v 1.6015 -2.0123 0.0642
v 1.5970 -2.0113 0.0301
v 1.5907 -2.0127 -0.0053
v -1.6523 -1.9443 0.1226
v -1.6526 -1.9449 0.0863
v -1.6528 -1.9461 0.0559
v -2.0687 -3.5830 0.2410
v -2.0738 -3.5841 0.2044
v -2.0775 -3.5850 0.1738
v -2.3002 -5.4281 0.3627
v -2.3094 -5.4294 0.3312
v -2.3154 -5.4304 0.3049
v -1.8867 -5.3487 1.1409
v -1.8523 -5.3331 1.2510
v -1.7831 -5.3225 1.3424
v -1.6888 -3.5061 1.0446
v -1.6432 -3.4922 1.1383
v -1.5720 -3.4832 1.2154
v -1.3197 -1.8785 0.8373
v -1.2744 -1.8672 0.9084
v -1.2111 -1.8611 0.9656
v -1.1783 -5.3460 0.9954
v -1.0455 -5.3388 0.9510
v -0.9057 -5.3304 0.9325
v -1.1718 -3.4996 0.9715
v -1.0676 -3.4918 0.9574
v -0.9480 -3.4827 0.9696
v -0.9379 -1.8778 0.7968
v -0.8500 -1.8733 0.8012
v -0.7470 -1.8700 0.8251
v -0.1170 -5.3497 1.1308
v -0.0088 -5.3615 1.2254
v 0.1065 -5.3767 1.2965
v -0.0472 -3.5006 1.2148
v 0.0724 -3.5123 1.2789
v 0.1906 -3.5257 1.3252
v 0.0200 -1.8881 1.0081
v 0.1131 -1.8927 1.0515
v 0.2034 -1.9000 1.0830
v 0.6909 -5.4980 0.9000
v 0.8224 -5.5089 0.8549
v 0.9683 -5.5186 0.8430
v 0.8947 -3.6376 0.9629
v 1.0242 -3.6467 0.9126
v 1.1434 -3.6541 0.8955
v 0.7928 -1.9775 0.8135
v 0.8963 -1.9835 0.7815
v 0.9836 -1.9897 0.7738
v -1.4969 -1.9055 0.6184
v -1.5245 -1.9073 0.5981
v -1.5553 -1.9112 0.5733
v -1.8808 -3.5418 0.7627
v -1.9117 -3.5448 0.7388
v -1.9447 -3.5489 0.7104
v -2.0867 -5.3889 0.8218
v -2.1220 -5.3923 0.7977
v -2.1580 -5.3964 0.7701
v -1.6214 -1.9184 0.5039
v -1.6514 -1.9214 0.4597
v -1.6747 -1.9260 0.4126
v -2.0153 -3.5576 0.6348
v -2.0478 -3.5619 0.5889
v -2.0730 -3.5664 0.5409
v -2.2347 -5.4056 0.7005
v -2.2703 -5.4103 0.6606
v -2.2975 -5.4146 0.6206
v -1.6855 -1.9329 0.3158
v -1.6759 -1.9352 0.2649
v -1.6645 -1.9392 0.2138
v -2.0884 -3.5731 0.4425
v -2.0817 -3.5755 0.3895
v -2.0729 -3.5784 0.3359
v -2.3141 -5.4202 0.5408
v -2.3073 -5.4221 0.4952
v -2.2987 -5.4241 0.4476
v -2.1525 -5.4700 -0.0383
v -1.9142 -3.6058 -0.1110
v -1.4905 -1.9567 -0.1539
v -2.0772 -5.4851 -0.1096
v -1.8465 -3.6178 -0.1688
v -1.4326 -1.9654 -0.1950
v -1.9761 -5.5034 -0.1679
v -1.7648 -3.6324 -0.2217
v -1.3680 -1.9767 -0.2366
v -1.2306 -5.6064 -0.4256
v -1.1365 -3.7116 -0.4887
v -0.8893 -2.0260 -0.4784
v -1.0883 -5.6067 -0.4227
v -1.0152 -3.7172 -0.4984
v -0.7940 -2.0327 -0.4891
v -0.9393 -5.6014 -0.4123
v -0.8847 -3.7200 -0.5035
v -0.6902 -2.0397 -0.4966
v -0.0810 -5.4990 -0.4003
v -0.0218 -3.6579 -0.5603
v 0.0206 -2.0150 -0.5569
v 0.0682 -5.4843 -0.4104
v 0.1359 -3.6482 -0.5684
v 0.1471 -2.0108 -0.5633
v 0.2115 -5.4726 -0.4168
v 0.2836 -3.6413 -0.5699
v 0.2647 -2.0096 -0.5640
v 1.0383 -5.4709 -0.2767
v 1.0877 -3.6403 -0.3785
v 0.9057 -2.0093 -0.3947
v 1.1737 -5.4796 -0.2588
v 1.2037 -3.6471 -0.3483
v 0.9963 -2.0135 -0.3659
v 1.3098 -5.4869 -0.2452
v 1.3156 -3.6529 -0.3231
v 1.0819 -2.0182 -0.3421
v 1.9023 -5.5243 0.6811
v 1.9281 -5.5225 0.6448
v 1.9539 -5.5263 0.6162
v 1.8295 -3.6612 0.6700
v 1.8537 -3.6601 0.6347
v 1.8762 -3.6637 0.6060
v 1.4978 -2.0036 0.5700
v 1.5217 -2.0027 0.5411
v 1.5433 -2.0062 0.5168
v 2.0285 -5.5492 0.5535
v 2.0743 -5.5632 0.5145
v 2.1145 -5.5726 0.4757
v 1.9345 -3.6816 0.5355
v 1.9684 -3.6922 0.4885
v 1.9979 -3.7002 0.4397
v 1.5908 -2.0191 0.4498
v 1.6155 -2.0263 0.4029
v 1.6356 -2.0335 0.3531
v 2.1497 -5.5591 0.3988
v 2.1502 -5.5378 0.3494
v 2.1482 -5.5145 0.2974
v 2.0238 -3.6935 0.3414
v 2.0224 -3.6798 0.2855
v 2.0180 -3.6651 0.2294
v 1.6446 -2.0331 0.2540
v 1.6345 -2.0262 0.2012
v 1.6213 -2.0201 0.1492
v -1.5650 -5.3266 1.3602
v -1.4643 -5.3366 1.2805
v -1.3803 -5.3450 1.1748
v -1.4040 -3.4848 1.2370
v -1.3441 -3.4921 1.1779
v -1.3008 -3.4993 1.0970
v -1.0911 -1.8623 0.9779
v -1.0580 -1.8673 0.9329
v -1.0351 -1.8742 0.8739
v -0.6289 -5.3223 0.9309
v -0.4902 -5.3251 0.9442
v -0.3545 -5.3315 0.9781
v -0.6811 -3.4703 1.0213
v -0.5249 -3.4706 1.0543
v -0.3533 -3.4774 1.0969
v -0.5176 -1.8660 0.8796
v -0.3833 -1.8673 0.9046
v -0.2360 -1.8742 0.9323
v 0.3331 -5.4182 1.2786
v 0.4230 -5.4421 1.1917
v 0.4996 -5.4647 1.0833
v 0.4249 -3.5600 1.3016
v 0.5336 -3.5810 1.2310
v 0.6415 -3.6034 1.1396
v 0.3846 -1.9210 1.0633
v 0.4731 -1.9349 1.0108
v 0.5670 -1.9521 0.9430
v -2.0120 -5.3835 0.8685
v -1.9708 -5.3802 0.9041
v -1.9338 -5.3743 0.9588
v -1.8201 -3.5366 0.8052
v -1.7854 -3.5334 0.8366
v -1.7506 -3.5287 0.8854
v -1.4461 -1.9014 0.6512
v -1.4155 -1.8986 0.6748
v -1.3824 -1.8960 0.7133
v 1.2689 -5.5423 0.9011
v 1.4064 -5.5554 0.9460
v 1.5241 -5.5658 0.9772
v 1.3527 -3.6694 0.9330
v 1.4427 -3.6776 0.9627
v 1.5203 -3.6849 0.9797
v 1.1262 -2.0000 0.8015
v 1.1854 -2.0048 0.8201
v 1.2372 -2.0108 0.8289
v -2.3000 -5.4351 0.2331
v -2.0624 -3.5853 0.1070
v -1.6339 -1.9446 -0.0010
v -2.2776 -5.4404 0.1768
v -2.0399 -3.5867 0.0604
v -1.6102 -1.9436 -0.0356
v -2.2477 -5.4479 0.1098
v -2.0087 -3.5905 0.0066
v -1.5790 -1.9458 -0.0736
v -1.7363 -5.5464 -0.2792
v -1.5659 -3.6643 -0.3267
v -1.2180 -1.9966 -0.3315
v -1.6097 -5.5683 -0.3351
v -1.4582 -3.6794 -0.3829
v -1.1363 -2.0041 -0.3824
v -1.4845 -5.5870 -0.3828
v -1.3511 -3.6930 -0.4327
v -1.0547 -2.0122 -0.4272
v -0.6485 -5.5749 -0.3921
v -0.6137 -3.7100 -0.5156
v -0.4687 -2.0405 -0.5138
v -0.5100 -5.5561 -0.3880
v -0.4754 -3.6977 -0.5255
v -0.3533 -2.0340 -0.5249
v -0.3716 -5.5361 -0.3873
v -0.3319 -3.6840 -0.5366
v -0.2336 -2.0275 -0.5361
v 0.4764 -5.4589 -0.3944
v 0.5501 -3.6325 -0.5370
v 0.4767 -2.0061 -0.5357
v 0.6144 -5.4567 -0.3646
v 0.6881 -3.6301 -0.5007
v 0.5871 -2.0034 -0.5045
v 0.7575 -5.4582 -0.3313
v 0.8284 -3.6307 -0.4578
v 0.6994 -2.0035 -0.4670
v 1.5964 -5.4889 -0.2271
v 1.5397 -3.6517 -0.2858
v 1.2460 -2.0159 -0.3090
v 1.7376 -5.4836 -0.2139
v 1.6468 -3.6456 -0.2685
v 1.3219 -2.0097 -0.2954
v 1.8610 -5.4775 -0.1899
v 1.7399 -3.6400 -0.2460
v 1.3875 -2.0057 -0.2787
v 2.3005 -6.4392 0.1217
v -2.5152 -6.3991 0.3536
v 0.2134 -6.3637 1.4910
v 1.1719 -6.5246 0.9037
v -2.4135 -6.3666 0.8109
v -2.5322 -6.3834 0.6614
v -2.5063 -6.3911 0.4843
v -2.0350 -6.5195 -0.2819
v -0.8849 -6.5958 -0.5232
v 0.3472 -6.4263 -0.5192
v 1.5461 -6.4569 -0.3036
v 2.1264 -6.5229 0.6103
v 2.2874 -6.5642 0.4732
v 2.2809 -6.4635 0.2820
v -0.2834 -6.2883 1.1626
v -2.3989 -6.4376 0.0544
v -1.5025 -6.6168 -0.5314
v -0.2755 -6.4982 -0.5073
v 0.9499 -6.4247 -0.3855
v 2.0912 -6.4378 -0.1852
v 2.0033 -6.5199 0.7736
v -2.2607 -6.3512 0.9271
v -1.8569 -6.2785 1.5916
v -0.8681 -6.2702 1.0229
v -1.4333 -6.3069 1.2145
v 0.5991 -6.4697 1.0737
v -2.0999 -6.3270 1.1644
v 1.7185 -6.5741 1.0481
v 1.8014 -6.5681 1.0123
v 1.8795 -6.5536 0.9421
v 1.9498 -6.5355 0.8558
v 2.2778 -6.4384 0.0449
v 2.2363 -6.4371 -0.0417
v 2.1712 -6.4365 -0.1205
v 2.2878 -6.4485 0.2431
v 2.2990 -6.4416 0.2107
v 2.3057 -6.4395 0.1749
v -2.5206 -6.3962 0.3865
v -2.5173 -6.3945 0.4131
v -2.5100 -6.3930 0.4444
v -2.0780 -6.3102 1.2895
v -2.0418 -6.2929 1.4233
v -1.9688 -6.2810 1.5361
v -1.3123 -6.3016 1.1182
v -1.1700 -6.2911 1.0588
v -1.0191 -6.2794 1.0308
v -0.1611 -6.3019 1.2709
v -0.0423 -6.3185 1.3832
v 0.0841 -6.3391 1.4665
v 0.7126 -6.4865 0.9731
v 0.8517 -6.4995 0.9106
v 1.0079 -6.5114 0.8882
v -2.3746 -6.3620 0.8447
v -2.3371 -6.3578 0.8744
v -2.2997 -6.3542 0.9012
v -2.5179 -6.3803 0.6965
v -2.4904 -6.3761 0.7341
v -2.4538 -6.3714 0.7732
v -2.5125 -6.3890 0.5311
v -2.5235 -6.3871 0.5791
v -2.5323 -6.3854 0.6235
v -2.1573 -6.4939 -0.2097
v -2.2625 -6.4718 -0.1318
v -2.3413 -6.4532 -0.0410
v -1.0453 -6.6118 -0.5361
v -1.2066 -6.6214 -0.5464
v -1.3608 -6.6234 -0.5475
v 0.2018 -6.4380 -0.5256
v 0.0464 -6.4544 -0.5218
v -0.1151 -6.4747 -0.5142
v 1.3940 -6.4525 -0.3177
v 1.2466 -6.4439 -0.3353
v 1.0998 -6.4339 -0.3573
v 2.0387 -6.5105 0.7132
v 2.0654 -6.5079 0.6713
v 2.0923 -6.5121 0.6395
v 2.1713 -6.5391 0.5765
v 2.2200 -6.5554 0.5398
v 2.2620 -6.5659 0.5051
v 2.2935 -6.5467 0.4356
v 2.2898 -6.5190 0.3862
v 2.2835 -6.4888 0.3319
v -1.7311 -6.2855 1.5639
v -1.6207 -6.2961 1.4688
v -1.5290 -6.3044 1.3410
v -0.7179 -6.2671 1.0250
v -0.5673 -6.2697 1.0427
v -0.4201 -6.2773 1.0858
v 0.3316 -6.3916 1.4411
v 0.4290 -6.4204 1.3351
v 0.5111 -6.4472 1.2029
v -2.2175 -6.3485 0.9566
v -2.1714 -6.3450 1.0007
v -2.1300 -6.3385 1.0681
v 1.3349 -6.5406 0.9488
v 1.4864 -6.5568 1.0022
v 1.6168 -6.5693 1.0412
v -2.4403 -6.4244 0.1477
v -2.4726 -6.4134 0.2322
v -2.4982 -6.4048 0.3023
v -1.6361 -6.6004 -0.4900
v -1.7702 -6.5763 -0.4287
v -1.9045 -6.5480 -0.3566
v -0.4297 -6.5239 -0.5058
v -0.5799 -6.5499 -0.5084
v -0.7303 -6.5745 -0.5140
v 0.7954 -6.4185 -0.4218
v 0.6402 -6.4164 -0.4607
v 0.4902 -6.4189 -0.4956
v 1.9872 -6.4427 -0.2342
v 1.8554 -6.4497 -0.2717
v 1.7033 -6.4555 -0.2914
v 2.4525 -6.4394 0.0081
v -2.6671 -6.3899 0.2927
v 0.2338 -6.3509 1.7679
v 1.2270 -6.5384 1.0430
v -2.5517 -6.3510 0.9071
v -2.6843 -6.3702 0.6973
v -2.6577 -6.3797 0.4647
v -2.1486 -6.5314 -0.5133
v -0.9199 -6.6217 -0.8142
v 0.3735 -6.4277 -0.8126
v 1.6301 -6.4630 -0.5446
v 2.2601 -6.5349 0.6623
v 2.4363 -6.5821 0.4732
v 2.4323 -6.4668 0.2189
v -0.3135 -6.2631 1.3505
v -2.5425 -6.4349 -0.0858
v -1.5790 -6.6445 -0.8252
v -0.2850 -6.5095 -0.7954
v 1.0099 -6.4255 -0.6451
v 2.2187 -6.4400 -0.3951
v 2.1362 -6.5311 0.8599
v -2.3871 -6.3337 1.0578
v -1.9468 -6.2504 1.8895
v -0.9047 -6.2433 1.1857
v -1.4724 -6.2870 1.4084
v 0.6604 -6.4741 1.2375
v -2.2302 -6.3044 1.3326
v 1.8159 -6.5954 1.2225
v 1.9161 -6.5876 1.1705
v 2.0035 -6.5704 1.0762
v 2.0792 -6.5492 0.9646
v 2.4272 -6.4390 -0.0930
v 2.3811 -6.4381 -0.2067
v 2.3084 -6.4380 -0.3101
v 2.4389 -6.4491 0.1745
v 2.4507 -6.4412 0.1333
v 2.4585 -6.4392 0.0816
v -2.6731 -6.3858 0.3402
v -2.6691 -6.3833 0.3791
v -2.6614 -6.3815 0.4187
v -2.2073 -6.2849 1.4876
v -2.1678 -6.2648 1.6596
v -2.0837 -6.2515 1.8112
v -1.3522 -6.2803 1.2957
v -1.2112 -6.2677 1.2270
v -1.0594 -6.2539 1.1947
v -0.1884 -6.2786 1.4824
v -0.0620 -6.2979 1.6242
v 0.0793 -6.3219 1.7342
v 0.7725 -6.4937 1.1202
v 0.9087 -6.5090 1.0487
v 1.0627 -6.5229 1.0237
v -2.5096 -6.3458 0.9513
v -2.4690 -6.3412 0.9902
v -2.4285 -6.3372 1.0251
v -2.6670 -6.3664 0.7508
v -2.6355 -6.3617 0.8044
v -2.5953 -6.3565 0.8573
v -2.6639 -6.3776 0.5202
v -2.6753 -6.3754 0.5808
v -2.6847 -6.3730 0.6410
v -2.2786 -6.5018 -0.4235
v -2.3932 -6.4756 -0.3244
v -2.4798 -6.4534 -0.2075
v -1.0882 -6.6400 -0.8305
v -1.2589 -6.6507 -0.8438
v -1.4243 -6.6527 -0.8456
v 0.2169 -6.4410 -0.8204
v 0.0520 -6.4595 -0.8149
v -0.1177 -6.4826 -0.8046
v 1.4714 -6.4578 -0.5617
v 1.3180 -6.4479 -0.5833
v 1.1655 -6.4362 -0.6102
v 2.1735 -6.5203 0.7843
v 2.2003 -6.5174 0.7340
v 2.2263 -6.5224 0.6974
v 2.3070 -6.5535 0.6192
v 2.3589 -6.5722 0.5709
v 2.4056 -6.5840 0.5224
v 2.4449 -6.5623 0.4155
v 2.4413 -6.5307 0.3480
v 2.4350 -6.4960 0.2788
v -1.7934 -6.2609 1.8503
v -1.6682 -6.2743 1.7234
v -1.5701 -6.2843 1.5616
v -0.7500 -6.2396 1.1883
v -0.5972 -6.2424 1.2093
v -0.4500 -6.2507 1.2599
v 0.3747 -6.3835 1.6986
v 0.4836 -6.4168 1.5594
v 0.5708 -6.4479 1.3935
v -2.3438 -6.3304 1.0927
v -2.3000 -6.3258 1.1420
v -2.2603 -6.3179 1.2184
v 1.3937 -6.5571 1.0983
v 1.5525 -6.5759 1.1648
v 1.6951 -6.5903 1.2149
v -2.5871 -6.4195 0.0320
v -2.6215 -6.4068 0.1377
v -2.6486 -6.3969 0.2256
v -1.7249 -6.6250 -0.7723
v -1.8688 -6.5968 -0.6951
v -2.0111 -6.5641 -0.6054
v -0.4455 -6.5389 -0.7930
v -0.6019 -6.5688 -0.7959
v -0.7587 -6.5972 -0.8027
v 0.8491 -6.4184 -0.6900
v 0.6863 -6.4162 -0.7385
v 0.5274 -6.4192 -0.7826
v 2.1028 -6.4462 -0.4585
v 1.9589 -6.4546 -0.5054
v 1.7958 -6.4614 -0.5298
v 2.0866 -4.5601 0.0597
v -2.1941 -4.5086 0.2098
v 0.2673 -4.4686 1.3272
v 1.1862 -4.5954 0.8833
v -2.0877 -4.4771 0.7068
v -2.1999 -4.4942 0.5372
v -2.1809 -4.5037 0.3435
v -1.7647 -4.5863 -0.2469
v -0.7705 -4.6543 -0.4542
v 0.3818 -4.5505 -0.4873
v 1.4389 -4.5728 -0.2688
v 1.9442 -4.6034 0.5817
v 2.0789 -4.6368 0.4157
v 2.0817 -4.5741 0.2147
v -0.2075 -4.4144 1.0954
v -2.0880 -4.5272 -0.0077
v -1.3037 -4.6519 -0.4418
v -0.2048 -4.5934 -0.4698
v 0.9316 -4.5488 -0.3578
v 1.8853 -4.5556 -0.1853
v 1.8325 -4.5988 0.7267
v -1.9511 -4.4627 0.8138
v -1.5823 -4.4005 1.3190
v -0.7933 -4.3994 0.9616
v -1.2710 -4.4258 1.0457
v 0.6725 -4.5537 1.0110
v -1.8132 -4.4419 0.9964
v 1.5989 -4.6297 0.9764
v 1.6639 -4.6271 0.9398
v 1.7270 -4.6188 0.8746
v 1.7851 -4.6083 0.7974
v 1.9539 -4.5557 -0.1377
v 2.0160 -4.5571 -0.0761
v 2.0603 -4.5590 -0.0057
v 2.0868 -4.5648 0.1763
v 2.0945 -4.5609 0.1434
v 2.0971 -4.5601 0.1076
v -2.1844 -4.5056 0.3018
v -2.1916 -4.5068 0.2678
v -2.1964 -4.5077 0.2394
v -1.7877 -4.4274 1.0928
v -1.7477 -4.4127 1.1947
v -1.6775 -4.4029 1.2789
v -1.1750 -4.4228 0.9834
v -1.0565 -4.4153 0.9542
v -0.9269 -4.4065 0.9511
v -0.0821 -4.4252 1.1728
v 0.0318 -4.4369 1.2522
v 0.1486 -4.4512 1.3108
v 0.7928 -4.5678 0.9315
v 0.9233 -4.5778 0.8837
v 1.0559 -4.5864 0.8693
v -1.9838 -4.4654 0.7922
v -2.0168 -4.4686 0.7683
v -2.0514 -4.4726 0.7402
v -2.1250 -4.4816 0.6676
v -2.1591 -4.4861 0.6247
v -2.1853 -4.4905 0.5808
v -2.2012 -4.4966 0.4916
v -2.1945 -4.4988 0.4423
v -2.1858 -4.5013 0.3918
v -2.0333 -4.5379 -0.0747
v -1.9619 -4.5514 -0.1392
v -1.8705 -4.5679 -0.1948
v -1.1835 -4.6590 -0.4571
v -1.0518 -4.6619 -0.4605
v -0.9120 -4.6607 -0.4579
v -0.0514 -4.5785 -0.4803
v 0.1020 -4.5662 -0.4894
v 0.2475 -4.5570 -0.4934
v 1.0630 -4.5556 -0.3276
v 1.1887 -4.5633 -0.3035
v 1.3127 -4.5699 -0.2841
v 1.8659 -4.5927 0.6756
v 1.8909 -4.5913 0.6397
v 1.9150 -4.5950 0.6111
v 1.9815 -4.6154 0.5445
v 2.0213 -4.6277 0.5015
v 2.0562 -4.6364 0.4577
v 2.0868 -4.6263 0.3701
v 2.0863 -4.6088 0.3175
v 2.0831 -4.5898 0.2634
v -1.4845 -4.4057 1.2986
v -1.4042 -4.4143 1.2292
v -1.3406 -4.4222 1.1359
v -0.6550 -4.3963 0.9761
v -0.5076 -4.3979 0.9992
v -0.3539 -4.4044 1.0375
v 0.3790 -4.4891 1.2901
v 0.4783 -4.5115 1.2113
v 0.5706 -4.5341 1.1115
v -1.9161 -4.4600 0.8368
v -1.8781 -4.4568 0.8704
v -1.8422 -4.4515 0.9221
v 1.3108 -4.6059 0.9171
v 1.4246 -4.6165 0.9544
v 1.5222 -4.6253 0.9785
v -2.1812 -4.5102 0.1700
v -2.1588 -4.5135 0.1186
v -2.1282 -4.5192 0.0582
v -1.6511 -4.6054 -0.3030
v -1.5339 -4.6238 -0.3590
v -1.4178 -4.6400 -0.4078
v -0.6311 -4.6424 -0.4539
v -0.4927 -4.6269 -0.4567
v -0.3517 -4.6100 -0.4619
v 0.5133 -4.5457 -0.4657
v 0.6512 -4.5434 -0.4326
v 0.7929 -4.5444 -0.3946
v 1.5680 -4.5703 -0.2565
v 1.6922 -4.5646 -0.2412
v 1.8005 -4.5587 -0.2179
v 2.3639 -4.5698 -0.1648
v -2.4689 -4.4991 0.0722
v 0.2780 -4.4538 1.7595
v 1.2222 -4.6132 1.1225
v -2.3280 -4.4573 0.8811
v -2.4725 -4.4792 0.5987
v -2.4484 -4.4921 0.2887
v -1.9505 -4.6038 -0.6506
v -0.8008 -4.6881 -0.9108
v 0.4011 -4.5573 -0.9489
v 1.5646 -4.5881 -0.6753
v 2.1706 -4.6266 0.6858
v 2.3443 -4.6709 0.4142
v 2.3521 -4.5877 0.0896
v -0.2233 -4.3951 1.3357
v -2.3413 -4.5246 -0.2778
v -1.4141 -4.6892 -0.9364
v -0.2119 -4.6092 -0.9037
v 0.9900 -4.5553 -0.7732
v 2.1163 -4.5661 -0.5664
v 2.0395 -4.6196 0.9030
v -2.1569 -4.4392 1.0485
v -1.7364 -4.3583 1.8393
v -0.7714 -4.3761 1.1836
v -1.3043 -4.4003 1.3590
v 0.6818 -4.5582 1.2501
v -2.0124 -4.4108 1.3084
v 1.7523 -4.6612 1.2999
v 1.8412 -4.6571 1.2378
v 1.9174 -4.6458 1.1326
v 1.9845 -4.6320 1.0121
v 2.2030 -4.5655 -0.4883
v 2.2794 -4.5666 -0.3875
v 2.3332 -4.5686 -0.2723
v 2.3593 -4.5751 0.0324
v 2.3704 -4.5699 -0.0206
v 2.3757 -4.5693 -0.0832
v -2.4534 -4.4941 0.2273
v -2.4634 -4.4956 0.1744
v -2.4709 -4.4972 0.1253
v -1.9907 -4.3914 1.4602
v -1.9507 -4.3715 1.6280
v -1.8668 -4.3590 1.7719
v -1.1899 -4.3981 1.2582
v -1.0565 -4.3906 1.2035
v -0.9146 -4.3822 1.1842
v -0.1090 -4.4046 1.4657
v 0.0058 -4.4162 1.6085
v 0.1351 -4.4324 1.7218
v 0.7928 -4.5752 1.1482
v 0.9249 -4.5882 1.0959
v 1.0705 -4.6003 1.0895
v -2.1971 -4.4426 1.0156
v -2.2386 -4.4465 0.9782
v -2.2822 -4.4516 0.9341
v -2.3752 -4.4630 0.8184
v -2.4188 -4.4686 0.7485
v -2.4531 -4.4743 0.6747
v -2.4738 -4.4828 0.5202
v -2.4646 -4.4859 0.4398
v -2.4537 -4.4891 0.3609
v -2.2747 -4.5392 -0.3847
v -2.1870 -4.5576 -0.4871
v -2.0759 -4.5796 -0.5734
v -1.2704 -4.6981 -0.9526
v -1.1164 -4.7009 -0.9466
v -0.9573 -4.6978 -0.9295
v -0.0561 -4.5910 -0.9209
v 0.1021 -4.5762 -0.9397
v 0.2557 -4.5651 -0.9525
v 1.1339 -4.5643 -0.7367
v 1.2749 -4.5746 -0.7096
v 1.4171 -4.5837 -0.6894
v 2.0787 -4.6118 0.8250
v 2.1077 -4.6103 0.7718
v 2.1356 -4.6154 0.7301
v 2.2170 -4.6425 0.6277
v 2.2674 -4.6587 0.5593
v 2.3129 -4.6702 0.4874
v 2.3557 -4.6571 0.3349
v 2.3557 -4.6339 0.2489
v 2.3526 -4.6087 0.1636
v -1.5968 -4.3686 1.7922
v -1.4847 -4.3823 1.6636
v -1.3958 -4.3943 1.5048
v -0.6283 -4.3749 1.1878
v -0.4863 -4.3785 1.2053
v -0.3495 -4.3859 1.2502
v 0.4091 -4.4798 1.6935
v 0.5106 -4.5077 1.5576
v 0.5937 -4.5350 1.3968
v -2.1168 -4.4356 1.0812
v -2.0765 -4.4310 1.1264
v -2.0400 -4.4237 1.1982
v 1.3733 -4.6281 1.1843
v 1.5159 -4.6432 1.2520
v 1.6438 -4.6556 1.2991
v -2.4531 -4.5017 0.0054
v -2.4262 -4.5062 -0.0769
v -2.3898 -4.5138 -0.1727
v -1.8188 -4.6285 -0.7327
v -1.6841 -4.6525 -0.8154
v -1.5496 -4.6736 -0.8875
v -0.6511 -4.6718 -0.8989
v -0.5059 -4.6515 -0.8938
v -0.3610 -4.6300 -0.8950
v 0.5435 -4.5513 -0.9193
v 0.6905 -4.5484 -0.8729
v 0.8411 -4.5497 -0.8210
v 1.7191 -4.5856 -0.6653
v 1.8714 -4.5785 -0.6492
v 2.0072 -4.5708 -0.6176
v 2.2046 -2.8538 -0.2758
v -2.2757 -2.7585 -0.0932
v 0.3148 -2.7122 1.7440
v 1.2037 -2.8458 1.2016
v -2.1458 -2.7130 0.8777
v -2.3074 -2.7356 0.5381
v -2.2618 -2.7528 0.1647
v -1.7354 -2.8358 -0.7244
v -0.6920 -2.9134 -0.9873
v 0.4171 -2.8400 -1.0634
v 1.4791 -2.8661 -0.7718
v 2.0894 -2.8727 0.7394
v 2.2467 -2.9138 0.3969
v 2.2171 -2.8618 0.0146
v -0.1451 -2.6789 1.3245
v -2.1188 -2.7710 -0.4040
v -1.2575 -2.8960 -1.0177
v -0.1485 -2.8649 -0.9963
v 0.9549 -2.8373 -0.8740
v 1.9792 -2.8455 -0.6906
v 1.9409 -2.8632 0.9658
v -1.9558 -2.6963 1.0491
v -1.5372 -2.6222 1.7818
v -0.6549 -2.6606 1.1867
v -1.1527 -2.6677 1.3054
v 0.6941 -2.7988 1.2573
v -1.8093 -2.6709 1.2876
v 1.6713 -2.8857 1.3737
v 1.7508 -2.8841 1.3060
v 1.8191 -2.8775 1.1962
v 1.8830 -2.8702 1.0739
v 2.0539 -2.8455 -0.6109
v 2.1183 -2.8475 -0.5049
v 2.1710 -2.8513 -0.3871
v 2.2161 -2.8540 -0.0540
v 2.2202 -2.8511 -0.1172
v 2.2201 -2.8525 -0.1882
v -2.2632 -2.7549 0.0899
v -2.2712 -2.7559 0.0248
v -2.2784 -2.7576 -0.0343
v -1.7878 -2.6518 1.4341
v -1.7459 -2.6324 1.5949
v -1.6607 -2.6216 1.7280
v -1.0430 -2.6687 1.2193
v -0.9171 -2.6653 1.1810
v -0.7860 -2.6622 1.1767
v -0.0393 -2.6829 1.4494
v 0.0652 -2.6874 1.5903
v 0.1830 -2.6970 1.7044
v 0.8050 -2.8128 1.1737
v 0.9321 -2.8235 1.1433
v 1.0670 -2.8345 1.1562
v -1.9976 -2.6987 1.0185
v -2.0429 -2.7016 0.9814
v -2.0927 -2.7070 0.9355
v -2.1998 -2.7178 0.8059
v -2.2489 -2.7227 0.7227
v -2.2873 -2.7293 0.6325
v -2.3044 -2.7396 0.4415
v -2.2886 -2.7432 0.3447
v -2.2718 -2.7483 0.2509
v -2.0437 -2.7824 -0.4911
v -1.9528 -2.7976 -0.5745
v -1.8491 -2.8165 -0.6511
v -1.1257 -2.9049 -1.0332
v -0.9833 -2.9113 -1.0250
v -0.8365 -2.9152 -1.0063
v -0.0050 -2.8541 -1.0202
v 0.1408 -2.8464 -1.0459
v 0.2827 -2.8426 -1.0642
v 1.0860 -2.8443 -0.8337
v 1.2146 -2.8528 -0.8044
v 1.3445 -2.8616 -0.7840
v 1.9853 -2.8578 0.8891
v 2.0194 -2.8569 0.8355
v 2.0521 -2.8625 0.7910
v 2.1346 -2.8854 0.6686
v 2.1809 -2.8987 0.5828
v 2.2213 -2.9102 0.4908
v 2.2498 -2.9051 0.2993
v 2.2400 -2.8897 0.1981
v 2.2269 -2.8742 0.1001
v -1.4139 -2.6317 1.7248
v -1.3184 -2.6447 1.5943
v -1.2396 -2.6584 1.4407
v -0.5230 -2.6611 1.1943
v -0.3911 -2.6648 1.2088
v -0.2633 -2.6719 1.2466
v 0.4351 -2.7316 1.6796
v 0.5274 -2.7541 1.5467
v 0.6058 -2.7780 1.3925
v -1.9152 -2.6924 1.0774
v -1.8741 -2.6878 1.1166
v -1.8366 -2.6821 1.1825
v 1.3369 -2.8569 1.2678
v 1.4616 -2.8682 1.3344
v 1.5744 -2.8792 1.3780
v -2.2561 -2.7578 -0.1592
v -2.2222 -2.7582 -0.2340
v -2.1771 -2.7627 -0.3167
v -1.6178 -2.8527 -0.8066
v -1.4985 -2.8682 -0.8917
v -1.3794 -2.8834 -0.9671
v -0.5539 -2.9040 -0.9769
v -0.4198 -2.8906 -0.9751
v -0.2860 -2.8772 -0.9813
v 0.5482 -2.8357 -1.0330
v 0.6825 -2.8322 -0.9829
v 0.8195 -2.8329 -0.9263
v 1.6193 -2.8627 -0.7661
v 1.7573 -2.8551 -0.7576
v 1.8809 -2.8486 -0.7357
v 1.7917 -2.8284 -0.0142
v -1.8616 -2.7658 0.0864
v 0.3023 -2.7256 1.2126
v 1.1560 -2.8285 0.8442
v -1.7839 -2.7344 0.6091
v -1.8870 -2.7504 0.4287
v -1.8615 -2.7620 0.2252
v -1.4829 -2.8182 -0.2764
v -0.6655 -2.8807 -0.5061
v 0.3950 -2.8228 -0.5586
v 1.2961 -2.8375 -0.3129
v 1.7339 -2.8418 0.5320
v 1.8319 -2.8691 0.3480
v 1.8118 -2.8343 0.1409
v -0.1402 -2.6857 1.0581
v -1.7538 -2.7736 -0.0825
v -1.1103 -2.8617 -0.4644
v -0.1444 -2.8457 -0.5477
v 0.8851 -2.8202 -0.4219
v 1.6252 -2.8212 -0.2353
v 1.6313 -2.8365 0.6654
v -1.6616 -2.7217 0.7093
v -1.3145 -2.6704 1.1221
v -0.7281 -2.6713 0.9243
v -1.1255 -2.6908 0.9208
v 0.7193 -2.7958 0.9574
v -1.5355 -2.7049 0.8618
v 1.4319 -2.8523 0.8966
v 1.4824 -2.8515 0.8603
v 1.5353 -2.8471 0.7994
v 1.5867 -2.8417 0.7289
v 1.6757 -2.8219 -0.1932
v 1.7238 -2.8238 -0.1366
v 1.7647 -2.8266 -0.0735
v 1.8089 -2.8291 0.1018
v 1.8089 -2.8271 0.0675
v 1.8055 -2.8278 0.0312
v -1.8605 -2.7637 0.1818
v -1.8632 -2.7645 0.1454
v -1.8652 -2.7655 0.1149
v -1.5042 -2.6923 0.9410
v -1.4588 -2.6797 1.0234
v -1.3915 -2.6722 1.0905
v -1.0548 -2.6887 0.8842
v -0.9588 -2.6826 0.8793
v -0.8475 -2.6763 0.8973
v -0.0136 -2.6944 1.1115
v 0.0928 -2.7025 1.1652
v 0.1970 -2.7128 1.2041
v 0.8438 -2.8075 0.8882
v 0.9602 -2.8151 0.8470
v 1.0635 -2.8219 0.8346
v -1.6889 -2.7237 0.6905
v -1.7181 -2.7260 0.6685
v -1.7500 -2.7300 0.6418
v -1.8183 -2.7380 0.5693
v -1.8496 -2.7416 0.5243
v -1.8739 -2.7462 0.4768
v -1.8870 -2.7530 0.3791
v -1.8788 -2.7554 0.3272
v -1.8687 -2.7588 0.2749
v -1.7023 -2.7813 -0.1325
v -1.6396 -2.7916 -0.1819
v -1.5664 -2.8045 -0.2292
v -1.0129 -2.8688 -0.4836
v -0.9046 -2.8749 -0.4938
v -0.7875 -2.8799 -0.5001
v -0.0006 -2.8365 -0.5586
v 0.1415 -2.8295 -0.5659
v 0.2741 -2.8255 -0.5670
v 0.9967 -2.8248 -0.3866
v 1.1000 -2.8303 -0.3571
v 1.1988 -2.8356 -0.3326
v 1.6637 -2.8324 0.6200
v 1.6877 -2.8314 0.5879
v 1.7097 -2.8350 0.5614
v 1.7627 -2.8503 0.4927
v 1.7919 -2.8593 0.4457
v 1.8167 -2.8668 0.3964
v 1.8342 -2.8633 0.2977
v 1.8285 -2.8530 0.2434
v 1.8196 -2.8426 0.1893
v -1.2476 -2.6736 1.1074
v -1.2010 -2.6797 1.0554
v -1.1680 -2.6867 0.9855
v -0.5993 -2.6681 0.9505
v -0.4541 -2.6689 0.9794
v -0.2947 -2.6758 1.0146
v 0.4048 -2.7405 1.1824
v 0.5033 -2.7580 1.1209
v 0.6042 -2.7778 1.0413
v -1.6331 -2.7190 0.7282
v -1.6005 -2.7160 0.7557
v -1.5665 -2.7123 0.7994
v 1.2394 -2.8347 0.8673
v 1.3141 -2.8412 0.8914
v 1.3788 -2.8478 0.9043
v -1.8481 -2.7649 0.0530
v -1.8250 -2.7651 0.0124
v -1.7938 -2.7681 -0.0335
v -1.3919 -2.8305 -0.3291
v -1.2972 -2.8417 -0.3827
v -1.2029 -2.8526 -0.4300
v -0.5412 -2.8752 -0.5147
v -0.4144 -2.8659 -0.5252
v -0.2828 -2.8557 -0.5363
v 0.5134 -2.8193 -0.5364
v 0.6376 -2.8167 -0.5026
v 0.7639 -2.8171 -0.4624
v 1.3928 -2.8338 -0.2974
v 1.4844 -2.8277 -0.2820
v 1.5637 -2.8229 -0.2624
v 1.9910 -1.3946 -0.3444
v -2.0710 -1.2756 -0.2088
v 0.3430 -1.2297 1.7125
v 1.1682 -1.3402 1.2585
v -1.9894 -1.2225 0.8734
v -2.1557 -1.2459 0.4924
v -2.0738 -1.2688 0.0808
v -1.5254 -1.3336 -0.7577
v -0.5991 -1.4039 -1.0372
v 0.4217 -1.3773 -1.1354
v 1.3827 -1.3996 -0.8361
v 1.9964 -1.3758 0.7796
v 2.1209 -1.4156 0.3840
v 2.0336 -1.3925 -0.0319
v -0.0823 -1.2159 1.3130
v -1.8850 -1.2817 -0.4761
v -1.1160 -1.3731 -1.0617
v -0.0978 -1.3806 -1.0638
v 0.9122 -1.3744 -0.9451
v 1.8171 -1.3813 -0.7680
v 1.8302 -1.3652 1.0089
v -1.7853 -1.2077 1.0496
v -1.3599 -1.1457 1.7011
v -0.5618 -1.1982 1.1994
v -1.0212 -1.1921 1.2467
v 0.6948 -1.3002 1.2553
v -1.6294 -1.1868 1.2607
v 1.5736 -1.3726 1.4042
v 1.7672 -1.3672 1.1087
v 1.7045 -1.3684 1.2254
v 1.6434 -1.3721 1.3340
v 1.8749 -1.3810 -0.6851
v 1.9193 -1.3833 -0.5740
v 1.9593 -1.3901 -0.4547
v 2.0072 -1.3916 -0.2544
v 2.0136 -1.3874 -0.1786
v 2.0201 -1.3885 -0.1082
v -2.0684 -1.2703 -0.0035
v -2.0715 -1.2705 -0.0779
v -2.0766 -1.2737 -0.1453
v -1.4745 -1.1424 1.6627
v -1.5612 -1.1494 1.5451
v -1.6074 -1.1680 1.3971
v -0.6791 -1.1953 1.1766
v -0.7974 -1.1933 1.1628
v -0.9149 -1.1945 1.1807
v 0.2220 -1.2187 1.6732
v 0.1154 -1.2135 1.5614
v 0.0193 -1.2152 1.4272
v 1.0468 -1.3295 1.2102
v 0.9246 -1.3186 1.1834
v 0.8052 -1.3107 1.1923
v -1.8286 -1.2082 1.0202
v -1.8765 -1.2093 0.9825
v -1.9311 -1.2156 0.9352
v -2.0467 -1.2255 0.7939
v -2.0977 -1.2291 0.7005
v -2.1377 -1.2374 0.5988
v -2.1441 -1.2498 0.3849
v -2.1169 -1.2536 0.2788
v -2.0910 -1.2616 0.1761
v -1.8049 -1.2899 -0.5444
v -1.7151 -1.3014 -0.6127
v -1.6217 -1.3180 -0.6825
v -0.9962 -1.3809 -1.0763
v -0.8657 -1.3889 -1.0681
v -0.7314 -1.3987 -1.0519
v 0.0337 -1.3751 -1.0895
v 0.1671 -1.3723 -1.1162
v 0.2976 -1.3749 -1.1356
v 1.0307 -1.3786 -0.9027
v 1.1466 -1.3847 -0.8707
v 1.2634 -1.3941 -0.8486
v 1.9567 -1.3657 0.8372
v 1.9207 -1.3589 0.8850
v 1.8818 -1.3603 0.9384
v 2.1061 -1.4083 0.4916
v 2.0752 -1.3955 0.5983
v 2.0381 -1.3849 0.6980
v 2.0568 -1.3961 0.0605
v 2.0847 -1.4017 0.1655
v 2.1104 -1.4110 0.2752
v -1.1094 -1.1798 1.3624
v -1.1803 -1.1644 1.5047
v -1.2562 -1.1536 1.6344
v -0.1965 -1.2096 1.2483
v -0.3176 -1.2017 1.2220
v -0.4408 -1.1991 1.2118
v 0.6055 -1.2812 1.3751
v 0.5320 -1.2594 1.5195
v 0.4513 -1.2427 1.6482
v -1.6574 -1.1951 1.1633
v -1.6986 -1.1977 1.1059
v -1.7431 -1.2028 1.0739
v 1.4880 -1.3647 1.4138
v 1.3899 -1.3541 1.3778
v 1.2832 -1.3471 1.3196
v -2.0445 -1.2725 -0.2725
v -2.0020 -1.2702 -0.3383
v -1.9497 -1.2741 -0.4067
v -1.4269 -1.3429 -0.8437
v -1.3263 -1.3509 -0.9323
v -1.2238 -1.3622 -1.0103
v -0.4718 -1.3992 -1.0316
v -0.3480 -1.3909 -1.0347
v -0.2245 -1.3851 -1.0455
v 0.5426 -1.3736 -1.1053
v 0.6655 -1.3691 -1.0551
v 0.7897 -1.3700 -0.9983
v 1.5043 -1.3952 -0.8323
v 1.6235 -1.3869 -0.8277
v 1.7319 -1.3824 -0.8109
v 1.0551 -1.3272 0.0524
v -1.1093 -1.2820 0.1040
v 0.1947 -1.2575 0.8158
v 0.7079 -1.3150 0.6101
v -1.0690 -1.2613 0.4487
v -1.1352 -1.2714 0.3296
v -1.1143 -1.2797 0.1957
v -0.8731 -1.3100 -0.1040
v -0.3931 -1.3471 -0.2536
v 0.2463 -1.3241 -0.2885
v 0.7787 -1.3314 -0.1322
v 1.0475 -1.3263 0.4126
v 1.1018 -1.3427 0.2888
v 1.0767 -1.3285 0.1536
v -0.0662 -1.2393 0.7330
v -1.0365 -1.2848 0.0086
v -0.6571 -1.3312 -0.2238
v -0.0759 -1.3323 -0.2824
v 0.5385 -1.3221 -0.2029
v 0.9618 -1.3213 -0.0863
v 0.9805 -1.3227 0.4946
v -0.9910 -1.2537 0.5110
v -0.7710 -1.2241 0.7501
v -0.4304 -1.2293 0.6580
v -0.6746 -1.2368 0.6363
v 0.4509 -1.2965 0.6695
v -0.9102 -1.2442 0.6005
v 0.8566 -1.3284 0.6353
v 0.9513 -1.3248 0.5328
v 0.9187 -1.3267 0.5755
v 0.8863 -1.3285 0.6128
v 0.9890 -1.3219 -0.0602
v 1.0147 -1.3233 -0.0241
v 1.0379 -1.3257 0.0157
v 1.0645 -1.3266 0.0812
v 1.0687 -1.3256 0.1049
v 1.0717 -1.3263 0.1278
v -1.1121 -1.2807 0.1670
v -1.1122 -1.2811 0.1427
v -1.1124 -1.2819 0.1223
v -0.8159 -1.2248 0.7328
v -0.8584 -1.2289 0.6944
v -0.8888 -1.2365 0.6467
v -0.5045 -1.2308 0.6385
v -0.5736 -1.2330 0.6225
v -0.6326 -1.2360 0.6195
v 0.1334 -1.2509 0.8116
v 0.0728 -1.2460 0.7904
v 0.0103 -1.2430 0.7613
v 0.6570 -1.3111 0.6041
v 0.5984 -1.3070 0.6092
v 0.5289 -1.3029 0.6307
v -1.0078 -1.2547 0.4998
v -1.0263 -1.2558 0.4862
v -1.0470 -1.2585 0.4695
v -1.0913 -1.2633 0.4229
v -1.1114 -1.2653 0.3933
v -1.1271 -1.2684 0.3617
v -1.1343 -1.2730 0.2967
v -1.1279 -1.2746 0.2626
v -1.1202 -1.2772 0.2283
v -1.0035 -1.2890 -0.0185
v -0.9646 -1.2948 -0.0461
v -0.9212 -1.3024 -0.0740
v -0.6000 -1.3355 -0.2363
v -0.5360 -1.3400 -0.2435
v -0.4664 -1.3447 -0.2486
v 0.0107 -1.3281 -0.2890
v 0.0956 -1.3253 -0.2933
v 0.1745 -1.3245 -0.2938
v 0.6047 -1.3243 -0.1801
v 0.6655 -1.3271 -0.1608
v 0.7230 -1.3303 -0.1449
v 1.0326 -1.3222 0.4316
v 1.0181 -1.3199 0.4479
v 1.0021 -1.3204 0.4673
v 1.0946 -1.3405 0.3217
v 1.0811 -1.3357 0.3551
v 1.0645 -1.3308 0.3867
v 1.0849 -1.3315 0.1849
v 1.0938 -1.3356 0.2198
v 1.1006 -1.3403 0.2552
v -0.6978 -1.2336 0.6713
v -0.7132 -1.2290 0.7109
v -0.7354 -1.2256 0.7411
v -0.1615 -1.2336 0.7105
v -0.2604 -1.2290 0.6918
v -0.3505 -1.2281 0.6751
v 0.3774 -1.2859 0.7176
v 0.3143 -1.2744 0.7631
v 0.2550 -1.2650 0.7983
v -0.9309 -1.2483 0.5635
v -0.9531 -1.2500 0.5376
v -0.9736 -1.2519 0.5218
v 0.8272 -1.3253 0.6411
v 0.7924 -1.3212 0.6352
v 0.7527 -1.3181 0.6227
v -1.0997 -1.2808 0.0841
v -1.0838 -1.2802 0.0609
v -1.0628 -1.2817 0.0354
v -0.8206 -1.3157 -0.1377
v -0.7657 -1.3208 -0.1719
v -0.7110 -1.3262 -0.2020
v -0.3177 -1.3452 -0.2601
v -0.2403 -1.3408 -0.2675
v -0.1599 -1.3365 -0.2750
v 0.3168 -1.3222 -0.2748
v 0.3909 -1.3203 -0.2538
v 0.4662 -1.3204 -0.2286
v 0.8331 -1.3287 -0.1226
v 0.8841 -1.3246 -0.1135
v 0.9281 -1.3219 -0.1023
v 1.6906 -0.2162 1.0029
v 1.7820 -0.2744 -0.3854
v -1.8501 -0.1414 -0.2767
v -1.2144 -0.0168 1.5867
v -0.4994 -0.0765 1.2464
v 0.3615 -0.0938 1.6573
v 1.1198 -0.1849 1.2639
v -1.8381 -0.0752 0.8487
v -1.9929 -0.1004 0.4470
v -1.8705 -0.1306 0.0303
v -1.3559 -0.1838 -0.7847
v -0.5262 -0.2499 -1.0583
v 0.4176 -0.2557 -1.1430
v 1.2867 -0.2747 -0.8597
v 1.8606 -0.2272 0.7693
v 1.9697 -0.2648 0.3546
v 1.8502 -0.2628 -0.0680
v -0.9104 -0.0611 1.1920
v -0.0419 -0.0925 1.3026
v 0.6854 -0.1509 1.2421
v -1.4756 -0.0456 1.2188
v 1.4604 -0.2108 1.3647
v -1.6633 -0.1452 -0.5126
v -0.9956 -0.2121 -1.0608
v -0.0607 -0.2448 -1.0964
v 0.8730 -0.2531 -0.9831
v 1.6413 -0.2597 -0.7822
v -1.6328 -0.0629 1.0354
v 1.5185 -0.2088 1.2955
v 1.5690 -0.2031 1.1936
v 1.6277 -0.2117 1.0895
v 1.6864 -0.2562 -0.7032
v 1.7515 -0.2664 -0.4870
v 1.7173 -0.2534 -0.5978
v 1.8271 -0.2596 -0.1475
v 1.8100 -0.2560 -0.2214
v 1.7989 -0.2675 -0.2987
v -1.8562 -0.1357 -0.2107
v -1.8514 -0.1261 -0.1378
v -1.8558 -0.1303 -0.0578
v -1.4530 -0.0260 1.3386
v -1.4006 -0.0056 1.4653
v -1.3163 -0.0078 1.5638
v -0.8060 -0.0616 1.1622
v -0.7003 -0.0573 1.1736
v -0.5999 -0.0677 1.2089
v 0.0621 -0.0871 1.3958
v 0.1534 -0.0769 1.5168
v 0.2503 -0.0837 1.6223
v 0.7914 -0.1562 1.1964
v 0.9013 -0.1574 1.1970
v 1.0129 -0.1726 1.2229
v -1.7805 -0.0653 0.9153
v -1.7245 -0.0538 0.9658
v -1.6769 -0.0593 1.0067
v -1.9774 -0.0876 0.5564
v -1.9375 -0.0730 0.6626
v -1.8912 -0.0749 0.7628
v -1.8954 -0.1183 0.1278
v -1.9294 -0.1026 0.2317
v -1.9707 -0.1025 0.3381
v -1.5892 -0.1479 -0.5735
v -1.4334 -0.1690 -0.7099
v -1.5090 -0.1509 -0.6398
v -0.8874 -0.2165 -1.0729
v -0.6462 -0.2382 -1.0629
v -0.7678 -0.2205 -1.0694
v 0.0601 -0.2406 -1.1144
v 0.3028 -0.2477 -1.1451
v 0.1824 -0.2365 -1.1320
v 0.9802 -0.2528 -0.9430
v 1.1860 -0.2664 -0.8796
v 1.0834 -0.2522 -0.9080
v 1.7433 -0.2096 0.9389
v 1.7834 -0.2028 0.8845
v 1.8198 -0.2151 0.8318
v 1.9016 -0.2306 0.6832
v 1.9322 -0.2341 0.5771
v 1.9597 -0.2525 0.4654
v 1.9501 -0.2607 0.2442
v 1.9142 -0.2513 0.1328
v 1.8793 -0.2577 0.0266
v -1.1351 -0.0212 1.5115
v -1.0793 -0.0251 1.3868
v -1.0081 -0.0456 1.2676
v -0.3890 -0.0753 1.2635
v -0.2730 -0.0720 1.2631
v -0.1570 -0.0843 1.2648
v 0.4554 -0.1000 1.5914
v 0.5236 -0.1077 1.4695
v 0.5948 -0.1318 1.3414
v -1.5873 -0.0552 1.0542
v -1.5390 -0.0448 1.0802
v -1.4993 -0.0491 1.1315
v 1.2155 -0.1862 1.3113
v 1.3026 -0.1852 1.3538
v 1.3863 -0.1999 1.3795
v -1.8190 -0.1355 -0.3369
v -1.7222 -0.1362 -0.4534
v -1.7718 -0.1277 -0.3949
v -1.2743 -0.1857 -0.8680
v -1.0925 -0.1994 -1.0179
v -1.1851 -0.1851 -0.9497
v -0.4090 -0.2462 -1.0607
v -0.1780 -0.2415 -1.0810
v -0.2932 -0.2373 -1.0687
v 0.5301 -0.2502 -1.1168
v 0.7607 -0.2466 -1.0284
v 0.6450 -0.2409 -1.0748
v 1.3840 -0.2678 -0.8492
v 1.5691 -0.2572 -0.8228
v 1.4781 -0.2556 -0.8402
vt 0.8964 0.2840
vt 0.8941 0.2840
vt 0.8915 0.2700
vt 0.8937 0.2700
vt 0.8987 0.2840
vt 0.8959 0.2700
vt 0.8889 0.2560
vt 0.8909 0.2560
vt 0.8929 0.2560
vt 0.8966 0.2981
vt 0.8941 0.2981
vt 0.8918 0.2840
vt 0.8941 0.2840
vt 0.8991 0.2981
vt 0.9015 0.2981
vt 0.9040 0.2981
vt 0.9011 0.2840
vt 0.8980 0.2700
vt 0.8950 0.2560
vt 0.8897 0.2420
vt 0.8916 0.2420
vt 0.8877 0.2420
vt 0.8859 0.2420
vt 0.8869 0.2560
vt 0.8841 0.2420
vt 0.8894 0.2700
vt 0.5776 0.2700
vt 0.5733 0.2840
vt 0.5699 0.2840
vt 0.5742 0.2700
vt 0.5810 0.2700
vt 0.5768 0.2840
vt 0.5817 0.2560
vt 0.5783 0.2560
vt 0.5851 0.2560
vt 0.5699 0.2840
vt 0.5654 0.2981
vt 0.5619 0.2981
vt 0.5664 0.2840
vt 0.5689 0.2981
vt 0.5725 0.2981
vt 0.5803 0.2840
vt 0.5761 0.2981
vt 0.5844 0.2700
vt 0.5885 0.2560
vt 0.5922 0.2420
vt 0.5888 0.2420
vt 0.5854 0.2420
vt 0.5821 0.2420
vt 0.5751 0.2560
vt 0.5789 0.2420
vt 0.5709 0.2700
vt 0.7064 0.2840
vt 0.7022 0.2840
vt 0.7006 0.2700
vt 0.7047 0.2700
vt 0.7107 0.2840
vt 0.7091 0.2700
vt 0.6988 0.2560
vt 0.7031 0.2560
vt 0.7074 0.2560
vt 0.7041 0.2981
vt 0.7001 0.2981
vt 0.6982 0.2840
vt 0.7022 0.2840
vt 0.7082 0.2981
vt 0.7125 0.2981
vt 0.7170 0.2981
vt 0.7153 0.2840
vt 0.7137 0.2700
vt 0.7120 0.2560
vt 0.7055 0.2420
vt 0.7101 0.2420
vt 0.7011 0.2420
vt 0.6968 0.2420
vt 0.6947 0.2560
vt 0.6927 0.2420
vt 0.6965 0.2700
vt 0.8864 0.2840
vt 0.8837 0.2840
vt 0.8824 0.2700
vt 0.8848 0.2700
vt 0.8891 0.2840
vt 0.8871 0.2700
vt 0.8810 0.2560
vt 0.8830 0.2560
vt 0.8850 0.2560
vt 0.8848 0.2981
vt 0.8819 0.2981
vt 0.8811 0.2840
vt 0.8837 0.2840
vt 0.8879 0.2981
vt 0.8910 0.2981
vt 0.8824 0.2420
vt 0.8808 0.2420
vt 0.8792 0.2420
vt 0.8790 0.2560
vt 0.8776 0.2420
vt 0.8801 0.2700
vt 0.6912 0.2840
vt 0.6881 0.2840
vt 0.6862 0.2700
vt 0.6894 0.2700
vt 0.6946 0.2840
vt 0.6929 0.2700
vt 0.6841 0.2560
vt 0.6874 0.2560
vt 0.6910 0.2560
vt 0.6900 0.2981
vt 0.6870 0.2981
vt 0.6852 0.2840
vt 0.6881 0.2840
vt 0.6932 0.2981
vt 0.6966 0.2981
vt 0.6890 0.2420
vt 0.6855 0.2420
vt 0.6823 0.2420
vt 0.6813 0.2560
vt 0.6794 0.2420
vt 0.6833 0.2700
vt 0.8777 0.2840
vt 0.8760 0.2840
vt 0.8752 0.2700
vt 0.8769 0.2700
vt 0.8794 0.2840
vt 0.8785 0.2700
vt 0.8742 0.2560
vt 0.8758 0.2560
vt 0.8774 0.2560
vt 0.8768 0.2981
vt 0.8751 0.2981
vt 0.8744 0.2840
vt 0.8760 0.2840
vt 0.8785 0.2981
vt 0.8802 0.2981
vt 0.8760 0.2420
vt 0.8744 0.2420
vt 0.8729 0.2420
vt 0.8726 0.2560
vt 0.8715 0.2420
vt 0.8736 0.2700
vt 0.6803 0.2840
vt 0.6778 0.2840
vt 0.6759 0.2700
vt 0.6783 0.2700
vt 0.6827 0.2840
vt 0.6808 0.2700
vt 0.6742 0.2560
vt 0.6765 0.2560
vt 0.6789 0.2560
vt 0.6797 0.2981
vt 0.6772 0.2981
vt 0.6753 0.2840
vt 0.6778 0.2840
vt 0.6822 0.2981
vt 0.6846 0.2981
vt 0.6769 0.2420
vt 0.6746 0.2420
vt 0.6723 0.2420
vt 0.6719 0.2560
vt 0.6701 0.2420
vt 0.6735 0.2700
vt 0.8710 0.2840
vt 0.8693 0.2840
vt 0.8689 0.2700
vt 0.8704 0.2700
vt 0.8727 0.2840
vt 0.8720 0.2700
vt 0.8683 0.2560
vt 0.8697 0.2560
vt 0.8712 0.2560
vt 0.8693 0.2840
vt 0.8696 0.2981
vt 0.8678 0.2981
vt 0.8676 0.2840
vt 0.8714 0.2981
vt 0.8732 0.2981
vt 0.8702 0.2420
vt 0.8689 0.2420
vt 0.8675 0.2420
vt 0.8668 0.2560
vt 0.8662 0.2420
vt 0.8673 0.2700
vt 0.6695 0.2840
vt 0.6667 0.2840
vt 0.6659 0.2700
vt 0.6684 0.2700
vt 0.6724 0.2840
vt 0.6710 0.2700
vt 0.6653 0.2560
vt 0.6675 0.2560
vt 0.6697 0.2560
vt 0.6675 0.2981
vt 0.6643 0.2981
vt 0.6638 0.2840
vt 0.6667 0.2840
vt 0.6707 0.2981
vt 0.6740 0.2981
vt 0.6682 0.2420
vt 0.6663 0.2420
vt 0.6645 0.2420
vt 0.6632 0.2560
vt 0.6627 0.2420
vt 0.6635 0.2700
vt 0.8641 0.2700
vt 0.8642 0.2840
vt 0.8625 0.2840
vt 0.8625 0.2700
vt 0.8657 0.2700
vt 0.8659 0.2840
vt 0.8639 0.2560
vt 0.8624 0.2560
vt 0.8654 0.2560
vt 0.8625 0.2840
vt 0.8625 0.2981
vt 0.8607 0.2981
vt 0.8608 0.2840
vt 0.8643 0.2981
vt 0.8661 0.2981
vt 0.8648 0.2420
vt 0.8634 0.2420
vt 0.8619 0.2420
vt 0.8610 0.2560
vt 0.8605 0.2420
vt 0.8609 0.2700
vt 0.6604 0.2840
vt 0.6587 0.2840
vt 0.6584 0.2700
vt 0.6601 0.2700
vt 0.6621 0.2840
vt 0.6618 0.2700
vt 0.6581 0.2560
vt 0.6598 0.2560
vt 0.6615 0.2560
vt 0.6591 0.2981
vt 0.6574 0.2981
vt 0.6571 0.2840
vt 0.6587 0.2840
vt 0.6609 0.2981
vt 0.6626 0.2981
vt 0.6609 0.2420
vt 0.6592 0.2420
vt 0.6577 0.2420
vt 0.6565 0.2560
vt 0.6564 0.2420
vt 0.6568 0.2700
vt 0.8578 0.2700
vt 0.8575 0.2840
vt 0.8559 0.2840
vt 0.8562 0.2700
vt 0.8594 0.2700
vt 0.8592 0.2840
vt 0.8580 0.2560
vt 0.8565 0.2560
vt 0.8595 0.2560
vt 0.8555 0.2981
vt 0.8537 0.2981
vt 0.8542 0.2840
vt 0.8559 0.2840
vt 0.8572 0.2981
vt 0.8589 0.2981
vt 0.8591 0.2420
vt 0.8578 0.2420
vt 0.8564 0.2420
vt 0.8550 0.2560
vt 0.8550 0.2420
vt 0.8546 0.2700
vt 0.6536 0.2840
vt 0.6519 0.2840
vt 0.6519 0.2700
vt 0.6535 0.2700
vt 0.6553 0.2840
vt 0.6552 0.2700
vt 0.6521 0.2560
vt 0.6536 0.2560
vt 0.6550 0.2560
vt 0.6519 0.2981
vt 0.6500 0.2981
vt 0.6502 0.2840
vt 0.6519 0.2840
vt 0.6537 0.2981
vt 0.6555 0.2981
vt 0.6552 0.2420
vt 0.6538 0.2420
vt 0.6525 0.2420
vt 0.6506 0.2560
vt 0.6511 0.2420
vt 0.6503 0.2700
vt 0.8493 0.2700
vt 0.8485 0.2840
vt 0.8456 0.2840
vt 0.8467 0.2700
vt 0.8520 0.2700
vt 0.8514 0.2840
vt 0.8503 0.2560
vt 0.8479 0.2560
vt 0.8526 0.2560
vt 0.8456 0.2840
vt 0.8441 0.2981
vt 0.8409 0.2981
vt 0.8426 0.2840
vt 0.8474 0.2981
vt 0.8506 0.2981
vt 0.8532 0.2420
vt 0.8513 0.2420
vt 0.8493 0.2420
vt 0.8454 0.2560
vt 0.8472 0.2420
vt 0.8440 0.2700
vt 0.6471 0.2700
vt 0.6468 0.2840
vt 0.6450 0.2840
vt 0.6455 0.2700
vt 0.6487 0.2700
vt 0.6485 0.2840
vt 0.6477 0.2560
vt 0.6462 0.2560
vt 0.6491 0.2560
vt 0.6446 0.2981
vt 0.6427 0.2981
vt 0.6433 0.2840
vt 0.6450 0.2840
vt 0.6464 0.2981
vt 0.6482 0.2981
vt 0.6497 0.2420
vt 0.6483 0.2420
vt 0.6470 0.2420
vt 0.6447 0.2560
vt 0.6457 0.2420
vt 0.6439 0.2700
vt 0.8392 0.2700
vt 0.8377 0.2840
vt 0.8352 0.2840
vt 0.8368 0.2700
vt 0.8416 0.2700
vt 0.8402 0.2840
vt 0.8407 0.2560
vt 0.8383 0.2560
vt 0.8431 0.2560
vt 0.8352 0.2840
vt 0.8335 0.2981
vt 0.8310 0.2981
vt 0.8327 0.2840
vt 0.8360 0.2981
vt 0.8384 0.2981
vt 0.8450 0.2420
vt 0.8427 0.2420
vt 0.8402 0.2420
vt 0.8359 0.2560
vt 0.8376 0.2420
vt 0.8343 0.2700
vt 0.6406 0.2700
vt 0.6399 0.2840
vt 0.6382 0.2840
vt 0.6390 0.2700
vt 0.6423 0.2700
vt 0.6416 0.2840
vt 0.6415 0.2560
vt 0.6398 0.2560
vt 0.6431 0.2560
vt 0.6375 0.2981
vt 0.6358 0.2981
vt 0.6365 0.2840
vt 0.6382 0.2840
vt 0.6392 0.2981
vt 0.6410 0.2981
vt 0.6442 0.2420
vt 0.6426 0.2420
vt 0.6410 0.2420
vt 0.6382 0.2560
vt 0.6394 0.2420
vt 0.6373 0.2700
vt 0.8287 0.2700
vt 0.8269 0.2840
vt 0.8234 0.2840
vt 0.8253 0.2700
vt 0.8316 0.2700
vt 0.8299 0.2840
vt 0.8299 0.2560
vt 0.8269 0.2560
vt 0.8331 0.2560
vt 0.8234 0.2840
vt 0.8217 0.2981
vt 0.8181 0.2981
vt 0.8199 0.2840
vt 0.8251 0.2981
vt 0.8282 0.2981
vt 0.8344 0.2420
vt 0.8311 0.2420
vt 0.8280 0.2420
vt 0.8234 0.2560
vt 0.8250 0.2420
vt 0.8217 0.2700
vt 0.6325 0.2700
vt 0.6310 0.2840
vt 0.6282 0.2840
vt 0.6302 0.2700
vt 0.6349 0.2700
vt 0.6338 0.2840
vt 0.6342 0.2560
vt 0.6322 0.2560
vt 0.6362 0.2560
vt 0.6282 0.2840
vt 0.6264 0.2981
vt 0.6232 0.2981
vt 0.6255 0.2840
vt 0.6296 0.2981
vt 0.6328 0.2981
vt 0.6378 0.2420
vt 0.6363 0.2420
vt 0.6347 0.2420
vt 0.6302 0.2560
vt 0.6330 0.2420
vt 0.6278 0.2700
vt 0.8132 0.2700
vt 0.8116 0.2840
vt 0.8071 0.2840
vt 0.8087 0.2700
vt 0.8175 0.2700
vt 0.8158 0.2840
vt 0.8147 0.2560
vt 0.8102 0.2560
vt 0.8191 0.2560
vt 0.8071 0.2840
vt 0.8056 0.2981
vt 0.8010 0.2981
vt 0.8025 0.2840
vt 0.8099 0.2981
vt 0.8141 0.2981
vt 0.8208 0.2420
vt 0.8164 0.2420
vt 0.8118 0.2420
vt 0.8055 0.2560
vt 0.8073 0.2420
vt 0.8040 0.2700
vt 0.9428 0.2840
vt 0.9394 0.2840
vt 0.9352 0.2700
vt 0.9385 0.2700
vt 0.9462 0.2840
vt 0.9418 0.2700
vt 0.9311 0.2560
vt 0.9344 0.2560
vt 0.9376 0.2560
vt 0.9438 0.2981
vt 0.9403 0.2981
vt 0.9360 0.2840
vt 0.9394 0.2840
vt 0.9473 0.2981
vt 0.9508 0.2981
vt 0.9542 0.2981
vt 0.9496 0.2840
vt 0.9451 0.2700
vt 0.9408 0.2560
vt 0.9338 0.2420
vt 0.9369 0.2420
vt 0.9306 0.2420
vt 0.9272 0.2420
vt 0.9277 0.2560
vt 0.9239 0.2420
vt 0.9318 0.2700
vt 0.6234 0.2700
vt 0.6208 0.2840
vt 0.6184 0.2840
vt 0.6212 0.2700
vt 0.6256 0.2700
vt 0.6231 0.2840
vt 0.6261 0.2560
vt 0.6241 0.2560
vt 0.6282 0.2560
vt 0.6184 0.2840
vt 0.6157 0.2981
vt 0.6132 0.2981
vt 0.6160 0.2840
vt 0.6182 0.2981
vt 0.6207 0.2981
vt 0.6311 0.2420
vt 0.6292 0.2420
vt 0.6273 0.2420
vt 0.6220 0.2560
vt 0.6253 0.2420
vt 0.6190 0.2700
vt 0.7935 0.2700
vt 0.7922 0.2840
vt 0.7869 0.2840
vt 0.7880 0.2700
vt 0.7988 0.2700
vt 0.7974 0.2840
vt 0.7948 0.2560
vt 0.7892 0.2560
vt 0.8003 0.2560
vt 0.7858 0.2981
vt 0.7807 0.2981
vt 0.7816 0.2840
vt 0.7869 0.2840
vt 0.7910 0.2981
vt 0.7961 0.2981
vt 0.8021 0.2420
vt 0.7964 0.2420
vt 0.7907 0.2420
vt 0.7837 0.2560
vt 0.7850 0.2420
vt 0.7826 0.2700
vt 0.9293 0.2840
vt 0.9261 0.2840
vt 0.9221 0.2700
vt 0.9253 0.2700
vt 0.9327 0.2840
vt 0.9285 0.2700
vt 0.9181 0.2560
vt 0.9212 0.2560
vt 0.9245 0.2560
vt 0.9301 0.2981
vt 0.9268 0.2981
vt 0.9229 0.2840
vt 0.9261 0.2840
vt 0.9334 0.2981
vt 0.9369 0.2981
vt 0.9206 0.2420
vt 0.9174 0.2420
vt 0.9142 0.2420
vt 0.9150 0.2560
vt 0.9112 0.2420
vt 0.9190 0.2700
vt 0.6141 0.2700
vt 0.6108 0.2840
vt 0.6082 0.2840
vt 0.6116 0.2700
vt 0.6165 0.2700
vt 0.6134 0.2840
vt 0.6174 0.2560
vt 0.6150 0.2560
vt 0.6197 0.2560
vt 0.6082 0.2840
vt 0.6049 0.2981
vt 0.6021 0.2981
vt 0.6056 0.2840
vt 0.6077 0.2981
vt 0.6104 0.2981
vt 0.6231 0.2420
vt 0.6209 0.2420
vt 0.6185 0.2420
vt 0.6125 0.2560
vt 0.6161 0.2420
vt 0.6090 0.2700
vt 0.7712 0.2700
vt 0.7707 0.2840
vt 0.7649 0.2840
vt 0.7652 0.2700
vt 0.7762 0.2840
vt 0.7770 0.2700
vt 0.7717 0.2560
vt 0.7653 0.2560
vt 0.7778 0.2560
vt 0.7649 0.2840
vt 0.7647 0.2981
vt 0.7594 0.2981
vt 0.7592 0.2840
vt 0.7703 0.2981
vt 0.7755 0.2981
vt 0.7788 0.2420
vt 0.7723 0.2420
vt 0.7655 0.2420
vt 0.7589 0.2560
vt 0.7587 0.2420
vt 0.7590 0.2700
vt 0.9169 0.2840
vt 0.9141 0.2840
vt 0.9103 0.2700
vt 0.9132 0.2700
vt 0.9199 0.2840
vt 0.9160 0.2700
vt 0.9068 0.2560
vt 0.9095 0.2560
vt 0.9122 0.2560
vt 0.9177 0.2981
vt 0.9148 0.2981
vt 0.9113 0.2840
vt 0.9141 0.2840
vt 0.9206 0.2981
vt 0.9237 0.2981
vt 0.9085 0.2420
vt 0.9058 0.2420
vt 0.9032 0.2420
vt 0.9042 0.2560
vt 0.9006 0.2420
vt 0.9077 0.2700
vt 0.6035 0.2700
vt 0.5999 0.2840
vt 0.5968 0.2840
vt 0.6006 0.2700
vt 0.6063 0.2700
vt 0.6028 0.2840
vt 0.6072 0.2560
vt 0.6043 0.2560
vt 0.6099 0.2560
vt 0.5968 0.2840
vt 0.5930 0.2981
vt 0.5899 0.2981
vt 0.5937 0.2840
vt 0.5961 0.2981
vt 0.5991 0.2981
vt 0.6135 0.2420
vt 0.6108 0.2420
vt 0.6079 0.2420
vt 0.6014 0.2560
vt 0.6052 0.2420
vt 0.5976 0.2700
vt 0.7479 0.2840
vt 0.7420 0.2840
vt 0.7409 0.2700
vt 0.7470 0.2700
vt 0.7532 0.2700
vt 0.7538 0.2840
vt 0.7398 0.2560
vt 0.7460 0.2560
vt 0.7525 0.2560
vt 0.7430 0.2981
vt 0.7374 0.2981
vt 0.7362 0.2840
vt 0.7420 0.2840
vt 0.7487 0.2981
vt 0.7543 0.2981
vt 0.7519 0.2420
vt 0.7450 0.2420
vt 0.7386 0.2420
vt 0.7337 0.2560
vt 0.7323 0.2420
vt 0.7350 0.2700
vt 0.9062 0.2840
vt 0.9036 0.2840
vt 0.9004 0.2700
vt 0.9028 0.2700
vt 0.9087 0.2840
vt 0.9053 0.2700
vt 0.8972 0.2560
vt 0.8995 0.2560
vt 0.9018 0.2560
vt 0.9067 0.2981
vt 0.9036 0.2840
vt 0.9094 0.2981
vt 0.9120 0.2981
vt 0.8983 0.2420
vt 0.8959 0.2420
vt 0.8937 0.2420
vt 0.5912 0.2700
vt 0.5871 0.2840
vt 0.5837 0.2840
vt 0.5878 0.2700
vt 0.5944 0.2700
vt 0.5904 0.2840
vt 0.5951 0.2560
vt 0.5918 0.2560
vt 0.5983 0.2560
vt 0.5837 0.2840
vt 0.5796 0.2981
vt 0.5831 0.2981
vt 0.5865 0.2981
vt 0.6021 0.2420
vt 0.5988 0.2420
vt 0.5956 0.2420
vt 0.7254 0.2840
vt 0.7203 0.2840
vt 0.7188 0.2700
vt 0.7240 0.2700
vt 0.7307 0.2840
vt 0.7294 0.2700
vt 0.7172 0.2560
vt 0.7225 0.2560
vt 0.7280 0.2560
vt 0.7218 0.2981
vt 0.7203 0.2840
vt 0.7269 0.2981
vt 0.7321 0.2981
vt 0.7264 0.2420
vt 0.7208 0.2420
vt 0.7153 0.2420
vt 0.8202 0.2140
vt 0.8268 0.2280
vt 0.8238 0.2280
vt 0.8171 0.2140
vt 0.8232 0.2140
vt 0.8300 0.2280
vt 0.8197 0.2000
vt 0.8171 0.2000
vt 0.8224 0.2000
vt 0.8238 0.2280
vt 0.8207 0.2280
vt 0.8331 0.2280
vt 0.8261 0.2140
vt 0.8251 0.2000
vt 0.8144 0.1791
vt 0.8119 0.1791
vt 0.8093 0.1791
vt 0.8068 0.1791
vt 0.8125 0.2000
vt 0.8039 0.1791
vt 0.8140 0.2140
vt 0.6383 0.2140
vt 0.6379 0.2280
vt 0.6362 0.2280
vt 0.6364 0.2140
vt 0.6401 0.2140
vt 0.6395 0.2280
vt 0.6367 0.2000
vt 0.6346 0.2000
vt 0.6388 0.2000
vt 0.6362 0.2280
vt 0.6345 0.2280
vt 0.6411 0.2280
vt 0.6420 0.2140
vt 0.6409 0.2000
vt 0.6393 0.1791
vt 0.6371 0.1791
vt 0.6343 0.1791
vt 0.6317 0.1791
vt 0.6325 0.2000
vt 0.6293 0.1791
vt 0.6345 0.2140
vt 0.8070 0.2140
vt 0.8127 0.2280
vt 0.8082 0.2280
vt 0.8024 0.2140
vt 0.8107 0.2140
vt 0.8168 0.2280
vt 0.8029 0.2000
vt 0.7981 0.2000
vt 0.8074 0.2000
vt 0.8082 0.2280
vt 0.8035 0.2280
vt 0.8008 0.1791
vt 0.7973 0.1791
vt 0.7935 0.1791
vt 0.7939 0.2000
vt 0.7897 0.1791
vt 0.7981 0.2140
vt 0.9266 0.2280
vt 0.9234 0.2280
vt 0.9233 0.2140
vt 0.9259 0.2140
vt 0.9296 0.2280
vt 0.9284 0.2140
vt 0.9238 0.2000
vt 0.9258 0.2000
vt 0.9278 0.2000
vt 0.9201 0.2280
vt 0.9234 0.2280
vt 0.9324 0.2280
vt 0.9307 0.2140
vt 0.9296 0.2000
vt 0.9271 0.1791
vt 0.9284 0.1791
vt 0.9257 0.1791
vt 0.9241 0.1791
vt 0.9216 0.2000
vt 0.9225 0.1791
vt 0.9205 0.2140
vt 0.6305 0.2140
vt 0.6308 0.2280
vt 0.6289 0.2280
vt 0.6284 0.2140
vt 0.6325 0.2140
vt 0.6327 0.2280
vt 0.6280 0.2000
vt 0.6257 0.2000
vt 0.6303 0.2000
vt 0.6289 0.2280
vt 0.6270 0.2280
vt 0.6269 0.1791
vt 0.6243 0.1791
vt 0.6219 0.1791
vt 0.6235 0.2000
vt 0.6194 0.1791
vt 0.6263 0.2140
vt 0.7888 0.2140
vt 0.7935 0.2280
vt 0.7882 0.2280
vt 0.7840 0.2140
vt 0.7936 0.2140
vt 0.7986 0.2280
vt 0.7851 0.2000
vt 0.7807 0.2000
vt 0.7895 0.2000
vt 0.7882 0.2280
vt 0.7827 0.2280
vt 0.7859 0.1791
vt 0.7821 0.1791
vt 0.7784 0.1791
vt 0.7764 0.2000
vt 0.7740 0.1791
vt 0.7791 0.2140
vt 0.9138 0.2280
vt 0.9109 0.2280
vt 0.9120 0.2140
vt 0.9148 0.2140
vt 0.9169 0.2280
vt 0.9176 0.2140
vt 0.9145 0.2000
vt 0.9169 0.2000
vt 0.9193 0.2000
vt 0.9082 0.2280
vt 0.9109 0.2280
vt 0.9207 0.1791
vt 0.9188 0.1791
vt 0.9169 0.1791
vt 0.9120 0.2000
vt 0.9148 0.1791
vt 0.9093 0.2140
vt 0.6218 0.2140
vt 0.6227 0.2280
vt 0.6204 0.2280
vt 0.6195 0.2140
vt 0.6241 0.2140
vt 0.6249 0.2280
vt 0.6186 0.2000
vt 0.6162 0.2000
vt 0.6211 0.2000
vt 0.6204 0.2280
vt 0.6181 0.2280
vt 0.6170 0.1791
vt 0.6145 0.1791
vt 0.6122 0.1791
vt 0.6138 0.2000
vt 0.6099 0.1791
vt 0.6171 0.2140
vt 0.7689 0.2140
vt 0.7709 0.2280
vt 0.7647 0.2280
vt 0.7636 0.2140
vt 0.7740 0.2140
vt 0.7769 0.2280
vt 0.7675 0.2000
vt 0.7626 0.2000
vt 0.7719 0.2000
vt 0.7647 0.2280
vt 0.7585 0.2280
vt 0.7702 0.1791
vt 0.7658 0.1791
vt 0.7618 0.1791
vt 0.7581 0.2000
vt 0.7576 0.1791
vt 0.7583 0.2140
vt 0.9030 0.2280
vt 0.9004 0.2280
vt 0.9015 0.2140
vt 0.9040 0.2140
vt 0.9056 0.2280
vt 0.9066 0.2140
vt 0.9045 0.2000
vt 0.9070 0.2000
vt 0.9095 0.2000
vt 0.8980 0.2280
vt 0.9004 0.2280
vt 0.9126 0.1791
vt 0.9105 0.1791
vt 0.9082 0.1791
vt 0.9021 0.2000
vt 0.9058 0.1791
vt 0.8990 0.2140
vt 0.6121 0.2140
vt 0.6133 0.2280
vt 0.6107 0.2280
vt 0.6095 0.2140
vt 0.6146 0.2140
vt 0.6158 0.2280
vt 0.6088 0.2000
vt 0.6063 0.2000
vt 0.6113 0.2000
vt 0.6107 0.2280
vt 0.6080 0.2280
vt 0.6075 0.1791
vt 0.6053 0.1791
vt 0.6031 0.1791
vt 0.6038 0.2000
vt 0.6010 0.1791
vt 0.6068 0.2140
vt 0.7462 0.2280
vt 0.7402 0.2280
vt 0.7427 0.2140
vt 0.7478 0.2140
vt 0.7523 0.2280
vt 0.7530 0.2140
vt 0.7442 0.2000
vt 0.7486 0.2000
vt 0.7535 0.2000
vt 0.7344 0.2280
vt 0.7402 0.2280
vt 0.7537 0.1791
vt 0.7491 0.1791
vt 0.7450 0.1791
vt 0.7397 0.2000
vt 0.7407 0.1791
vt 0.7376 0.2140
vt 0.8936 0.2280
vt 0.8916 0.2280
vt 0.8920 0.2140
vt 0.8943 0.2140
vt 0.8958 0.2280
vt 0.8966 0.2140
vt 0.8949 0.2000
vt 0.8973 0.2000
vt 0.8997 0.2000
vt 0.8897 0.2280
vt 0.8916 0.2280
vt 0.9035 0.1791
vt 0.9011 0.1791
vt 0.8987 0.1791
vt 0.8925 0.2000
vt 0.8963 0.1791
vt 0.8898 0.2140
vt 0.6011 0.2140
vt 0.6022 0.2280
vt 0.5991 0.2280
vt 0.5982 0.2140
vt 0.6040 0.2140
vt 0.6052 0.2280
vt 0.5989 0.2000
vt 0.5965 0.2000
vt 0.6013 0.2000
vt 0.5991 0.2280
vt 0.5958 0.2280
vt 0.5988 0.1791
vt 0.5969 0.1791
vt 0.5950 0.1791
vt 0.5942 0.2000
vt 0.5932 0.1791
vt 0.5953 0.2140
vt 0.7235 0.2280
vt 0.7184 0.2280
vt 0.7232 0.2140
vt 0.7279 0.2140
vt 0.7289 0.2280
vt 0.7327 0.2140
vt 0.7268 0.2000
vt 0.7311 0.2000
vt 0.7354 0.2000
vt 0.7135 0.2280
vt 0.7184 0.2280
vt 0.7365 0.1791
vt 0.7328 0.1791
vt 0.7289 0.1791
vt 0.7223 0.2000
vt 0.7252 0.1791
vt 0.7186 0.2140
vt 0.8859 0.2280
vt 0.8841 0.2280
vt 0.8838 0.2140
vt 0.8857 0.2140
vt 0.8878 0.2280
vt 0.8878 0.2140
vt 0.8858 0.2000
vt 0.8880 0.2000
vt 0.8902 0.2000
vt 0.8824 0.2280
vt 0.8841 0.2280
vt 0.8938 0.1791
vt 0.8914 0.1791
vt 0.8888 0.1791
vt 0.8836 0.2000
vt 0.8863 0.1791
vt 0.8818 0.2140
vt 0.5898 0.2140
vt 0.5893 0.2280
vt 0.5862 0.2280
vt 0.5873 0.2140
vt 0.5925 0.2140
vt 0.5925 0.2280
vt 0.5899 0.2000
vt 0.5879 0.2000
vt 0.5919 0.2000
vt 0.5862 0.2280
vt 0.5834 0.2280
vt 0.5915 0.1791
vt 0.5899 0.1791
vt 0.5885 0.1791
vt 0.5861 0.2000
vt 0.5872 0.1791
vt 0.5850 0.2140
vt 0.7046 0.2280
vt 0.7005 0.2280
vt 0.7061 0.2140
vt 0.7102 0.2140
vt 0.7090 0.2280
vt 0.7145 0.2140
vt 0.7091 0.2000
vt 0.7133 0.2000
vt 0.7182 0.2000
vt 0.6963 0.2280
vt 0.7005 0.2280
vt 0.7215 0.1791
vt 0.7179 0.1791
vt 0.7146 0.1791
vt 0.7042 0.2000
vt 0.7111 0.1791
vt 0.7028 0.2140
vt 0.8790 0.2280
vt 0.8774 0.2280
vt 0.8764 0.2140
vt 0.8782 0.2140
vt 0.8807 0.2280
vt 0.8800 0.2140
vt 0.8773 0.2000
vt 0.8794 0.2000
vt 0.8815 0.2000
vt 0.8759 0.2280
vt 0.8774 0.2280
vt 0.8838 0.1791
vt 0.8814 0.1791
vt 0.8787 0.1791
vt 0.8753 0.2000
vt 0.8763 0.1791
vt 0.8746 0.2140
vt 0.6894 0.2280
vt 0.6866 0.2280
vt 0.6933 0.2140
vt 0.6964 0.2140
vt 0.6927 0.2280
vt 0.6996 0.2140
vt 0.6936 0.2000
vt 0.6964 0.2000
vt 0.6995 0.2000
vt 0.6839 0.2280
vt 0.6866 0.2280
vt 0.7086 0.1791
vt 0.7059 0.1791
vt 0.7034 0.1791
vt 0.6910 0.2000
vt 0.7008 0.1791
vt 0.6904 0.2140
vt 0.8727 0.2280
vt 0.8711 0.2280
vt 0.8690 0.2140
vt 0.8709 0.2140
vt 0.8743 0.2280
vt 0.8727 0.2140
vt 0.8690 0.2000
vt 0.8711 0.2000
vt 0.8732 0.2000
vt 0.8695 0.2280
vt 0.8711 0.2280
vt 0.8736 0.1791
vt 0.8711 0.1791
vt 0.8683 0.1791
vt 0.8669 0.2000
vt 0.8655 0.1791
vt 0.8672 0.2140
vt 0.6791 0.2280
vt 0.6769 0.2280
vt 0.6827 0.2140
vt 0.6852 0.2140
vt 0.6814 0.2280
vt 0.6878 0.2140
vt 0.6842 0.2000
vt 0.6864 0.2000
vt 0.6887 0.2000
vt 0.6747 0.2280
vt 0.6769 0.2280
vt 0.6984 0.1791
vt 0.6958 0.1791
vt 0.6932 0.1791
vt 0.6819 0.2000
vt 0.6907 0.1791
vt 0.6803 0.2140
vt 0.8666 0.2280
vt 0.8651 0.2280
vt 0.8620 0.2140
vt 0.8637 0.2140
vt 0.8680 0.2280
vt 0.8655 0.2140
vt 0.8609 0.2000
vt 0.8629 0.2000
vt 0.8649 0.2000
vt 0.8637 0.2280
vt 0.8651 0.2280
vt 0.8630 0.1791
vt 0.8604 0.1791
vt 0.8578 0.1791
vt 0.8589 0.2000
vt 0.8551 0.1791
vt 0.8603 0.2140
vt 0.6708 0.2280
vt 0.6689 0.2280
vt 0.6739 0.2140
vt 0.6760 0.2140
vt 0.6727 0.2280
vt 0.6782 0.2140
vt 0.6757 0.2000
vt 0.6777 0.2000
vt 0.6798 0.2000
vt 0.6670 0.2280
vt 0.6689 0.2280
vt 0.6882 0.1791
vt 0.6857 0.1791
vt 0.6832 0.1791
vt 0.6737 0.2000
vt 0.6807 0.1791
vt 0.6718 0.2140
vt 0.8568 0.2140
vt 0.8607 0.2280
vt 0.8592 0.2280
vt 0.8550 0.2140
vt 0.8585 0.2140
vt 0.8622 0.2280
vt 0.8552 0.2000
vt 0.8533 0.2000
vt 0.8571 0.2000
vt 0.8592 0.2280
vt 0.8576 0.2280
vt 0.8526 0.1791
vt 0.8502 0.1791
vt 0.8478 0.1791
vt 0.8515 0.2000
vt 0.8454 0.1791
vt 0.8533 0.2140
vt 0.6634 0.2280
vt 0.6616 0.2280
vt 0.6658 0.2140
vt 0.6678 0.2140
vt 0.6652 0.2280
vt 0.6698 0.2140
vt 0.6674 0.2000
vt 0.6695 0.2000
vt 0.6716 0.2000
vt 0.6598 0.2280
vt 0.6616 0.2280
vt 0.6781 0.1791
vt 0.6755 0.1791
vt 0.6729 0.1791
vt 0.6653 0.2000
vt 0.6703 0.1791
vt 0.6638 0.2140
vt 0.8494 0.2140
vt 0.8541 0.2280
vt 0.8524 0.2280
vt 0.8474 0.2140
vt 0.8513 0.2140
vt 0.8558 0.2280
vt 0.8475 0.2000
vt 0.8455 0.2000
vt 0.8495 0.2000
vt 0.8524 0.2280
vt 0.8507 0.2280
vt 0.8428 0.1791
vt 0.8402 0.1791
vt 0.8376 0.1791
vt 0.8434 0.2000
vt 0.8351 0.1791
vt 0.8454 0.2140
vt 0.6565 0.2280
vt 0.6549 0.2280
vt 0.6582 0.2140
vt 0.6600 0.2140
vt 0.6581 0.2280
vt 0.6619 0.2140
vt 0.6593 0.2000
vt 0.6613 0.2000
vt 0.6633 0.2000
vt 0.6534 0.2280
vt 0.6549 0.2280
vt 0.6678 0.1791
vt 0.6653 0.1791
vt 0.6627 0.1791
vt 0.6574 0.2000
vt 0.6602 0.1791
vt 0.6564 0.2140
vt 0.8409 0.2140
vt 0.8467 0.2280
vt 0.8446 0.2280
vt 0.8386 0.2140
vt 0.8432 0.2140
vt 0.8487 0.2280
vt 0.8390 0.2000
vt 0.8367 0.2000
vt 0.8412 0.2000
vt 0.8446 0.2280
vt 0.8426 0.2280
vt 0.8325 0.1791
vt 0.8299 0.1791
vt 0.8272 0.1791
vt 0.8344 0.2000
vt 0.8245 0.1791
vt 0.8363 0.2140
vt 0.6529 0.2140
vt 0.6504 0.2280
vt 0.6489 0.2280
vt 0.6512 0.2140
vt 0.6547 0.2140
vt 0.6519 0.2280
vt 0.6534 0.2000
vt 0.6513 0.2000
vt 0.6554 0.2000
vt 0.6489 0.2280
vt 0.6474 0.2280
vt 0.6576 0.1791
vt 0.6549 0.1791
vt 0.6523 0.1791
vt 0.6493 0.2000
vt 0.6498 0.1791
vt 0.6494 0.2140
vt 0.8313 0.2140
vt 0.8381 0.2280
vt 0.8357 0.2280
vt 0.8287 0.2140
vt 0.8338 0.2140
vt 0.8404 0.2280
vt 0.8298 0.2000
vt 0.8275 0.2000
vt 0.8322 0.2000
vt 0.8357 0.2280
vt 0.8219 0.1791
vt 0.8194 0.1791
vt 0.8168 0.1791
vt 0.6457 0.2140
vt 0.6444 0.2280
vt 0.6427 0.2280
vt 0.6439 0.2140
vt 0.6476 0.2140
vt 0.6460 0.2280
vt 0.6451 0.2000
vt 0.6430 0.2000
vt 0.6472 0.2000
vt 0.6427 0.2280
vt 0.6473 0.1791
vt 0.6445 0.1791
vt 0.6419 0.1791
vt 0.7348 0.3401
vt 0.7306 0.3401
vt 0.7278 0.3261
vt 0.7323 0.3261
vt 0.7390 0.3401
vt 0.7369 0.3261
vt 0.7249 0.3121
vt 0.7297 0.3121
vt 0.7346 0.3121
vt 0.7334 0.3541
vt 0.7295 0.3541
vt 0.7264 0.3401
vt 0.7306 0.3401
vt 0.7373 0.3541
vt 0.7411 0.3541
vt 0.7449 0.3541
vt 0.7433 0.3401
vt 0.7415 0.3261
vt 0.7396 0.3121
vt 0.7202 0.3121
vt 0.7233 0.3261
vt 0.5692 0.3261
vt 0.5624 0.3401
vt 0.5582 0.3401
vt 0.5653 0.3261
vt 0.5732 0.3261
vt 0.5665 0.3401
vt 0.5761 0.3121
vt 0.5724 0.3121
vt 0.5798 0.3121
vt 0.5582 0.3401
vt 0.5511 0.3541
vt 0.5467 0.3541
vt 0.5540 0.3401
vt 0.5556 0.3541
vt 0.5600 0.3541
vt 0.5706 0.3401
vt 0.5644 0.3541
vt 0.5770 0.3261
vt 0.5834 0.3121
vt 0.5687 0.3121
vt 0.5613 0.3261
vt 0.9237 0.3401
vt 0.9199 0.3401
vt 0.9155 0.3261
vt 0.9190 0.3261
vt 0.9275 0.3401
vt 0.9224 0.3261
vt 0.9111 0.3121
vt 0.9142 0.3121
vt 0.9172 0.3121
vt 0.9242 0.3541
vt 0.9200 0.3541
vt 0.9161 0.3401
vt 0.9199 0.3401
vt 0.9283 0.3541
vt 0.9325 0.3541
vt 0.9365 0.3541
vt 0.9312 0.3401
vt 0.9258 0.3261
vt 0.9203 0.3121
vt 0.9081 0.3121
vt 0.9121 0.3261
vt 0.7512 0.3261
vt 0.7520 0.3401
vt 0.7477 0.3401
vt 0.7463 0.3261
vt 0.7557 0.3261
vt 0.7562 0.3401
vt 0.7501 0.3121
vt 0.7448 0.3121
vt 0.7551 0.3121
vt 0.7488 0.3541
vt 0.7477 0.3401
vt 0.7526 0.3541
vt 0.7563 0.3541
vt 0.7599 0.3401
vt 0.7597 0.3541
vt 0.7599 0.3261
vt 0.7597 0.3121
vt 0.5841 0.3261
vt 0.5781 0.3401
vt 0.5744 0.3401
vt 0.5805 0.3261
vt 0.5876 0.3261
vt 0.5819 0.3401
vt 0.5901 0.3121
vt 0.5868 0.3121
vt 0.5933 0.3121
vt 0.5744 0.3401
vt 0.5684 0.3541
vt 0.5724 0.3541
vt 0.5764 0.3541
vt 0.5857 0.3401
vt 0.5805 0.3541
vt 0.5911 0.3261
vt 0.5966 0.3121
vt 0.9387 0.3401
vt 0.9350 0.3401
vt 0.9293 0.3261
vt 0.9327 0.3261
vt 0.9424 0.3401
vt 0.9362 0.3261
vt 0.9235 0.3121
vt 0.9267 0.3121
vt 0.9300 0.3121
vt 0.9405 0.3541
vt 0.9350 0.3401
vt 0.9445 0.3541
vt 0.9484 0.3541
vt 0.9524 0.3541
vt 0.9461 0.3401
vt 0.9397 0.3261
vt 0.9333 0.3121
vt 0.7684 0.3261
vt 0.7676 0.3401
vt 0.7636 0.3401
vt 0.7640 0.3261
vt 0.7718 0.3401
vt 0.7729 0.3261
vt 0.7693 0.3121
vt 0.7643 0.3121
vt 0.7742 0.3121
vt 0.7636 0.3401
vt 0.7631 0.3541
vt 0.7669 0.3541
vt 0.7708 0.3541
vt 0.7745 0.3541
vt 0.7758 0.3401
vt 0.7773 0.3261
vt 0.7789 0.3121
vt 0.5981 0.3261
vt 0.5934 0.3401
vt 0.5896 0.3401
vt 0.5946 0.3261
vt 0.6016 0.3261
vt 0.5973 0.3401
vt 0.6029 0.3121
vt 0.5998 0.3121
vt 0.6060 0.3121
vt 0.5896 0.3401
vt 0.5846 0.3541
vt 0.5888 0.3541
vt 0.5930 0.3541
vt 0.6012 0.3401
vt 0.5972 0.3541
vt 0.6051 0.3261
vt 0.6091 0.3121
vt 0.9543 0.3401
vt 0.9502 0.3401
vt 0.9435 0.3261
vt 0.9474 0.3261
vt 0.9584 0.3401
vt 0.9512 0.3261
vt 0.9368 0.3121
vt 0.9404 0.3121
vt 0.9441 0.3121
vt 0.9567 0.3541
vt 0.9502 0.3401
vt 0.9611 0.3541
vt 0.9655 0.3541
vt 0.9699 0.3541
vt 0.9625 0.3401
vt 0.9551 0.3261
vt 0.9477 0.3121
vt 0.7841 0.3401
vt 0.7798 0.3401
vt 0.7816 0.3261
vt 0.7862 0.3261
vt 0.7908 0.3261
vt 0.7884 0.3401
vt 0.7836 0.3121
vt 0.7885 0.3121
vt 0.7934 0.3121
vt 0.7782 0.3541
vt 0.7798 0.3401
vt 0.7822 0.3541
vt 0.7860 0.3541
vt 0.7926 0.3401
vt 0.7901 0.3541
vt 0.7953 0.3261
vt 0.7981 0.3121
vt 0.6111 0.3261
vt 0.6076 0.3401
vt 0.6044 0.3401
vt 0.6081 0.3261
vt 0.6141 0.3261
vt 0.6109 0.3401
vt 0.6146 0.3121
vt 0.6118 0.3121
vt 0.6173 0.3121
vt 0.6044 0.3401
vt 0.6007 0.3541
vt 0.6042 0.3541
vt 0.6082 0.3541
vt 0.6142 0.3401
vt 0.6125 0.3541
vt 0.6171 0.3261
vt 0.6201 0.3121
vt 0.9708 0.3401
vt 0.9667 0.3401
vt 0.9590 0.3261
vt 0.9629 0.3261
vt 0.9669 0.3261
vt 0.9750 0.3401
vt 0.9514 0.3121
vt 0.9551 0.3121
vt 0.9587 0.3121
vt 0.9743 0.3541
vt 0.9667 0.3401
vt 0.9787 0.3541
vt 0.9831 0.3541
vt 0.9792 0.3401
vt 0.9876 0.3541
vt 0.9708 0.3261
vt 0.9624 0.3121
vt 0.8035 0.3261
vt 0.8003 0.3401
vt 0.7965 0.3401
vt 0.7994 0.3261
vt 0.8074 0.3261
vt 0.8041 0.3401
vt 0.8067 0.3121
vt 0.8025 0.3121
vt 0.8108 0.3121
vt 0.7965 0.3401
vt 0.7937 0.3541
vt 0.7973 0.3541
vt 0.8007 0.3541
vt 0.8079 0.3401
vt 0.8044 0.3541
vt 0.8113 0.3261
vt 0.8147 0.3121
vt 0.6248 0.3261
vt 0.6227 0.3401
vt 0.6184 0.3401
vt 0.6209 0.3261
vt 0.6287 0.3261
vt 0.6269 0.3401
vt 0.6271 0.3121
vt 0.6236 0.3121
vt 0.6306 0.3121
vt 0.6184 0.3401
vt 0.6171 0.3541
vt 0.6208 0.3541
vt 0.6253 0.3541
vt 0.6311 0.3401
vt 0.6299 0.3541
vt 0.6326 0.3261
vt 0.6341 0.3121
vt 0.8185 0.3261
vt 0.8152 0.3401
vt 0.8115 0.3401
vt 0.8149 0.3261
vt 0.8222 0.3261
vt 0.8189 0.3401
vt 0.8218 0.3121
vt 0.8183 0.3121
vt 0.8253 0.3121
vt 0.8115 0.3401
vt 0.8080 0.3541
vt 0.8117 0.3541
vt 0.8154 0.3541
vt 0.8225 0.3401
vt 0.8192 0.3541
vt 0.8256 0.3261
vt 0.8284 0.3121
vt 0.6357 0.3401
vt 0.6334 0.3401
vt 0.6347 0.3261
vt 0.6368 0.3261
vt 0.6380 0.3401
vt 0.6389 0.3261
vt 0.6360 0.3121
vt 0.6379 0.3121
vt 0.6399 0.3121
vt 0.6334 0.3401
vt 0.6323 0.3541
vt 0.6348 0.3541
vt 0.6372 0.3541
vt 0.6403 0.3401
vt 0.6397 0.3541
vt 0.6410 0.3261
vt 0.6418 0.3121
vt 0.8312 0.3261
vt 0.8285 0.3401
vt 0.8255 0.3401
vt 0.8284 0.3261
vt 0.8339 0.3261
vt 0.8314 0.3401
vt 0.8336 0.3121
vt 0.8310 0.3121
vt 0.8361 0.3121
vt 0.8255 0.3401
vt 0.8223 0.3541
vt 0.8254 0.3541
vt 0.8286 0.3541
vt 0.8344 0.3401
vt 0.8318 0.3541
vt 0.8366 0.3261
vt 0.8387 0.3121
vt 0.6451 0.3401
vt 0.6427 0.3401
vt 0.6432 0.3261
vt 0.6454 0.3261
vt 0.6475 0.3401
vt 0.6476 0.3261
vt 0.6438 0.3121
vt 0.6459 0.3121
vt 0.6479 0.3121
vt 0.6427 0.3401
vt 0.6422 0.3541
vt 0.6448 0.3541
vt 0.6474 0.3541
vt 0.6499 0.3541
vt 0.6499 0.3401
vt 0.6499 0.3261
vt 0.6499 0.3121
vt 0.8438 0.3261
vt 0.8421 0.3401
vt 0.8382 0.3401
vt 0.8402 0.3261
vt 0.8474 0.3261
vt 0.8460 0.3401
vt 0.8454 0.3121
vt 0.8420 0.3121
vt 0.8487 0.3121
vt 0.8382 0.3401
vt 0.8359 0.3541
vt 0.8402 0.3541
vt 0.8444 0.3541
vt 0.8501 0.3401
vt 0.8489 0.3541
vt 0.8511 0.3261
vt 0.8523 0.3121
vt 0.6547 0.3401
vt 0.6523 0.3401
vt 0.6521 0.3261
vt 0.6544 0.3261
vt 0.6571 0.3401
vt 0.6566 0.3261
vt 0.6540 0.3121
vt 0.6519 0.3121
vt 0.6560 0.3121
vt 0.6525 0.3541
vt 0.6523 0.3401
vt 0.6551 0.3541
vt 0.6577 0.3541
vt 0.6603 0.3541
vt 0.6595 0.3401
vt 0.6589 0.3261
vt 0.6581 0.3121
vt 0.8553 0.3261
vt 0.8545 0.3401
vt 0.8523 0.3401
vt 0.8532 0.3261
vt 0.8574 0.3261
vt 0.8568 0.3401
vt 0.8542 0.3121
vt 0.8562 0.3121
vt 0.8581 0.3121
vt 0.8523 0.3401
vt 0.8512 0.3541
vt 0.8537 0.3541
vt 0.8561 0.3541
vt 0.8591 0.3401
vt 0.8586 0.3541
vt 0.8595 0.3261
vt 0.8601 0.3121
vt 0.6641 0.3401
vt 0.6618 0.3401
vt 0.6611 0.3261
vt 0.6632 0.3261
vt 0.6664 0.3401
vt 0.6653 0.3261
vt 0.6601 0.3121
vt 0.6621 0.3121
vt 0.6641 0.3121
vt 0.6628 0.3541
vt 0.6618 0.3401
vt 0.6652 0.3541
vt 0.6677 0.3541
vt 0.6701 0.3541
vt 0.6687 0.3401
vt 0.6674 0.3261
vt 0.6661 0.3121
vt 0.8640 0.3261
vt 0.8639 0.3401
vt 0.8615 0.3401
vt 0.8618 0.3261
vt 0.8662 0.3261
vt 0.8662 0.3401
vt 0.8642 0.3121
vt 0.8621 0.3121
vt 0.8662 0.3121
vt 0.8615 0.3401
vt 0.8611 0.3541
vt 0.8637 0.3541
vt 0.8663 0.3541
vt 0.8686 0.3401
vt 0.8688 0.3541
vt 0.8684 0.3261
vt 0.8682 0.3121
vt 0.6767 0.3401
vt 0.6727 0.3401
vt 0.6711 0.3261
vt 0.6748 0.3261
vt 0.6806 0.3401
vt 0.6784 0.3261
vt 0.6696 0.3121
vt 0.6730 0.3121
vt 0.6763 0.3121
vt 0.6745 0.3541
vt 0.6727 0.3401
vt 0.6788 0.3541
vt 0.6831 0.3541
vt 0.6873 0.3541
vt 0.6844 0.3401
vt 0.6819 0.3261
vt 0.6796 0.3121
vt 0.8728 0.3261
vt 0.8733 0.3401
vt 0.8710 0.3401
vt 0.8706 0.3261
vt 0.8750 0.3261
vt 0.8757 0.3401
vt 0.8721 0.3121
vt 0.8702 0.3121
vt 0.8741 0.3121
vt 0.8710 0.3401
vt 0.8713 0.3541
vt 0.8739 0.3541
vt 0.8763 0.3541
vt 0.8788 0.3541
vt 0.8780 0.3401
vt 0.8771 0.3261
vt 0.8761 0.3121
vt 0.6904 0.3401
vt 0.6874 0.3401
vt 0.6847 0.3261
vt 0.6874 0.3261
vt 0.6934 0.3401
vt 0.6902 0.3261
vt 0.6822 0.3121
vt 0.6848 0.3121
vt 0.6873 0.3121
vt 0.6905 0.3541
vt 0.6874 0.3401
vt 0.6937 0.3541
vt 0.6968 0.3541
vt 0.7000 0.3541
vt 0.6965 0.3401
vt 0.6931 0.3261
vt 0.6899 0.3121
vt 0.8813 0.3261
vt 0.8825 0.3401
vt 0.8803 0.3401
vt 0.8792 0.3261
vt 0.8834 0.3261
vt 0.8848 0.3401
vt 0.8799 0.3121
vt 0.8780 0.3121
vt 0.8818 0.3121
vt 0.8813 0.3541
vt 0.8803 0.3401
vt 0.8837 0.3541
vt 0.8861 0.3541
vt 0.8885 0.3541
vt 0.8870 0.3401
vt 0.8854 0.3261
vt 0.8837 0.3121
vt 0.7039 0.3401
vt 0.7001 0.3401
vt 0.6967 0.3261
vt 0.7003 0.3261
vt 0.7075 0.3401
vt 0.7039 0.3261
vt 0.6933 0.3121
vt 0.6967 0.3121
vt 0.7002 0.3121
vt 0.7038 0.3541
vt 0.7001 0.3401
vt 0.7076 0.3541
vt 0.7113 0.3541
vt 0.7149 0.3541
vt 0.7112 0.3401
vt 0.7075 0.3261
vt 0.7038 0.3121
vt 0.8952 0.3401
vt 0.8911 0.3401
vt 0.8892 0.3261
vt 0.8929 0.3261
vt 0.8993 0.3401
vt 0.8967 0.3261
vt 0.8871 0.3121
vt 0.8905 0.3121
vt 0.8940 0.3121
vt 0.8929 0.3541
vt 0.8911 0.3401
vt 0.8973 0.3541
vt 0.9018 0.3541
vt 0.9063 0.3541
vt 0.9034 0.3401
vt 0.9005 0.3261
vt 0.8974 0.3121
vt 0.7187 0.3401
vt 0.7149 0.3401
vt 0.7113 0.3261
vt 0.7152 0.3261
vt 0.7225 0.3401
vt 0.7192 0.3261
vt 0.7077 0.3121
vt 0.7118 0.3121
vt 0.7159 0.3121
vt 0.7186 0.3541
vt 0.7149 0.3401
vt 0.7222 0.3541
vt 0.7259 0.3541
vt 0.5455 0.3401
vt 0.5413 0.3401
vt 0.5494 0.3261
vt 0.5534 0.3261
vt 0.5573 0.3261
vt 0.5497 0.3401
vt 0.5612 0.3121
vt 0.5574 0.3121
vt 0.5649 0.3121
vt 0.5332 0.3541
vt 0.5287 0.3541
vt 0.5370 0.3401
vt 0.5413 0.3401
vt 0.5377 0.3541
vt 0.5422 0.3541
vt 0.5537 0.3121
vt 0.5454 0.3261
vt 0.9098 0.3401
vt 0.9066 0.3401
vt 0.9034 0.3261
vt 0.9063 0.3261
vt 0.9130 0.3401
vt 0.9092 0.3261
vt 0.9001 0.3121
vt 0.9028 0.3121
vt 0.9054 0.3121
vt 0.9098 0.3541
vt 0.9066 0.3401
vt 0.9132 0.3541
vt 0.9166 0.3541
vt 0.7234 0.0390
vt 0.7258 0.0248
vt 0.7306 0.0248
vt 0.7284 0.0390
vt 0.7354 0.0248
vt 0.7335 0.0390
vt 0.7209 0.0530
vt 0.7261 0.0530
vt 0.7314 0.0530
vt 0.7210 0.0248
vt 0.7242 0.0107
vt 0.7288 0.0107
vt 0.7258 0.0248
vt 0.7332 0.0107
vt 0.7377 0.0107
vt 0.7401 0.0248
vt 0.7420 0.0107
vt 0.7386 0.0390
vt 0.7369 0.0530
vt 0.7158 0.0530
vt 0.7185 0.0390
vt 0.5606 0.0390
vt 0.5569 0.0390
vt 0.5487 0.0248
vt 0.5526 0.0248
vt 0.5643 0.0390
vt 0.5566 0.0248
vt 0.5685 0.0530
vt 0.5650 0.0530
vt 0.5720 0.0530
vt 0.5487 0.0248
vt 0.5447 0.0248
vt 0.5352 0.0107
vt 0.5392 0.0107
vt 0.5431 0.0107
vt 0.5471 0.0107
vt 0.5606 0.0248
vt 0.5515 0.0107
vt 0.5679 0.0390
vt 0.5753 0.0530
vt 0.5616 0.0530
vt 0.5532 0.0390
vt 0.9223 0.0390
vt 0.9273 0.0248
vt 0.9310 0.0248
vt 0.9257 0.0390
vt 0.9346 0.0248
vt 0.9290 0.0390
vt 0.9174 0.0530
vt 0.9203 0.0530
vt 0.9233 0.0530
vt 0.9236 0.0248
vt 0.9294 0.0107
vt 0.9334 0.0107
vt 0.9273 0.0248
vt 0.9373 0.0107
vt 0.9410 0.0107
vt 0.9446 0.0107
vt 0.9383 0.0248
vt 0.9324 0.0390
vt 0.9263 0.0530
vt 0.9144 0.0530
vt 0.9190 0.0390
vt 0.7491 0.0390
vt 0.7438 0.0390
vt 0.7450 0.0248
vt 0.7498 0.0248
vt 0.7540 0.0390
vt 0.7543 0.0248
vt 0.7482 0.0530
vt 0.7425 0.0530
vt 0.7536 0.0530
vt 0.7462 0.0107
vt 0.7450 0.0248
vt 0.7504 0.0107
vt 0.7542 0.0107
vt 0.7585 0.0248
vt 0.7577 0.0107
vt 0.7585 0.0390
vt 0.7584 0.0530
vt 0.5747 0.0390
vt 0.5713 0.0390
vt 0.5642 0.0248
vt 0.5680 0.0248
vt 0.5781 0.0390
vt 0.5717 0.0248
vt 0.5816 0.0530
vt 0.5785 0.0530
vt 0.5847 0.0530
vt 0.5642 0.0248
vt 0.5564 0.0107
vt 0.5610 0.0107
vt 0.5650 0.0107
vt 0.5753 0.0248
vt 0.5688 0.0107
vt 0.5814 0.0390
vt 0.5878 0.0530
vt 0.9359 0.0390
vt 0.9420 0.0248
vt 0.9458 0.0248
vt 0.9393 0.0390
vt 0.9496 0.0248
vt 0.9427 0.0390
vt 0.9295 0.0530
vt 0.9326 0.0530
vt 0.9358 0.0530
vt 0.9484 0.0107
vt 0.9420 0.0248
vt 0.9527 0.0107
vt 0.9574 0.0107
vt 0.9622 0.0107
vt 0.9534 0.0248
vt 0.9462 0.0390
vt 0.9390 0.0530
vt 0.7678 0.0390
vt 0.7630 0.0390
vt 0.7626 0.0248
vt 0.7670 0.0248
vt 0.7715 0.0248
vt 0.7727 0.0390
vt 0.7688 0.0530
vt 0.7634 0.0530
vt 0.7740 0.0530
vt 0.7626 0.0248
vt 0.7613 0.0107
vt 0.7659 0.0107
vt 0.7707 0.0107
vt 0.7749 0.0107
vt 0.7760 0.0248
vt 0.7774 0.0390
vt 0.7790 0.0530
vt 0.5881 0.0390
vt 0.5848 0.0390
vt 0.5790 0.0248
vt 0.5826 0.0248
vt 0.5914 0.0390
vt 0.5862 0.0248
vt 0.5937 0.0530
vt 0.5908 0.0530
vt 0.5966 0.0530
vt 0.5790 0.0248
vt 0.5723 0.0107
vt 0.5760 0.0107
vt 0.5798 0.0107
vt 0.5898 0.0248
vt 0.5837 0.0107
vt 0.5947 0.0390
vt 0.5995 0.0530
vt 0.9499 0.0390
vt 0.9574 0.0248
vt 0.9615 0.0248
vt 0.9537 0.0390
vt 0.9655 0.0248
vt 0.9575 0.0390
vt 0.9425 0.0530
vt 0.9460 0.0530
vt 0.9495 0.0530
vt 0.9666 0.0107
vt 0.9574 0.0248
vt 0.9707 0.0107
vt 0.9747 0.0107
vt 0.9787 0.0107
vt 0.9695 0.0248
vt 0.9613 0.0390
vt 0.9530 0.0530
vt 0.7822 0.0390
vt 0.7805 0.0248
vt 0.7852 0.0248
vt 0.7871 0.0390
vt 0.7922 0.0390
vt 0.7899 0.0248
vt 0.7841 0.0530
vt 0.7893 0.0530
vt 0.7946 0.0530
vt 0.7788 0.0107
vt 0.7805 0.0248
vt 0.7829 0.0107
vt 0.7871 0.0107
vt 0.7946 0.0248
vt 0.7918 0.0107
vt 0.7971 0.0390
vt 0.7997 0.0530
vt 0.6003 0.0390
vt 0.5975 0.0390
vt 0.5928 0.0248
vt 0.5958 0.0248
vt 0.6031 0.0390
vt 0.5989 0.0248
vt 0.6047 0.0530
vt 0.6021 0.0530
vt 0.6073 0.0530
vt 0.5928 0.0248
vt 0.5872 0.0107
vt 0.5905 0.0107
vt 0.5939 0.0107
vt 0.6020 0.0248
vt 0.5978 0.0107
vt 0.6059 0.0390
vt 0.6099 0.0530
vt 0.9650 0.0390
vt 0.9734 0.0248
vt 0.9774 0.0248
vt 0.9688 0.0390
vt 0.9726 0.0390
vt 0.9815 0.0248
vt 0.9566 0.0530
vt 0.9602 0.0530
vt 0.9637 0.0530
vt 0.9829 0.0107
vt 0.9734 0.0248
vt 0.9871 0.0107
vt 0.9914 0.0107
vt 0.9856 0.0248
vt 0.9958 0.0107
vt 0.9764 0.0390
vt 0.9673 0.0530
vt 0.8060 0.0390
vt 0.8016 0.0390
vt 0.7989 0.0248
vt 0.8032 0.0248
vt 0.8103 0.0390
vt 0.8073 0.0248
vt 0.8089 0.0530
vt 0.8044 0.0530
vt 0.8133 0.0530
vt 0.7989 0.0248
vt 0.7960 0.0107
vt 0.8002 0.0107
vt 0.8042 0.0107
vt 0.8115 0.0248
vt 0.8080 0.0107
vt 0.8145 0.0390
vt 0.8176 0.0530
vt 0.6132 0.0390
vt 0.6096 0.0390
vt 0.6059 0.0248
vt 0.6101 0.0248
vt 0.6170 0.0390
vt 0.6144 0.0248
vt 0.6165 0.0530
vt 0.6132 0.0530
vt 0.6199 0.0530
vt 0.6059 0.0248
vt 0.6026 0.0107
vt 0.6070 0.0107
vt 0.6114 0.0107
vt 0.6184 0.0248
vt 0.6159 0.0107
vt 0.6207 0.0390
vt 0.6232 0.0530
vt 0.8223 0.0390
vt 0.8184 0.0390
vt 0.8153 0.0248
vt 0.8193 0.0248
vt 0.8262 0.0390
vt 0.8232 0.0248
vt 0.8253 0.0530
vt 0.8215 0.0530
vt 0.8290 0.0530
vt 0.8153 0.0248
vt 0.8115 0.0107
vt 0.8152 0.0107
vt 0.8189 0.0107
vt 0.8271 0.0248
vt 0.8228 0.0107
vt 0.8299 0.0390
vt 0.8324 0.0530
vt 0.6228 0.0390
vt 0.6208 0.0248
vt 0.6231 0.0248
vt 0.6250 0.0390
vt 0.6254 0.0248
vt 0.6272 0.0390
vt 0.6252 0.0530
vt 0.6271 0.0530
vt 0.6291 0.0530
vt 0.6208 0.0248
vt 0.6182 0.0107
vt 0.6207 0.0107
vt 0.6232 0.0107
vt 0.6258 0.0107
vt 0.6277 0.0248
vt 0.6293 0.0390
vt 0.6311 0.0530
vt 0.8360 0.0390
vt 0.8330 0.0390
vt 0.8304 0.0248
vt 0.8336 0.0248
vt 0.8390 0.0390
vt 0.8370 0.0248
vt 0.8380 0.0530
vt 0.8352 0.0530
vt 0.8407 0.0530
vt 0.8304 0.0248
vt 0.8268 0.0107
vt 0.8306 0.0107
vt 0.8342 0.0107
vt 0.8403 0.0248
vt 0.8378 0.0107
vt 0.8419 0.0390
vt 0.8435 0.0530
vt 0.6316 0.0390
vt 0.6302 0.0248
vt 0.6326 0.0248
vt 0.6338 0.0390
vt 0.6350 0.0248
vt 0.6361 0.0390
vt 0.6332 0.0530
vt 0.6353 0.0530
vt 0.6373 0.0530
vt 0.6285 0.0107
vt 0.6302 0.0248
vt 0.6312 0.0107
vt 0.6340 0.0107
vt 0.6367 0.0107
vt 0.6375 0.0248
vt 0.6384 0.0390
vt 0.6394 0.0530
vt 0.8497 0.0390
vt 0.8458 0.0390
vt 0.8445 0.0248
vt 0.8487 0.0248
vt 0.8537 0.0390
vt 0.8531 0.0248
vt 0.8508 0.0530
vt 0.8471 0.0530
vt 0.8544 0.0530
vt 0.8445 0.0248
vt 0.8425 0.0107
vt 0.8472 0.0107
vt 0.8520 0.0107
vt 0.8574 0.0248
vt 0.8565 0.0107
vt 0.8577 0.0390
vt 0.8583 0.0530
vt 0.6407 0.0390
vt 0.6399 0.0248
vt 0.6424 0.0248
vt 0.6431 0.0390
vt 0.6449 0.0248
vt 0.6454 0.0390
vt 0.6436 0.0530
vt 0.6415 0.0530
vt 0.6457 0.0530
vt 0.6395 0.0107
vt 0.6399 0.0248
vt 0.6423 0.0107
vt 0.6450 0.0107
vt 0.6477 0.0107
vt 0.6474 0.0248
vt 0.6477 0.0390
vt 0.6479 0.0530
vt 0.8620 0.0390
vt 0.8599 0.0390
vt 0.8597 0.0248
vt 0.8620 0.0248
vt 0.8642 0.0390
vt 0.8643 0.0248
vt 0.8603 0.0530
vt 0.8623 0.0530
vt 0.8643 0.0530
vt 0.8597 0.0248
vt 0.8588 0.0107
vt 0.8612 0.0107
vt 0.8637 0.0107
vt 0.8667 0.0248
vt 0.8663 0.0107
vt 0.8664 0.0390
vt 0.8663 0.0530
vt 0.6499 0.0390
vt 0.6498 0.0248
vt 0.6521 0.0248
vt 0.6522 0.0390
vt 0.6544 0.0248
vt 0.6543 0.0390
vt 0.6499 0.0530
vt 0.6520 0.0530
vt 0.6541 0.0530
vt 0.6503 0.0107
vt 0.6498 0.0248
vt 0.6528 0.0107
vt 0.6553 0.0107
vt 0.6576 0.0107
vt 0.6568 0.0248
vt 0.6565 0.0390
vt 0.6561 0.0530
vt 0.8710 0.0390
vt 0.8687 0.0390
vt 0.8691 0.0248
vt 0.8715 0.0248
vt 0.8733 0.0390
vt 0.8740 0.0248
vt 0.8705 0.0530
vt 0.8684 0.0530
vt 0.8726 0.0530
vt 0.8691 0.0248
vt 0.8690 0.0107
vt 0.8717 0.0107
vt 0.8745 0.0107
vt 0.8764 0.0248
vt 0.8771 0.0107
vt 0.8756 0.0390
vt 0.8747 0.0530
vt 0.6606 0.0390
vt 0.6612 0.0248
vt 0.6656 0.0248
vt 0.6647 0.0390
vt 0.6700 0.0248
vt 0.6687 0.0390
vt 0.6600 0.0530
vt 0.6638 0.0530
vt 0.6675 0.0530
vt 0.6623 0.0107
vt 0.6612 0.0248
vt 0.6671 0.0107
vt 0.6720 0.0107
vt 0.6768 0.0107
vt 0.6743 0.0248
vt 0.6727 0.0390
vt 0.6712 0.0530
vt 0.8800 0.0390
vt 0.8778 0.0390
vt 0.8788 0.0248
vt 0.8812 0.0248
vt 0.8823 0.0390
vt 0.8836 0.0248
vt 0.8788 0.0530
vt 0.8767 0.0530
vt 0.8808 0.0530
vt 0.8788 0.0248
vt 0.8798 0.0107
vt 0.8825 0.0107
vt 0.8852 0.0107
vt 0.8860 0.0248
vt 0.8878 0.0107
vt 0.8845 0.0390
vt 0.8828 0.0530
vt 0.6757 0.0390
vt 0.6777 0.0248
vt 0.6811 0.0248
vt 0.6788 0.0390
vt 0.6846 0.0248
vt 0.6819 0.0390
vt 0.6740 0.0530
vt 0.6769 0.0530
vt 0.6797 0.0530
vt 0.6805 0.0107
vt 0.6777 0.0248
vt 0.6842 0.0107
vt 0.6880 0.0107
vt 0.6920 0.0107
vt 0.6879 0.0248
vt 0.6852 0.0390
vt 0.6826 0.0530
vt 0.8887 0.0390
vt 0.8866 0.0390
vt 0.8883 0.0248
vt 0.8906 0.0248
vt 0.8908 0.0390
vt 0.8929 0.0248
vt 0.8867 0.0530
vt 0.8848 0.0530
vt 0.8887 0.0530
vt 0.8883 0.0248
vt 0.8905 0.0107
vt 0.8929 0.0107
vt 0.8954 0.0107
vt 0.8976 0.0107
vt 0.8952 0.0248
vt 0.8930 0.0390
vt 0.8906 0.0530
vt 0.6891 0.0390
vt 0.6920 0.0248
vt 0.6960 0.0248
vt 0.6930 0.0390
vt 0.7000 0.0248
vt 0.6970 0.0390
vt 0.6863 0.0530
vt 0.6901 0.0530
vt 0.6939 0.0530
vt 0.6962 0.0107
vt 0.6920 0.0248
vt 0.7000 0.0107
vt 0.7038 0.0107
vt 0.7075 0.0107
vt 0.7040 0.0248
vt 0.7009 0.0390
vt 0.6978 0.0530
vt 0.8966 0.0390
vt 0.8992 0.0248
vt 0.9032 0.0248
vt 0.9003 0.0390
vt 0.9072 0.0248
vt 0.9040 0.0390
vt 0.8939 0.0530
vt 0.8973 0.0530
vt 0.9006 0.0530
vt 0.9022 0.0107
vt 0.8992 0.0248
vt 0.9069 0.0107
vt 0.9113 0.0107
vt 0.9157 0.0107
vt 0.9113 0.0248
vt 0.9077 0.0390
vt 0.9040 0.0530
vt 0.7052 0.0390
vt 0.7082 0.0248
vt 0.7124 0.0248
vt 0.7095 0.0390
vt 0.7167 0.0248
vt 0.7139 0.0390
vt 0.7021 0.0530
vt 0.7065 0.0530
vt 0.7111 0.0530
vt 0.7116 0.0107
vt 0.7082 0.0248
vt 0.7157 0.0107
vt 0.7199 0.0107
vt 0.5420 0.0390
vt 0.5330 0.0248
vt 0.5369 0.0248
vt 0.5458 0.0390
vt 0.5495 0.0390
vt 0.5408 0.0248
vt 0.5546 0.0530
vt 0.5511 0.0530
vt 0.5581 0.0530
vt 0.5290 0.0248
vt 0.5185 0.0107
vt 0.5227 0.0107
vt 0.5330 0.0248
vt 0.5270 0.0107
vt 0.5311 0.0107
vt 0.5476 0.0530
vt 0.5383 0.0390
vt 0.9105 0.0390
vt 0.9144 0.0248
vt 0.9175 0.0248
vt 0.9134 0.0390
vt 0.9206 0.0248
vt 0.9162 0.0390
vt 0.9066 0.0530
vt 0.9092 0.0530
vt 0.9118 0.0530
vt 0.9191 0.0107
vt 0.9144 0.0248
vt 0.9225 0.0107
vt 0.9259 0.0107
vt 0.8291 0.1720
vt 0.8316 0.1720
vt 0.5757 0.0037
vt 0.5796 0.0037
vt 0.9544 0.0037
vt 0.9591 0.0037
vt 0.8341 0.1720
vt 0.5835 0.0037
vt 0.9635 0.0037
vt 0.8133 0.1720
vt 0.8159 0.1720
vt 0.5500 0.0037
vt 0.5544 0.0037
vt 0.9296 0.0037
vt 0.9336 0.0037
vt 0.8185 0.1720
vt 0.5591 0.0037
vt 0.9376 0.0037
vt 0.8211 0.1720
vt 0.5635 0.0037
vt 0.9415 0.0037
vt 0.8237 0.1720
vt 0.5678 0.0037
vt 0.9455 0.0037
vt 0.8023 0.1720
vt 0.8052 0.1720
vt 0.5343 0.0037
vt 0.5384 0.0037
vt 0.9158 0.0037
vt 0.9192 0.0037
vt 0.8079 0.1720
vt 0.5423 0.0037
vt 0.9227 0.0037
vt 0.8106 0.1720
vt 0.5461 0.0037
vt 0.9261 0.0037
vt 0.7919 0.1720
vt 0.7882 0.1720
vt 0.5170 0.0037
vt 0.5213 0.0037
vt 0.8975 0.0037
vt 0.9024 0.0037
vt 0.7956 0.1720
vt 0.5257 0.0037
vt 0.9070 0.0037
vt 0.7991 0.1720
vt 0.5300 0.0037
vt 0.9113 0.0037
vt 0.7773 0.1720
vt 0.7732 0.1720
vt 0.8878 0.0037
vt 0.8903 0.0037
vt 0.7808 0.1720
vt 0.8926 0.0037
vt 0.7845 0.1720
vt 0.8950 0.0037
vt 0.7576 0.1720
vt 0.7616 0.1720
vt 0.8777 0.0037
vt 0.8802 0.0037
vt 0.7654 0.1720
vt 0.8828 0.0037
vt 0.7696 0.1720
vt 0.8853 0.0037
vt 0.7416 0.1720
vt 0.7456 0.1720
vt 0.8676 0.0037
vt 0.8701 0.0037
vt 0.7496 0.1720
vt 0.8727 0.0037
vt 0.7539 0.1720
vt 0.8752 0.0037
vt 0.7268 0.1720
vt 0.7304 0.1720
vt 0.8574 0.0037
vt 0.8600 0.0037
vt 0.7341 0.1720
vt 0.8626 0.0037
vt 0.7376 0.1720
vt 0.8651 0.0037
vt 0.7130 0.1720
vt 0.7165 0.1720
vt 0.8375 0.0037
vt 0.8422 0.0037
vt 0.7198 0.1720
vt 0.8471 0.0037
vt 0.7232 0.1720
vt 0.8521 0.0037
vt 0.7046 0.1720
vt 0.7018 0.1720
vt 0.8234 0.0037
vt 0.8268 0.0037
vt 0.7073 0.1720
vt 0.8303 0.0037
vt 0.7102 0.1720
vt 0.8339 0.0037
vt 0.6939 0.1720
vt 0.6913 0.1720
vt 0.8080 0.0037
vt 0.8119 0.0037
vt 0.6965 0.1720
vt 0.8159 0.0037
vt 0.6991 0.1720
vt 0.8197 0.0037
vt 0.6838 0.1720
vt 0.6813 0.1720
vt 0.7917 0.0037
vt 0.7957 0.0037
vt 0.6863 0.1720
vt 0.7998 0.0037
vt 0.6888 0.1720
vt 0.8039 0.0037
vt 0.6712 0.1720
vt 0.6736 0.1720
vt 0.7746 0.0037
vt 0.7787 0.0037
vt 0.6761 0.1720
vt 0.7829 0.0037
vt 0.6787 0.1720
vt 0.7871 0.0037
vt 0.6612 0.1720
vt 0.6638 0.1720
vt 0.7581 0.0037
vt 0.7619 0.0037
vt 0.6663 0.1720
vt 0.7661 0.0037
vt 0.6687 0.1720
vt 0.7706 0.0037
vt 0.6507 0.1720
vt 0.6533 0.1720
vt 0.7418 0.0037
vt 0.7461 0.0037
vt 0.6559 0.1720
vt 0.7504 0.0037
vt 0.6586 0.1720
vt 0.7545 0.0037
vt 0.6399 0.1720
vt 0.6426 0.1720
vt 0.7243 0.0037
vt 0.7287 0.0037
vt 0.6452 0.1720
vt 0.7331 0.0037
vt 0.6481 0.1720
vt 0.7375 0.0037
vt 0.6293 0.1720
vt 0.6318 0.1720
vt 0.9228 0.1720
vt 0.9244 0.1720
vt 0.7075 0.0037
vt 0.7118 0.0037
vt 0.6346 0.1720
vt 0.9259 0.1720
vt 0.7160 0.0037
vt 0.6376 0.1720
vt 0.9273 0.1720
vt 0.7202 0.0037
vt 0.9286 0.1720
vt 0.6191 0.1720
vt 0.6216 0.1720
vt 0.9152 0.1720
vt 0.9173 0.1720
vt 0.6916 0.0037
vt 0.6955 0.0037
vt 0.6241 0.1720
vt 0.9191 0.1720
vt 0.6994 0.0037
vt 0.6268 0.1720
vt 0.9210 0.1720
vt 0.7034 0.0037
vt 0.6096 0.1720
vt 0.6118 0.1720
vt 0.9061 0.1720
vt 0.9086 0.1720
vt 0.6771 0.0037
vt 0.6807 0.0037
vt 0.6142 0.1720
vt 0.9109 0.1720
vt 0.6843 0.0037
vt 0.6167 0.1720
vt 0.9130 0.1720
vt 0.6880 0.0037
vt 0.6006 0.1720
vt 0.6027 0.1720
vt 0.8990 0.1720
vt 0.8965 0.1720
vt 0.6567 0.0037
vt 0.6620 0.0037
vt 0.6049 0.1720
vt 0.9015 0.1720
vt 0.6672 0.0037
vt 0.6071 0.1720
vt 0.9038 0.1720
vt 0.6722 0.0037
vt 0.5946 0.1720
vt 0.5929 0.1720
vt 0.8889 0.1720
vt 0.8863 0.1720
vt 0.6463 0.0037
vt 0.6488 0.0037
vt 0.5965 0.1720
vt 0.8916 0.1720
vt 0.6514 0.0037
vt 0.5984 0.1720
vt 0.8941 0.1720
vt 0.6540 0.0037
vt 0.5883 0.1720
vt 0.5870 0.1720
vt 0.8784 0.1720
vt 0.8757 0.1720
vt 0.6360 0.0037
vt 0.6386 0.0037
vt 0.5897 0.1720
vt 0.8812 0.1720
vt 0.6411 0.0037
vt 0.5912 0.1720
vt 0.8837 0.1720
vt 0.6437 0.0037
vt 0.8674 0.1720
vt 0.8645 0.1720
vt 0.6258 0.0037
vt 0.6283 0.0037
vt 0.8703 0.1720
vt 0.6308 0.0037
vt 0.8729 0.1720
vt 0.6334 0.0037
vt 0.8566 0.1720
vt 0.8539 0.1720
vt 0.6160 0.0037
vt 0.6185 0.0037
vt 0.8593 0.1720
vt 0.6209 0.0037
vt 0.8620 0.1720
vt 0.6233 0.0037
vt 0.8467 0.1720
vt 0.8443 0.1720
vt 0.5979 0.0037
vt 0.6021 0.0037
vt 0.9796 0.0037
vt 0.9840 0.0037
vt 0.8491 0.1720
vt 0.6064 0.0037
vt 0.9884 0.0037
vt 0.8515 0.1720
vt 0.6109 0.0037
vt 0.9929 0.0037
vt 0.9974 0.0037
vt 0.8366 0.1720
vt 0.5870 0.0037
vt 0.9675 0.0037
vt 0.8391 0.1720
vt 0.5907 0.0037
vt 0.9714 0.0037
vt 0.8417 0.1720
vt 0.5943 0.0037
vt 0.9754 0.0037
vt 0.8264 0.1720
vt 0.5717 0.0037
vt 0.9499 0.0037
vt 0.5542 0.5875
vt 0.5542 0.5953
vt 0.5353 0.5953
vt 0.5353 0.5875
vt 0.5542 0.6032
vt 0.5353 0.6032
vt 0.5542 0.4863
vt 0.5353 0.4863
vt 0.5353 0.4792
vt 0.5542 0.4792
vt 0.5542 0.4944
vt 0.5353 0.4944
vt 0.5542 0.3699
vt 0.5542 0.3781
vt 0.5353 0.3781
vt 0.5353 0.3699
vt 0.5542 0.3853
vt 0.5353 0.3853
vt 0.5542 0.6105
vt 0.5353 0.6105
vt 0.5542 0.3627
vt 0.5353 0.3627
vt 0.5542 0.5026
vt 0.5353 0.5026
vt 0.5542 0.5100
vt 0.5353 0.5100
vt 0.5542 0.3935
vt 0.5353 0.3935
vt 0.5542 0.4013
vt 0.5353 0.4013
vt 0.5542 0.5175
vt 0.5353 0.5175
vt 0.5542 0.5252
vt 0.5353 0.5252
vt 0.5542 0.4090
vt 0.5353 0.4090
vt 0.5542 0.4166
vt 0.5353 0.4166
vt 0.5542 0.5335
vt 0.5353 0.5335
vt 0.5542 0.5411
vt 0.5353 0.5411
vt 0.5542 0.4240
vt 0.5353 0.4240
vt 0.5542 0.4320
vt 0.5353 0.4320
vt 0.5542 0.5488
vt 0.5353 0.5488
vt 0.5542 0.5567
vt 0.5353 0.5567
vt 0.5542 0.4405
vt 0.5353 0.4405
vt 0.5542 0.4485
vt 0.5353 0.4485
vt 0.5542 0.5642
vt 0.5353 0.5642
vt 0.5542 0.5718
vt 0.5353 0.5718
vt 0.5542 0.4554
vt 0.5353 0.4554
vt 0.5542 0.4632
vt 0.5353 0.4632
vt 0.5542 0.5798
vt 0.5353 0.5798
vt 0.5542 0.4709
vt 0.5353 0.4709
vt 0.5733 0.5798
vt 0.5733 0.5875
vt 0.5733 0.5718
vt 0.5924 0.5718
vt 0.5924 0.5798
vt 0.5924 0.5875
vt 0.5733 0.4792
vt 0.5733 0.4709
vt 0.5733 0.4632
vt 0.5924 0.4709
vt 0.5924 0.4632
vt 0.5924 0.4792
vt 0.5733 0.5953
vt 0.5733 0.6032
vt 0.5924 0.5953
vt 0.5924 0.6032
vt 0.5733 0.4944
vt 0.5733 0.4863
vt 0.5924 0.4863
vt 0.5924 0.4944
vt 0.5733 0.3781
vt 0.5733 0.3853
vt 0.5733 0.3699
vt 0.5924 0.3699
vt 0.5924 0.3781
vt 0.5924 0.3853
vt 0.5733 0.3627
vt 0.5733 0.6105
vt 0.5924 0.6105
vt 0.5924 0.3627
vt 0.5733 0.5100
vt 0.5733 0.5026
vt 0.5924 0.5026
vt 0.5924 0.5100
vt 0.5733 0.3935
vt 0.5733 0.4013
vt 0.5924 0.3935
vt 0.5924 0.4013
vt 0.5733 0.5252
vt 0.5733 0.5175
vt 0.5924 0.5175
vt 0.5924 0.5252
vt 0.5733 0.4090
vt 0.5733 0.4166
vt 0.5924 0.4090
vt 0.5924 0.4166
vt 0.5733 0.5411
vt 0.5733 0.5335
vt 0.5924 0.5335
vt 0.5924 0.5411
vt 0.5733 0.4240
vt 0.5733 0.4320
vt 0.5924 0.4240
vt 0.5924 0.4320
vt 0.5733 0.5567
vt 0.5733 0.5488
vt 0.5924 0.5488
vt 0.5924 0.5567
vt 0.5733 0.4485
vt 0.5733 0.4405
vt 0.5924 0.4405
vt 0.5924 0.4485
vt 0.5733 0.5642
vt 0.5924 0.5642
vt 0.5733 0.4554
vt 0.5924 0.4554
vt 0.6384 0.4320
vt 0.6246 0.4320
vt 0.6246 0.4240
vt 0.6384 0.4240
vt 0.6246 0.4166
vt 0.6384 0.4166
vt 0.6520 0.4240
vt 0.6520 0.4166
vt 0.6520 0.4320
vt 0.6384 0.5567
vt 0.6246 0.5567
vt 0.6246 0.5488
vt 0.6384 0.5488
vt 0.6246 0.5411
vt 0.6384 0.5411
vt 0.6520 0.5488
vt 0.6520 0.5411
vt 0.6520 0.5567
vt 0.6384 0.4485
vt 0.6246 0.4485
vt 0.6246 0.4405
vt 0.6384 0.4405
vt 0.6520 0.4405
vt 0.6520 0.4485
vt 0.6384 0.5718
vt 0.6246 0.5718
vt 0.6246 0.5642
vt 0.6384 0.5642
vt 0.6520 0.5642
vt 0.6520 0.5718
vt 0.6384 0.4632
vt 0.6246 0.4632
vt 0.6246 0.4554
vt 0.6384 0.4554
vt 0.6520 0.4554
vt 0.6520 0.4632
vt 0.6384 0.5875
vt 0.6246 0.5875
vt 0.6246 0.5798
vt 0.6384 0.5798
vt 0.6520 0.5798
vt 0.6520 0.5875
vt 0.6384 0.4792
vt 0.6246 0.4792
vt 0.6246 0.4709
vt 0.6384 0.4709
vt 0.6520 0.4709
vt 0.6520 0.4792
vt 0.6384 0.6032
vt 0.6246 0.6032
vt 0.6246 0.5953
vt 0.6384 0.5953
vt 0.6520 0.5953
vt 0.6520 0.6032
vt 0.6384 0.4944
vt 0.6246 0.4944
vt 0.6246 0.4863
vt 0.6384 0.4863
vt 0.6520 0.4863
vt 0.6520 0.4944
vt 0.6384 0.3853
vt 0.6246 0.3853
vt 0.6246 0.3781
vt 0.6384 0.3781
vt 0.6246 0.3699
vt 0.6384 0.3699
vt 0.6520 0.3781
vt 0.6520 0.3699
vt 0.6520 0.3853
vt 0.6246 0.3627
vt 0.6384 0.3627
vt 0.6384 0.6105
vt 0.6246 0.6105
vt 0.6520 0.6105
vt 0.6520 0.3627
vt 0.6384 0.5100
vt 0.6246 0.5100
vt 0.6246 0.5026
vt 0.6384 0.5026
vt 0.6520 0.5026
vt 0.6520 0.5100
vt 0.6384 0.4013
vt 0.6246 0.4013
vt 0.6246 0.3935
vt 0.6384 0.3935
vt 0.6520 0.3935
vt 0.6520 0.4013
vt 0.6384 0.5252
vt 0.6246 0.5252
vt 0.6246 0.5175
vt 0.6384 0.5175
vt 0.6520 0.5175
vt 0.6520 0.5252
vt 0.6246 0.4090
vt 0.6384 0.4090
vt 0.6520 0.4090
vt 0.6246 0.5335
vt 0.6384 0.5335
vt 0.6520 0.5335
vt 0.6930 0.3699
vt 0.6793 0.3699
vt 0.6793 0.3627
vt 0.6930 0.3627
vt 0.6930 0.6105
vt 0.6793 0.6105
vt 0.6793 0.6032
vt 0.6930 0.6032
vt 0.7066 0.6105
vt 0.7066 0.6032
vt 0.7066 0.3699
vt 0.7066 0.3627
vt 0.6930 0.3853
vt 0.6793 0.3853
vt 0.6793 0.3781
vt 0.6930 0.3781
vt 0.7066 0.3781
vt 0.7066 0.3853
vt 0.6930 0.4863
vt 0.6930 0.4944
vt 0.6793 0.4944
vt 0.6793 0.4863
vt 0.6930 0.4792
vt 0.6793 0.4792
vt 0.7066 0.4792
vt 0.7066 0.4863
vt 0.7066 0.4944
vt 0.6793 0.5953
vt 0.6930 0.5953
vt 0.6793 0.5875
vt 0.6930 0.5875
vt 0.7066 0.5953
vt 0.7066 0.5875
vt 0.6930 0.4709
vt 0.6793 0.4709
vt 0.6930 0.4632
vt 0.6793 0.4632
vt 0.7066 0.4632
vt 0.7066 0.4709
vt 0.6793 0.5798
vt 0.6930 0.5798
vt 0.6793 0.5718
vt 0.6930 0.5718
vt 0.7066 0.5798
vt 0.7066 0.5718
vt 0.6930 0.4554
vt 0.6793 0.4554
vt 0.6930 0.4485
vt 0.6793 0.4485
vt 0.7066 0.4485
vt 0.7066 0.4554
vt 0.6793 0.5642
vt 0.6930 0.5642
vt 0.6793 0.5567
vt 0.6930 0.5567
vt 0.7066 0.5642
vt 0.7066 0.5567
vt 0.6930 0.4405
vt 0.6793 0.4405
vt 0.6930 0.4320
vt 0.6793 0.4320
vt 0.7066 0.4320
vt 0.7066 0.4405
vt 0.6793 0.5488
vt 0.6930 0.5488
vt 0.6793 0.5411
vt 0.6930 0.5411
vt 0.7066 0.5488
vt 0.7066 0.5411
vt 0.6930 0.4240
vt 0.6793 0.4240
vt 0.6930 0.4166
vt 0.6793 0.4166
vt 0.7066 0.4166
vt 0.7066 0.4240
vt 0.6793 0.5335
vt 0.6930 0.5335
vt 0.6793 0.5252
vt 0.6930 0.5252
vt 0.7066 0.5335
vt 0.7066 0.5252
vt 0.6930 0.4090
vt 0.6793 0.4090
vt 0.6930 0.4013
vt 0.6793 0.4013
vt 0.7066 0.4013
vt 0.7066 0.4090
vt 0.6793 0.5175
vt 0.6930 0.5175
vt 0.6793 0.5100
vt 0.6930 0.5100
vt 0.7066 0.5175
vt 0.7066 0.5100
vt 0.6793 0.3935
vt 0.6930 0.3935
vt 0.7066 0.3935
vt 0.6930 0.5026
vt 0.6793 0.5026
vt 0.7066 0.5026
vt 0.6656 0.5026
vt 0.6656 0.5100
vt 0.6656 0.4944
vt 0.6656 0.4013
vt 0.6656 0.3935
vt 0.6656 0.3853
vt 0.6656 0.5252
vt 0.6656 0.5175
vt 0.6656 0.4166
vt 0.6656 0.4090
vt 0.6656 0.5411
vt 0.6656 0.5335
vt 0.6656 0.4240
vt 0.6656 0.4320
vt 0.6656 0.5567
vt 0.6656 0.5488
vt 0.6656 0.4405
vt 0.6656 0.4485
vt 0.6656 0.5718
vt 0.6656 0.5642
vt 0.6656 0.4554
vt 0.6656 0.4632
vt 0.6656 0.5875
vt 0.6656 0.5798
vt 0.6656 0.4709
vt 0.6656 0.4792
vt 0.6656 0.6032
vt 0.6656 0.5953
vt 0.6656 0.4863
vt 0.6656 0.3781
vt 0.6656 0.3699
vt 0.6656 0.3627
vt 0.6656 0.6105
vt 0.7204 0.3699
vt 0.7204 0.3627
vt 0.7204 0.6105
vt 0.7204 0.6032
vt 0.7340 0.6105
vt 0.7340 0.6032
vt 0.7340 0.3699
vt 0.7340 0.3627
vt 0.7204 0.3853
vt 0.7204 0.3781
vt 0.7340 0.3781
vt 0.7340 0.3853
vt 0.7204 0.4863
vt 0.7204 0.4944
vt 0.7204 0.4792
vt 0.7340 0.4792
vt 0.7340 0.4863
vt 0.7340 0.4944
vt 0.7204 0.5953
vt 0.7204 0.5875
vt 0.7340 0.5953
vt 0.7340 0.5875
vt 0.7204 0.4709
vt 0.7204 0.4632
vt 0.7340 0.4632
vt 0.7340 0.4709
vt 0.7204 0.5798
vt 0.7204 0.5718
vt 0.7340 0.5798
vt 0.7340 0.5718
vt 0.7204 0.4554
vt 0.7204 0.4485
vt 0.7340 0.4485
vt 0.7340 0.4554
vt 0.7204 0.5642
vt 0.7204 0.5567
vt 0.7340 0.5642
vt 0.7340 0.5567
vt 0.7204 0.4405
vt 0.7204 0.4320
vt 0.7340 0.4320
vt 0.7340 0.4405
vt 0.7204 0.5488
vt 0.7204 0.5411
vt 0.7340 0.5488
vt 0.7340 0.5411
vt 0.7204 0.4240
vt 0.7204 0.4166
vt 0.7340 0.4166
vt 0.7340 0.4240
vt 0.7204 0.5335
vt 0.7204 0.5252
vt 0.7340 0.5335
vt 0.7340 0.5252
vt 0.7204 0.4090
vt 0.7204 0.4013
vt 0.7340 0.4013
vt 0.7340 0.4090
vt 0.7204 0.5175
vt 0.7204 0.5100
vt 0.7340 0.5175
vt 0.7340 0.5100
vt 0.7204 0.3935
vt 0.7340 0.3935
vt 0.7204 0.5026
vt 0.7340 0.5026
vt 0.6111 0.5411
vt 0.6111 0.5335
vt 0.6111 0.5252
vt 0.6111 0.4090
vt 0.6111 0.4166
vt 0.6111 0.4013
vt 0.6111 0.5175
vt 0.6111 0.5100
vt 0.6111 0.3935
vt 0.6111 0.3853
vt 0.6111 0.5026
vt 0.6111 0.4944
vt 0.6111 0.3627
vt 0.6111 0.3699
vt 0.6111 0.6032
vt 0.6111 0.6105
vt 0.6111 0.3781
vt 0.6111 0.4863
vt 0.6111 0.4792
vt 0.6111 0.5953
vt 0.6111 0.5875
vt 0.6111 0.4709
vt 0.6111 0.4632
vt 0.6111 0.5798
vt 0.6111 0.5718
vt 0.6111 0.4554
vt 0.6111 0.4485
vt 0.6111 0.5642
vt 0.6111 0.5567
vt 0.6111 0.4405
vt 0.6111 0.4320
vt 0.6111 0.5488
vt 0.6111 0.4240
vt 0.7476 0.3781
vt 0.7476 0.3853
vt 0.7476 0.3699
vt 0.7613 0.3699
vt 0.7613 0.3781
vt 0.7613 0.3853
vt 0.7476 0.5567
vt 0.7476 0.5488
vt 0.7476 0.5411
vt 0.7613 0.5488
vt 0.7613 0.5411
vt 0.7613 0.5567
vt 0.7476 0.4863
vt 0.7476 0.4944
vt 0.7476 0.4792
vt 0.7613 0.4863
vt 0.7613 0.4792
vt 0.7613 0.4944
vt 0.7476 0.4240
vt 0.7476 0.4320
vt 0.7476 0.4166
vt 0.7613 0.4166
vt 0.7613 0.4240
vt 0.7613 0.4320
vt 0.7476 0.6032
vt 0.7476 0.5953
vt 0.7476 0.5875
vt 0.7613 0.5953
vt 0.7613 0.5875
vt 0.7613 0.6032
vt 0.7476 0.5335
vt 0.7476 0.5252
vt 0.7613 0.5335
vt 0.7613 0.5252
vt 0.7476 0.4709
vt 0.7476 0.4632
vt 0.7613 0.4632
vt 0.7613 0.4709
vt 0.7476 0.4090
vt 0.7476 0.4013
vt 0.7613 0.4013
vt 0.7613 0.4090
vt 0.7476 0.5798
vt 0.7476 0.5718
vt 0.7613 0.5798
vt 0.7613 0.5718
vt 0.7476 0.5175
vt 0.7476 0.5100
vt 0.7613 0.5175
vt 0.7613 0.5100
vt 0.7476 0.4554
vt 0.7476 0.4485
vt 0.7613 0.4485
vt 0.7613 0.4554
vt 0.7476 0.3935
vt 0.7613 0.3935
vt 0.7476 0.5642
vt 0.7613 0.5642
vt 0.7476 0.3627
vt 0.7476 0.6105
vt 0.7613 0.6105
vt 0.7613 0.3627
vt 0.7476 0.5026
vt 0.7613 0.5026
vt 0.7476 0.4405
vt 0.7613 0.4405
vt 0.5163 0.5100
vt 0.5163 0.5175
vt 0.5163 0.4709
vt 0.5163 0.4632
vt 0.5163 0.4863
vt 0.5163 0.4944
vt 0.5163 0.5488
vt 0.5163 0.5567
vt 0.5163 0.3781
vt 0.5163 0.3699
vt 0.5163 0.4405
vt 0.5163 0.4320
vt 0.5163 0.5252
vt 0.5163 0.4792
vt 0.5163 0.4013
vt 0.5163 0.4090
vt 0.5163 0.3853
vt 0.5163 0.4485
vt 0.5163 0.6105
vt 0.5163 0.6032
vt 0.5163 0.5642
vt 0.5163 0.4166
vt 0.5163 0.5335
vt 0.5163 0.3627
vt 0.5163 0.5718
vt 0.5163 0.5026
vt 0.5163 0.4554
vt 0.5163 0.5411
vt 0.5163 0.5953
vt 0.5163 0.5875
vt 0.5163 0.4240
vt 0.5163 0.3935
vt 0.5163 0.5798
vt 0.8500 0.3627
vt 0.8500 0.3699
vt 0.8364 0.3699
vt 0.8364 0.3627
vt 0.8500 0.6032
vt 0.8500 0.6105
vt 0.8364 0.6105
vt 0.8364 0.6032
vt 0.8226 0.6105
vt 0.8226 0.6032
vt 0.8226 0.3699
vt 0.8226 0.3627
vt 0.8500 0.3781
vt 0.8500 0.3853
vt 0.8364 0.3853
vt 0.8364 0.3781
vt 0.8226 0.3781
vt 0.8226 0.3853
vt 0.8364 0.4863
vt 0.8500 0.4863
vt 0.8500 0.4944
vt 0.8364 0.4944
vt 0.8364 0.4792
vt 0.8500 0.4792
vt 0.8226 0.4792
vt 0.8226 0.4863
vt 0.8226 0.4944
vt 0.8500 0.5953
vt 0.8364 0.5953
vt 0.8500 0.5875
vt 0.8364 0.5875
vt 0.8226 0.5953
vt 0.8226 0.5875
vt 0.8364 0.4709
vt 0.8500 0.4709
vt 0.8364 0.4632
vt 0.8500 0.4632
vt 0.8226 0.4632
vt 0.8226 0.4709
vt 0.8500 0.5798
vt 0.8364 0.5798
vt 0.8500 0.5718
vt 0.8364 0.5718
vt 0.8226 0.5798
vt 0.8226 0.5718
vt 0.8364 0.4554
vt 0.8500 0.4554
vt 0.8364 0.4485
vt 0.8500 0.4485
vt 0.8226 0.4485
vt 0.8226 0.4554
vt 0.8500 0.5642
vt 0.8364 0.5642
vt 0.8500 0.5567
vt 0.8364 0.5567
vt 0.8226 0.5642
vt 0.8226 0.5567
vt 0.8364 0.4405
vt 0.8500 0.4405
vt 0.8364 0.4320
vt 0.8500 0.4320
vt 0.8226 0.4320
vt 0.8226 0.4405
vt 0.8500 0.5488
vt 0.8364 0.5488
vt 0.8500 0.5411
vt 0.8364 0.5411
vt 0.8226 0.5488
vt 0.8226 0.5411
vt 0.8364 0.4240
vt 0.8500 0.4240
vt 0.8364 0.4166
vt 0.8500 0.4166
vt 0.8226 0.4166
vt 0.8226 0.4240
vt 0.8500 0.5335
vt 0.8364 0.5335
vt 0.8500 0.5252
vt 0.8364 0.5252
vt 0.8226 0.5335
vt 0.8226 0.5252
vt 0.8364 0.4090
vt 0.8500 0.4090
vt 0.8364 0.4013
vt 0.8500 0.4013
vt 0.8226 0.4013
vt 0.8226 0.4090
vt 0.8500 0.5175
vt 0.8364 0.5175
vt 0.8500 0.5100
vt 0.8364 0.5100
vt 0.8226 0.5175
vt 0.8226 0.5100
vt 0.8364 0.3935
vt 0.8500 0.3935
vt 0.8226 0.3935
vt 0.8364 0.5026
vt 0.8500 0.5026
vt 0.8226 0.5026
vt 0.8634 0.4944
vt 0.8634 0.5026
vt 0.8634 0.5100
vt 0.8634 0.3853
vt 0.8634 0.3935
vt 0.8634 0.4013
vt 0.8634 0.5175
vt 0.8634 0.5252
vt 0.8634 0.4090
vt 0.8634 0.4166
vt 0.8634 0.5335
vt 0.8634 0.5411
vt 0.8634 0.4240
vt 0.8634 0.4320
vt 0.8634 0.5488
vt 0.8634 0.5567
vt 0.8634 0.4405
vt 0.8634 0.4485
vt 0.8634 0.5642
vt 0.8634 0.5718
vt 0.8634 0.4554
vt 0.8634 0.4632
vt 0.8634 0.5798
vt 0.8634 0.5875
vt 0.8634 0.4709
vt 0.8634 0.4792
vt 0.8634 0.5953
vt 0.8634 0.6032
vt 0.8634 0.4863
vt 0.8634 0.3699
vt 0.8634 0.3781
vt 0.8634 0.6105
vt 0.8634 0.3627
vt 0.8091 0.3699
vt 0.8091 0.3627
vt 0.8091 0.6105
vt 0.8091 0.6032
vt 0.7954 0.6105
vt 0.7954 0.6032
vt 0.7954 0.3699
vt 0.7954 0.3627
vt 0.8091 0.3853
vt 0.8091 0.3781
vt 0.7954 0.3781
vt 0.7954 0.3853
vt 0.8091 0.4863
vt 0.8091 0.4944
vt 0.8091 0.4792
vt 0.7954 0.4792
vt 0.7954 0.4863
vt 0.7954 0.4944
vt 0.8091 0.5953
vt 0.8091 0.5875
vt 0.7954 0.5953
vt 0.7954 0.5875
vt 0.8091 0.4709
vt 0.8091 0.4632
vt 0.7954 0.4632
vt 0.7954 0.4709
vt 0.8091 0.5798
vt 0.8091 0.5718
vt 0.7954 0.5798
vt 0.7954 0.5718
vt 0.8091 0.4554
vt 0.8091 0.4485
vt 0.7954 0.4485
vt 0.7954 0.4554
vt 0.8091 0.5642
vt 0.8091 0.5567
vt 0.7954 0.5642
vt 0.7954 0.5567
vt 0.8091 0.4405
vt 0.8091 0.4320
vt 0.7954 0.4320
vt 0.7954 0.4405
vt 0.8091 0.5488
vt 0.8091 0.5411
vt 0.7954 0.5488
vt 0.7954 0.5411
vt 0.8091 0.4240
vt 0.8091 0.4166
vt 0.7954 0.4166
vt 0.7954 0.4240
vt 0.8091 0.5335
vt 0.8091 0.5252
vt 0.7954 0.5335
vt 0.7954 0.5252
vt 0.8091 0.4090
vt 0.8091 0.4013
vt 0.7954 0.4013
vt 0.7954 0.4090
vt 0.8091 0.5175
vt 0.8091 0.5100
vt 0.7954 0.5175
vt 0.7954 0.5100
vt 0.8091 0.3935
vt 0.7954 0.3935
vt 0.8091 0.5026
vt 0.7954 0.5026
vt 0.7816 0.3853
vt 0.7816 0.3781
vt 0.7816 0.3699
vt 0.7683 0.3699
vt 0.7683 0.3781
vt 0.7683 0.3853
vt 0.7816 0.5567
vt 0.7816 0.5488
vt 0.7816 0.5411
vt 0.7683 0.5488
vt 0.7683 0.5411
vt 0.7683 0.5567
vt 0.7816 0.4863
vt 0.7816 0.4944
vt 0.7816 0.4792
vt 0.7683 0.4863
vt 0.7683 0.4792
vt 0.7683 0.4944
vt 0.7816 0.4240
vt 0.7816 0.4320
vt 0.7816 0.4166
vt 0.7683 0.4166
vt 0.7683 0.4240
vt 0.7683 0.4320
vt 0.7816 0.6032
vt 0.7816 0.5953
vt 0.7816 0.5875
vt 0.7683 0.5953
vt 0.7683 0.5875
vt 0.7683 0.6032
vt 0.7816 0.5335
vt 0.7816 0.5252
vt 0.7683 0.5335
vt 0.7683 0.5252
vt 0.7816 0.4709
vt 0.7816 0.4632
vt 0.7683 0.4632
vt 0.7683 0.4709
vt 0.7816 0.4090
vt 0.7816 0.4013
vt 0.7683 0.4013
vt 0.7683 0.4090
vt 0.7816 0.5798
vt 0.7816 0.5718
vt 0.7683 0.5798
vt 0.7683 0.5718
vt 0.7816 0.5175
vt 0.7816 0.5100
vt 0.7683 0.5175
vt 0.7683 0.5100
vt 0.7816 0.4554
vt 0.7816 0.4485
vt 0.7683 0.4485
vt 0.7683 0.4554
vt 0.7816 0.3935
vt 0.7683 0.3935
vt 0.7816 0.5642
vt 0.7683 0.5642
vt 0.7816 0.3627
vt 0.7816 0.6105
vt 0.7683 0.6105
vt 0.7683 0.3627
vt 0.7816 0.5026
vt 0.7683 0.5026
vt 0.7816 0.4405
vt 0.7683 0.4405
vt 0.5542 0.5875
vt 0.5353 0.5875
vt 0.5353 0.5953
vt 0.5542 0.5953
vt 0.5353 0.6032
vt 0.5542 0.6032
vt 0.5353 0.4792
vt 0.5353 0.4863
vt 0.5542 0.4863
vt 0.5542 0.4792
vt 0.5353 0.4944
vt 0.5542 0.4944
vt 0.5542 0.3699
vt 0.5353 0.3699
vt 0.5353 0.3781
vt 0.5542 0.3781
vt 0.5353 0.3853
vt 0.5542 0.3853
vt 0.5353 0.6105
vt 0.5542 0.6105
vt 0.5542 0.3627
vt 0.5353 0.3627
vt 0.5353 0.5026
vt 0.5542 0.5026
vt 0.5353 0.5100
vt 0.5542 0.5100
vt 0.5353 0.3935
vt 0.5542 0.3935
vt 0.5353 0.4013
vt 0.5542 0.4013
vt 0.5353 0.5175
vt 0.5542 0.5175
vt 0.5353 0.5252
vt 0.5542 0.5252
vt 0.5353 0.4090
vt 0.5542 0.4090
vt 0.5353 0.4166
vt 0.5542 0.4166
vt 0.5353 0.5335
vt 0.5542 0.5335
vt 0.5353 0.5411
vt 0.5542 0.5411
vt 0.5353 0.4240
vt 0.5542 0.4240
vt 0.5353 0.4320
vt 0.5542 0.4320
vt 0.5353 0.5488
vt 0.5542 0.5488
vt 0.5353 0.5567
vt 0.5542 0.5567
vt 0.5353 0.4405
vt 0.5542 0.4405
vt 0.5353 0.4485
vt 0.5542 0.4485
vt 0.5353 0.5642
vt 0.5542 0.5642
vt 0.5353 0.5718
vt 0.5542 0.5718
vt 0.5353 0.4554
vt 0.5542 0.4554
vt 0.5353 0.4632
vt 0.5542 0.4632
vt 0.5353 0.5798
vt 0.5542 0.5798
vt 0.5353 0.4709
vt 0.5542 0.4709
vt 0.5733 0.5798
vt 0.5733 0.5875
vt 0.5733 0.5718
vt 0.5924 0.5718
vt 0.5924 0.5798
vt 0.5924 0.5875
vt 0.5733 0.4792
vt 0.5733 0.4709
vt 0.5733 0.4632
vt 0.5924 0.4709
vt 0.5924 0.4632
vt 0.5924 0.4792
vt 0.5733 0.5953
vt 0.5733 0.6032
vt 0.5924 0.5953
vt 0.5924 0.6032
vt 0.5733 0.4944
vt 0.5733 0.4863
vt 0.5924 0.4863
vt 0.5924 0.4944
vt 0.5733 0.3781
vt 0.5733 0.3853
vt 0.5733 0.3699
vt 0.5924 0.3699
vt 0.5924 0.3781
vt 0.5924 0.3853
vt 0.5733 0.3627
vt 0.5733 0.6105
vt 0.5924 0.6105
vt 0.5924 0.3627
vt 0.5733 0.5100
vt 0.5733 0.5026
vt 0.5924 0.5026
vt 0.5924 0.5100
vt 0.5733 0.3935
vt 0.5733 0.4013
vt 0.5924 0.3935
vt 0.5924 0.4013
vt 0.5733 0.5252
vt 0.5733 0.5175
vt 0.5924 0.5175
vt 0.5924 0.5252
vt 0.5733 0.4090
vt 0.5733 0.4166
vt 0.5924 0.4090
vt 0.5924 0.4166
vt 0.5733 0.5411
vt 0.5733 0.5335
vt 0.5924 0.5335
vt 0.5924 0.5411
vt 0.5733 0.4240
vt 0.5733 0.4320
vt 0.5924 0.4240
vt 0.5924 0.4320
vt 0.5733 0.5567
vt 0.5733 0.5488
vt 0.5924 0.5488
vt 0.5924 0.5567
vt 0.5733 0.4485
vt 0.5733 0.4405
vt 0.5924 0.4405
vt 0.5924 0.4485
vt 0.5733 0.5642
vt 0.5924 0.5642
vt 0.5733 0.4554
vt 0.5924 0.4554
vt 0.6246 0.4240
vt 0.6246 0.4320
vt 0.6384 0.4320
vt 0.6384 0.4240
vt 0.6246 0.4166
vt 0.6384 0.4166
vt 0.6520 0.4240
vt 0.6520 0.4166
vt 0.6520 0.4320
vt 0.6246 0.5488
vt 0.6246 0.5567
vt 0.6384 0.5567
vt 0.6384 0.5488
vt 0.6246 0.5411
vt 0.6384 0.5411
vt 0.6520 0.5488
vt 0.6520 0.5411
vt 0.6520 0.5567
vt 0.6246 0.4405
vt 0.6246 0.4485
vt 0.6384 0.4485
vt 0.6384 0.4405
vt 0.6520 0.4405
vt 0.6520 0.4485
vt 0.6246 0.5642
vt 0.6246 0.5718
vt 0.6384 0.5718
vt 0.6384 0.5642
vt 0.6520 0.5642
vt 0.6520 0.5718
vt 0.6246 0.4554
vt 0.6246 0.4632
vt 0.6384 0.4632
vt 0.6384 0.4554
vt 0.6520 0.4554
vt 0.6520 0.4632
vt 0.6246 0.5798
vt 0.6246 0.5875
vt 0.6384 0.5875
vt 0.6384 0.5798
vt 0.6520 0.5798
vt 0.6520 0.5875
vt 0.6246 0.4709
vt 0.6246 0.4792
vt 0.6384 0.4792
vt 0.6384 0.4709
vt 0.6520 0.4709
vt 0.6520 0.4792
vt 0.6246 0.5953
vt 0.6246 0.6032
vt 0.6384 0.6032
vt 0.6384 0.5953
vt 0.6520 0.5953
vt 0.6520 0.6032
vt 0.6246 0.4863
vt 0.6246 0.4944
vt 0.6384 0.4944
vt 0.6384 0.4863
vt 0.6520 0.4863
vt 0.6520 0.4944
vt 0.6246 0.3781
vt 0.6246 0.3853
vt 0.6384 0.3853
vt 0.6384 0.3781
vt 0.6246 0.3699
vt 0.6384 0.3699
vt 0.6520 0.3781
vt 0.6520 0.3699
vt 0.6520 0.3853
vt 0.6246 0.3627
vt 0.6384 0.3627
vt 0.6246 0.6105
vt 0.6384 0.6105
vt 0.6520 0.6105
vt 0.6520 0.3627
vt 0.6246 0.5026
vt 0.6246 0.5100
vt 0.6384 0.5100
vt 0.6384 0.5026
vt 0.6520 0.5026
vt 0.6520 0.5100
vt 0.6246 0.3935
vt 0.6246 0.4013
vt 0.6384 0.4013
vt 0.6384 0.3935
vt 0.6520 0.3935
vt 0.6520 0.4013
vt 0.6246 0.5175
vt 0.6246 0.5252
vt 0.6384 0.5252
vt 0.6384 0.5175
vt 0.6520 0.5175
vt 0.6520 0.5252
vt 0.6246 0.4090
vt 0.6384 0.4090
vt 0.6520 0.4090
vt 0.6246 0.5335
vt 0.6384 0.5335
vt 0.6520 0.5335
vt 0.6793 0.3627
vt 0.6793 0.3699
vt 0.6930 0.3699
vt 0.6930 0.3627
vt 0.6793 0.6032
vt 0.6793 0.6105
vt 0.6930 0.6105
vt 0.6930 0.6032
vt 0.7066 0.6105
vt 0.7066 0.6032
vt 0.7066 0.3699
vt 0.7066 0.3627
vt 0.6793 0.3781
vt 0.6793 0.3853
vt 0.6930 0.3853
vt 0.6930 0.3781
vt 0.7066 0.3781
vt 0.7066 0.3853
vt 0.6930 0.4863
vt 0.6793 0.4863
vt 0.6793 0.4944
vt 0.6930 0.4944
vt 0.6930 0.4792
vt 0.6793 0.4792
vt 0.7066 0.4792
vt 0.7066 0.4863
vt 0.7066 0.4944
vt 0.6793 0.5953
vt 0.6930 0.5953
vt 0.6793 0.5875
vt 0.6930 0.5875
vt 0.7066 0.5953
vt 0.7066 0.5875
vt 0.6930 0.4709
vt 0.6793 0.4709
vt 0.6930 0.4632
vt 0.6793 0.4632
vt 0.7066 0.4632
vt 0.7066 0.4709
vt 0.6793 0.5798
vt 0.6930 0.5798
vt 0.6793 0.5718
vt 0.6930 0.5718
vt 0.7066 0.5798
vt 0.7066 0.5718
vt 0.6930 0.4554
vt 0.6793 0.4554
vt 0.6930 0.4485
vt 0.6793 0.4485
vt 0.7066 0.4485
vt 0.7066 0.4554
vt 0.6793 0.5642
vt 0.6930 0.5642
vt 0.6793 0.5567
vt 0.6930 0.5567
vt 0.7066 0.5642
vt 0.7066 0.5567
vt 0.6930 0.4405
vt 0.6793 0.4405
vt 0.6930 0.4320
vt 0.6793 0.4320
vt 0.7066 0.4320
vt 0.7066 0.4405
vt 0.6793 0.5488
vt 0.6930 0.5488
vt 0.6793 0.5411
vt 0.6930 0.5411
vt 0.7066 0.5488
vt 0.7066 0.5411
vt 0.6930 0.4240
vt 0.6793 0.4240
vt 0.6930 0.4166
vt 0.6793 0.4166
vt 0.7066 0.4166
vt 0.7066 0.4240
vt 0.6793 0.5335
vt 0.6930 0.5335
vt 0.6793 0.5252
vt 0.6930 0.5252
vt 0.7066 0.5335
vt 0.7066 0.5252
vt 0.6930 0.4090
vt 0.6793 0.4090
vt 0.6930 0.4013
vt 0.6793 0.4013
vt 0.7066 0.4013
vt 0.7066 0.4090
vt 0.6793 0.5175
vt 0.6930 0.5175
vt 0.6793 0.5100
vt 0.6930 0.5100
vt 0.7066 0.5175
vt 0.7066 0.5100
vt 0.6793 0.3935
vt 0.6930 0.3935
vt 0.7066 0.3935
vt 0.6930 0.5026
vt 0.6793 0.5026
vt 0.7066 0.5026
vt 0.6656 0.5026
vt 0.6656 0.5100
vt 0.6656 0.4944
vt 0.6656 0.4013
vt 0.6656 0.3935
vt 0.6656 0.3853
vt 0.6656 0.5252
vt 0.6656 0.5175
vt 0.6656 0.4166
vt 0.6656 0.4090
vt 0.6656 0.5411
vt 0.6656 0.5335
vt 0.6656 0.4240
vt 0.6656 0.4320
vt 0.6656 0.5567
vt 0.6656 0.5488
vt 0.6656 0.4405
vt 0.6656 0.4485
vt 0.6656 0.5718
vt 0.6656 0.5642
vt 0.6656 0.4554
vt 0.6656 0.4632
vt 0.6656 0.5875
vt 0.6656 0.5798
vt 0.6656 0.4709
vt 0.6656 0.4792
vt 0.6656 0.6032
vt 0.6656 0.5953
vt 0.6656 0.4863
vt 0.6656 0.3781
vt 0.6656 0.3699
vt 0.6656 0.3627
vt 0.6656 0.6105
vt 0.7204 0.3699
vt 0.7204 0.3627
vt 0.7204 0.6105
vt 0.7204 0.6032
vt 0.7340 0.6105
vt 0.7340 0.6032
vt 0.7340 0.3699
vt 0.7340 0.3627
vt 0.7204 0.3853
vt 0.7204 0.3781
vt 0.7340 0.3781
vt 0.7340 0.3853
vt 0.7204 0.4863
vt 0.7204 0.4944
vt 0.7204 0.4792
vt 0.7340 0.4792
vt 0.7340 0.4863
vt 0.7340 0.4944
vt 0.7204 0.5953
vt 0.7204 0.5875
vt 0.7340 0.5953
vt 0.7340 0.5875
vt 0.7204 0.4709
vt 0.7204 0.4632
vt 0.7340 0.4632
vt 0.7340 0.4709
vt 0.7204 0.5798
vt 0.7204 0.5718
vt 0.7340 0.5798
vt 0.7340 0.5718
vt 0.7204 0.4554
vt 0.7204 0.4485
vt 0.7340 0.4485
vt 0.7340 0.4554
vt 0.7204 0.5642
vt 0.7204 0.5567
vt 0.7340 0.5642
vt 0.7340 0.5567
vt 0.7204 0.4405
vt 0.7204 0.4320
vt 0.7340 0.4320
vt 0.7340 0.4405
vt 0.7204 0.5488
vt 0.7204 0.5411
vt 0.7340 0.5488
vt 0.7340 0.5411
vt 0.7204 0.4240
vt 0.7204 0.4166
vt 0.7340 0.4166
vt 0.7340 0.4240
vt 0.7204 0.5335
vt 0.7204 0.5252
vt 0.7340 0.5335
vt 0.7340 0.5252
vt 0.7204 0.4090
vt 0.7204 0.4013
vt 0.7340 0.4013
vt 0.7340 0.4090
vt 0.7204 0.5175
vt 0.7204 0.5100
vt 0.7340 0.5175
vt 0.7340 0.5100
vt 0.7204 0.3935
vt 0.7340 0.3935
vt 0.7204 0.5026
vt 0.7340 0.5026
vt 0.6111 0.5411
vt 0.6111 0.5335
vt 0.6111 0.5252
vt 0.6111 0.4090
vt 0.6111 0.4166
vt 0.6111 0.4013
vt 0.6111 0.5175
vt 0.6111 0.5100
vt 0.6111 0.3935
vt 0.6111 0.3853
vt 0.6111 0.5026
vt 0.6111 0.4944
vt 0.6111 0.3627
vt 0.6111 0.3699
vt 0.6111 0.6032
vt 0.6111 0.6105
vt 0.6111 0.3781
vt 0.6111 0.4863
vt 0.6111 0.4792
vt 0.6111 0.5953
vt 0.6111 0.5875
vt 0.6111 0.4709
vt 0.6111 0.4632
vt 0.6111 0.5798
vt 0.6111 0.5718
vt 0.6111 0.4554
vt 0.6111 0.4485
vt 0.6111 0.5642
vt 0.6111 0.5567
vt 0.6111 0.4405
vt 0.6111 0.4320
vt 0.6111 0.5488
vt 0.6111 0.4240
vt 0.7476 0.3781
vt 0.7476 0.3853
vt 0.7476 0.3699
vt 0.7613 0.3699
vt 0.7613 0.3781
vt 0.7613 0.3853
vt 0.7476 0.5567
vt 0.7476 0.5488
vt 0.7476 0.5411
vt 0.7613 0.5488
vt 0.7613 0.5411
vt 0.7613 0.5567
vt 0.7476 0.4863
vt 0.7476 0.4944
vt 0.7476 0.4792
vt 0.7613 0.4863
vt 0.7613 0.4792
vt 0.7613 0.4944
vt 0.7476 0.4240
vt 0.7476 0.4320
vt 0.7476 0.4166
vt 0.7613 0.4166
vt 0.7613 0.4240
vt 0.7613 0.4320
vt 0.7476 0.6032
vt 0.7476 0.5953
vt 0.7476 0.5875
vt 0.7613 0.5953
vt 0.7613 0.5875
vt 0.7613 0.6032
vt 0.7476 0.5335
vt 0.7476 0.5252
vt 0.7613 0.5335
vt 0.7613 0.5252
vt 0.7476 0.4709
vt 0.7476 0.4632
vt 0.7613 0.4632
vt 0.7613 0.4709
vt 0.7476 0.4090
vt 0.7476 0.4013
vt 0.7613 0.4013
vt 0.7613 0.4090
vt 0.7476 0.5798
vt 0.7476 0.5718
vt 0.7613 0.5798
vt 0.7613 0.5718
vt 0.7476 0.5175
vt 0.7476 0.5100
vt 0.7613 0.5175
vt 0.7613 0.5100
vt 0.7476 0.4554
vt 0.7476 0.4485
vt 0.7613 0.4485
vt 0.7613 0.4554
vt 0.7476 0.3935
vt 0.7613 0.3935
vt 0.7476 0.5642
vt 0.7613 0.5642
vt 0.7476 0.3627
vt 0.7476 0.6105
vt 0.7613 0.6105
vt 0.7613 0.3627
vt 0.7476 0.5026
vt 0.7613 0.5026
vt 0.7476 0.4405
vt 0.7613 0.4405
vt 0.5163 0.5100
vt 0.5163 0.5175
vt 0.5163 0.4709
vt 0.5163 0.4632
vt 0.5163 0.4863
vt 0.5163 0.4944
vt 0.5163 0.5488
vt 0.5163 0.5567
vt 0.5163 0.3781
vt 0.5163 0.3699
vt 0.5163 0.4405
vt 0.5163 0.4320
vt 0.5163 0.5252
vt 0.5163 0.4792
vt 0.5163 0.4013
vt 0.5163 0.4090
vt 0.5163 0.3853
vt 0.5163 0.4485
vt 0.5163 0.6105
vt 0.5163 0.6032
vt 0.5163 0.5642
vt 0.5163 0.4166
vt 0.5163 0.5335
vt 0.5163 0.3627
vt 0.5163 0.5718
vt 0.5163 0.5026
vt 0.5163 0.4554
vt 0.5163 0.5411
vt 0.5163 0.5953
vt 0.5163 0.5875
vt 0.5163 0.4240
vt 0.5163 0.3935
vt 0.5163 0.5798
vt 0.8364 0.3699
vt 0.8500 0.3699
vt 0.8500 0.3627
vt 0.8364 0.3627
vt 0.8364 0.6105
vt 0.8500 0.6105
vt 0.8500 0.6032
vt 0.8364 0.6032
vt 0.8226 0.6105
vt 0.8226 0.6032
vt 0.8226 0.3699
vt 0.8226 0.3627
vt 0.8364 0.3853
vt 0.8500 0.3853
vt 0.8500 0.3781
vt 0.8364 0.3781
vt 0.8226 0.3781
vt 0.8226 0.3853
vt 0.8364 0.4863
vt 0.8364 0.4944
vt 0.8500 0.4944
vt 0.8500 0.4863
vt 0.8364 0.4792
vt 0.8500 0.4792
vt 0.8226 0.4792
vt 0.8226 0.4863
vt 0.8226 0.4944
vt 0.8500 0.5953
vt 0.8364 0.5953
vt 0.8500 0.5875
vt 0.8364 0.5875
vt 0.8226 0.5953
vt 0.8226 0.5875
vt 0.8364 0.4709
vt 0.8500 0.4709
vt 0.8364 0.4632
vt 0.8500 0.4632
vt 0.8226 0.4632
vt 0.8226 0.4709
vt 0.8500 0.5798
vt 0.8364 0.5798
vt 0.8500 0.5718
vt 0.8364 0.5718
vt 0.8226 0.5798
vt 0.8226 0.5718
vt 0.8364 0.4554
vt 0.8500 0.4554
vt 0.8364 0.4485
vt 0.8500 0.4485
vt 0.8226 0.4485
vt 0.8226 0.4554
vt 0.8500 0.5642
vt 0.8364 0.5642
vt 0.8500 0.5567
vt 0.8364 0.5567
vt 0.8226 0.5642
vt 0.8226 0.5567
vt 0.8364 0.4405
vt 0.8500 0.4405
vt 0.8364 0.4320
vt 0.8500 0.4320
vt 0.8226 0.4320
vt 0.8226 0.4405
vt 0.8500 0.5488
vt 0.8364 0.5488
vt 0.8500 0.5411
vt 0.8364 0.5411
vt 0.8226 0.5488
vt 0.8226 0.5411
vt 0.8364 0.4240
vt 0.8500 0.4240
vt 0.8364 0.4166
vt 0.8500 0.4166
vt 0.8226 0.4166
vt 0.8226 0.4240
vt 0.8500 0.5335
vt 0.8364 0.5335
vt 0.8500 0.5252
vt 0.8364 0.5252
vt 0.8226 0.5335
vt 0.8226 0.5252
vt 0.8364 0.4090
vt 0.8500 0.4090
vt 0.8364 0.4013
vt 0.8500 0.4013
vt 0.8226 0.4013
vt 0.8226 0.4090
vt 0.8500 0.5175
vt 0.8364 0.5175
vt 0.8500 0.5100
vt 0.8364 0.5100
vt 0.8226 0.5175
vt 0.8226 0.5100
vt 0.8364 0.3935
vt 0.8500 0.3935
vt 0.8226 0.3935
vt 0.8364 0.5026
vt 0.8500 0.5026
vt 0.8226 0.5026
vt 0.8634 0.5026
vt 0.8634 0.4944
vt 0.8634 0.5100
vt 0.8634 0.3935
vt 0.8634 0.3853
vt 0.8634 0.4013
vt 0.8634 0.5175
vt 0.8634 0.5252
vt 0.8634 0.4090
vt 0.8634 0.4166
vt 0.8634 0.5335
vt 0.8634 0.5411
vt 0.8634 0.4240
vt 0.8634 0.4320
vt 0.8634 0.5488
vt 0.8634 0.5567
vt 0.8634 0.4405
vt 0.8634 0.4485
vt 0.8634 0.5642
vt 0.8634 0.5718
vt 0.8634 0.4554
vt 0.8634 0.4632
vt 0.8634 0.5798
vt 0.8634 0.5875
vt 0.8634 0.4709
vt 0.8634 0.4792
vt 0.8634 0.5953
vt 0.8634 0.6032
vt 0.8634 0.4863
vt 0.8634 0.3781
vt 0.8634 0.3699
vt 0.8634 0.6105
vt 0.8634 0.3627
vt 0.8091 0.3699
vt 0.8091 0.3627
vt 0.8091 0.6105
vt 0.8091 0.6032
vt 0.7954 0.6105
vt 0.7954 0.6032
vt 0.7954 0.3699
vt 0.7954 0.3627
vt 0.8091 0.3853
vt 0.8091 0.3781
vt 0.7954 0.3781
vt 0.7954 0.3853
vt 0.8091 0.4863
vt 0.8091 0.4944
vt 0.8091 0.4792
vt 0.7954 0.4792
vt 0.7954 0.4863
vt 0.7954 0.4944
vt 0.8091 0.5953
vt 0.8091 0.5875
vt 0.7954 0.5953
vt 0.7954 0.5875
vt 0.8091 0.4709
vt 0.8091 0.4632
vt 0.7954 0.4632
vt 0.7954 0.4709
vt 0.8091 0.5798
vt 0.8091 0.5718
vt 0.7954 0.5798
vt 0.7954 0.5718
vt 0.8091 0.4554
vt 0.8091 0.4485
vt 0.7954 0.4485
vt 0.7954 0.4554
vt 0.8091 0.5642
vt 0.8091 0.5567
vt 0.7954 0.5642
vt 0.7954 0.5567
vt 0.8091 0.4405
vt 0.8091 0.4320
vt 0.7954 0.4320
vt 0.7954 0.4405
vt 0.8091 0.5488
vt 0.8091 0.5411
vt 0.7954 0.5488
vt 0.7954 0.5411
vt 0.8091 0.4240
vt 0.8091 0.4166
vt 0.7954 0.4166
vt 0.7954 0.4240
vt 0.8091 0.5335
vt 0.8091 0.5252
vt 0.7954 0.5335
vt 0.7954 0.5252
vt 0.8091 0.4090
vt 0.8091 0.4013
vt 0.7954 0.4013
vt 0.7954 0.4090
vt 0.8091 0.5175
vt 0.8091 0.5100
vt 0.7954 0.5175
vt 0.7954 0.5100
vt 0.8091 0.3935
vt 0.7954 0.3935
vt 0.8091 0.5026
vt 0.7954 0.5026
vt 0.7816 0.3853
vt 0.7816 0.3781
vt 0.7816 0.3699
vt 0.7683 0.3699
vt 0.7683 0.3781
vt 0.7683 0.3853
vt 0.7816 0.5567
vt 0.7816 0.5488
vt 0.7816 0.5411
vt 0.7683 0.5488
vt 0.7683 0.5411
vt 0.7683 0.5567
vt 0.7816 0.4863
vt 0.7816 0.4944
vt 0.7816 0.4792
vt 0.7683 0.4863
vt 0.7683 0.4792
vt 0.7683 0.4944
vt 0.7816 0.4240
vt 0.7816 0.4320
vt 0.7816 0.4166
vt 0.7683 0.4166
vt 0.7683 0.4240
vt 0.7683 0.4320
vt 0.7816 0.6032
vt 0.7816 0.5953
vt 0.7816 0.5875
vt 0.7683 0.5953
vt 0.7683 0.5875
vt 0.7683 0.6032
vt 0.7816 0.5335
vt 0.7816 0.5252
vt 0.7683 0.5335
vt 0.7683 0.5252
vt 0.7816 0.4709
vt 0.7816 0.4632
vt 0.7683 0.4632
vt 0.7683 0.4709
vt 0.7816 0.4090
vt 0.7816 0.4013
vt 0.7683 0.4013
vt 0.7683 0.4090
vt 0.7816 0.5798
vt 0.7816 0.5718
vt 0.7683 0.5798
vt 0.7683 0.5718
vt 0.7816 0.5175
vt 0.7816 0.5100
vt 0.7683 0.5175
vt 0.7683 0.5100
vt 0.7816 0.4554
vt 0.7816 0.4485
vt 0.7683 0.4485
vt 0.7683 0.4554
vt 0.7816 0.3935
vt 0.7683 0.3935
vt 0.7816 0.5642
vt 0.7683 0.5642
vt 0.7816 0.3627
vt 0.7816 0.6105
vt 0.7683 0.6105
vt 0.7683 0.3627
vt 0.7816 0.5026
vt 0.7683 0.5026
vt 0.7816 0.4405
vt 0.7683 0.4405
vt 0.4756 0.9613
vt 0.4494 0.9613
vt 0.4494 0.9575
vt 0.4756 0.9575
vt 0.4232 0.9613
vt 0.4232 0.9575
vt 0.3970 0.9613
vt 0.3970 0.9575
vt 0.3783 0.9613
vt 0.3708 0.9613
vt 0.3708 0.9575
vt 0.3783 0.9575
vt 0.3446 0.9613
vt 0.3446 0.9575
vt 0.3249 0.9613
vt 0.3184 0.9613
vt 0.3184 0.9575
vt 0.3249 0.9575
vt 0.2922 0.9613
vt 0.2922 0.9575
vt 0.2660 0.9613
vt 0.2660 0.9575
vt 0.2398 0.9613
vt 0.2398 0.9575
vt 0.2136 0.9613
vt 0.2136 0.9575
vt 0.1874 0.9613
vt 0.1874 0.9575
vt 0.1612 0.9613
vt 0.1612 0.9575
vt 0.1350 0.9613
vt 0.1350 0.9575
vt 0.1088 0.9613
vt 0.1088 0.9575
vt 0.4756 0.9917
vt 0.4494 0.9917
vt 0.4494 0.9879
vt 0.4756 0.9879
vt 0.4232 0.9917
vt 0.4232 0.9879
vt 0.3970 0.9917
vt 0.3970 0.9879
vt 0.3783 0.9917
vt 0.3708 0.9917
vt 0.3708 0.9879
vt 0.3783 0.9879
vt 0.3446 0.9917
vt 0.3446 0.9879
vt 0.3249 0.9917
vt 0.3184 0.9917
vt 0.3184 0.9879
vt 0.3249 0.9879
vt 0.2922 0.9917
vt 0.2922 0.9879
vt 0.2660 0.9917
vt 0.2660 0.9879
vt 0.2398 0.9917
vt 0.2398 0.9879
vt 0.2136 0.9917
vt 0.2136 0.9879
vt 0.1874 0.9917
vt 0.1874 0.9879
vt 0.1612 0.9917
vt 0.1612 0.9879
vt 0.1350 0.9917
vt 0.1350 0.9879
vt 0.1088 0.9917
vt 0.1088 0.9879
vt 0.4494 0.9537
vt 0.4756 0.9537
vt 0.4232 0.9537
vt 0.3970 0.9537
vt 0.3708 0.9537
vt 0.3783 0.9537
vt 0.3446 0.9537
vt 0.3184 0.9537
vt 0.3249 0.9537
vt 0.2922 0.9537
vt 0.2660 0.9537
vt 0.2398 0.9537
vt 0.2136 0.9537
vt 0.1874 0.9537
vt 0.1612 0.9537
vt 0.1350 0.9537
vt 0.1088 0.9537
vt 0.4494 0.9841
vt 0.4756 0.9841
vt 0.4232 0.9841
vt 0.3970 0.9841
vt 0.3708 0.9841
vt 0.3783 0.9841
vt 0.3446 0.9841
vt 0.3184 0.9841
vt 0.3249 0.9841
vt 0.2922 0.9841
vt 0.2660 0.9841
vt 0.2398 0.9841
vt 0.2136 0.9841
vt 0.1874 0.9841
vt 0.1612 0.9841
vt 0.1350 0.9841
vt 0.1088 0.9841
vt 0.4494 0.9499
vt 0.4756 0.9499
vt 0.4232 0.9499
vt 0.3970 0.9499
vt 0.3708 0.9499
vt 0.3783 0.9499
vt 0.3446 0.9499
vt 0.3184 0.9499
vt 0.3249 0.9499
vt 0.2922 0.9499
vt 0.2660 0.9499
vt 0.2398 0.9499
vt 0.2136 0.9499
vt 0.1874 0.9499
vt 0.1612 0.9499
vt 0.1350 0.9499
vt 0.1088 0.9499
vt 0.4756 0.9803
vt 0.4494 0.9803
vt 0.4494 0.9765
vt 0.4756 0.9765
vt 0.4232 0.9803
vt 0.4232 0.9765
vt 0.3970 0.9803
vt 0.3970 0.9765
vt 0.3783 0.9803
vt 0.3708 0.9803
vt 0.3708 0.9765
vt 0.3783 0.9765
vt 0.3446 0.9803
vt 0.3446 0.9765
vt 0.3249 0.9803
vt 0.3184 0.9803
vt 0.3184 0.9765
vt 0.3249 0.9765
vt 0.2922 0.9803
vt 0.2922 0.9765
vt 0.2660 0.9803
vt 0.2660 0.9765
vt 0.2398 0.9803
vt 0.2398 0.9765
vt 0.2136 0.9803
vt 0.2136 0.9765
vt 0.1874 0.9803
vt 0.1874 0.9765
vt 0.1612 0.9803
vt 0.1612 0.9765
vt 0.1350 0.9803
vt 0.1350 0.9765
vt 0.1088 0.9803
vt 0.1088 0.9765
vt 0.4494 0.9461
vt 0.4756 0.9461
vt 0.4232 0.9461
vt 0.3970 0.9461
vt 0.3708 0.9461
vt 0.3783 0.9461
vt 0.3446 0.9461
vt 0.3184 0.9461
vt 0.3249 0.9461
vt 0.2922 0.9461
vt 0.2660 0.9461
vt 0.2398 0.9461
vt 0.2136 0.9461
vt 0.1874 0.9461
vt 0.1612 0.9461
vt 0.1350 0.9461
vt 0.1088 0.9461
vt 0.4494 0.9727
vt 0.4756 0.9727
vt 0.4232 0.9727
vt 0.3970 0.9727
vt 0.3708 0.9727
vt 0.3783 0.9727
vt 0.3446 0.9727
vt 0.3184 0.9727
vt 0.3249 0.9727
vt 0.2922 0.9727
vt 0.2660 0.9727
vt 0.2398 0.9727
vt 0.2136 0.9727
vt 0.1874 0.9727
vt 0.1612 0.9727
vt 0.1350 0.9727
vt 0.1088 0.9727
vt 0.4494 0.9423
vt 0.4756 0.9423
vt 0.4232 0.9423
vt 0.3970 0.9423
vt 0.3708 0.9423
vt 0.3783 0.9423
vt 0.3446 0.9423
vt 0.3184 0.9423
vt 0.3249 0.9423
vt 0.2922 0.9423
vt 0.2660 0.9423
vt 0.2398 0.9423
vt 0.2136 0.9423
vt 0.1874 0.9423
vt 0.1612 0.9423
vt 0.1350 0.9423
vt 0.1088 0.9423
vt 0.4494 0.9689
vt 0.4756 0.9689
vt 0.4232 0.9689
vt 0.3970 0.9689
vt 0.3708 0.9689
vt 0.3783 0.9689
vt 0.3446 0.9689
vt 0.3184 0.9689
vt 0.3249 0.9689
vt 0.2922 0.9689
vt 0.2660 0.9689
vt 0.2398 0.9689
vt 0.2136 0.9689
vt 0.1874 0.9689
vt 0.1612 0.9689
vt 0.1350 0.9689
vt 0.1088 0.9689
vt 0.4494 0.9385
vt 0.4756 0.9385
vt 0.4232 0.9385
vt 0.3970 0.9385
vt 0.3708 0.9385
vt 0.3783 0.9385
vt 0.3446 0.9385
vt 0.3184 0.9385
vt 0.3249 0.9385
vt 0.2922 0.9385
vt 0.2660 0.9385
vt 0.2398 0.9385
vt 0.2136 0.9385
vt 0.1874 0.9385
vt 0.1612 0.9385
vt 0.1350 0.9385
vt 0.1088 0.9385
vt 0.4494 0.9651
vt 0.4756 0.9651
vt 0.4232 0.9651
vt 0.3970 0.9651
vt 0.3708 0.9651
vt 0.3783 0.9651
vt 0.3446 0.9651
vt 0.3184 0.9651
vt 0.3249 0.9651
vt 0.2922 0.9651
vt 0.2660 0.9651
vt 0.2398 0.9651
vt 0.2136 0.9651
vt 0.1874 0.9651
vt 0.1612 0.9651
vt 0.1350 0.9651
vt 0.1088 0.9651
vt 0.4756 0.9993
vt 0.4494 0.9993
vt 0.4494 0.9955
vt 0.4756 0.9955
vt 0.4232 0.9993
vt 0.4232 0.9955
vt 0.3970 0.9993
vt 0.3970 0.9955
vt 0.3783 0.9993
vt 0.3708 0.9993
vt 0.3708 0.9955
vt 0.3783 0.9955
vt 0.3446 0.9993
vt 0.3446 0.9955
vt 0.3249 0.9993
vt 0.3184 0.9993
vt 0.3184 0.9955
vt 0.3249 0.9955
vt 0.2922 0.9993
vt 0.2922 0.9955
vt 0.2660 0.9993
vt 0.2660 0.9955
vt 0.2398 0.9993
vt 0.2398 0.9955
vt 0.2136 0.9993
vt 0.2136 0.9955
vt 0.1874 0.9993
vt 0.1874 0.9955
vt 0.1612 0.9993
vt 0.1612 0.9955
vt 0.1350 0.9993
vt 0.1350 0.9955
vt 0.1088 0.9993
vt 0.1088 0.9955
vt 0.4756 0.9613
vt 0.4581 0.9613
vt 0.4581 0.9575
vt 0.4756 0.9575
vt 0.4406 0.9613
vt 0.4406 0.9575
vt 0.4232 0.9613
vt 0.4232 0.9575
vt 0.4057 0.9613
vt 0.4057 0.9575
vt 0.3882 0.9613
vt 0.3882 0.9575
vt 0.3708 0.9613
vt 0.3708 0.9575
vt 0.3533 0.9613
vt 0.3533 0.9575
vt 0.3358 0.9613
vt 0.3358 0.9575
vt 0.3184 0.9613
vt 0.3184 0.9575
vt 0.3009 0.9613
vt 0.3009 0.9575
vt 0.2834 0.9613
vt 0.2834 0.9575
vt 0.2660 0.9613
vt 0.2660 0.9575
vt 0.2485 0.9613
vt 0.2485 0.9575
vt 0.2310 0.9613
vt 0.2310 0.9575
vt 0.2136 0.9613
vt 0.2136 0.9575
vt 0.1961 0.9613
vt 0.1961 0.9575
vt 0.1786 0.9613
vt 0.1786 0.9575
vt 0.1612 0.9613
vt 0.1612 0.9575
vt 0.1437 0.9613
vt 0.1437 0.9575
vt 0.1262 0.9613
vt 0.1262 0.9575
vt 0.4756 0.9917
vt 0.4581 0.9917
vt 0.4581 0.9879
vt 0.4756 0.9879
vt 0.4406 0.9917
vt 0.4406 0.9879
vt 0.4232 0.9917
vt 0.4232 0.9879
vt 0.4057 0.9917
vt 0.4057 0.9879
vt 0.3882 0.9917
vt 0.3882 0.9879
vt 0.3708 0.9917
vt 0.3708 0.9879
vt 0.3533 0.9917
vt 0.3533 0.9879
vt 0.3358 0.9917
vt 0.3358 0.9879
vt 0.3184 0.9917
vt 0.3184 0.9879
vt 0.3009 0.9917
vt 0.3009 0.9879
vt 0.2834 0.9917
vt 0.2834 0.9879
vt 0.2660 0.9917
vt 0.2660 0.9879
vt 0.2485 0.9917
vt 0.2485 0.9879
vt 0.2310 0.9917
vt 0.2310 0.9879
vt 0.2136 0.9917
vt 0.2136 0.9879
vt 0.1961 0.9917
vt 0.1961 0.9879
vt 0.1786 0.9917
vt 0.1786 0.9879
vt 0.1612 0.9917
vt 0.1612 0.9879
vt 0.1437 0.9917
vt 0.1437 0.9879
vt 0.1262 0.9917
vt 0.1262 0.9879
vt 0.4581 0.9537
vt 0.4756 0.9537
vt 0.4406 0.9537
vt 0.4232 0.9537
vt 0.4057 0.9537
vt 0.3882 0.9537
vt 0.3708 0.9537
vt 0.3533 0.9537
vt 0.3358 0.9537
vt 0.3184 0.9537
vt 0.3009 0.9537
vt 0.2834 0.9537
vt 0.2660 0.9537
vt 0.2485 0.9537
vt 0.2310 0.9537
vt 0.2136 0.9537
vt 0.1961 0.9537
vt 0.1786 0.9537
vt 0.1612 0.9537
vt 0.1437 0.9537
vt 0.1262 0.9537
vt 0.4581 0.9841
vt 0.4756 0.9841
vt 0.4406 0.9841
vt 0.4232 0.9841
vt 0.4057 0.9841
vt 0.3882 0.9841
vt 0.3708 0.9841
vt 0.3533 0.9841
vt 0.3358 0.9841
vt 0.3184 0.9841
vt 0.3009 0.9841
vt 0.2834 0.9841
vt 0.2660 0.9841
vt 0.2485 0.9841
vt 0.2310 0.9841
vt 0.2136 0.9841
vt 0.1961 0.9841
vt 0.1786 0.9841
vt 0.1612 0.9841
vt 0.1437 0.9841
vt 0.1262 0.9841
vt 0.4581 0.9499
vt 0.4756 0.9499
vt 0.4406 0.9499
vt 0.4232 0.9499
vt 0.4057 0.9499
vt 0.3882 0.9499
vt 0.3708 0.9499
vt 0.3533 0.9499
vt 0.3358 0.9499
vt 0.3184 0.9499
vt 0.3009 0.9499
vt 0.2834 0.9499
vt 0.2660 0.9499
vt 0.2485 0.9499
vt 0.2310 0.9499
vt 0.2136 0.9499
vt 0.1961 0.9499
vt 0.1786 0.9499
vt 0.1612 0.9499
vt 0.1437 0.9499
vt 0.1262 0.9499
vt 0.4756 0.9803
vt 0.4581 0.9803
vt 0.4581 0.9765
vt 0.4756 0.9765
vt 0.4406 0.9803
vt 0.4406 0.9765
vt 0.4232 0.9803
vt 0.4232 0.9765
vt 0.4057 0.9803
vt 0.4057 0.9765
vt 0.3882 0.9803
vt 0.3882 0.9765
vt 0.3708 0.9803
vt 0.3708 0.9765
vt 0.3533 0.9803
vt 0.3533 0.9765
vt 0.3358 0.9803
vt 0.3358 0.9765
vt 0.3184 0.9803
vt 0.3184 0.9765
vt 0.3009 0.9803
vt 0.3009 0.9765
vt 0.2834 0.9803
vt 0.2834 0.9765
vt 0.2660 0.9803
vt 0.2660 0.9765
vt 0.2485 0.9803
vt 0.2485 0.9765
vt 0.2310 0.9803
vt 0.2310 0.9765
vt 0.2136 0.9803
vt 0.2136 0.9765
vt 0.1961 0.9803
vt 0.1961 0.9765
vt 0.1786 0.9803
vt 0.1786 0.9765
vt 0.1612 0.9803
vt 0.1612 0.9765
vt 0.1437 0.9803
vt 0.1437 0.9765
vt 0.1262 0.9803
vt 0.1262 0.9765
vt 0.4581 0.9461
vt 0.4756 0.9461
vt 0.4406 0.9461
vt 0.4232 0.9461
vt 0.4057 0.9461
vt 0.3882 0.9461
vt 0.3708 0.9461
vt 0.3533 0.9461
vt 0.3358 0.9461
vt 0.3184 0.9461
vt 0.3009 0.9461
vt 0.2834 0.9461
vt 0.2660 0.9461
vt 0.2485 0.9461
vt 0.2310 0.9461
vt 0.2136 0.9461
vt 0.1961 0.9461
vt 0.1786 0.9461
vt 0.1612 0.9461
vt 0.1437 0.9461
vt 0.1262 0.9461
vt 0.4581 0.9727
vt 0.4756 0.9727
vt 0.4406 0.9727
vt 0.4232 0.9727
vt 0.4057 0.9727
vt 0.3882 0.9727
vt 0.3708 0.9727
vt 0.3533 0.9727
vt 0.3358 0.9727
vt 0.3184 0.9727
vt 0.3009 0.9727
vt 0.2834 0.9727
vt 0.2660 0.9727
vt 0.2485 0.9727
vt 0.2310 0.9727
vt 0.2136 0.9727
vt 0.1961 0.9727
vt 0.1786 0.9727
vt 0.1612 0.9727
vt 0.1437 0.9727
vt 0.1262 0.9727
vt 0.4581 0.9423
vt 0.4756 0.9423
vt 0.4406 0.9423
vt 0.4232 0.9423
vt 0.4057 0.9423
vt 0.3882 0.9423
vt 0.3708 0.9423
vt 0.3533 0.9423
vt 0.3358 0.9423
vt 0.3184 0.9423
vt 0.3009 0.9423
vt 0.2834 0.9423
vt 0.2660 0.9423
vt 0.2485 0.9423
vt 0.2310 0.9423
vt 0.2136 0.9423
vt 0.1961 0.9423
vt 0.1786 0.9423
vt 0.1612 0.9423
vt 0.1437 0.9423
vt 0.1262 0.9423
vt 0.4581 0.9689
vt 0.4756 0.9689
vt 0.4406 0.9689
vt 0.4232 0.9689
vt 0.4057 0.9689
vt 0.3882 0.9689
vt 0.3708 0.9689
vt 0.3533 0.9689
vt 0.3358 0.9689
vt 0.3184 0.9689
vt 0.3009 0.9689
vt 0.2834 0.9689
vt 0.2660 0.9689
vt 0.2485 0.9689
vt 0.2310 0.9689
vt 0.2136 0.9689
vt 0.1961 0.9689
vt 0.1786 0.9689
vt 0.1612 0.9689
vt 0.1437 0.9689
vt 0.1262 0.9689
vt 0.4581 0.9385
vt 0.4756 0.9385
vt 0.4406 0.9385
vt 0.4232 0.9385
vt 0.4057 0.9385
vt 0.3882 0.9385
vt 0.3708 0.9385
vt 0.3533 0.9385
vt 0.3358 0.9385
vt 0.3184 0.9385
vt 0.3009 0.9385
vt 0.2834 0.9385
vt 0.2660 0.9385
vt 0.2485 0.9385
vt 0.2310 0.9385
vt 0.2136 0.9385
vt 0.1961 0.9385
vt 0.1786 0.9385
vt 0.1612 0.9385
vt 0.1437 0.9385
vt 0.1262 0.9385
vt 0.4581 0.9651
vt 0.4756 0.9651
vt 0.4406 0.9651
vt 0.4232 0.9651
vt 0.4057 0.9651
vt 0.3882 0.9651
vt 0.3708 0.9651
vt 0.3533 0.9651
vt 0.3358 0.9651
vt 0.3184 0.9651
vt 0.3009 0.9651
vt 0.2834 0.9651
vt 0.2660 0.9651
vt 0.2485 0.9651
vt 0.2310 0.9651
vt 0.2136 0.9651
vt 0.1961 0.9651
vt 0.1786 0.9651
vt 0.1612 0.9651
vt 0.1437 0.9651
vt 0.1262 0.9651
vt 0.4756 0.9993
vt 0.4581 0.9993
vt 0.4581 0.9955
vt 0.4756 0.9955
vt 0.4406 0.9993
vt 0.4406 0.9955
vt 0.4232 0.9993
vt 0.4232 0.9955
vt 0.4057 0.9993
vt 0.4057 0.9955
vt 0.3882 0.9993
vt 0.3882 0.9955
vt 0.3708 0.9993
vt 0.3708 0.9955
vt 0.3533 0.9993
vt 0.3533 0.9955
vt 0.3358 0.9993
vt 0.3358 0.9955
vt 0.3184 0.9993
vt 0.3184 0.9955
vt 0.3009 0.9993
vt 0.3009 0.9955
vt 0.2834 0.9993
vt 0.2834 0.9955
vt 0.2660 0.9993
vt 0.2660 0.9955
vt 0.2485 0.9993
vt 0.2485 0.9955
vt 0.2310 0.9993
vt 0.2310 0.9955
vt 0.2136 0.9993
vt 0.2136 0.9955
vt 0.1961 0.9993
vt 0.1961 0.9955
vt 0.1786 0.9993
vt 0.1786 0.9955
vt 0.1612 0.9993
vt 0.1612 0.9955
vt 0.1437 0.9993
vt 0.1437 0.9955
vt 0.1262 0.9993
vt 0.1262 0.9955
vt 0.3380 0.9955
vt 0.3380 0.9917
vt 0.3347 0.9955
vt 0.3315 0.9955
vt 0.3315 0.9917
vt 0.3347 0.9917
vt 0.3380 0.9651
vt 0.3380 0.9613
vt 0.3347 0.9651
vt 0.3315 0.9651
vt 0.3315 0.9613
vt 0.3347 0.9613
vt 0.3380 0.9993
vt 0.3347 0.9993
vt 0.3315 0.9993
vt 0.3380 0.9689
vt 0.3347 0.9689
vt 0.3315 0.9689
vt 0.3380 0.9423
vt 0.3380 0.9385
vt 0.3347 0.9423
vt 0.3315 0.9423
vt 0.3315 0.9385
vt 0.3347 0.9385
vt 0.3380 0.9727
vt 0.3347 0.9727
vt 0.3315 0.9727
vt 0.3380 0.9461
vt 0.3347 0.9461
vt 0.3315 0.9461
vt 0.3380 0.9765
vt 0.3347 0.9765
vt 0.3315 0.9765
vt 0.3380 0.9499
vt 0.3347 0.9499
vt 0.3315 0.9499
vt 0.3380 0.9841
vt 0.3380 0.9803
vt 0.3347 0.9841
vt 0.3315 0.9841
vt 0.3315 0.9803
vt 0.3347 0.9803
vt 0.3380 0.9537
vt 0.3347 0.9537
vt 0.3315 0.9537
vt 0.3380 0.9879
vt 0.3347 0.9879
vt 0.3315 0.9879
vt 0.3380 0.9575
vt 0.3347 0.9575
vt 0.3315 0.9575
vt 0.3839 0.9955
vt 0.3839 0.9917
vt 0.3839 0.9651
vt 0.3839 0.9613
vt 0.3839 0.9993
vt 0.3839 0.9689
vt 0.3839 0.9423
vt 0.3839 0.9385
vt 0.3839 0.9727
vt 0.3839 0.9461
vt 0.3839 0.9765
vt 0.3839 0.9499
vt 0.3839 0.9841
vt 0.3839 0.9803
vt 0.3839 0.9537
vt 0.3839 0.9879
vt 0.3839 0.9575
vt 0.4756 0.9613
vt 0.4689 0.9613
vt 0.4689 0.9575
vt 0.4756 0.9575
vt 0.4623 0.9613
vt 0.4623 0.9575
vt 0.4556 0.9613
vt 0.4556 0.9575
vt 0.4490 0.9613
vt 0.4490 0.9575
vt 0.4457 0.9613
vt 0.4423 0.9613
vt 0.4423 0.9575
vt 0.4457 0.9575
vt 0.4390 0.9613
vt 0.4357 0.9613
vt 0.4357 0.9575
vt 0.4390 0.9575
vt 0.4291 0.9613
vt 0.4291 0.9575
vt 0.4224 0.9613
vt 0.4224 0.9575
vt 0.4158 0.9613
vt 0.4158 0.9575
vt 0.4091 0.9613
vt 0.4091 0.9575
vt 0.4025 0.9613
vt 0.4025 0.9575
vt 0.3958 0.9613
vt 0.3958 0.9575
vt 0.4756 0.9917
vt 0.4689 0.9917
vt 0.4689 0.9879
vt 0.4756 0.9879
vt 0.4623 0.9917
vt 0.4623 0.9879
vt 0.4556 0.9917
vt 0.4556 0.9879
vt 0.4490 0.9917
vt 0.4490 0.9879
vt 0.4457 0.9917
vt 0.4423 0.9917
vt 0.4423 0.9879
vt 0.4457 0.9879
vt 0.4390 0.9917
vt 0.4357 0.9917
vt 0.4357 0.9879
vt 0.4390 0.9879
vt 0.4291 0.9917
vt 0.4291 0.9879
vt 0.4224 0.9917
vt 0.4224 0.9879
vt 0.4158 0.9917
vt 0.4158 0.9879
vt 0.4091 0.9917
vt 0.4091 0.9879
vt 0.4025 0.9917
vt 0.4025 0.9879
vt 0.3958 0.9917
vt 0.3958 0.9879
vt 0.4689 0.9537
vt 0.4756 0.9537
vt 0.4623 0.9537
vt 0.4556 0.9537
vt 0.4490 0.9537
vt 0.4423 0.9537
vt 0.4457 0.9537
vt 0.4357 0.9537
vt 0.4390 0.9537
vt 0.4291 0.9537
vt 0.4224 0.9537
vt 0.4158 0.9537
vt 0.4091 0.9537
vt 0.4025 0.9537
vt 0.3958 0.9537
vt 0.4689 0.9841
vt 0.4756 0.9841
vt 0.4623 0.9841
vt 0.4556 0.9841
vt 0.4490 0.9841
vt 0.4423 0.9841
vt 0.4457 0.9841
vt 0.4357 0.9841
vt 0.4390 0.9841
vt 0.4291 0.9841
vt 0.4224 0.9841
vt 0.4158 0.9841
vt 0.4091 0.9841
vt 0.4025 0.9841
vt 0.3958 0.9841
vt 0.4689 0.9499
vt 0.4756 0.9499
vt 0.4623 0.9499
vt 0.4556 0.9499
vt 0.4490 0.9499
vt 0.4423 0.9499
vt 0.4457 0.9499
vt 0.4357 0.9499
vt 0.4390 0.9499
vt 0.4291 0.9499
vt 0.4224 0.9499
vt 0.4158 0.9499
vt 0.4091 0.9499
vt 0.4025 0.9499
vt 0.3958 0.9499
vt 0.4756 0.9803
vt 0.4689 0.9803
vt 0.4689 0.9765
vt 0.4756 0.9765
vt 0.4623 0.9803
vt 0.4623 0.9765
vt 0.4556 0.9803
vt 0.4556 0.9765
vt 0.4490 0.9803
vt 0.4490 0.9765
vt 0.4457 0.9803
vt 0.4423 0.9803
vt 0.4423 0.9765
vt 0.4457 0.9765
vt 0.4390 0.9803
vt 0.4357 0.9803
vt 0.4357 0.9765
vt 0.4390 0.9765
vt 0.4291 0.9803
vt 0.4291 0.9765
vt 0.4224 0.9803
vt 0.4224 0.9765
vt 0.4158 0.9803
vt 0.4158 0.9765
vt 0.4091 0.9803
vt 0.4091 0.9765
vt 0.4025 0.9803
vt 0.4025 0.9765
vt 0.3958 0.9803
vt 0.3958 0.9765
vt 0.4689 0.9461
vt 0.4756 0.9461
vt 0.4623 0.9461
vt 0.4556 0.9461
vt 0.4490 0.9461
vt 0.4423 0.9461
vt 0.4457 0.9461
vt 0.4357 0.9461
vt 0.4390 0.9461
vt 0.4291 0.9461
vt 0.4224 0.9461
vt 0.4158 0.9461
vt 0.4091 0.9461
vt 0.4025 0.9461
vt 0.3958 0.9461
vt 0.4689 0.9727
vt 0.4756 0.9727
vt 0.4623 0.9727
vt 0.4556 0.9727
vt 0.4490 0.9727
vt 0.4423 0.9727
vt 0.4457 0.9727
vt 0.4357 0.9727
vt 0.4390 0.9727
vt 0.4291 0.9727
vt 0.4224 0.9727
vt 0.4158 0.9727
vt 0.4091 0.9727
vt 0.4025 0.9727
vt 0.3958 0.9727
vt 0.4689 0.9423
vt 0.4756 0.9423
vt 0.4623 0.9423
vt 0.4556 0.9423
vt 0.4490 0.9423
vt 0.4423 0.9423
vt 0.4457 0.9423
vt 0.4357 0.9423
vt 0.4390 0.9423
vt 0.4291 0.9423
vt 0.4224 0.9423
vt 0.4158 0.9423
vt 0.4091 0.9423
vt 0.4025 0.9423
vt 0.3958 0.9423
vt 0.4689 0.9689
vt 0.4756 0.9689
vt 0.4623 0.9689
vt 0.4556 0.9689
vt 0.4490 0.9689
vt 0.4423 0.9689
vt 0.4457 0.9689
vt 0.4357 0.9689
vt 0.4390 0.9689
vt 0.4291 0.9689
vt 0.4224 0.9689
vt 0.4158 0.9689
vt 0.4091 0.9689
vt 0.4025 0.9689
vt 0.3958 0.9689
vt 0.4689 0.9385
vt 0.4756 0.9385
vt 0.4623 0.9385
vt 0.4556 0.9385
vt 0.4490 0.9385
vt 0.4423 0.9385
vt 0.4457 0.9385
vt 0.4357 0.9385
vt 0.4390 0.9385
vt 0.4291 0.9385
vt 0.4224 0.9385
vt 0.4158 0.9385
vt 0.4091 0.9385
vt 0.4025 0.9385
vt 0.3958 0.9385
vt 0.4689 0.9651
vt 0.4756 0.9651
vt 0.4623 0.9651
vt 0.4556 0.9651
vt 0.4490 0.9651
vt 0.4423 0.9651
vt 0.4457 0.9651
vt 0.4357 0.9651
vt 0.4390 0.9651
vt 0.4291 0.9651
vt 0.4224 0.9651
vt 0.4158 0.9651
vt 0.4091 0.9651
vt 0.4025 0.9651
vt 0.3958 0.9651
vt 0.4756 0.9993
vt 0.4689 0.9993
vt 0.4689 0.9955
vt 0.4756 0.9955
vt 0.4623 0.9993
vt 0.4623 0.9955
vt 0.4556 0.9993
vt 0.4556 0.9955
vt 0.4490 0.9993
vt 0.4490 0.9955
vt 0.4457 0.9993
vt 0.4423 0.9993
vt 0.4423 0.9955
vt 0.4457 0.9955
vt 0.4390 0.9993
vt 0.4357 0.9993
vt 0.4357 0.9955
vt 0.4390 0.9955
vt 0.4291 0.9993
vt 0.4291 0.9955
vt 0.4224 0.9993
vt 0.4224 0.9955
vt 0.4158 0.9993
vt 0.4158 0.9955
vt 0.4091 0.9993
vt 0.4091 0.9955
vt 0.4025 0.9993
vt 0.4025 0.9955
vt 0.3958 0.9993
vt 0.3958 0.9955
vt 0.1179 0.8475
vt 0.1266 0.8512
vt 0.1266 0.8512
vt 0.1200 0.8445
vt 0.1354 0.8548
vt 0.1266 0.8512
vt 0.1266 0.8512
vt 0.1333 0.8579
vt 0.1230 0.8424
vt 0.1302 0.8599
vt 0.1266 0.8417
vt 0.1266 0.8607
vt 0.1266 0.8512
vt 0.1266 0.8512
vt 0.1230 0.8599
vt 0.1302 0.8424
vt 0.1200 0.8579
vt 0.1333 0.8445
vt 0.1179 0.8548
vt 0.1354 0.8476
vt 0.1172 0.8512
vt 0.1361 0.8512
vt 0.1267 0.8607
vt 0.1267 0.8512
vt 0.1267 0.8512
vt 0.1231 0.8600
vt 0.1173 0.8512
vt 0.1267 0.8512
vt 0.1267 0.8512
vt 0.1180 0.8476
vt 0.1231 0.8425
vt 0.1267 0.8512
vt 0.1267 0.8512
vt 0.1267 0.8418
vt 0.1354 0.8476
vt 0.1267 0.8512
vt 0.1267 0.8512
vt 0.1362 0.8512
vt 0.1334 0.8579
vt 0.1267 0.8512
vt 0.1267 0.8512
vt 0.1303 0.8600
vt 0.1180 0.8549
vt 0.1200 0.8445
vt 0.1334 0.8445
vt 0.1355 0.8549
vt 0.1200 0.8579
vt 0.1303 0.8425
vt 0.3602 0.2629
vt 0.3635 0.2217
vt 0.3681 0.2217
vt 0.3649 0.2629
vt 0.3730 0.2217
vt 0.3698 0.2629
vt 0.3583 0.3402
vt 0.3536 0.3402
vt 0.3569 0.3041
vt 0.3616 0.3041
vt 0.3632 0.3402
vt 0.3666 0.3041
vt 0.3597 0.1790
vt 0.3600 0.1364
vt 0.3635 0.1364
vt 0.3635 0.1790
vt 0.3676 0.1364
vt 0.3678 0.1790
vt 0.3719 0.1364
vt 0.3725 0.1790
vt 0.3759 0.1364
vt 0.3766 0.1790
vt 0.3774 0.2217
vt 0.3742 0.2629
vt 0.3676 0.3402
vt 0.3710 0.3041
vt 0.3614 0.4062
vt 0.3571 0.4062
vt 0.3599 0.3763
vt 0.3643 0.3763
vt 0.3523 0.4062
vt 0.3549 0.3763
vt 0.3477 0.4062
vt 0.3503 0.3763
vt 0.3441 0.4062
vt 0.3466 0.3763
vt 0.3498 0.3402
vt 0.3530 0.3041
vt 0.3562 0.2629
vt 0.3595 0.2217
vt 0.3392 0.4998
vt 0.3419 0.4799
vt 0.3461 0.4799
vt 0.3425 0.5054
vt 0.3505 0.4799
vt 0.3473 0.5004
vt 0.3449 0.5200
vt 0.3418 0.5234
vt 0.3388 0.5303
vt 0.3381 0.5237
vt 0.3361 0.5203
vt 0.3435 0.4580
vt 0.3401 0.4580
vt 0.3416 0.4361
vt 0.3451 0.4361
vt 0.3496 0.4361
vt 0.3478 0.4580
vt 0.3362 0.4986
vt 0.3386 0.4799
vt 0.3524 0.4580
vt 0.3565 0.4580
vt 0.3545 0.4799
vt 0.3505 0.4799
vt 0.3510 0.4996
vt 0.3478 0.4580
vt 0.3449 0.5200
vt 0.3479 0.5191
vt 0.3454 0.5320
vt 0.3431 0.5327
vt 0.3408 0.5344
vt 0.3386 0.5376
vt 0.3372 0.5406
vt 0.3365 0.5378
vt 0.3388 0.5303
vt 0.3354 0.5349
vt 0.3361 0.5203
vt 0.3337 0.5335
vt 0.3317 0.5332
vt 0.3336 0.5195
vt 0.3288 0.6020
vt 0.3275 0.6015
vt 0.3302 0.5898
vt 0.3314 0.5899
vt 0.3302 0.6022
vt 0.3325 0.5898
vt 0.3261 0.6124
vt 0.3276 0.6144
vt 0.3293 0.6154
vt 0.3302 0.5898
vt 0.3290 0.5897
vt 0.3325 0.5787
vt 0.3341 0.5786
vt 0.3354 0.5786
vt 0.3365 0.5784
vt 0.3337 0.5895
vt 0.3376 0.5780
vt 0.3318 0.6020
vt 0.3313 0.6155
vt 0.3296 0.6321
vt 0.3323 0.6327
vt 0.3272 0.6294
vt 0.3255 0.6243
vt 0.3245 0.6197
vt 0.3250 0.6112
vt 0.3263 0.6009
vt 0.3293 0.6695
vt 0.3262 0.6748
vt 0.3234 0.6522
vt 0.3249 0.6471
vt 0.3254 0.6366
vt 0.3280 0.6472
vt 0.3315 0.6522
vt 0.3348 0.6757
vt 0.3397 0.7015
vt 0.3345 0.6989
vt 0.3302 0.6990
vt 0.3234 0.6522
vt 0.3212 0.6535
vt 0.3202 0.6331
vt 0.3218 0.6323
vt 0.3230 0.6295
vt 0.3234 0.6760
vt 0.3239 0.6244
vt 0.3254 0.6366
vt 0.3315 0.6522
vt 0.3351 0.6535
vt 0.3393 0.6774
vt 0.3447 0.7038
vt 0.3448 0.7311
vt 0.3418 0.7239
vt 0.3397 0.7015
vt 0.3375 0.7209
vt 0.3302 0.6990
vt 0.3334 0.7200
vt 0.3298 0.7199
vt 0.3267 0.6994
vt 0.3364 0.7409
vt 0.3355 0.7332
vt 0.3386 0.7341
vt 0.3388 0.7410
vt 0.3393 0.7489
vt 0.3358 0.7492
vt 0.3324 0.7331
vt 0.3355 0.7332
vt 0.3413 0.7361
vt 0.3321 0.7498
vt 0.3339 0.7414
vt 0.1261 0.7335
vt 0.1295 0.7336
vt 0.1282 0.7532
vt 0.1246 0.7528
vt 0.1333 0.7342
vt 0.1322 0.7537
vt 0.1374 0.7367
vt 0.1366 0.7547
vt 0.1420 0.7360
vt 0.1416 0.7560
vt 0.4179 0.5982
vt 0.4173 0.5852
vt 0.4197 0.5855
vt 0.4199 0.5990
vt 0.4218 0.5856
vt 0.4218 0.5993
vt 0.4169 0.6114
vt 0.4185 0.6137
vt 0.4206 0.6152
vt 0.4148 0.5848
vt 0.4128 0.5725
vt 0.4156 0.5729
vt 0.4173 0.5852
vt 0.4181 0.5732
vt 0.4203 0.5736
vt 0.4219 0.5737
vt 0.4237 0.5856
vt 0.4237 0.5994
vt 0.4227 0.6156
vt 0.4190 0.6333
vt 0.4215 0.6341
vt 0.4167 0.6303
vt 0.4152 0.6248
vt 0.4144 0.6197
vt 0.4154 0.6099
vt 0.4158 0.5976
vt 0.4097 0.6709
vt 0.4045 0.6765
vt 0.4062 0.6533
vt 0.4098 0.6482
vt 0.4129 0.6377
vt 0.4142 0.6485
vt 0.4167 0.6538
vt 0.4136 0.6768
vt 0.4104 0.7011
vt 0.4066 0.7006
vt 0.4023 0.7018
vt 0.4062 0.6533
vt 0.4019 0.6540
vt 0.4040 0.6337
vt 0.4077 0.6333
vt 0.4104 0.6304
vt 0.3994 0.6777
vt 0.4127 0.6248
vt 0.4129 0.6377
vt 0.4167 0.6538
vt 0.4195 0.6550
vt 0.4167 0.6781
vt 0.4137 0.7015
vt 0.4164 0.7238
vt 0.4131 0.7236
vt 0.4104 0.7011
vt 0.4094 0.7235
vt 0.4023 0.7018
vt 0.4055 0.7233
vt 0.4014 0.7234
vt 0.3975 0.7026
vt 0.4060 0.7432
vt 0.4009 0.7433
vt 0.4104 0.7427
vt 0.4144 0.7426
vt 0.4180 0.7425
vt 0.4246 0.2629
vt 0.4242 0.2217
vt 0.4288 0.2217
vt 0.4292 0.2629
vt 0.4246 0.3402
vt 0.4251 0.3041
vt 0.4296 0.3041
vt 0.4291 0.3402
vt 0.4200 0.2629
vt 0.4196 0.2217
vt 0.4199 0.3402
vt 0.4204 0.3041
vt 0.4237 0.1790
vt 0.4187 0.1364
vt 0.4236 0.1364
vt 0.4284 0.1790
vt 0.4332 0.2217
vt 0.4335 0.2629
vt 0.4337 0.3041
vt 0.4331 0.3402
vt 0.4276 0.4062
vt 0.4285 0.3763
vt 0.4324 0.3763
vt 0.4313 0.4062
vt 0.4232 0.4062
vt 0.4241 0.3763
vt 0.4186 0.4062
vt 0.4194 0.3763
vt 0.4144 0.4062
vt 0.4151 0.3763
vt 0.4157 0.3402
vt 0.4163 0.3041
vt 0.4160 0.2629
vt 0.4157 0.2217
vt 0.4105 0.1790
vt 0.4054 0.1364
vt 0.4092 0.1364
vt 0.4144 0.1790
vt 0.4138 0.1364
vt 0.4190 0.1790
vt 0.4216 0.4799
vt 0.4257 0.4799
vt 0.4258 0.5039
vt 0.4221 0.5082
vt 0.4267 0.5219
vt 0.4246 0.5247
vt 0.4235 0.5311
vt 0.4211 0.5242
vt 0.4183 0.5208
vt 0.4181 0.5029
vt 0.4174 0.4799
vt 0.4261 0.4580
vt 0.4266 0.4361
vt 0.4302 0.4361
vt 0.4296 0.4580
vt 0.4290 0.4799
vt 0.4288 0.5032
vt 0.4220 0.4580
vt 0.4223 0.4361
vt 0.4267 0.5219
vt 0.4290 0.5212
vt 0.4300 0.5333
vt 0.4282 0.5337
vt 0.4266 0.5349
vt 0.4254 0.5374
vt 0.4247 0.5396
vt 0.4232 0.5373
vt 0.4235 0.5311
vt 0.4211 0.5345
vt 0.4183 0.5208
vt 0.4189 0.5328
vt 0.4167 0.5323
vt 0.4155 0.5197
vt 0.4147 0.5015
vt 0.4136 0.4580
vt 0.4136 0.4361
vt 0.4178 0.4361
vt 0.4176 0.4580
vt 0.4136 0.4799
vt 0.4267 0.5853
vt 0.4280 0.5851
vt 0.4282 0.5983
vt 0.4269 0.5990
vt 0.4275 0.6119
vt 0.4262 0.6142
vt 0.4252 0.5855
vt 0.4254 0.5994
vt 0.4246 0.6154
vt 0.4266 0.5735
vt 0.4282 0.5732
vt 0.4293 0.5849
vt 0.4280 0.5851
vt 0.4293 0.5980
vt 0.4284 0.6106
vt 0.4277 0.6201
vt 0.4268 0.6251
vt 0.4253 0.6306
vt 0.4236 0.6335
vt 0.4235 0.5737
vt 0.4251 0.5736
vt 0.4224 0.6712
vt 0.4258 0.6487
vt 0.4262 0.6537
vt 0.4235 0.6767
vt 0.4208 0.7010
vt 0.4190 0.7000
vt 0.4166 0.7008
vt 0.4195 0.6767
vt 0.4220 0.6538
vt 0.4241 0.6487
vt 0.4262 0.6380
vt 0.4262 0.6537
vt 0.4282 0.6332
vt 0.4289 0.6338
vt 0.4271 0.6548
vt 0.4248 0.6780
vt 0.4278 0.6305
vt 0.4225 0.7020
vt 0.4250 0.7249
vt 0.4234 0.7241
vt 0.4208 0.7010
vt 0.4216 0.7235
vt 0.4192 0.7236
vt 0.4166 0.7008
vt 0.4220 0.6538
vt 0.4277 0.6251
vt 0.4262 0.6380
vt 0.4260 0.7426
vt 0.4279 0.7432
vt 0.4211 0.7423
vt 0.4238 0.7422
vt 0.4041 0.5024
vt 0.4040 0.4799
vt 0.4070 0.4799
vt 0.4078 0.5072
vt 0.4102 0.4799
vt 0.4115 0.5024
vt 0.4129 0.5204
vt 0.4104 0.5237
vt 0.4089 0.5307
vt 0.4064 0.5239
vt 0.4035 0.5208
vt 0.4011 0.4580
vt 0.4015 0.4361
vt 0.4045 0.4361
vt 0.4043 0.4580
vt 0.4073 0.4361
vt 0.4072 0.4580
vt 0.4006 0.5011
vt 0.4007 0.4799
vt 0.4102 0.4580
vt 0.4136 0.4580
vt 0.4136 0.4799
vt 0.4102 0.4799
vt 0.4072 0.4580
vt 0.4129 0.5204
vt 0.4145 0.5326
vt 0.4125 0.5342
vt 0.4110 0.5371
vt 0.4101 0.5397
vt 0.4083 0.5373
vt 0.4089 0.5307
vt 0.4061 0.5345
vt 0.4035 0.5208
vt 0.4035 0.5330
vt 0.4007 0.5326
vt 0.4003 0.5199
vt 0.1367 0.6858
vt 0.1385 0.7111
vt 0.1346 0.7095
vt 0.1320 0.6798
vt 0.1312 0.7099
vt 0.1283 0.6856
vt 0.1254 0.6619
vt 0.1278 0.6565
vt 0.1292 0.6452
vt 0.1321 0.6563
vt 0.1353 0.6617
vt 0.1385 0.7111
vt 0.1430 0.7119
vt 0.1408 0.6873
vt 0.1281 0.7102
vt 0.1312 0.7099
vt 0.1253 0.6867
vt 0.1254 0.6619
vt 0.1227 0.6631
vt 0.1208 0.6416
vt 0.1231 0.6409
vt 0.1254 0.6379
vt 0.1270 0.6322
vt 0.1280 0.6270
vt 0.1295 0.6320
vt 0.1292 0.6452
vt 0.1317 0.6375
vt 0.1353 0.6617
vt 0.1343 0.6406
vt 0.1375 0.6413
vt 0.1391 0.6630
vt 0.4088 0.2629
vt 0.4090 0.2217
vt 0.4107 0.2217
vt 0.4107 0.2629
vt 0.4128 0.2217
vt 0.4130 0.2629
vt 0.4076 0.3402
vt 0.4085 0.3041
vt 0.4107 0.3041
vt 0.4099 0.3402
vt 0.4131 0.3041
vt 0.4125 0.3402
vt 0.4027 0.1790
vt 0.3981 0.1364
vt 0.3996 0.1364
vt 0.4043 0.1790
vt 0.4011 0.1364
vt 0.4059 0.1790
vt 0.4028 0.1364
vt 0.4078 0.1790
vt 0.4110 0.4062
vt 0.4118 0.3763
vt 0.4082 0.4062
vt 0.4091 0.3763
vt 0.4056 0.4062
vt 0.4066 0.3763
vt 0.4027 0.4062
vt 0.4039 0.3763
vt 0.4051 0.3402
vt 0.4062 0.3041
vt 0.4067 0.2629
vt 0.4072 0.2217
vt 0.1247 0.5604
vt 0.1271 0.5605
vt 0.1257 0.5707
vt 0.1231 0.5709
vt 0.1225 0.5603
vt 0.1210 0.5711
vt 0.1273 0.5521
vt 0.1256 0.5510
vt 0.1236 0.5503
vt 0.1257 0.5707
vt 0.1284 0.5703
vt 0.1271 0.5815
vt 0.1247 0.5818
vt 0.1225 0.5818
vt 0.1207 0.5821
vt 0.1195 0.5713
vt 0.1193 0.5822
vt 0.1206 0.5602
vt 0.1216 0.5501
vt 0.1245 0.5402
vt 0.1224 0.5397
vt 0.1266 0.5420
vt 0.1283 0.5450
vt 0.1289 0.5477
vt 0.1283 0.5530
vt 0.1286 0.5606
vt 0.1303 0.5106
vt 0.1342 0.5055
vt 0.1353 0.5277
vt 0.1323 0.5311
vt 0.1300 0.5382
vt 0.1283 0.5308
vt 0.1257 0.5273
vt 0.1266 0.5055
vt 0.1254 0.4799
vt 0.1285 0.4799
vt 0.1319 0.4799
vt 0.1353 0.5277
vt 0.1387 0.5267
vt 0.1385 0.5401
vt 0.1355 0.5407
vt 0.1329 0.5423
vt 0.1380 0.5042
vt 0.1306 0.5452
vt 0.1300 0.5382
vt 0.1257 0.5273
vt 0.1233 0.5265
vt 0.1238 0.5044
vt 0.1216 0.4580
vt 0.1205 0.4361
vt 0.1231 0.4361
vt 0.1243 0.4580
vt 0.1259 0.4361
vt 0.1272 0.4580
vt 0.1227 0.4799
vt 0.1304 0.4580
vt 0.1339 0.4580
vt 0.1355 0.4799
vt 0.1319 0.4799
vt 0.1272 0.4580
vt 0.1238 0.3402
vt 0.1262 0.3402
vt 0.1267 0.3763
vt 0.1240 0.3763
vt 0.1215 0.3402
vt 0.1216 0.3763
vt 0.1243 0.2629
vt 0.1263 0.2629
vt 0.1257 0.3041
vt 0.1235 0.3041
vt 0.1224 0.2629
vt 0.1214 0.3041
vt 0.1278 0.4062
vt 0.1311 0.4062
vt 0.1323 0.4361
vt 0.1289 0.4361
vt 0.1250 0.4062
vt 0.1259 0.4361
vt 0.1224 0.4062
vt 0.1199 0.4062
vt 0.1193 0.3402
vt 0.1192 0.3763
vt 0.1204 0.2629
vt 0.1193 0.3041
vt 0.1215 0.1790
vt 0.1233 0.1790
vt 0.1235 0.2217
vt 0.1216 0.2217
vt 0.1248 0.1790
vt 0.1252 0.2217
vt 0.1263 0.1790
vt 0.1269 0.2217
vt 0.1280 0.1790
vt 0.1289 0.2217
vt 0.1286 0.2629
vt 0.1283 0.3041
vt 0.1291 0.3402
vt 0.1298 0.3763
vt 0.2141 0.7452
vt 0.2137 0.7359
vt 0.2171 0.7366
vt 0.2180 0.7462
vt 0.2206 0.7378
vt 0.2221 0.7472
vt 0.2173 0.7528
vt 0.2217 0.7534
vt 0.2257 0.7547
vt 0.2137 0.7359
vt 0.2107 0.7355
vt 0.2130 0.7228
vt 0.2162 0.7225
vt 0.2196 0.7225
vt 0.2230 0.7233
vt 0.2266 0.7241
vt 0.2244 0.7388
vt 0.2262 0.7485
vt 0.2294 0.7559
vt 0.2135 0.7520
vt 0.2105 0.7442
vt 0.2448 0.7524
vt 0.2448 0.7420
vt 0.2485 0.7436
vt 0.2488 0.7538
vt 0.2522 0.7454
vt 0.2526 0.7555
vt 0.2458 0.7603
vt 0.2497 0.7613
vt 0.2536 0.7624
vt 0.2410 0.7406
vt 0.2413 0.7268
vt 0.2448 0.7278
vt 0.2448 0.7420
vt 0.2488 0.7285
vt 0.2527 0.7298
vt 0.2565 0.7310
vt 0.2561 0.7468
vt 0.2564 0.7569
vt 0.2571 0.7637
vt 0.2426 0.7591
vt 0.2406 0.7515
vt 0.2750 0.7573
vt 0.2751 0.7463
vt 0.2784 0.7474
vt 0.2785 0.7583
vt 0.2826 0.7579
vt 0.2827 0.7473
vt 0.2749 0.7646
vt 0.2783 0.7654
vt 0.2822 0.7649
vt 0.2720 0.7453
vt 0.2719 0.7288
vt 0.2751 0.7295
vt 0.2751 0.7463
vt 0.2783 0.7304
vt 0.2824 0.7307
vt 0.2868 0.7464
vt 0.2863 0.7302
vt 0.2867 0.7569
vt 0.2861 0.7640
vt 0.2719 0.7638
vt 0.2720 0.7563
vt 0.3116 0.7497
vt 0.3073 0.7507
vt 0.3072 0.7411
vt 0.3112 0.7397
vt 0.3160 0.7489
vt 0.3153 0.7387
vt 0.3101 0.7580
vt 0.3059 0.7586
vt 0.3141 0.7575
vt 0.3072 0.7411
vt 0.3031 0.7422
vt 0.3018 0.7256
vt 0.3053 0.7250
vt 0.3091 0.7241
vt 0.3130 0.7239
vt 0.3167 0.7234
vt 0.3192 0.7377
vt 0.3202 0.7479
vt 0.3181 0.7566
vt 0.3018 0.7596
vt 0.3033 0.7524
vt 0.2253 0.6724
vt 0.2216 0.6778
vt 0.2228 0.6552
vt 0.2251 0.6501
vt 0.2266 0.6395
vt 0.2280 0.6501
vt 0.2300 0.6551
vt 0.2280 0.6782
vt 0.2257 0.7025
vt 0.2225 0.7011
vt 0.2191 0.7018
vt 0.2228 0.6552
vt 0.2205 0.6564
vt 0.2212 0.6362
vt 0.2229 0.6354
vt 0.2245 0.6326
vt 0.2187 0.6790
vt 0.2257 0.6273
vt 0.2263 0.6225
vt 0.2273 0.6271
vt 0.2266 0.6395
vt 0.2288 0.6322
vt 0.2300 0.6551
vt 0.2305 0.6348
vt 0.2325 0.6354
vt 0.2324 0.6563
vt 0.2309 0.6797
vt 0.2289 0.7037
vt 0.2257 0.7025
vt 0.2158 0.7025
vt 0.2191 0.7018
vt 0.2520 0.6738
vt 0.2479 0.6792
vt 0.2484 0.6554
vt 0.2510 0.6501
vt 0.2523 0.6390
vt 0.2538 0.6502
vt 0.2558 0.6558
vt 0.2549 0.6801
vt 0.2539 0.7064
vt 0.2504 0.7047
vt 0.2465 0.7054
vt 0.2484 0.6554
vt 0.2457 0.6565
vt 0.2457 0.6352
vt 0.2478 0.6345
vt 0.2497 0.6316
vt 0.2446 0.6803
vt 0.2510 0.6261
vt 0.2516 0.6211
vt 0.2527 0.6259
vt 0.2523 0.6390
vt 0.2541 0.6313
vt 0.2558 0.6558
vt 0.2559 0.6343
vt 0.2580 0.6350
vt 0.2584 0.6572
vt 0.2579 0.6819
vt 0.2572 0.7077
vt 0.2539 0.7064
vt 0.2428 0.7058
vt 0.2465 0.7054
vt 0.2780 0.6746
vt 0.2747 0.6803
vt 0.2745 0.6560
vt 0.2767 0.6502
vt 0.2773 0.6384
vt 0.2789 0.6501
vt 0.2816 0.6556
vt 0.2818 0.6803
vt 0.2821 0.7068
vt 0.2785 0.7057
vt 0.2750 0.7057
vt 0.2745 0.6560
vt 0.2718 0.6573
vt 0.2715 0.6350
vt 0.2737 0.6342
vt 0.2755 0.6309
vt 0.2717 0.6813
vt 0.2766 0.6252
vt 0.2774 0.6201
vt 0.2785 0.6250
vt 0.2773 0.6384
vt 0.2801 0.6306
vt 0.2816 0.6556
vt 0.2821 0.6336
vt 0.2844 0.6343
vt 0.2844 0.6569
vt 0.2851 0.6814
vt 0.2821 0.7068
vt 0.2857 0.7070
vt 0.2750 0.7057
vt 0.2717 0.7057
vt 0.3036 0.6712
vt 0.3010 0.6771
vt 0.2992 0.6537
vt 0.3006 0.6479
vt 0.3019 0.6366
vt 0.3038 0.6478
vt 0.3067 0.6530
vt 0.3079 0.6763
vt 0.3101 0.7011
vt 0.3064 0.7004
vt 0.3031 0.7016
vt 0.2992 0.6537
vt 0.2968 0.6554
vt 0.2961 0.6336
vt 0.2982 0.6324
vt 0.2998 0.6292
vt 0.2983 0.6788
vt 0.3011 0.6238
vt 0.3022 0.6190
vt 0.3032 0.6238
vt 0.3019 0.6366
vt 0.3047 0.6292
vt 0.3067 0.6530
vt 0.3068 0.6320
vt 0.3089 0.6326
vt 0.3094 0.6540
vt 0.3112 0.6773
vt 0.3137 0.7016
vt 0.3101 0.7011
vt 0.2998 0.7029
vt 0.3031 0.7016
vt 0.2253 0.6030
vt 0.2228 0.5918
vt 0.2239 0.5915
vt 0.2265 0.6034
vt 0.2251 0.5913
vt 0.2278 0.6036
vt 0.2268 0.6148
vt 0.2282 0.6168
vt 0.2297 0.6178
vt 0.2218 0.5920
vt 0.2190 0.5817
vt 0.2198 0.5814
vt 0.2228 0.5918
vt 0.2208 0.5810
vt 0.2219 0.5806
vt 0.2233 0.5802
vt 0.2265 0.5911
vt 0.2293 0.6034
vt 0.2313 0.6179
vt 0.2256 0.6137
vt 0.2241 0.6029
vt 0.2511 0.6010
vt 0.2497 0.5890
vt 0.2512 0.5890
vt 0.2527 0.6016
vt 0.2527 0.5890
vt 0.2542 0.6019
vt 0.2522 0.6132
vt 0.2537 0.6153
vt 0.2554 0.6165
vt 0.2483 0.5891
vt 0.2466 0.5776
vt 0.2480 0.5774
vt 0.2497 0.5890
vt 0.2494 0.5774
vt 0.2509 0.5773
vt 0.2527 0.5772
vt 0.2543 0.5889
vt 0.2559 0.6020
vt 0.2571 0.6168
vt 0.2508 0.6120
vt 0.2496 0.6008
vt 0.2797 0.5998
vt 0.2800 0.5876
vt 0.2820 0.5876
vt 0.2815 0.6004
vt 0.2839 0.5876
vt 0.2833 0.6007
vt 0.2793 0.6121
vt 0.2809 0.6143
vt 0.2828 0.6155
vt 0.2800 0.5876
vt 0.2780 0.5878
vt 0.2783 0.5761
vt 0.2804 0.5759
vt 0.2826 0.5758
vt 0.2846 0.5758
vt 0.2858 0.5875
vt 0.2866 0.5757
vt 0.2851 0.6007
vt 0.2846 0.6158
vt 0.2777 0.6108
vt 0.2778 0.5996
vt 0.3082 0.5999
vt 0.3064 0.5992
vt 0.3086 0.5872
vt 0.3106 0.5873
vt 0.3100 0.6002
vt 0.3126 0.5875
vt 0.3046 0.6113
vt 0.3063 0.6135
vt 0.3081 0.6147
vt 0.3086 0.5872
vt 0.3064 0.5871
vt 0.3087 0.5754
vt 0.3111 0.5755
vt 0.3134 0.5756
vt 0.3155 0.5758
vt 0.3143 0.5876
vt 0.3174 0.5759
vt 0.3116 0.6003
vt 0.3098 0.6150
vt 0.3030 0.6099
vt 0.3045 0.5988
vt 0.2024 0.5033
vt 0.1974 0.4799
vt 0.2025 0.4799
vt 0.2076 0.5079
vt 0.2072 0.4799
vt 0.2111 0.5020
vt 0.2131 0.5239
vt 0.2112 0.5279
vt 0.2109 0.5355
vt 0.2089 0.5285
vt 0.2057 0.5254
vt 0.1898 0.4580
vt 0.1869 0.4361
vt 0.1920 0.4361
vt 0.1947 0.4580
vt 0.1976 0.4361
vt 0.2000 0.4580
vt 0.1982 0.5028
vt 0.1928 0.4799
vt 0.2050 0.4580
vt 0.2029 0.4361
vt 0.2072 0.4361
vt 0.2091 0.4580
vt 0.2110 0.4799
vt 0.2140 0.5009
vt 0.2000 0.4580
vt 0.2050 0.4580
vt 0.2131 0.5239
vt 0.2155 0.5229
vt 0.2166 0.5371
vt 0.2147 0.5377
vt 0.2133 0.5398
vt 0.2127 0.5432
vt 0.2128 0.5461
vt 0.2116 0.5434
vt 0.2109 0.5355
vt 0.2100 0.5404
vt 0.2057 0.5254
vt 0.2080 0.5389
vt 0.2058 0.5386
vt 0.2026 0.5250
vt 0.2353 0.5032
vt 0.2343 0.4799
vt 0.2385 0.4799
vt 0.2397 0.5087
vt 0.2428 0.4799
vt 0.2441 0.5039
vt 0.2452 0.5240
vt 0.2425 0.5270
vt 0.2412 0.5332
vt 0.2391 0.5268
vt 0.2361 0.5236
vt 0.2291 0.4580
vt 0.2281 0.4361
vt 0.2327 0.4361
vt 0.2335 0.4580
vt 0.2370 0.4361
vt 0.2378 0.4580
vt 0.2313 0.5021
vt 0.2301 0.4799
vt 0.2421 0.4580
vt 0.2464 0.4580
vt 0.2470 0.4799
vt 0.2428 0.4799
vt 0.2481 0.5032
vt 0.2378 0.4580
vt 0.2452 0.5240
vt 0.2486 0.5233
vt 0.2490 0.5359
vt 0.2464 0.5362
vt 0.2442 0.5375
vt 0.2428 0.5401
vt 0.2422 0.5426
vt 0.2409 0.5398
vt 0.2412 0.5332
vt 0.2390 0.5370
vt 0.2361 0.5236
vt 0.2367 0.5355
vt 0.2342 0.5352
vt 0.2328 0.5228
vt 0.2726 0.5035
vt 0.2714 0.4799
vt 0.2774 0.4799
vt 0.2787 0.5084
vt 0.2829 0.4799
vt 0.2843 0.5030
vt 0.2851 0.5228
vt 0.2815 0.5262
vt 0.2789 0.5327
vt 0.2762 0.5263
vt 0.2722 0.5231
vt 0.2652 0.4580
vt 0.2645 0.4361
vt 0.2702 0.4361
vt 0.2708 0.4580
vt 0.2763 0.4361
vt 0.2768 0.4580
vt 0.2674 0.5026
vt 0.2659 0.4799
vt 0.2825 0.4580
vt 0.2870 0.4580
vt 0.2874 0.4799
vt 0.2829 0.4799
vt 0.2883 0.5019
vt 0.2768 0.4580
vt 0.2851 0.5228
vt 0.2884 0.5219
vt 0.2886 0.5349
vt 0.2857 0.5354
vt 0.2828 0.5369
vt 0.2804 0.5399
vt 0.2789 0.5426
vt 0.2773 0.5398
vt 0.2789 0.5327
vt 0.2748 0.5368
vt 0.2722 0.5231
vt 0.2716 0.5351
vt 0.2681 0.5348
vt 0.2678 0.5224
vt 0.3126 0.4799
vt 0.3169 0.4799
vt 0.3164 0.5069
vt 0.3120 0.5022
vt 0.3164 0.5069
vt 0.3215 0.5015
vt 0.3210 0.5211
vt 0.3174 0.5243
vt 0.3143 0.5308
vt 0.3127 0.5246
vt 0.3098 0.5216
vt 0.3128 0.4580
vt 0.3082 0.4580
vt 0.3083 0.4361
vt 0.3129 0.4361
vt 0.3171 0.4580
vt 0.3173 0.4361
vt 0.3077 0.5016
vt 0.3081 0.4799
vt 0.3216 0.4580
vt 0.3260 0.4580
vt 0.3256 0.4799
vt 0.3214 0.4799
vt 0.3214 0.4799
vt 0.3171 0.4580
vt 0.3210 0.5211
vt 0.3241 0.5203
vt 0.3229 0.5332
vt 0.3204 0.5335
vt 0.3175 0.5350
vt 0.3254 0.5002
vt 0.3149 0.5378
vt 0.3131 0.5404
vt 0.3119 0.5377
vt 0.3143 0.5308
vt 0.3101 0.5350
vt 0.3076 0.5335
vt 0.3048 0.5333
vt 0.3062 0.5211
vt 0.3098 0.5216
vt 0.1784 0.2629
vt 0.1758 0.2217
vt 0.1824 0.2217
vt 0.1849 0.2629
vt 0.1889 0.2217
vt 0.1912 0.2629
vt 0.1839 0.3402
vt 0.1811 0.3041
vt 0.1875 0.3041
vt 0.1901 0.3402
vt 0.1935 0.3041
vt 0.1960 0.3402
vt 0.1660 0.1790
vt 0.1620 0.1364
vt 0.1678 0.1364
vt 0.1718 0.1790
vt 0.1743 0.1364
vt 0.1783 0.1790
vt 0.1806 0.1364
vt 0.1847 0.1790
vt 0.1865 0.1364
vt 0.1907 0.1790
vt 0.1949 0.2217
vt 0.1968 0.2629
vt 0.1988 0.3041
vt 0.2010 0.3402
vt 0.2006 0.4062
vt 0.1984 0.3763
vt 0.2032 0.3763
vt 0.2052 0.4062
vt 0.1952 0.4062
vt 0.1927 0.3763
vt 0.1893 0.4062
vt 0.1866 0.3763
vt 0.1840 0.4062
vt 0.1812 0.3763
vt 0.1783 0.3402
vt 0.1754 0.3041
vt 0.1727 0.2629
vt 0.1700 0.2217
vt 0.2275 0.2629
vt 0.2266 0.2217
vt 0.2321 0.2217
vt 0.2328 0.2629
vt 0.2375 0.2217
vt 0.2381 0.2629
vt 0.2296 0.3402
vt 0.2285 0.3041
vt 0.2336 0.3041
vt 0.2345 0.3402
vt 0.2386 0.3041
vt 0.2394 0.3402
vt 0.2168 0.1790
vt 0.2128 0.1364
vt 0.2193 0.1364
vt 0.2229 0.1790
vt 0.2256 0.1364
vt 0.2288 0.1790
vt 0.2319 0.1364
vt 0.2347 0.1790
vt 0.2382 0.1364
vt 0.2406 0.1790
vt 0.2430 0.2217
vt 0.2434 0.2629
vt 0.2437 0.3041
vt 0.2443 0.3402
vt 0.2408 0.4062
vt 0.2401 0.3763
vt 0.2448 0.3763
vt 0.2453 0.4062
vt 0.2362 0.4062
vt 0.2355 0.3763
vt 0.2317 0.4062
vt 0.2308 0.3763
vt 0.2270 0.4062
vt 0.2258 0.3763
vt 0.2245 0.3402
vt 0.2231 0.3041
vt 0.2219 0.2629
vt 0.2208 0.2217
vt 0.2779 0.2629
vt 0.2711 0.2629
vt 0.2717 0.2217
vt 0.2786 0.2217
vt 0.2843 0.2629
vt 0.2851 0.2217
vt 0.2768 0.3402
vt 0.2703 0.3402
vt 0.2706 0.3041
vt 0.2772 0.3041
vt 0.2828 0.3402
vt 0.2834 0.3041
vt 0.2718 0.1790
vt 0.2649 0.1790
vt 0.2645 0.1364
vt 0.2720 0.1364
vt 0.2790 0.1790
vt 0.2794 0.1364
vt 0.2857 0.1790
vt 0.2862 0.1364
vt 0.2916 0.1790
vt 0.2922 0.1364
vt 0.2898 0.2629
vt 0.2910 0.2217
vt 0.2879 0.3402
vt 0.2886 0.3041
vt 0.2869 0.4062
vt 0.2821 0.4062
vt 0.2823 0.3763
vt 0.2872 0.3763
vt 0.2763 0.4062
vt 0.2764 0.3763
vt 0.2701 0.4062
vt 0.2701 0.3763
vt 0.2644 0.4062
vt 0.2642 0.3763
vt 0.2643 0.3402
vt 0.2644 0.3041
vt 0.2648 0.2629
vt 0.2652 0.2217
vt 0.3251 0.2629
vt 0.3200 0.2629
vt 0.3221 0.2217
vt 0.3273 0.2217
vt 0.3303 0.2629
vt 0.3326 0.2217
vt 0.3212 0.3402
vt 0.3164 0.3402
vt 0.3179 0.3041
vt 0.3229 0.3041
vt 0.3261 0.3402
vt 0.3280 0.3041
vt 0.3225 0.1790
vt 0.3168 0.1790
vt 0.3171 0.1364
vt 0.3229 0.1364
vt 0.3278 0.1790
vt 0.3284 0.1364
vt 0.3332 0.1790
vt 0.3339 0.1364
vt 0.3389 0.1790
vt 0.3396 0.1364
vt 0.3359 0.2629
vt 0.3383 0.2217
vt 0.3314 0.3402
vt 0.3335 0.3041
vt 0.3279 0.4062
vt 0.3230 0.4062
vt 0.3242 0.3763
vt 0.3293 0.3763
vt 0.3183 0.4062
vt 0.3194 0.3763
vt 0.3139 0.4062
vt 0.3148 0.3763
vt 0.3091 0.4062
vt 0.3099 0.3763
vt 0.3113 0.3402
vt 0.3126 0.3041
vt 0.3146 0.2629
vt 0.3165 0.2217
vt 0.1654 0.3402
vt 0.1686 0.3763
vt 0.1663 0.3763
vt 0.1632 0.3402
vt 0.1637 0.3763
vt 0.1607 0.3402
vt 0.1594 0.2629
vt 0.1623 0.3041
vt 0.1601 0.3041
vt 0.1573 0.2629
vt 0.1577 0.3041
vt 0.1550 0.2629
vt 0.1736 0.4062
vt 0.1766 0.4361
vt 0.1745 0.4361
vt 0.1716 0.4062
vt 0.1721 0.4361
vt 0.1692 0.4062
vt 0.1693 0.4361
vt 0.1665 0.4062
vt 0.1659 0.4361
vt 0.1632 0.4062
vt 0.1606 0.3763
vt 0.1577 0.3402
vt 0.1549 0.3041
vt 0.1524 0.2629
vt 0.1478 0.1790
vt 0.1523 0.2217
vt 0.1499 0.2217
vt 0.1456 0.1790
vt 0.1499 0.1790
vt 0.1545 0.2217
vt 0.1519 0.1790
vt 0.1565 0.2217
vt 0.1538 0.1790
vt 0.1584 0.2217
vt 0.1613 0.2629
vt 0.1642 0.3041
vt 0.1674 0.3402
vt 0.1705 0.3763
vt 0.1543 0.3402
vt 0.1570 0.3763
vt 0.1531 0.3763
vt 0.1507 0.3402
vt 0.1491 0.3763
vt 0.1470 0.3402
vt 0.1494 0.2629
vt 0.1517 0.3041
vt 0.1483 0.3041
vt 0.1463 0.2629
vt 0.1449 0.3041
vt 0.1433 0.2629
vt 0.1620 0.4361
vt 0.1595 0.4062
vt 0.1578 0.4361
vt 0.1555 0.4062
vt 0.1535 0.4361
vt 0.1513 0.4062
vt 0.1491 0.4361
vt 0.1472 0.4062
vt 0.1452 0.3763
vt 0.1433 0.3402
vt 0.1415 0.3041
vt 0.1403 0.2629
vt 0.1385 0.1790
vt 0.1417 0.2217
vt 0.1391 0.2217
vt 0.1365 0.1790
vt 0.1408 0.1790
vt 0.1444 0.2217
vt 0.1432 0.1790
vt 0.1472 0.2217
vt 0.1360 0.3402
vt 0.1397 0.3402
vt 0.1412 0.3763
vt 0.1372 0.3763
vt 0.1324 0.3402
vt 0.1334 0.3763
vt 0.1343 0.2629
vt 0.1373 0.2629
vt 0.1381 0.3041
vt 0.1347 0.3041
vt 0.1313 0.2629
vt 0.1314 0.3041
vt 0.1430 0.4062
vt 0.1448 0.4361
vt 0.1389 0.4062
vt 0.1405 0.4361
vt 0.1348 0.4062
vt 0.1362 0.4361
vt 0.1301 0.1790
vt 0.1313 0.2217
vt 0.1323 0.1790
vt 0.1339 0.2217
vt 0.1345 0.1790
vt 0.1365 0.2217
vt 0.1833 0.5091
vt 0.1859 0.5038
vt 0.1891 0.5253
vt 0.1873 0.5287
vt 0.1866 0.5358
vt 0.1840 0.5291
vt 0.1808 0.5258
vt 0.1791 0.5040
vt 0.1747 0.4799
vt 0.1779 0.4799
vt 0.1805 0.4799
vt 0.1912 0.5246
vt 0.1934 0.5382
vt 0.1917 0.5384
vt 0.1891 0.5253
vt 0.1901 0.5400
vt 0.1881 0.5029
vt 0.1891 0.5431
vt 0.1888 0.5459
vt 0.1870 0.5431
vt 0.1866 0.5358
vt 0.1846 0.5402
vt 0.1808 0.5258
vt 0.1819 0.5386
vt 0.1790 0.5383
vt 0.1773 0.5251
vt 0.1752 0.5030
vt 0.1685 0.4580
vt 0.1720 0.4580
vt 0.1750 0.4580
vt 0.1711 0.4799
vt 0.1775 0.4580
vt 0.1796 0.4580
vt 0.1826 0.4799
vt 0.1663 0.5092
vt 0.1710 0.5040
vt 0.1735 0.5259
vt 0.1702 0.5292
vt 0.1686 0.5360
vt 0.1655 0.5290
vt 0.1616 0.5248
vt 0.1608 0.5028
vt 0.1578 0.4799
vt 0.1624 0.4799
vt 0.1669 0.4799
vt 0.1760 0.5387
vt 0.1735 0.5259
vt 0.1732 0.5402
vt 0.1712 0.5433
vt 0.1700 0.5461
vt 0.1680 0.5433
vt 0.1686 0.5360
vt 0.1652 0.5402
vt 0.1616 0.5248
vt 0.1620 0.5384
vt 0.1588 0.5381
vt 0.1579 0.5242
vt 0.1564 0.5018
vt 0.1512 0.4580
vt 0.1556 0.4580
vt 0.1601 0.4580
vt 0.1533 0.4799
vt 0.1645 0.4580
vt 0.1474 0.5094
vt 0.1521 0.5035
vt 0.1543 0.5255
vt 0.1508 0.5296
vt 0.1485 0.5375
vt 0.1460 0.5304
vt 0.1424 0.5273
vt 0.1422 0.5050
vt 0.1397 0.4799
vt 0.1443 0.4799
vt 0.1489 0.4799
vt 0.1543 0.5255
vt 0.1556 0.5389
vt 0.1526 0.5410
vt 0.1501 0.5444
vt 0.1483 0.5473
vt 0.1468 0.5448
vt 0.1485 0.5375
vt 0.1444 0.5420
vt 0.1424 0.5273
vt 0.1415 0.5405
vt 0.1339 0.4580
vt 0.1380 0.4580
vt 0.1424 0.4580
vt 0.1468 0.4580
vt 0.1512 0.4580
vt 0.1533 0.4799
vt 0.1489 0.4799
vt 0.1424 0.4580
vt 0.1919 0.5590
vt 0.1938 0.5698
vt 0.1917 0.5690
vt 0.1899 0.5583
vt 0.1892 0.5685
vt 0.1870 0.5577
vt 0.1891 0.5503
vt 0.1865 0.5490
vt 0.1840 0.5483
vt 0.1959 0.5703
vt 0.1984 0.5818
vt 0.1961 0.5813
vt 0.1938 0.5698
vt 0.1936 0.5807
vt 0.1909 0.5801
vt 0.1879 0.5797
vt 0.1862 0.5683
vt 0.1839 0.5577
vt 0.1812 0.5482
vt 0.1904 0.5508
vt 0.1931 0.5582
vt 0.1689 0.5590
vt 0.1701 0.5683
vt 0.1669 0.5683
vt 0.1661 0.5588
vt 0.1638 0.5684
vt 0.1632 0.5586
vt 0.1682 0.5508
vt 0.1654 0.5496
vt 0.1625 0.5489
vt 0.1733 0.5684
vt 0.1745 0.5789
vt 0.1711 0.5789
vt 0.1701 0.5683
vt 0.1677 0.5789
vt 0.1644 0.5790
vt 0.1606 0.5686
vt 0.1611 0.5794
vt 0.1601 0.5586
vt 0.1595 0.5488
vt 0.1708 0.5514
vt 0.1720 0.5591
vt 0.1421 0.5600
vt 0.1451 0.5603
vt 0.1446 0.5698
vt 0.1413 0.5699
vt 0.1393 0.5598
vt 0.1383 0.5699
vt 0.1458 0.5521
vt 0.1432 0.5510
vt 0.1405 0.5504
vt 0.1446 0.5698
vt 0.1479 0.5696
vt 0.1478 0.5801
vt 0.1443 0.5804
vt 0.1410 0.5809
vt 0.1378 0.5813
vt 0.1352 0.5702
vt 0.1349 0.5817
vt 0.1364 0.5599
vt 0.1376 0.5503
vt 0.1482 0.5527
vt 0.1481 0.5603
vt 0.1995 0.6807
vt 0.1957 0.7075
vt 0.1931 0.7063
vt 0.1965 0.6751
vt 0.1900 0.7076
vt 0.1921 0.6815
vt 0.1931 0.6575
vt 0.1968 0.6519
vt 0.2001 0.6408
vt 0.2010 0.6516
vt 0.2032 0.6566
vt 0.1986 0.7084
vt 0.1973 0.7351
vt 0.1951 0.7321
vt 0.1957 0.7075
vt 0.1929 0.7310
vt 0.2028 0.6817
vt 0.1903 0.7315
vt 0.1869 0.7328
vt 0.1864 0.7089
vt 0.1900 0.7076
vt 0.1878 0.6834
vt 0.1931 0.6575
vt 0.1889 0.6592
vt 0.1897 0.6376
vt 0.1934 0.6367
vt 0.1966 0.6337
vt 0.1993 0.6282
vt 0.2010 0.6234
vt 0.2022 0.6281
vt 0.2001 0.6408
vt 0.2039 0.6334
vt 0.2032 0.6566
vt 0.2060 0.6361
vt 0.2086 0.6367
vt 0.2062 0.6575
vt 0.1830 0.6827
vt 0.1820 0.7090
vt 0.1769 0.7088
vt 0.1770 0.6774
vt 0.1711 0.7105
vt 0.1705 0.6841
vt 0.1692 0.6596
vt 0.1740 0.6538
vt 0.1772 0.6421
vt 0.1802 0.6533
vt 0.1844 0.6583
vt 0.1820 0.7090
vt 0.1827 0.7341
vt 0.1776 0.7350
vt 0.1718 0.7363
vt 0.1658 0.7372
vt 0.1652 0.7120
vt 0.1711 0.7105
vt 0.1645 0.6861
vt 0.1692 0.6596
vt 0.1638 0.6614
vt 0.1633 0.6393
vt 0.1679 0.6382
vt 0.1720 0.6349
vt 0.1752 0.6290
vt 0.1771 0.6238
vt 0.1791 0.6288
vt 0.1772 0.6421
vt 0.1821 0.6343
vt 0.1844 0.6583
vt 0.1858 0.6371
vt 0.1584 0.6851
vt 0.1594 0.7111
vt 0.1537 0.7105
vt 0.1519 0.6794
vt 0.1481 0.7115
vt 0.1457 0.6859
vt 0.1435 0.6616
vt 0.1478 0.6557
vt 0.1503 0.6439
vt 0.1537 0.6552
vt 0.1584 0.6605
vt 0.1597 0.7368
vt 0.1594 0.7111
vt 0.1535 0.7366
vt 0.1475 0.7365
vt 0.1481 0.7115
vt 0.1435 0.6616
vt 0.1412 0.6404
vt 0.1448 0.6368
vt 0.1476 0.6308
vt 0.1493 0.6254
vt 0.1515 0.6304
vt 0.1503 0.6439
vt 0.1547 0.6359
vt 0.1584 0.6605
vt 0.1587 0.6388
vt 0.1910 0.7508
vt 0.1877 0.7518
vt 0.1936 0.7505
vt 0.1956 0.7512
vt 0.1740 0.7561
vt 0.1667 0.7570
vt 0.1792 0.7547
vt 0.1837 0.7532
vt 0.1473 0.7566
vt 0.1535 0.7568
vt 0.1602 0.7569
vt 0.1135 0.7347
vt 0.1161 0.7342
vt 0.1136 0.7528
vt 0.1111 0.7534
vt 0.1041 0.7375
vt 0.1072 0.7365
vt 0.1053 0.7552
vt 0.1025 0.7560
vt 0.1103 0.7353
vt 0.1082 0.7542
vt 0.0879 0.7389
vt 0.0910 0.7388
vt 0.0904 0.7569
vt 0.0874 0.7572
vt 0.0779 0.7406
vt 0.0808 0.7399
vt 0.0809 0.7584
vt 0.0779 0.7591
vt 0.0843 0.7390
vt 0.0841 0.7576
vt 0.0625 0.7587
vt 0.0617 0.7408
vt 0.0648 0.7409
vt 0.0655 0.7587
vt 0.4614 0.7309
vt 0.4643 0.7307
vt 0.4649 0.7485
vt 0.4620 0.7486
vt 0.4676 0.7304
vt 0.4680 0.7481
vt 0.4710 0.7307
vt 0.4711 0.7481
vt 0.4472 0.7466
vt 0.4457 0.7288
vt 0.4486 0.7293
vt 0.4500 0.7469
vt 0.4383 0.7464
vt 0.4359 0.7282
vt 0.4391 0.7284
vt 0.4411 0.7465
vt 0.4425 0.7283
vt 0.4442 0.7464
vt 0.1087 0.6791
vt 0.1084 0.6553
vt 0.1111 0.6607
vt 0.1129 0.6847
vt 0.1154 0.7102
vt 0.1119 0.7099
vt 0.1086 0.7114
vt 0.1057 0.6852
vt 0.1029 0.6607
vt 0.1048 0.6553
vt 0.1058 0.6440
vt 0.1111 0.6607
vt 0.1099 0.6398
vt 0.1115 0.6408
vt 0.1133 0.6621
vt 0.1156 0.6860
vt 0.1081 0.6366
vt 0.1154 0.7102
vt 0.1183 0.7105
vt 0.1054 0.7127
vt 0.1086 0.7114
vt 0.1028 0.6868
vt 0.1029 0.6607
vt 0.1005 0.6620
vt 0.0992 0.6397
vt 0.1009 0.6390
vt 0.1027 0.6362
vt 0.1041 0.6307
vt 0.1051 0.6257
vt 0.1063 0.6309
vt 0.1058 0.6440
vt 0.0819 0.6793
vt 0.0824 0.6544
vt 0.0849 0.6601
vt 0.0860 0.6854
vt 0.0879 0.7130
vt 0.0841 0.7122
vt 0.0806 0.7136
vt 0.0786 0.6857
vt 0.0766 0.6600
vt 0.0787 0.6544
vt 0.0801 0.6427
vt 0.0849 0.6601
vt 0.0843 0.6382
vt 0.0861 0.6391
vt 0.0873 0.6616
vt 0.0891 0.6868
vt 0.0825 0.6349
vt 0.0913 0.7136
vt 0.0879 0.7130
vt 0.0775 0.7147
vt 0.0806 0.7136
vt 0.0757 0.6873
vt 0.0766 0.6600
vt 0.0744 0.6613
vt 0.0734 0.6384
vt 0.0751 0.6377
vt 0.0769 0.6347
vt 0.0785 0.6289
vt 0.0796 0.6237
vt 0.0808 0.6290
vt 0.0801 0.6427
vt 0.4691 0.6720
vt 0.4715 0.6476
vt 0.4738 0.6532
vt 0.4728 0.6782
vt 0.4719 0.7056
vt 0.4682 0.7044
vt 0.4645 0.7053
vt 0.4651 0.6780
vt 0.4652 0.6529
vt 0.4677 0.6475
vt 0.4698 0.6360
vt 0.0581 0.6604
vt 0.0578 0.6379
vt 0.0598 0.6387
vt 0.0606 0.6617
vt 0.0585 0.6864
vt 0.0617 0.6877
vt 0.4727 0.6283
vt 0.4746 0.6314
vt 0.0632 0.7154
vt 0.0597 0.7149
vt 0.4613 0.7059
vt 0.4645 0.7053
vt 0.4622 0.6794
vt 0.4652 0.6529
vt 0.4628 0.6542
vt 0.4630 0.6318
vt 0.4648 0.6311
vt 0.4668 0.6281
vt 0.4687 0.6224
vt 0.4699 0.6173
vt 0.4711 0.6225
vt 0.4698 0.6360
vt 0.4431 0.6719
vt 0.4458 0.6481
vt 0.4479 0.6533
vt 0.4464 0.6778
vt 0.4447 0.7042
vt 0.4412 0.7031
vt 0.4375 0.7039
vt 0.4391 0.6777
vt 0.4398 0.6535
vt 0.4423 0.6481
vt 0.4443 0.6368
vt 0.4479 0.6533
vt 0.4488 0.6319
vt 0.4504 0.6325
vt 0.4500 0.6545
vt 0.4491 0.6791
vt 0.4470 0.6290
vt 0.4478 0.7050
vt 0.4447 0.7042
vt 0.4375 0.7039
vt 0.4341 0.7042
vt 0.4361 0.6790
vt 0.4398 0.6535
vt 0.4375 0.6547
vt 0.4380 0.6329
vt 0.4397 0.6321
vt 0.4415 0.6291
vt 0.4432 0.6234
vt 0.4443 0.6182
vt 0.4454 0.6234
vt 0.4443 0.6368
vt 0.1011 0.6044
vt 0.1006 0.5909
vt 0.1023 0.5914
vt 0.1029 0.6040
vt 0.1032 0.6172
vt 0.1016 0.6193
vt 0.0996 0.6045
vt 0.0990 0.5905
vt 0.1000 0.6204
vt 0.1023 0.5914
vt 0.1010 0.5795
vt 0.1031 0.5801
vt 0.1041 0.5919
vt 0.1047 0.6041
vt 0.1048 0.6161
vt 0.0986 0.6206
vt 0.0983 0.6044
vt 0.0978 0.5902
vt 0.0961 0.5783
vt 0.0971 0.5786
vt 0.0990 0.5790
vt 0.0745 0.5893
vt 0.0764 0.5895
vt 0.0771 0.6019
vt 0.0752 0.6024
vt 0.0776 0.6152
vt 0.0759 0.6175
vt 0.0735 0.6027
vt 0.0728 0.5891
vt 0.0742 0.6187
vt 0.0764 0.5895
vt 0.0753 0.5783
vt 0.0775 0.5786
vt 0.0783 0.5898
vt 0.0790 0.6017
vt 0.0793 0.6138
vt 0.0727 0.6190
vt 0.0720 0.6027
vt 0.0712 0.5890
vt 0.0703 0.5781
vt 0.0715 0.5781
vt 0.0732 0.5782
vt 0.4658 0.5836
vt 0.4679 0.5838
vt 0.4678 0.5959
vt 0.4658 0.5964
vt 0.4681 0.6089
vt 0.4662 0.6112
vt 0.4640 0.5834
vt 0.4641 0.5967
vt 0.4644 0.6125
vt 0.4679 0.5838
vt 0.4683 0.5734
vt 0.4705 0.5739
vt 0.4701 0.5842
vt 0.4699 0.5957
vt 0.4699 0.6075
vt 0.4629 0.6128
vt 0.4626 0.5968
vt 0.4625 0.5833
vt 0.4625 0.5725
vt 0.4642 0.5727
vt 0.4662 0.5730
vt 0.4394 0.5832
vt 0.4414 0.5833
vt 0.4416 0.5962
vt 0.4398 0.5970
vt 0.4423 0.6098
vt 0.4406 0.6123
vt 0.4377 0.5831
vt 0.4382 0.5974
vt 0.4390 0.6137
vt 0.4414 0.5833
vt 0.4409 0.5717
vt 0.4432 0.5721
vt 0.4434 0.5834
vt 0.4436 0.5959
vt 0.4440 0.6083
vt 0.4376 0.6140
vt 0.4369 0.5976
vt 0.4366 0.5829
vt 0.4363 0.5710
vt 0.4373 0.5712
vt 0.4388 0.5714
vt 0.1034 0.4799
vt 0.1074 0.4799
vt 0.1091 0.5080
vt 0.1048 0.5132
vt 0.1090 0.5288
vt 0.1058 0.5321
vt 0.1032 0.5388
vt 0.1021 0.5325
vt 0.0999 0.5296
vt 0.1009 0.5089
vt 0.0994 0.4799
vt 0.1059 0.4580
vt 0.1097 0.4580
vt 0.1111 0.4799
vt 0.1074 0.4799
vt 0.1125 0.5065
vt 0.1018 0.4580
vt 0.1090 0.5288
vt 0.1118 0.5278
vt 0.1107 0.5403
vt 0.1084 0.5407
vt 0.1059 0.5423
vt 0.1037 0.5451
vt 0.1023 0.5474
vt 0.1015 0.5451
vt 0.1032 0.5388
vt 0.1002 0.5425
vt 0.0999 0.5296
vt 0.0984 0.5411
vt 0.0962 0.5408
vt 0.0971 0.5291
vt 0.0973 0.5082
vt 0.0933 0.4580
vt 0.0913 0.4361
vt 0.0959 0.4361
vt 0.0976 0.4580
vt 0.1002 0.4361
vt 0.1018 0.4580
vt 0.0952 0.4799
vt 0.0692 0.4799
vt 0.0737 0.4799
vt 0.0777 0.5117
vt 0.0736 0.5169
vt 0.0798 0.5315
vt 0.0771 0.5347
vt 0.0754 0.5410
vt 0.0731 0.5353
vt 0.0699 0.5328
vt 0.0687 0.5132
vt 0.0644 0.4799
vt 0.0706 0.4580
vt 0.0750 0.4580
vt 0.0778 0.4799
vt 0.0737 0.4799
vt 0.0814 0.5102
vt 0.0659 0.4580
vt 0.0798 0.5315
vt 0.0827 0.5304
vt 0.0833 0.5418
vt 0.0809 0.5425
vt 0.0787 0.5441
vt 0.0769 0.5467
vt 0.0758 0.5491
vt 0.0745 0.5469
vt 0.0754 0.5410
vt 0.0725 0.5446
vt 0.0699 0.5328
vt 0.0701 0.5434
vt 0.0674 0.5432
vt 0.0666 0.5326
vt 0.0645 0.5129
vt 0.0561 0.4580
vt 0.0524 0.4361
vt 0.0574 0.4361
vt 0.0609 0.4580
vt 0.0626 0.4361
vt 0.0659 0.4580
vt 0.0597 0.4799
vt 0.4837 0.4799
vt 0.4884 0.4799
vt 0.4832 0.5193
vt 0.4780 0.5218
vt 0.4803 0.5335
vt 0.4769 0.5351
vt 0.4739 0.5400
vt 0.4731 0.5339
vt 0.4707 0.5305
vt 0.4745 0.5164
vt 0.4793 0.4799
vt 0.0326 0.4580
vt 0.0375 0.4580
vt 0.0417 0.4799
vt 0.0371 0.4799
vt 0.0470 0.5170
vt 0.0431 0.5189
vt 0.4875 0.4580
vt 0.4924 0.4580
vt 0.0470 0.5377
vt 0.0501 0.5364
vt 0.0519 0.5469
vt 0.0493 0.5477
vt 0.4788 0.5434
vt 0.4764 0.5439
vt 0.4742 0.5457
vt 0.4727 0.5474
vt 0.4719 0.5449
vt 0.4739 0.5400
vt 0.4705 0.5421
vt 0.4707 0.5305
vt 0.4684 0.5402
vt 0.4659 0.5392
vt 0.4677 0.5290
vt 0.4708 0.5143
vt 0.4784 0.4580
vt 0.4818 0.4361
vt 0.4864 0.4361
vt 0.4828 0.4580
vt 0.4913 0.4361
vt 0.4875 0.4580
vt 0.4751 0.4799
vt 0.4487 0.4799
vt 0.4528 0.4799
vt 0.4500 0.5098
vt 0.4455 0.5129
vt 0.4488 0.5252
vt 0.4459 0.5273
vt 0.4437 0.5329
vt 0.4424 0.5265
vt 0.4402 0.5232
vt 0.4422 0.5074
vt 0.4450 0.4799
vt 0.4554 0.4580
vt 0.4579 0.4361
vt 0.4625 0.4361
vt 0.4597 0.4580
vt 0.4570 0.4799
vt 0.4539 0.5099
vt 0.4512 0.4580
vt 0.4536 0.4361
vt 0.4488 0.5252
vt 0.4520 0.5253
vt 0.4511 0.5361
vt 0.4486 0.5360
vt 0.4463 0.5369
vt 0.4445 0.5390
vt 0.4433 0.5411
vt 0.4424 0.5385
vt 0.4437 0.5329
vt 0.4409 0.5357
vt 0.4402 0.5232
vt 0.4391 0.5340
vt 0.4374 0.5335
vt 0.4379 0.5221
vt 0.4393 0.5055
vt 0.4434 0.4580
vt 0.4454 0.4361
vt 0.4495 0.4361
vt 0.4472 0.4580
vt 0.4415 0.4799
vt 0.0964 0.2629
vt 0.0969 0.2217
vt 0.1023 0.2217
vt 0.1016 0.2629
vt 0.0967 0.3402
vt 0.1015 0.3402
vt 0.1020 0.3763
vt 0.0974 0.3763
vt 0.0910 0.2629
vt 0.0913 0.2217
vt 0.0917 0.3402
vt 0.0907 0.3041
vt 0.0959 0.3041
vt 0.0967 0.3402
vt 0.1019 0.1790
vt 0.1069 0.1790
vt 0.1072 0.2217
vt 0.1023 0.2217
vt 0.1016 0.2629
vt 0.1064 0.2629
vt 0.1055 0.3041
vt 0.1009 0.3041
vt 0.1059 0.3402
vt 0.1063 0.3763
vt 0.1032 0.4062
vt 0.1073 0.4062
vt 0.1083 0.4361
vt 0.1045 0.4361
vt 0.0988 0.4062
vt 0.1002 0.4361
vt 0.0942 0.4062
vt 0.0894 0.4062
vt 0.0864 0.3402
vt 0.0852 0.3041
vt 0.0853 0.2629
vt 0.0855 0.2217
vt 0.0851 0.1790
vt 0.0847 0.1364
vt 0.0905 0.1364
vt 0.0909 0.1790
vt 0.0961 0.1364
vt 0.0965 0.1790
vt 0.1015 0.1364
vt 0.1019 0.1790
vt 0.0502 0.2629
vt 0.0562 0.2629
vt 0.0567 0.3041
vt 0.0509 0.3041
vt 0.0535 0.3402
vt 0.0591 0.3402
vt 0.0614 0.3763
vt 0.0560 0.3763
vt 0.0440 0.2629
vt 0.0448 0.3041
vt 0.0476 0.3402
vt 0.0504 0.3763
vt 0.0560 0.1790
vt 0.0616 0.1790
vt 0.0615 0.2217
vt 0.0557 0.2217
vt 0.0618 0.2629
vt 0.0622 0.3041
vt 0.0643 0.3402
vt 0.0664 0.3763
vt 0.0645 0.4062
vt 0.0692 0.4062
vt 0.0721 0.4361
vt 0.0676 0.4361
vt 0.0593 0.4062
vt 0.0626 0.4361
vt 0.0539 0.4062
vt 0.0593 0.4062
vt 0.0486 0.4062
vt 0.0539 0.4062
vt 0.0418 0.3402
vt 0.0448 0.3763
vt 0.0378 0.2629
vt 0.0388 0.3041
vt 0.0379 0.1790
vt 0.0440 0.1790
vt 0.0432 0.2217
vt 0.0368 0.2217
vt 0.0502 0.1790
vt 0.0495 0.2217
vt 0.5106 0.2629
vt 0.5167 0.2629
vt 0.5140 0.3041
vt 0.5081 0.3041
vt 0.5042 0.3402
vt 0.5100 0.3402
vt 0.5060 0.3763
vt 0.5004 0.3763
vt 0.5047 0.2629
vt 0.5023 0.3041
vt 0.4987 0.3402
vt 0.4951 0.3763
vt 0.0065 0.1790
vt 0.0134 0.1790
vt 0.0125 0.2217
vt 0.0059 0.2217
vt 0.0081 0.2629
vt 0.0145 0.2629
vt 0.0164 0.3041
vt 0.0103 0.3041
vt 0.0145 0.3402
vt 0.0203 0.3402
vt 0.0242 0.3763
vt 0.0186 0.3763
vt 0.0234 0.4062
vt 0.0287 0.4062
vt 0.0332 0.4361
vt 0.0281 0.4361
vt 0.4959 0.4062
vt 0.5012 0.4062
vt 0.4964 0.4361
vt 0.4913 0.4361
vt 0.4907 0.4062
vt 0.4959 0.4062
vt 0.4859 0.4062
vt 0.4901 0.3763
vt 0.4935 0.3402
vt 0.4991 0.2629
vt 0.4969 0.3041
vt 0.5009 0.1790
vt 0.5070 0.1790
vt 0.5070 0.2217
vt 0.5013 0.2217
vt 0.5133 0.1790
vt 0.5131 0.2217
vt 0.5198 0.1790
vt 0.5193 0.2217
vt 0.4651 0.2629
vt 0.4661 0.2217
vt 0.4717 0.2217
vt 0.4704 0.2629
vt 0.4618 0.3402
vt 0.4640 0.3041
vt 0.4691 0.3041
vt 0.4667 0.3402
vt 0.4598 0.2629
vt 0.4606 0.2217
vt 0.4569 0.3402
vt 0.4589 0.3041
vt 0.4693 0.1790
vt 0.4670 0.1364
vt 0.4735 0.1364
vt 0.4754 0.1790
vt 0.4774 0.2217
vt 0.4759 0.2629
vt 0.4744 0.3041
vt 0.4718 0.3402
vt 0.4611 0.4062
vt 0.4643 0.3763
vt 0.4692 0.3763
vt 0.4658 0.4062
vt 0.4566 0.4062
vt 0.4596 0.3763
vt 0.4522 0.4062
vt 0.4550 0.3763
vt 0.4478 0.4062
vt 0.4502 0.3763
vt 0.4519 0.3402
vt 0.4537 0.3041
vt 0.4543 0.2629
vt 0.4550 0.2217
vt 0.4516 0.1790
vt 0.4482 0.1364
vt 0.4546 0.1364
vt 0.4576 0.1790
vt 0.4608 0.1364
vt 0.4634 0.1790
vt 0.3794 0.2629
vt 0.3773 0.2629
vt 0.3804 0.2217
vt 0.3825 0.2217
vt 0.3812 0.2629
vt 0.3841 0.2217
vt 0.3731 0.3402
vt 0.3708 0.3402
vt 0.3742 0.3041
vt 0.3764 0.3041
vt 0.3751 0.3402
vt 0.3784 0.3041
vt 0.3788 0.1364
vt 0.3796 0.1790
vt 0.3808 0.1364
vt 0.3816 0.1790
vt 0.3832 0.1790
vt 0.3824 0.1364
vt 0.3850 0.1790
vt 0.3840 0.1364
vt 0.3832 0.2629
vt 0.3859 0.2217
vt 0.3775 0.3402
vt 0.3805 0.3041
vt 0.3718 0.4062
vt 0.3692 0.4062
vt 0.3719 0.3763
vt 0.3744 0.3763
vt 0.3670 0.4062
vt 0.3698 0.3763
vt 0.3646 0.4062
vt 0.3675 0.3763
vt 0.3890 0.2629
vt 0.3859 0.2629
vt 0.3884 0.2217
vt 0.3912 0.2217
vt 0.3921 0.2629
vt 0.3940 0.2217
vt 0.3841 0.3402
vt 0.3805 0.3402
vt 0.3834 0.3041
vt 0.3868 0.3041
vt 0.3877 0.3402
vt 0.3902 0.3041
vt 0.3872 0.1790
vt 0.3860 0.1364
vt 0.3896 0.1790
vt 0.3881 0.1364
vt 0.3919 0.1790
vt 0.3898 0.1364
vt 0.3910 0.1364
vt 0.3939 0.1790
vt 0.3951 0.2629
vt 0.3968 0.2217
vt 0.3913 0.3402
vt 0.3935 0.3041
vt 0.3872 0.4062
vt 0.3832 0.4062
vt 0.3853 0.3763
vt 0.3891 0.3763
vt 0.3791 0.4062
vt 0.3814 0.3763
vt 0.3752 0.4062
vt 0.3776 0.3763
vt 0.3980 0.2629
vt 0.3993 0.2217
vt 0.4021 0.2217
vt 0.4011 0.2629
vt 0.4049 0.2217
vt 0.4041 0.2629
vt 0.3948 0.3402
vt 0.3967 0.3041
vt 0.4001 0.3041
vt 0.3984 0.3402
vt 0.4034 0.3041
vt 0.4020 0.3402
vt 0.3922 0.1364
vt 0.3958 0.1790
vt 0.3941 0.1364
vt 0.3981 0.1790
vt 0.3962 0.1364
vt 0.4005 0.1790
vt 0.3992 0.4062
vt 0.4006 0.3763
vt 0.3953 0.4062
vt 0.3968 0.3763
vt 0.3912 0.4062
vt 0.3929 0.3763
vt 0.3541 0.5007
vt 0.3577 0.4799
vt 0.3603 0.4799
vt 0.3569 0.5060
vt 0.3630 0.4799
vt 0.3607 0.5010
vt 0.3595 0.5204
vt 0.3567 0.5236
vt 0.3538 0.5299
vt 0.3527 0.5231
vt 0.3505 0.5198
vt 0.3597 0.4580
vt 0.3565 0.4580
vt 0.3585 0.4361
vt 0.3617 0.4361
vt 0.3642 0.4361
vt 0.3623 0.4580
vt 0.3648 0.4580
vt 0.3677 0.4580
vt 0.3661 0.4799
vt 0.3630 0.4799
vt 0.3642 0.5001
vt 0.3623 0.4580
vt 0.3595 0.5204
vt 0.3627 0.5197
vt 0.3617 0.5322
vt 0.3589 0.5326
vt 0.3563 0.5340
vt 0.3538 0.5368
vt 0.3528 0.5388
vt 0.3510 0.5367
vt 0.3538 0.5299
vt 0.3495 0.5338
vt 0.3476 0.5322
vt 0.3505 0.5198
vt 0.3681 0.5009
vt 0.3699 0.4799
vt 0.3743 0.4799
vt 0.3727 0.5059
vt 0.3790 0.4799
vt 0.3782 0.5007
vt 0.3778 0.5187
vt 0.3742 0.5229
vt 0.3716 0.5298
vt 0.3696 0.5234
vt 0.3663 0.5203
vt 0.3713 0.4580
vt 0.3677 0.4580
vt 0.3692 0.4361
vt 0.3728 0.4361
vt 0.3756 0.4580
vt 0.3768 0.4361
vt 0.3800 0.4580
vt 0.3843 0.4580
vt 0.3834 0.4799
vt 0.3790 0.4799
vt 0.3825 0.4986
vt 0.3756 0.4580
vt 0.3778 0.5187
vt 0.3814 0.5180
vt 0.3808 0.5313
vt 0.3779 0.5317
vt 0.3750 0.5336
vt 0.3726 0.5367
vt 0.3708 0.5393
vt 0.3696 0.5367
vt 0.3716 0.5298
vt 0.3675 0.5340
vt 0.3647 0.5326
vt 0.3663 0.5203
vt 0.3867 0.5002
vt 0.3877 0.4799
vt 0.3922 0.4799
vt 0.3914 0.5060
vt 0.3967 0.4799
vt 0.3965 0.5018
vt 0.3968 0.5206
vt 0.3934 0.5236
vt 0.3909 0.5303
vt 0.3885 0.5229
vt 0.3850 0.5192
vt 0.3843 0.4580
vt 0.3853 0.4361
vt 0.3895 0.4361
vt 0.3886 0.4580
vt 0.3937 0.4361
vt 0.3930 0.4580
vt 0.3973 0.4580
vt 0.3979 0.4361
vt 0.3968 0.5206
vt 0.3978 0.5330
vt 0.3949 0.5345
vt 0.3926 0.5372
vt 0.3911 0.5397
vt 0.3894 0.5369
vt 0.3909 0.5303
vt 0.3869 0.5338
vt 0.3850 0.5192
vt 0.3839 0.5319
vt 0.3520 0.7449
vt 0.3493 0.7456
vt 0.3495 0.7257
vt 0.3532 0.7259
vt 0.3554 0.7451
vt 0.3574 0.7266
vt 0.3604 0.7441
vt 0.3622 0.7261
vt 0.3656 0.7439
vt 0.3674 0.7250
vt 0.3713 0.7440
vt 0.3732 0.7257
vt 0.3770 0.7433
vt 0.3784 0.7210
vt 0.3832 0.7437
vt 0.3870 0.7223
vt 0.3893 0.7438
vt 0.3927 0.7235
vt 0.3953 0.7438
vt 0.3974 0.7243
vt 0.3464 0.6701
vt 0.3429 0.6761
vt 0.3383 0.6522
vt 0.3408 0.6470
vt 0.3418 0.6361
vt 0.3457 0.6469
vt 0.3501 0.6521
vt 0.3522 0.6758
vt 0.3548 0.7013
vt 0.3510 0.7007
vt 0.3479 0.7024
vt 0.3383 0.6522
vt 0.3350 0.6319
vt 0.3373 0.6289
vt 0.3391 0.6235
vt 0.3412 0.6184
vt 0.3423 0.6233
vt 0.3418 0.6361
vt 0.3454 0.6286
vt 0.3501 0.6521
vt 0.3490 0.6313
vt 0.3529 0.6319
vt 0.3546 0.6533
vt 0.3571 0.6772
vt 0.3590 0.7021
vt 0.3548 0.7013
vt 0.3470 0.7274
vt 0.3479 0.7024
vt 0.3686 0.6701
vt 0.3623 0.6760
vt 0.3593 0.6520
vt 0.3635 0.6467
vt 0.3659 0.6355
vt 0.3695 0.6467
vt 0.3745 0.6519
vt 0.3761 0.6762
vt 0.3748 0.7013
vt 0.3692 0.7008
vt 0.3638 0.7015
vt 0.3593 0.6520
vt 0.3569 0.6311
vt 0.3606 0.6281
vt 0.3634 0.6225
vt 0.3651 0.6174
vt 0.3671 0.6224
vt 0.3659 0.6355
vt 0.3703 0.6281
vt 0.3745 0.6519
vt 0.3745 0.6311
vt 0.3790 0.6319
vt 0.3798 0.6528
vt 0.3803 0.6755
vt 0.3748 0.7013
vt 0.3796 0.6947
vt 0.3638 0.7015
vt 0.3933 0.6679
vt 0.3866 0.6738
vt 0.3846 0.6509
vt 0.3885 0.6459
vt 0.3915 0.6357
vt 0.3940 0.6464
vt 0.3975 0.6522
vt 0.3937 0.6758
vt 0.3935 0.6995
vt 0.3907 0.6961
vt 0.3896 0.6951
vt 0.3846 0.6509
vt 0.3834 0.6311
vt 0.3872 0.6282
vt 0.3902 0.6228
vt 0.3922 0.6178
vt 0.3940 0.6231
vt 0.3915 0.6357
vt 0.3968 0.6289
vt 0.3975 0.6522
vt 0.4002 0.6324
vt 0.3935 0.6995
vt 0.3896 0.6951
vt 0.3456 0.5992
vt 0.3428 0.5990
vt 0.3429 0.5866
vt 0.3457 0.5861
vt 0.3486 0.5991
vt 0.3488 0.5856
vt 0.3426 0.6108
vt 0.3455 0.6128
vt 0.3486 0.6138
vt 0.3429 0.5866
vt 0.3413 0.5868
vt 0.3422 0.5743
vt 0.3437 0.5741
vt 0.3466 0.5734
vt 0.3498 0.5729
vt 0.3521 0.5852
vt 0.3532 0.5725
vt 0.3518 0.5989
vt 0.3520 0.6139
vt 0.3410 0.6095
vt 0.3410 0.5988
vt 0.3685 0.5970
vt 0.3693 0.5843
vt 0.3723 0.5844
vt 0.3719 0.5978
vt 0.3754 0.5845
vt 0.3754 0.5982
vt 0.3680 0.6094
vt 0.3712 0.6119
vt 0.3750 0.6132
vt 0.3693 0.5843
vt 0.3661 0.5842
vt 0.3673 0.5720
vt 0.3703 0.5720
vt 0.3724 0.5719
vt 0.3754 0.5719
vt 0.3788 0.5844
vt 0.3786 0.5719
vt 0.3789 0.5983
vt 0.3789 0.6136
vt 0.3650 0.6080
vt 0.3652 0.5965
vt 0.3963 0.5972
vt 0.3964 0.5843
vt 0.3999 0.5846
vt 0.3996 0.5982
vt 0.4033 0.5849
vt 0.4031 0.5990
vt 0.3956 0.6101
vt 0.3988 0.6128
vt 0.4022 0.6146
vt 0.3928 0.5840
vt 0.3921 0.5718
vt 0.3957 0.5719
vt 0.3964 0.5843
vt 0.3993 0.5722
vt 0.4028 0.5723
vt 0.4063 0.5725
vt 0.4064 0.5853
vt 0.4065 0.5993
vt 0.4056 0.6152
vt 0.3927 0.6084
vt 0.3929 0.5965
vt 0.2024 0.2629
vt 0.2008 0.2217
vt 0.2074 0.2217
vt 0.2088 0.2629
vt 0.2143 0.2217
vt 0.2156 0.2629
vt 0.2061 0.3402
vt 0.2041 0.3041
vt 0.2103 0.3041
vt 0.2121 0.3402
vt 0.2169 0.3041
vt 0.2185 0.3402
vt 0.1925 0.1364
vt 0.1966 0.1790
vt 0.1990 0.1364
vt 0.2032 0.1790
vt 0.2059 0.1364
vt 0.2101 0.1790
vt 0.2215 0.4062
vt 0.2201 0.3763
vt 0.2155 0.4062
vt 0.2139 0.3763
vt 0.2098 0.4062
vt 0.2080 0.3763
vt 0.2174 0.5023
vt 0.2151 0.4799
vt 0.2202 0.4799
vt 0.2226 0.5080
vt 0.2254 0.4799
vt 0.2271 0.5029
vt 0.2293 0.5236
vt 0.2265 0.5271
vt 0.2250 0.5337
vt 0.2217 0.5272
vt 0.2183 0.5238
vt 0.2116 0.4361
vt 0.2133 0.4580
vt 0.2171 0.4361
vt 0.2186 0.4580
vt 0.2241 0.4580
vt 0.2228 0.4361
vt 0.2293 0.5236
vt 0.2315 0.5357
vt 0.2291 0.5376
vt 0.2274 0.5408
vt 0.2264 0.5438
vt 0.2244 0.5412
vt 0.2250 0.5337
vt 0.2218 0.5384
vt 0.2183 0.5238
vt 0.2189 0.5372
vt 0.2382 0.6016
vt 0.2362 0.5899
vt 0.2383 0.5899
vt 0.2400 0.6023
vt 0.2402 0.5899
vt 0.2418 0.6027
vt 0.2395 0.6137
vt 0.2413 0.6159
vt 0.2431 0.6171
vt 0.2341 0.5900
vt 0.2318 0.5788
vt 0.2341 0.5786
vt 0.2362 0.5899
vt 0.2364 0.5784
vt 0.2385 0.5782
vt 0.2405 0.5781
vt 0.2421 0.5899
vt 0.2436 0.6028
vt 0.2449 0.6175
vt 0.2436 0.6344
vt 0.2457 0.6352
vt 0.2418 0.6315
vt 0.2401 0.6263
vt 0.2388 0.6215
vt 0.2379 0.6124
vt 0.2363 0.6013
vt 0.2384 0.6729
vt 0.2342 0.6785
vt 0.2350 0.6551
vt 0.2376 0.6499
vt 0.2394 0.6390
vt 0.2411 0.6499
vt 0.2432 0.6552
vt 0.2415 0.6788
vt 0.2394 0.7047
vt 0.2360 0.7031
vt 0.2324 0.7035
vt 0.2350 0.6551
vt 0.2345 0.6346
vt 0.2365 0.6317
vt 0.2380 0.6264
vt 0.2394 0.6390
vt 0.2432 0.6552
vt 0.2379 0.7253
vt 0.2394 0.7047
vt 0.2343 0.7242
vt 0.2304 0.7241
vt 0.2324 0.7035
vt 0.2303 0.7492
vt 0.2285 0.7391
vt 0.2326 0.7391
vt 0.2340 0.7497
vt 0.2369 0.7396
vt 0.2370 0.7507
vt 0.2331 0.7567
vt 0.2366 0.7573
vt 0.2398 0.7580
vt 0.2285 0.7391
vt 0.2486 0.2629
vt 0.2485 0.2217
vt 0.2539 0.2217
vt 0.2539 0.2629
vt 0.2594 0.2217
vt 0.2592 0.2629
vt 0.2492 0.3402
vt 0.2488 0.3041
vt 0.2539 0.3041
vt 0.2541 0.3402
vt 0.2590 0.3402
vt 0.2590 0.3041
vt 0.2445 0.1364
vt 0.2465 0.1790
vt 0.2510 0.1364
vt 0.2525 0.1790
vt 0.2585 0.1790
vt 0.2576 0.1364
vt 0.2594 0.4062
vt 0.2591 0.3763
vt 0.2546 0.4062
vt 0.2543 0.3763
vt 0.2500 0.4062
vt 0.2496 0.3763
vt 0.2523 0.5041
vt 0.2515 0.4799
vt 0.2563 0.4799
vt 0.2576 0.5090
vt 0.2610 0.4799
vt 0.2626 0.5037
vt 0.2638 0.5233
vt 0.2604 0.5266
vt 0.2583 0.5331
vt 0.2558 0.5269
vt 0.2522 0.5239
vt 0.2464 0.4580
vt 0.2458 0.4361
vt 0.2503 0.4361
vt 0.2509 0.4580
vt 0.2550 0.4361
vt 0.2556 0.4580
vt 0.2603 0.4580
vt 0.2652 0.4580
vt 0.2659 0.4799
vt 0.2610 0.4799
vt 0.2556 0.4580
vt 0.2638 0.5233
vt 0.2649 0.5352
vt 0.2621 0.5369
vt 0.2601 0.5400
vt 0.2588 0.5429
vt 0.2572 0.5403
vt 0.2583 0.5331
vt 0.2549 0.5375
vt 0.2522 0.5239
vt 0.2520 0.5362
vt 0.2650 0.6008
vt 0.2642 0.5888
vt 0.2662 0.5890
vt 0.2669 0.6016
vt 0.2682 0.5890
vt 0.2687 0.6020
vt 0.2656 0.6129
vt 0.2673 0.6152
vt 0.2691 0.6166
vt 0.2621 0.5887
vt 0.2611 0.5771
vt 0.2633 0.5771
vt 0.2642 0.5888
vt 0.2654 0.5771
vt 0.2676 0.5770
vt 0.2698 0.5769
vt 0.2702 0.5890
vt 0.2706 0.6021
vt 0.2710 0.6168
vt 0.2692 0.6343
vt 0.2715 0.6350
vt 0.2672 0.6312
vt 0.2657 0.6257
vt 0.2645 0.6207
vt 0.2640 0.6115
vt 0.2632 0.6003
vt 0.2648 0.6748
vt 0.2611 0.6806
vt 0.2612 0.6560
vt 0.2637 0.6504
vt 0.2651 0.6387
vt 0.2664 0.6504
vt 0.2689 0.6560
vt 0.2685 0.6803
vt 0.2681 0.7057
vt 0.2645 0.7058
vt 0.2607 0.7073
vt 0.2612 0.6560
vt 0.2602 0.6342
vt 0.2622 0.6312
vt 0.2636 0.6256
vt 0.2651 0.6387
vt 0.2689 0.6560
vt 0.2681 0.7057
vt 0.2680 0.7293
vt 0.2645 0.7303
vt 0.2604 0.7311
vt 0.2607 0.7073
vt 0.2604 0.7577
vt 0.2601 0.7475
vt 0.2644 0.7473
vt 0.2645 0.7581
vt 0.2680 0.7569
vt 0.2680 0.7460
vt 0.2610 0.7644
vt 0.2647 0.7652
vt 0.2681 0.7643
vt 0.2601 0.7475
vt 0.3017 0.2629
vt 0.2953 0.2629
vt 0.2968 0.2217
vt 0.3034 0.2217
vt 0.3083 0.2629
vt 0.3102 0.2217
vt 0.2989 0.3402
vt 0.2930 0.3402
vt 0.2939 0.3041
vt 0.3000 0.3041
vt 0.3053 0.3402
vt 0.3065 0.3041
vt 0.2974 0.1790
vt 0.2981 0.1364
vt 0.3038 0.1790
vt 0.3043 0.1364
vt 0.3105 0.1790
vt 0.3108 0.1364
vt 0.3035 0.4062
vt 0.3041 0.3763
vt 0.2974 0.4062
vt 0.2979 0.3763
vt 0.2917 0.4062
vt 0.2921 0.3763
vt 0.2921 0.5028
vt 0.2919 0.4799
vt 0.2972 0.4799
vt 0.2973 0.5080
vt 0.3029 0.4799
vt 0.3029 0.5027
vt 0.3024 0.5221
vt 0.2990 0.5255
vt 0.2968 0.5319
vt 0.2948 0.5257
vt 0.2916 0.5226
vt 0.2916 0.4580
vt 0.2870 0.4580
vt 0.2867 0.4361
vt 0.2913 0.4361
vt 0.2969 0.4361
vt 0.2971 0.4580
vt 0.3029 0.4580
vt 0.3082 0.4580
vt 0.3081 0.4799
vt 0.3029 0.4799
vt 0.2971 0.4580
vt 0.3024 0.5221
vt 0.3019 0.5339
vt 0.2994 0.5358
vt 0.2976 0.5388
vt 0.2964 0.5417
vt 0.2955 0.5391
vt 0.2968 0.5319
vt 0.2937 0.5364
vt 0.2916 0.5226
vt 0.2912 0.5351
vt 0.2927 0.5995
vt 0.2938 0.5873
vt 0.2953 0.5875
vt 0.2942 0.6003
vt 0.2969 0.5876
vt 0.2957 0.6008
vt 0.2916 0.6117
vt 0.2930 0.6141
vt 0.2947 0.6155
vt 0.2938 0.5873
vt 0.2923 0.5872
vt 0.2934 0.5755
vt 0.2950 0.5755
vt 0.2966 0.5755
vt 0.2983 0.5755
vt 0.2987 0.5877
vt 0.3002 0.5755
vt 0.2974 0.6009
vt 0.2964 0.6157
vt 0.2939 0.6331
vt 0.2961 0.6336
vt 0.2918 0.6302
vt 0.2903 0.6245
vt 0.2896 0.6194
vt 0.2905 0.6101
vt 0.2913 0.5989
vt 0.2908 0.6731
vt 0.2882 0.6796
vt 0.2870 0.6553
vt 0.2885 0.6494
vt 0.2893 0.6378
vt 0.2911 0.6493
vt 0.2940 0.6545
vt 0.2950 0.6781
vt 0.2963 0.7030
vt 0.2925 0.7031
vt 0.2891 0.7052
vt 0.2870 0.6553
vt 0.2865 0.6335
vt 0.2881 0.6302
vt 0.2889 0.6245
vt 0.2893 0.6378
vt 0.2940 0.6545
vt 0.2979 0.7260
vt 0.2963 0.7030
vt 0.2940 0.7269
vt 0.2901 0.7286
vt 0.2891 0.7052
vt 0.2950 0.7547
vt 0.2909 0.7558
vt 0.2909 0.7450
vt 0.2950 0.7436
vt 0.2991 0.7537
vt 0.2992 0.7428
vt 0.2939 0.7623
vt 0.2900 0.7632
vt 0.2979 0.7611
vt 0.2909 0.7450
vt 0.1632 0.2629
vt 0.1604 0.2217
vt 0.1627 0.2217
vt 0.1655 0.2629
vt 0.1657 0.2217
vt 0.1684 0.2629
vt 0.1692 0.3402
vt 0.1661 0.3041
vt 0.1683 0.3041
vt 0.1714 0.3402
vt 0.1712 0.3041
vt 0.1742 0.3402
vt 0.1538 0.1790
vt 0.1491 0.1364
vt 0.1513 0.1364
vt 0.1559 0.1790
vt 0.1540 0.1364
vt 0.1583 0.1790
vt 0.1574 0.1364
vt 0.1616 0.1790
vt 0.1802 0.4062
vt 0.1772 0.3763
vt 0.1775 0.4062
vt 0.1745 0.3763
vt 0.1754 0.4062
vt 0.1724 0.3763
vt 0.1736 0.4062
vt 0.1705 0.3763
vt 0.1674 0.3402
vt 0.1642 0.3041
vt 0.1613 0.2629
vt 0.1584 0.2217
vt 0.1903 0.5039
vt 0.1847 0.4799
vt 0.1870 0.4799
vt 0.1937 0.5094
vt 0.1895 0.4799
vt 0.1953 0.5041
vt 0.2002 0.5259
vt 0.1992 0.5293
vt 0.1991 0.5361
vt 0.1959 0.5291
vt 0.1932 0.5255
vt 0.1784 0.4361
vt 0.1816 0.4580
vt 0.1805 0.4361
vt 0.1838 0.4580
vt 0.1863 0.4580
vt 0.1832 0.4361
vt 0.1838 0.4580
vt 0.1863 0.4580
vt 0.2040 0.5390
vt 0.2002 0.5259
vt 0.2027 0.5406
vt 0.2018 0.5437
vt 0.2014 0.5468
vt 0.1996 0.5439
vt 0.1991 0.5361
vt 0.1972 0.5408
vt 0.1932 0.5255
vt 0.1952 0.5388
vt 0.2159 0.6047
vt 0.2141 0.5940
vt 0.2154 0.5939
vt 0.2172 0.6052
vt 0.2167 0.5937
vt 0.2185 0.6054
vt 0.2169 0.6160
vt 0.2181 0.6180
vt 0.2195 0.6191
vt 0.2127 0.5942
vt 0.2106 0.5841
vt 0.2119 0.5840
vt 0.2141 0.5940
vt 0.2132 0.5838
vt 0.2145 0.5835
vt 0.2156 0.5833
vt 0.2178 0.5935
vt 0.2197 0.6054
vt 0.2208 0.6193
vt 0.2195 0.6356
vt 0.2212 0.6362
vt 0.2180 0.6330
vt 0.2169 0.6279
vt 0.2162 0.6233
vt 0.2157 0.6148
vt 0.2146 0.6045
vt 0.2124 0.6730
vt 0.2070 0.6795
vt 0.2098 0.6560
vt 0.2132 0.6507
vt 0.2157 0.6401
vt 0.2164 0.6505
vt 0.2183 0.6554
vt 0.2157 0.6780
vt 0.2122 0.7023
vt 0.2077 0.7024
vt 0.2028 0.7054
vt 0.2098 0.6560
vt 0.2113 0.6359
vt 0.2136 0.6331
vt 0.2153 0.6280
vt 0.2157 0.6401
vt 0.2183 0.6554
vt 0.2122 0.7023
vt 0.2094 0.7230
vt 0.2054 0.7241
vt 0.2018 0.7269
vt 0.2028 0.7054
vt 0.2035 0.7435
vt 0.1990 0.7520
vt 0.2018 0.7372
vt 0.2044 0.7358
vt 0.2070 0.7437
vt 0.2075 0.7353
vt 0.2047 0.7515
vt 0.2090 0.7517
vt 0.3279 0.7446
vt 0.3242 0.7464
vt 0.3228 0.7362
vt 0.3262 0.7346
vt 0.3312 0.7430
vt 0.3293 0.7336
vt 0.3256 0.7535
vt 0.3219 0.7552
vt 0.3290 0.7518
vt 0.3228 0.7362
vt 0.3201 0.7220
vt 0.3233 0.7205
vt 0.3266 0.7199
vt 0.3164 0.6698
vt 0.3140 0.6756
vt 0.3118 0.6526
vt 0.3133 0.6473
vt 0.3145 0.6366
vt 0.3163 0.6474
vt 0.3188 0.6524
vt 0.3204 0.6749
vt 0.3234 0.6990
vt 0.3199 0.6987
vt 0.3168 0.7004
vt 0.3118 0.6526
vt 0.3108 0.6319
vt 0.3124 0.6291
vt 0.3137 0.6239
vt 0.3147 0.6193
vt 0.3154 0.6242
vt 0.3145 0.6366
vt 0.3167 0.6296
vt 0.3188 0.6524
vt 0.3184 0.6324
vt 0.3234 0.6990
vt 0.3168 0.7004
vt 0.3179 0.5999
vt 0.3204 0.5883
vt 0.3214 0.5886
vt 0.3189 0.6008
vt 0.3225 0.5889
vt 0.3201 0.6015
vt 0.3165 0.6119
vt 0.3176 0.6143
vt 0.3189 0.6157
vt 0.3204 0.5883
vt 0.3193 0.5880
vt 0.3221 0.5767
vt 0.3230 0.5770
vt 0.3240 0.5772
vt 0.3250 0.5775
vt 0.3237 0.5892
vt 0.3261 0.5779
vt 0.3213 0.6018
vt 0.3203 0.6160
vt 0.3154 0.6103
vt 0.3168 0.5993
vt 0.3254 0.5002
vt 0.3256 0.4799
vt 0.3294 0.4799
vt 0.3285 0.5008
vt 0.3327 0.4799
vt 0.3358 0.4799
vt 0.3337 0.4998
vt 0.3307 0.5055
vt 0.3313 0.5204
vt 0.3293 0.5240
vt 0.3278 0.5309
vt 0.3276 0.5240
vt 0.3264 0.5208
vt 0.3285 0.5008
vt 0.3302 0.4580
vt 0.3260 0.4580
vt 0.3264 0.4361
vt 0.3309 0.4361
vt 0.3339 0.4580
vt 0.3350 0.4361
vt 0.3372 0.4580
vt 0.3401 0.4580
vt 0.3386 0.4799
vt 0.3358 0.4799
vt 0.3339 0.4580
vt 0.3313 0.5204
vt 0.3301 0.5337
vt 0.3287 0.5352
vt 0.3275 0.5381
vt 0.3266 0.5407
vt 0.3264 0.5380
vt 0.3278 0.5309
vt 0.3257 0.5351
vt 0.3264 0.5208
vt 0.3247 0.5336
vt 0.3474 0.2629
vt 0.3417 0.2629
vt 0.3443 0.2217
vt 0.3502 0.2217
vt 0.3523 0.2629
vt 0.3553 0.2217
vt 0.3419 0.3402
vt 0.3368 0.3402
vt 0.3392 0.3041
vt 0.3446 0.3041
vt 0.3463 0.3402
vt 0.3493 0.3041
vt 0.3449 0.1790
vt 0.3456 0.1364
vt 0.3507 0.1790
vt 0.3513 0.1364
vt 0.3557 0.1790
vt 0.3562 0.1364
vt 0.3410 0.4062
vt 0.3433 0.3763
vt 0.3371 0.4062
vt 0.3392 0.3763
vt 0.3327 0.4062
vt 0.3344 0.3763
vt 0.1146 0.2629
vt 0.1179 0.2629
vt 0.1167 0.3041
vt 0.1135 0.3041
vt 0.1135 0.3402
vt 0.1167 0.3402
vt 0.1166 0.3763
vt 0.1136 0.3763
vt 0.1108 0.2629
vt 0.1097 0.3041
vt 0.1099 0.3402
vt 0.1101 0.3763
vt 0.1190 0.1790
vt 0.1191 0.2217
vt 0.1173 0.4062
vt 0.1179 0.4361
vt 0.1143 0.4062
vt 0.1150 0.4361
vt 0.1110 0.4062
vt 0.1118 0.4361
vt 0.1115 0.1790
vt 0.1118 0.2217
vt 0.1156 0.1790
vt 0.1158 0.2217
vt 0.1172 0.4799
vt 0.1200 0.4799
vt 0.1212 0.5059
vt 0.1181 0.5113
vt 0.1210 0.5275
vt 0.1187 0.5309
vt 0.1167 0.5380
vt 0.1160 0.5313
vt 0.1142 0.5284
vt 0.1154 0.5070
vt 0.1143 0.4799
vt 0.1190 0.4580
vt 0.1216 0.4580
vt 0.1227 0.4799
vt 0.1200 0.4799
vt 0.1161 0.4580
vt 0.1210 0.5275
vt 0.1205 0.5401
vt 0.1185 0.5418
vt 0.1167 0.5447
vt 0.1155 0.5473
vt 0.1151 0.5448
vt 0.1167 0.5380
vt 0.1141 0.5421
vt 0.1142 0.5284
vt 0.1126 0.5407
vt 0.1131 0.4580
vt 0.1097 0.4580
vt 0.1161 0.4580
vt 0.1115 0.5943
vt 0.1123 0.5942
vt 0.1127 0.6069
vt 0.1118 0.6075
vt 0.1133 0.6194
vt 0.1125 0.6216
vt 0.1107 0.5944
vt 0.1110 0.6077
vt 0.1116 0.6226
vt 0.1142 0.5823
vt 0.1153 0.5822
vt 0.1133 0.5939
vt 0.1123 0.5942
vt 0.1136 0.6065
vt 0.1141 0.6180
vt 0.1147 0.6274
vt 0.1143 0.6323
vt 0.1137 0.6376
vt 0.1127 0.6403
vt 0.1106 0.6227
vt 0.1115 0.6408
vt 0.1101 0.6076
vt 0.1098 0.5942
vt 0.1105 0.5823
vt 0.1119 0.5824
vt 0.1130 0.5824
vt 0.1194 0.6792
vt 0.1181 0.6562
vt 0.1203 0.6616
vt 0.1225 0.6851
vt 0.1252 0.7095
vt 0.1226 0.7086
vt 0.1204 0.7095
vt 0.1175 0.6847
vt 0.1148 0.6611
vt 0.1158 0.6561
vt 0.1159 0.6452
vt 0.1203 0.6616
vt 0.1187 0.6408
vt 0.1171 0.6378
vt 0.1230 0.7331
vt 0.1252 0.7095
vt 0.1203 0.7329
vt 0.1181 0.7334
vt 0.1204 0.7095
vt 0.1148 0.6611
vt 0.1156 0.6323
vt 0.1159 0.6452
vt 0.1214 0.7524
vt 0.1160 0.7523
vt 0.1185 0.7521
vt 0.0733 0.2629
vt 0.0732 0.2217
vt 0.0794 0.2217
vt 0.0794 0.2629
vt 0.0750 0.3402
vt 0.0808 0.3402
vt 0.0822 0.3763
vt 0.0767 0.3763
vt 0.0674 0.2629
vt 0.0672 0.2217
vt 0.0695 0.3402
vt 0.0676 0.3041
vt 0.0734 0.3041
vt 0.0750 0.3402
vt 0.0791 0.1790
vt 0.0787 0.1364
vt 0.0864 0.3402
vt 0.0876 0.3763
vt 0.0843 0.4062
vt 0.0864 0.4361
vt 0.0791 0.4062
vt 0.0814 0.4361
vt 0.0740 0.4062
vt 0.0766 0.4361
vt 0.0695 0.3402
vt 0.0714 0.3763
vt 0.0618 0.2629
vt 0.0615 0.2217
vt 0.0616 0.1790
vt 0.0617 0.1364
vt 0.0670 0.1364
vt 0.0671 0.1790
vt 0.0727 0.1364
vt 0.0730 0.1790
vt 0.0863 0.4799
vt 0.0909 0.4799
vt 0.0935 0.5096
vt 0.0894 0.5146
vt 0.0942 0.5300
vt 0.0916 0.5333
vt 0.0900 0.5395
vt 0.0883 0.5333
vt 0.0855 0.5307
vt 0.0850 0.5106
vt 0.0819 0.4799
vt 0.0886 0.4580
vt 0.0933 0.4580
vt 0.0952 0.4799
vt 0.0909 0.4799
vt 0.0839 0.4580
vt 0.0942 0.5300
vt 0.0940 0.5414
vt 0.0921 0.5433
vt 0.0908 0.5455
vt 0.0898 0.5477
vt 0.0889 0.5455
vt 0.0900 0.5395
vt 0.0874 0.5431
vt 0.0855 0.5307
vt 0.0855 0.5419
vt 0.0750 0.4580
vt 0.0792 0.4580
vt 0.0839 0.4580
vt 0.0886 0.5908
vt 0.0905 0.5904
vt 0.0902 0.6032
vt 0.0884 0.6041
vt 0.0904 0.6165
vt 0.0887 0.6189
vt 0.0869 0.5910
vt 0.0867 0.6046
vt 0.0870 0.6201
vt 0.0910 0.5789
vt 0.0920 0.5786
vt 0.0924 0.5901
vt 0.0905 0.5904
vt 0.0921 0.6026
vt 0.0921 0.6149
vt 0.0923 0.6247
vt 0.0913 0.6300
vt 0.0898 0.6356
vt 0.0880 0.6386
vt 0.0855 0.6203
vt 0.0861 0.6391
vt 0.0852 0.6046
vt 0.0853 0.5911
vt 0.0856 0.5796
vt 0.0873 0.5795
vt 0.0891 0.5792
vt 0.0953 0.6793
vt 0.0953 0.6550
vt 0.0979 0.6606
vt 0.0995 0.6855
vt 0.1019 0.7123
vt 0.0980 0.7114
vt 0.0944 0.7127
vt 0.0919 0.6855
vt 0.0896 0.6604
vt 0.0918 0.6550
vt 0.0930 0.6434
vt 0.0979 0.6606
vt 0.0973 0.6388
vt 0.0953 0.6357
vt 0.1019 0.7123
vt 0.1008 0.7376
vt 0.0974 0.7375
vt 0.0940 0.7381
vt 0.0944 0.7127
vt 0.0896 0.6604
vt 0.0935 0.6299
vt 0.0930 0.6434
vt 0.0995 0.7562
vt 0.0933 0.7564
vt 0.0964 0.7561
vt 0.0262 0.2629
vt 0.0319 0.2629
vt 0.0332 0.3041
vt 0.0276 0.3041
vt 0.0311 0.3402
vt 0.0364 0.3402
vt 0.0396 0.3763
vt 0.0346 0.3763
vt 0.0204 0.2629
vt 0.0221 0.3041
vt 0.0258 0.3402
vt 0.0295 0.3763
vt 0.0319 0.1790
vt 0.0307 0.2217
vt 0.0436 0.4062
vt 0.0476 0.4361
vt 0.0387 0.4062
vt 0.0429 0.4361
vt 0.0338 0.4062
vt 0.0382 0.4361
vt 0.0198 0.1790
vt 0.0188 0.2217
vt 0.0259 0.1790
vt 0.0247 0.2217
vt 0.0509 0.4799
vt 0.0553 0.4799
vt 0.0605 0.5147
vt 0.0565 0.5201
vt 0.0635 0.5338
vt 0.0611 0.5371
vt 0.0599 0.5432
vt 0.0570 0.5381
vt 0.0535 0.5362
vt 0.0513 0.5170
vt 0.0463 0.4799
vt 0.0514 0.4580
vt 0.0561 0.4580
vt 0.0597 0.4799
vt 0.0553 0.4799
vt 0.0469 0.4580
vt 0.0635 0.5338
vt 0.0651 0.5439
vt 0.0632 0.5457
vt 0.0619 0.5485
vt 0.0610 0.5511
vt 0.0595 0.5492
vt 0.0599 0.5432
vt 0.0572 0.5474
vt 0.0535 0.5362
vt 0.0546 0.5467
vt 0.0422 0.4580
vt 0.0375 0.4580
vt 0.0469 0.4580
vt 0.0607 0.5900
vt 0.0625 0.5895
vt 0.0636 0.6018
vt 0.0617 0.6028
vt 0.0643 0.6151
vt 0.0626 0.6176
vt 0.0591 0.5904
vt 0.0600 0.6034
vt 0.0608 0.6190
vt 0.0613 0.5794
vt 0.0632 0.5790
vt 0.0644 0.5892
vt 0.0625 0.5895
vt 0.0655 0.6011
vt 0.0660 0.6134
vt 0.0664 0.6234
vt 0.0653 0.6288
vt 0.0637 0.6347
vt 0.0617 0.6379
vt 0.0591 0.6193
vt 0.0598 0.6387
vt 0.0585 0.6036
vt 0.0577 0.5906
vt 0.0568 0.5801
vt 0.0581 0.5799
vt 0.0596 0.5796
vt 0.0685 0.6797
vt 0.0693 0.6544
vt 0.0719 0.6600
vt 0.0726 0.6859
vt 0.0742 0.7141
vt 0.0704 0.7132
vt 0.0666 0.7144
vt 0.0648 0.6861
vt 0.0631 0.6603
vt 0.0654 0.6546
vt 0.0670 0.6426
vt 0.0719 0.6600
vt 0.0716 0.6376
vt 0.0696 0.6345
vt 0.0749 0.7404
vt 0.0742 0.7141
vt 0.0714 0.7401
vt 0.0679 0.7404
vt 0.0666 0.7144
vt 0.0631 0.6603
vt 0.0678 0.6287
vt 0.0670 0.6426
vt 0.0750 0.7589
vt 0.0685 0.7585
vt 0.0717 0.7585
vt 0.4877 0.2629
vt 0.4936 0.2629
vt 0.4916 0.3041
vt 0.4859 0.3041
vt 0.4829 0.3402
vt 0.4883 0.3402
vt 0.4817 0.2629
vt 0.4834 0.2217
vt 0.4895 0.2217
vt 0.4877 0.2629
vt 0.4773 0.3402
vt 0.4801 0.3041
vt 0.4948 0.1790
vt 0.4955 0.2217
vt 0.4883 0.3402
vt 0.4851 0.3763
vt 0.4811 0.4062
vt 0.4859 0.4062
vt 0.4818 0.4361
vt 0.4772 0.4361
vt 0.4760 0.4062
vt 0.4722 0.4361
vt 0.4708 0.4062
vt 0.4744 0.3763
vt 0.4798 0.3763
vt 0.4760 0.4062
vt 0.4804 0.1364
vt 0.4819 0.1790
vt 0.4874 0.1364
vt 0.4885 0.1790
vt 0.4885 0.1790
vt 0.4895 0.2217
vt 0.4660 0.4799
vt 0.4707 0.4799
vt 0.4667 0.5141
vt 0.4615 0.5171
vt 0.4645 0.5288
vt 0.4613 0.5308
vt 0.4589 0.5360
vt 0.4576 0.5299
vt 0.4550 0.5267
vt 0.4577 0.5119
vt 0.4614 0.4799
vt 0.4739 0.4580
vt 0.4784 0.4580
vt 0.4751 0.4799
vt 0.4707 0.4799
vt 0.4691 0.4580
vt 0.4645 0.5288
vt 0.4633 0.5390
vt 0.4610 0.5398
vt 0.4594 0.5417
vt 0.4584 0.5437
vt 0.4574 0.5413
vt 0.4589 0.5360
vt 0.4558 0.5387
vt 0.4550 0.5267
vt 0.4536 0.5370
vt 0.4673 0.4361
vt 0.4643 0.4580
vt 0.4722 0.4361
vt 0.4691 0.4580
vt 0.4530 0.5843
vt 0.4546 0.5839
vt 0.4545 0.5963
vt 0.4529 0.5972
vt 0.4548 0.6093
vt 0.4533 0.6118
vt 0.4517 0.5846
vt 0.4516 0.5979
vt 0.4518 0.6134
vt 0.4546 0.5728
vt 0.4567 0.5726
vt 0.4563 0.5836
vt 0.4546 0.5839
vt 0.4562 0.5956
vt 0.4563 0.6076
vt 0.4565 0.6174
vt 0.4555 0.6227
vt 0.4539 0.6284
vt 0.4521 0.6316
vt 0.4504 0.6139
vt 0.4504 0.6325
vt 0.4503 0.5981
vt 0.4504 0.5845
vt 0.4508 0.5731
vt 0.4518 0.5738
vt 0.4526 0.5730
vt 0.4558 0.6717
vt 0.4582 0.6475
vt 0.4604 0.6529
vt 0.4593 0.6779
vt 0.4582 0.7049
vt 0.4547 0.7037
vt 0.4510 0.7045
vt 0.4520 0.6777
vt 0.4523 0.6531
vt 0.4547 0.6476
vt 0.4566 0.6361
vt 0.4604 0.6529
vt 0.4612 0.6311
vt 0.4594 0.6281
vt 0.4584 0.7302
vt 0.4582 0.7049
vt 0.4550 0.7295
vt 0.4516 0.7294
vt 0.4510 0.7045
vt 0.4523 0.6531
vt 0.4577 0.6225
vt 0.4566 0.6361
vt 0.4592 0.7481
vt 0.4529 0.7471
vt 0.4561 0.7474
vt 0.4356 0.7456
vt 0.4331 0.7272
vt 0.4273 0.7255
vt 0.4303 0.7438
vt 0.4301 0.7261
vt 0.4330 0.7446
vt 0.4309 0.6715
vt 0.4340 0.6483
vt 0.4356 0.6535
vt 0.4336 0.6775
vt 0.4312 0.7030
vt 0.4282 0.7015
vt 0.4250 0.7018
vt 0.4271 0.6769
vt 0.4288 0.6536
vt 0.4311 0.6483
vt 0.4331 0.6372
vt 0.4356 0.6535
vt 0.4366 0.6323
vt 0.4353 0.6294
vt 0.4312 0.7030
vt 0.4250 0.7018
vt 0.4288 0.6536
vt 0.4299 0.6329
vt 0.4313 0.6299
vt 0.4326 0.6242
vt 0.4334 0.6189
vt 0.4342 0.6240
vt 0.4331 0.6372
vt 0.4336 0.5843
vt 0.4339 0.5836
vt 0.4324 0.5973
vt 0.4318 0.5984
vt 0.4323 0.6109
vt 0.4314 0.6136
vt 0.4333 0.5847
vt 0.4314 0.5992
vt 0.4306 0.6151
vt 0.4341 0.5714
vt 0.4344 0.5709
vt 0.4342 0.5830
vt 0.4339 0.5836
vt 0.4332 0.5966
vt 0.4333 0.6091
vt 0.4300 0.6157
vt 0.4312 0.5996
vt 0.4329 0.5850
vt 0.4333 0.5721
vt 0.4335 0.5719
vt 0.4339 0.5716
vt 0.4349 0.4799
vt 0.4381 0.4799
vt 0.4367 0.5059
vt 0.4339 0.5098
vt 0.4361 0.5225
vt 0.4346 0.5253
vt 0.4339 0.5317
vt 0.4329 0.5253
vt 0.4311 0.5221
vt 0.4313 0.5047
vt 0.4318 0.4799
vt 0.4397 0.4580
vt 0.4412 0.4361
vt 0.4360 0.4580
vt 0.4372 0.4361
vt 0.4361 0.5225
vt 0.4361 0.5338
vt 0.4351 0.5352
vt 0.4344 0.5377
vt 0.4340 0.5399
vt 0.4336 0.5377
vt 0.4339 0.5317
vt 0.4328 0.5352
vt 0.4311 0.5221
vt 0.4315 0.5337
vt 0.4334 0.4361
vt 0.4326 0.4580
vt 0.4430 0.2629
vt 0.4432 0.2217
vt 0.4491 0.2217
vt 0.4486 0.2629
vt 0.4416 0.3402
vt 0.4428 0.3041
vt 0.4482 0.3041
vt 0.4468 0.3402
vt 0.4379 0.2629
vt 0.4378 0.2217
vt 0.4370 0.3402
vt 0.4379 0.3041
vt 0.4453 0.1790
vt 0.4416 0.1364
vt 0.4433 0.4062
vt 0.4453 0.3763
vt 0.4388 0.4062
vt 0.4405 0.3763
vt 0.4348 0.4062
vt 0.4361 0.3763
vt 0.4289 0.1364
vt 0.4334 0.1790
vt 0.4350 0.1364
vt 0.4391 0.1790
vt 0.4331 0.5504
vt 0.4327 0.5427
vt 0.4334 0.5436
vt 0.4335 0.5506
vt 0.4340 0.5601
vt 0.4344 0.5600
vt 0.4324 0.5504
vt 0.4318 0.5421
vt 0.4334 0.5604
vt 0.4334 0.5436
vt 0.4339 0.5442
vt 0.4338 0.5507
vt 0.4345 0.5598
vt 0.4325 0.5606
vt 0.4313 0.5505
vt 0.4306 0.5420
vt 0.4350 0.5428
vt 0.4358 0.5422
vt 0.4355 0.5503
vt 0.4348 0.5504
vt 0.4350 0.5595
vt 0.4355 0.5597
vt 0.4344 0.5436
vt 0.4342 0.5506
vt 0.4348 0.5595
vt 0.4369 0.5422
vt 0.4358 0.5422
vt 0.4364 0.5505
vt 0.4361 0.5598
vt 0.4356 0.5709
vt 0.4363 0.5710
vt 0.4351 0.5708
vt 0.4348 0.5710
vt 0.4349 0.5973
vt 0.4353 0.5827
vt 0.4358 0.5827
vt 0.4358 0.5976
vt 0.4354 0.6126
vt 0.4365 0.6138
vt 0.4340 0.5968
vt 0.4348 0.5827
vt 0.4343 0.6104
vt 0.4358 0.5827
vt 0.4537 0.5542
vt 0.4547 0.5463
vt 0.4566 0.5474
vt 0.4557 0.5546
vt 0.4549 0.5630
vt 0.4529 0.5630
vt 0.4519 0.5538
vt 0.4527 0.5454
vt 0.4515 0.5632
vt 0.4566 0.5474
vt 0.4582 0.5482
vt 0.4576 0.5548
vt 0.4570 0.5628
vt 0.4510 0.5631
vt 0.4505 0.5536
vt 0.4507 0.5449
vt 0.4613 0.5470
vt 0.4629 0.5468
vt 0.4624 0.5542
vt 0.4611 0.5543
vt 0.4614 0.5628
vt 0.4606 0.5626
vt 0.4597 0.5477
vt 0.4594 0.5546
vt 0.4591 0.5627
vt 0.4649 0.5471
vt 0.4629 0.5468
vt 0.4639 0.5545
vt 0.4628 0.5630
vt 0.4609 0.5722
vt 0.4625 0.5725
vt 0.4600 0.5723
vt 0.4587 0.5724
vt 0.4597 0.5964
vt 0.4597 0.5833
vt 0.4611 0.5832
vt 0.4612 0.5967
vt 0.4597 0.6113
vt 0.4614 0.6126
vt 0.4579 0.5958
vt 0.4581 0.5834
vt 0.4580 0.6090
vt 0.4611 0.5832
vt 0.0579 0.5629
vt 0.0575 0.5551
vt 0.0596 0.5556
vt 0.0600 0.5627
vt 0.0604 0.5707
vt 0.0584 0.5709
vt 0.0559 0.5631
vt 0.0553 0.5551
vt 0.0570 0.5709
vt 0.0596 0.5556
vt 0.0615 0.5557
vt 0.0620 0.5623
vt 0.0626 0.5702
vt 0.0562 0.5708
vt 0.0544 0.5630
vt 0.0531 0.5553
vt 0.0650 0.5529
vt 0.0668 0.5519
vt 0.0678 0.5599
vt 0.0661 0.5606
vt 0.0684 0.5687
vt 0.0669 0.5691
vt 0.0632 0.5545
vt 0.0641 0.5615
vt 0.0647 0.5697
vt 0.0684 0.5515
vt 0.0668 0.5519
vt 0.0690 0.5595
vt 0.0693 0.5684
vt 0.0703 0.5781
vt 0.0688 0.5779
vt 0.0672 0.5783
vt 0.0652 0.5787
vt 0.0690 0.6021
vt 0.0679 0.5890
vt 0.0696 0.5890
vt 0.0705 0.6026
vt 0.0696 0.6172
vt 0.0712 0.6185
vt 0.0674 0.6014
vt 0.0662 0.5891
vt 0.0678 0.6148
vt 0.0696 0.5890
vt 0.0877 0.5594
vt 0.0871 0.5511
vt 0.0882 0.5520
vt 0.0885 0.5595
vt 0.0893 0.5687
vt 0.0905 0.5684
vt 0.0865 0.5594
vt 0.0857 0.5507
vt 0.0874 0.5690
vt 0.0882 0.5520
vt 0.0896 0.5525
vt 0.0893 0.5597
vt 0.0908 0.5685
vt 0.0856 0.5692
vt 0.0848 0.5597
vt 0.0839 0.5508
vt 0.0924 0.5505
vt 0.0939 0.5497
vt 0.0935 0.5582
vt 0.0919 0.5586
vt 0.0932 0.5679
vt 0.0920 0.5683
vt 0.0909 0.5516
vt 0.0906 0.5592
vt 0.0913 0.5685
vt 0.0957 0.5495
vt 0.0939 0.5497
vt 0.0952 0.5582
vt 0.0945 0.5679
vt 0.0954 0.5781
vt 0.0961 0.5783
vt 0.0943 0.5783
vt 0.0931 0.5782
vt 0.0956 0.6036
vt 0.0954 0.5899
vt 0.0966 0.5900
vt 0.0971 0.6041
vt 0.0955 0.6187
vt 0.0971 0.6201
vt 0.0940 0.6029
vt 0.0940 0.5899
vt 0.0938 0.6163
vt 0.0966 0.5900
vt 0.1132 0.5611
vt 0.1132 0.5513
vt 0.1144 0.5523
vt 0.1145 0.5613
vt 0.1137 0.5714
vt 0.1151 0.5714
vt 0.1118 0.5609
vt 0.1118 0.5506
vt 0.1123 0.5713
vt 0.1144 0.5523
vt 0.1154 0.5530
vt 0.1158 0.5614
vt 0.1165 0.5714
vt 0.1107 0.5712
vt 0.1102 0.5607
vt 0.1101 0.5504
vt 0.1181 0.5509
vt 0.1198 0.5502
vt 0.1191 0.5603
vt 0.1178 0.5606
vt 0.1183 0.5715
vt 0.1176 0.5714
vt 0.1167 0.5521
vt 0.1170 0.5610
vt 0.1173 0.5713
vt 0.1198 0.5502
vt 0.1182 0.5823
vt 0.1174 0.5822
vt 0.1165 0.5821
vt 0.1157 0.6074
vt 0.1156 0.5939
vt 0.1169 0.5938
vt 0.1171 0.6077
vt 0.1163 0.6217
vt 0.1177 0.6231
vt 0.1146 0.6068
vt 0.1143 0.5939
vt 0.1151 0.6194
vt 0.1185 0.5937
vt 0.1169 0.5938
vt 0.1188 0.6077
vt 0.1195 0.6234
vt 0.3144 0.5999
vt 0.3131 0.6003
vt 0.3158 0.5877
vt 0.3171 0.5878
vt 0.3156 0.5994
vt 0.3182 0.5879
vt 0.3128 0.6135
vt 0.3114 0.6147
vt 0.3142 0.6114
vt 0.3158 0.5877
vt 0.3189 0.5761
vt 0.3201 0.5763
vt 0.3211 0.5765
vt 0.3225 0.5540
vt 0.3235 0.5438
vt 0.3245 0.5444
vt 0.3236 0.5542
vt 0.3253 0.5455
vt 0.3243 0.5545
vt 0.3223 0.5649
vt 0.3211 0.5648
vt 0.3232 0.5651
vt 0.3219 0.5437
vt 0.3235 0.5438
vt 0.3260 0.5462
vt 0.3251 0.5546
vt 0.3241 0.5652
vt 0.3196 0.5647
vt 0.3210 0.5540
vt 0.3269 0.5541
vt 0.3259 0.5544
vt 0.3269 0.5454
vt 0.3279 0.5442
vt 0.3279 0.5539
vt 0.3291 0.5436
vt 0.3258 0.5655
vt 0.3249 0.5653
vt 0.3268 0.5656
vt 0.3269 0.5454
vt 0.3304 0.5435
vt 0.3290 0.5539
vt 0.3280 0.5659
vt 0.2105 0.6060
vt 0.2087 0.5947
vt 0.2100 0.5946
vt 0.2120 0.6056
vt 0.2133 0.6049
vt 0.2114 0.5944
vt 0.2132 0.6182
vt 0.2114 0.6194
vt 0.2146 0.6161
vt 0.2073 0.5946
vt 0.2051 0.5843
vt 0.2063 0.5844
vt 0.2087 0.5947
vt 0.2077 0.5843
vt 0.2091 0.5841
vt 0.2094 0.6197
vt 0.2088 0.6060
vt 0.1984 0.5620
vt 0.1966 0.5501
vt 0.1980 0.5513
vt 0.1997 0.5625
vt 0.1995 0.5541
vt 0.2008 0.5633
vt 0.2014 0.5741
vt 0.2028 0.5741
vt 0.2041 0.5741
vt 0.1952 0.5497
vt 0.1966 0.5501
vt 0.2014 0.5534
vt 0.2024 0.5639
vt 0.2052 0.5746
vt 0.2005 0.5739
vt 0.1968 0.5617
vt 0.2075 0.5637
vt 0.2041 0.5636
vt 0.2033 0.5521
vt 0.2053 0.5507
vt 0.2091 0.5630
vt 0.2068 0.5500
vt 0.2067 0.5749
vt 0.2086 0.5751
vt 0.2104 0.5744
vt 0.2033 0.5521
vt 0.2085 0.5496
vt 0.2105 0.5623
vt 0.2120 0.5740
vt 0.2883 0.6000
vt 0.2868 0.6005
vt 0.2875 0.5874
vt 0.2892 0.5874
vt 0.2898 0.5993
vt 0.2908 0.5872
vt 0.2879 0.6139
vt 0.2864 0.6154
vt 0.2892 0.6115
vt 0.2875 0.5874
vt 0.2885 0.5757
vt 0.2902 0.5756
vt 0.2918 0.5756
vt 0.2900 0.5551
vt 0.2907 0.5453
vt 0.2927 0.5458
vt 0.2918 0.5551
vt 0.2945 0.5468
vt 0.2935 0.5553
vt 0.2910 0.5650
vt 0.2893 0.5650
vt 0.2926 0.5649
vt 0.2907 0.5453
vt 0.2884 0.5453
vt 0.2959 0.5473
vt 0.2951 0.5552
vt 0.2942 0.5648
vt 0.2874 0.5651
vt 0.2880 0.5552
vt 0.2983 0.5541
vt 0.2966 0.5547
vt 0.2974 0.5462
vt 0.2991 0.5447
vt 0.3002 0.5536
vt 0.3012 0.5437
vt 0.2975 0.5644
vt 0.2958 0.5646
vt 0.2993 0.5642
vt 0.2974 0.5462
vt 0.3035 0.5433
vt 0.3023 0.5533
vt 0.3013 0.5641
vt 0.2576 0.6018
vt 0.2561 0.5888
vt 0.2580 0.5887
vt 0.2595 0.6014
vt 0.2613 0.6007
vt 0.2601 0.5886
vt 0.2608 0.6151
vt 0.2590 0.6164
vt 0.2624 0.6128
vt 0.2546 0.5771
vt 0.2561 0.5888
vt 0.2567 0.5770
vt 0.2589 0.5770
vt 0.2522 0.5563
vt 0.2520 0.5464
vt 0.2545 0.5469
vt 0.2546 0.5564
vt 0.2569 0.5479
vt 0.2571 0.5567
vt 0.2532 0.5665
vt 0.2555 0.5664
vt 0.2578 0.5664
vt 0.2495 0.5463
vt 0.2520 0.5464
vt 0.2592 0.5485
vt 0.2597 0.5567
vt 0.2602 0.5664
vt 0.2511 0.5666
vt 0.2499 0.5564
vt 0.2644 0.5558
vt 0.2621 0.5562
vt 0.2612 0.5476
vt 0.2634 0.5462
vt 0.2666 0.5554
vt 0.2658 0.5453
vt 0.2649 0.5661
vt 0.2626 0.5663
vt 0.2671 0.5659
vt 0.2612 0.5476
vt 0.2686 0.5451
vt 0.2690 0.5553
vt 0.2693 0.5658
vt 0.2309 0.6032
vt 0.2281 0.5908
vt 0.2300 0.5905
vt 0.2326 0.6026
vt 0.2344 0.6018
vt 0.2320 0.5902
vt 0.2348 0.6162
vt 0.2331 0.6175
vt 0.2364 0.6138
vt 0.2251 0.5798
vt 0.2281 0.5908
vt 0.2272 0.5794
vt 0.2294 0.5791
vt 0.2204 0.5587
vt 0.2195 0.5480
vt 0.2220 0.5482
vt 0.2228 0.5584
vt 0.2246 0.5491
vt 0.2254 0.5582
vt 0.2222 0.5694
vt 0.2244 0.5689
vt 0.2269 0.5684
vt 0.2175 0.5483
vt 0.2195 0.5480
vt 0.2270 0.5495
vt 0.2280 0.5578
vt 0.2296 0.5680
vt 0.2202 0.5699
vt 0.2184 0.5592
vt 0.2331 0.5563
vt 0.2306 0.5571
vt 0.2290 0.5484
vt 0.2311 0.5467
vt 0.2355 0.5557
vt 0.2334 0.5456
vt 0.2347 0.5671
vt 0.2322 0.5675
vt 0.2372 0.5667
vt 0.2290 0.5484
vt 0.2358 0.5451
vt 0.2379 0.5553
vt 0.2394 0.5665
vt 0.3861 0.5975
vt 0.3825 0.5980
vt 0.3821 0.5843
vt 0.3855 0.5840
vt 0.3895 0.5967
vt 0.3891 0.5839
vt 0.3865 0.6120
vt 0.3828 0.6133
vt 0.3897 0.6097
vt 0.3821 0.5843
vt 0.3818 0.5718
vt 0.3850 0.5718
vt 0.3884 0.5718
vt 0.3825 0.5513
vt 0.3831 0.5419
vt 0.3860 0.5427
vt 0.3854 0.5515
vt 0.3887 0.5440
vt 0.3883 0.5520
vt 0.3820 0.5610
vt 0.3849 0.5612
vt 0.3881 0.5613
vt 0.3803 0.5416
vt 0.3831 0.5419
vt 0.3912 0.5449
vt 0.3912 0.5522
vt 0.3914 0.5613
vt 0.3790 0.5610
vt 0.3797 0.5511
vt 0.3971 0.5516
vt 0.3942 0.5520
vt 0.3936 0.5442
vt 0.3961 0.5431
vt 0.4001 0.5513
vt 0.3989 0.5424
vt 0.3948 0.5613
vt 0.3982 0.5611
vt 0.4015 0.5611
vt 0.3936 0.5442
vt 0.4016 0.5421
vt 0.4030 0.5513
vt 0.4048 0.5612
vt 0.3585 0.5978
vt 0.3551 0.5985
vt 0.3555 0.5848
vt 0.3590 0.5845
vt 0.3619 0.5969
vt 0.3626 0.5843
vt 0.3590 0.6120
vt 0.3556 0.6134
vt 0.3621 0.6095
vt 0.3555 0.5848
vt 0.3567 0.5723
vt 0.3603 0.5721
vt 0.3639 0.5721
vt 0.3638 0.5511
vt 0.3608 0.5508
vt 0.3628 0.5416
vt 0.3656 0.5424
vt 0.3680 0.5437
vt 0.3667 0.5517
vt 0.3621 0.5610
vt 0.3587 0.5609
vt 0.3653 0.5612
vt 0.3628 0.5416
vt 0.3600 0.5414
vt 0.3704 0.5446
vt 0.3696 0.5521
vt 0.3685 0.5613
vt 0.3554 0.5610
vt 0.3578 0.5507
vt 0.3746 0.5514
vt 0.3724 0.5520
vt 0.3728 0.5440
vt 0.3751 0.5426
vt 0.3771 0.5511
vt 0.3777 0.5418
vt 0.3733 0.5609
vt 0.3714 0.5613
vt 0.3760 0.5608
vt 0.3728 0.5440
vt 0.3357 0.6010
vt 0.3336 0.6016
vt 0.3350 0.5890
vt 0.3366 0.5886
vt 0.3379 0.6000
vt 0.3385 0.5882
vt 0.3358 0.6137
vt 0.3335 0.6150
vt 0.3379 0.6113
vt 0.3350 0.5890
vt 0.3387 0.5775
vt 0.3397 0.5759
vt 0.3410 0.5749
vt 0.3434 0.5520
vt 0.3424 0.5529
vt 0.3448 0.5426
vt 0.3463 0.5431
vt 0.3448 0.5521
vt 0.3480 0.5440
vt 0.3427 0.5640
vt 0.3416 0.5649
vt 0.3438 0.5633
vt 0.3448 0.5426
vt 0.3431 0.5428
vt 0.3509 0.5440
vt 0.3480 0.5518
vt 0.3450 0.5622
vt 0.3408 0.5657
vt 0.3412 0.5536
vt 0.3520 0.5512
vt 0.3493 0.5518
vt 0.3523 0.5437
vt 0.3547 0.5423
vt 0.3549 0.5508
vt 0.3573 0.5416
vt 0.3488 0.5615
vt 0.3464 0.5620
vt 0.3520 0.5612
vt 0.3523 0.5437
vt 0.4394 0.5515
vt 0.4400 0.5435
vt 0.4416 0.5449
vt 0.4412 0.5523
vt 0.4389 0.5606
vt 0.4410 0.5612
vt 0.4377 0.5509
vt 0.4383 0.5425
vt 0.4372 0.5602
vt 0.4416 0.5449
vt 0.4432 0.5460
vt 0.4431 0.5530
vt 0.4431 0.5618
vt 0.4469 0.5533
vt 0.4466 0.5450
vt 0.4486 0.5448
vt 0.4488 0.5534
vt 0.4474 0.5626
vt 0.4495 0.5629
vt 0.4448 0.5456
vt 0.4450 0.5533
vt 0.4453 0.5623
vt 0.4486 0.5448
vt 0.4494 0.5729
vt 0.4475 0.5728
vt 0.4454 0.5725
vt 0.4474 0.5974
vt 0.4473 0.5840
vt 0.4490 0.5843
vt 0.4490 0.5980
vt 0.4474 0.6123
vt 0.4490 0.6136
vt 0.4456 0.5965
vt 0.4454 0.5837
vt 0.4457 0.6099
vt 0.4490 0.5843
vt 0.4677 0.5559
vt 0.4689 0.5489
vt 0.4706 0.5504
vt 0.4696 0.5569
vt 0.4668 0.5639
vt 0.4689 0.5645
vt 0.4658 0.5551
vt 0.4670 0.5477
vt 0.4647 0.5634
vt 0.4706 0.5504
vt 0.4721 0.5517
vt 0.4715 0.5579
vt 0.4710 0.5652
vt 0.4758 0.5512
vt 0.4778 0.5513
vt 0.4770 0.5588
vt 0.4753 0.5586
vt 0.4752 0.5662
vt 0.4770 0.5665
vt 0.4738 0.5516
vt 0.4735 0.5583
vt 0.4732 0.5658
vt 0.0510 0.5557
vt 0.0526 0.5634
vt 0.0548 0.5710
vt 0.0554 0.5801
vt 0.4745 0.5748
vt 0.4763 0.5753
vt 0.4726 0.5744
vt 0.4737 0.5973
vt 0.4739 0.5851
vt 0.4755 0.5855
vt 0.4753 0.5979
vt 0.4734 0.6116
vt 0.4751 0.6130
vt 0.4719 0.5963
vt 0.4721 0.5846
vt 0.4717 0.6091
vt 0.0563 0.5907
vt 0.0570 0.6035
vt 0.0574 0.6190
vt 0.0726 0.5598
vt 0.0725 0.5521
vt 0.0744 0.5530
vt 0.0746 0.5602
vt 0.0726 0.5684
vt 0.0748 0.5685
vt 0.0706 0.5595
vt 0.0704 0.5515
vt 0.0706 0.5683
vt 0.0744 0.5530
vt 0.0762 0.5537
vt 0.0767 0.5605
vt 0.0771 0.5687
vt 0.0799 0.5519
vt 0.0820 0.5512
vt 0.0829 0.5599
vt 0.0809 0.5602
vt 0.0817 0.5690
vt 0.0837 0.5692
vt 0.0780 0.5530
vt 0.0788 0.5604
vt 0.0794 0.5689
vt 0.0820 0.5512
vt 0.0838 0.5795
vt 0.0819 0.5792
vt 0.0798 0.5789
vt 0.0823 0.6035
vt 0.0820 0.5907
vt 0.0837 0.5910
vt 0.0838 0.6043
vt 0.0825 0.6181
vt 0.0840 0.6197
vt 0.0807 0.6025
vt 0.0802 0.5902
vt 0.0809 0.6155
vt 0.0837 0.5910
vt 0.0987 0.5588
vt 0.0991 0.5504
vt 0.1007 0.5516
vt 0.1005 0.5595
vt 0.0983 0.5683
vt 0.1004 0.5688
vt 0.0970 0.5583
vt 0.0974 0.5497
vt 0.0963 0.5680
vt 0.1007 0.5516
vt 0.1023 0.5525
vt 0.1024 0.5602
vt 0.1026 0.5694
vt 0.1061 0.5510
vt 0.1082 0.5505
vt 0.1084 0.5605
vt 0.1064 0.5605
vt 0.1070 0.5705
vt 0.1089 0.5709
vt 0.1040 0.5520
vt 0.1044 0.5605
vt 0.1048 0.5700
vt 0.1082 0.5505
vt 0.1090 0.5819
vt 0.1072 0.5814
vt 0.1052 0.5808
vt 0.1078 0.6062
vt 0.1075 0.5932
vt 0.1088 0.5938
vt 0.1091 0.6071
vt 0.1079 0.6204
vt 0.1093 0.6220
vt 0.1063 0.6050
vt 0.1059 0.5926
vt 0.1064 0.6178
vt 0.1088 0.5938
vt 0.1541 0.5594
vt 0.1571 0.5589
vt 0.1575 0.5688
vt 0.1545 0.5690
vt 0.1511 0.5599
vt 0.1513 0.5694
vt 0.1535 0.5503
vt 0.1565 0.5492
vt 0.1508 0.5517
vt 0.1579 0.5795
vt 0.1575 0.5688
vt 0.1547 0.5797
vt 0.1513 0.5800
vt 0.1586 0.6049
vt 0.1588 0.6204
vt 0.1551 0.6192
vt 0.1551 0.6047
vt 0.1518 0.6170
vt 0.1516 0.6042
vt 0.1583 0.5913
vt 0.1548 0.5915
vt 0.1513 0.5917
vt 0.1628 0.6205
vt 0.1588 0.6204
vt 0.1487 0.6158
vt 0.1482 0.6041
vt 0.1478 0.5919
vt 0.1617 0.5911
vt 0.1623 0.6048
vt 0.1416 0.6062
vt 0.1449 0.6049
vt 0.1458 0.6176
vt 0.1428 0.6205
vt 0.1383 0.6069
vt 0.1393 0.6222
vt 0.1410 0.5929
vt 0.1443 0.5923
vt 0.1380 0.5933
vt 0.1458 0.6176
vt 0.1361 0.6229
vt 0.1353 0.6071
vt 0.1355 0.5934
vt 0.1808 0.5579
vt 0.1830 0.5682
vt 0.1797 0.5681
vt 0.1777 0.5583
vt 0.1765 0.5682
vt 0.1749 0.5587
vt 0.1784 0.5485
vt 0.1757 0.5493
vt 0.1732 0.5506
vt 0.1847 0.5793
vt 0.1830 0.5682
vt 0.1813 0.5791
vt 0.1779 0.5790
vt 0.1863 0.6044
vt 0.1864 0.6193
vt 0.1830 0.6180
vt 0.1830 0.6039
vt 0.1798 0.6157
vt 0.1797 0.6031
vt 0.1858 0.5913
vt 0.1824 0.5911
vt 0.1790 0.5908
vt 0.1899 0.6196
vt 0.1864 0.6193
vt 0.1768 0.6143
vt 0.1763 0.6027
vt 0.1755 0.5906
vt 0.1890 0.5917
vt 0.1896 0.6047
vt 0.1695 0.6039
vt 0.1729 0.6031
vt 0.1738 0.6158
vt 0.1705 0.6184
vt 0.1659 0.6045
vt 0.1668 0.6199
vt 0.1686 0.5908
vt 0.1721 0.5907
vt 0.1651 0.5909
vt 0.1738 0.6158
vt 0.1961 0.5612
vt 0.1998 0.5734
vt 0.1988 0.5721
vt 0.1953 0.5600
vt 0.1970 0.5705
vt 0.1941 0.5591
vt 0.1937 0.5493
vt 0.1921 0.5499
vt 0.1911 0.5506
vt 0.2038 0.5840
vt 0.1998 0.5734
vt 0.2024 0.5833
vt 0.2005 0.5825
vt 0.2069 0.6059
vt 0.2072 0.6194
vt 0.2050 0.6181
vt 0.2049 0.6053
vt 0.2030 0.6159
vt 0.2027 0.6045
vt 0.2057 0.5944
vt 0.2039 0.5939
vt 0.2018 0.5934
vt 0.2072 0.6194
vt 0.2010 0.6145
vt 0.2004 0.6040
vt 0.1995 0.5930
vt 0.1954 0.6047
vt 0.1980 0.6042
vt 0.1987 0.6158
vt 0.1961 0.6180
vt 0.1926 0.6048
vt 0.1931 0.6192
vt 0.1971 0.5928
vt 0.1947 0.5925
vt 0.1920 0.5921
vt 0.1987 0.6158
vt 0.3008 0.6002
vt 0.2991 0.6008
vt 0.3005 0.5877
vt 0.3024 0.5875
vt 0.3026 0.5994
vt 0.3044 0.5873
vt 0.2998 0.6137
vt 0.2981 0.6152
vt 0.3014 0.6113
vt 0.3005 0.5877
vt 0.3021 0.5754
vt 0.3043 0.5754
vt 0.3065 0.5754
vt 0.3069 0.5535
vt 0.3045 0.5533
vt 0.3059 0.5433
vt 0.3083 0.5439
vt 0.3104 0.5452
vt 0.3093 0.5539
vt 0.3057 0.5640
vt 0.3034 0.5641
vt 0.3080 0.5641
vt 0.3059 0.5433
vt 0.3126 0.5460
vt 0.3118 0.5543
vt 0.3105 0.5643
vt 0.3168 0.5540
vt 0.3143 0.5542
vt 0.3149 0.5454
vt 0.3174 0.5444
vt 0.3191 0.5540
vt 0.3198 0.5438
vt 0.3154 0.5645
vt 0.3130 0.5644
vt 0.3177 0.5646
vt 0.3149 0.5454
vt 0.2742 0.6013
vt 0.2724 0.6019
vt 0.2722 0.5889
vt 0.2741 0.5886
vt 0.2760 0.6003
vt 0.2761 0.5882
vt 0.2746 0.6149
vt 0.2729 0.6164
vt 0.2761 0.6124
vt 0.2719 0.5768
vt 0.2722 0.5889
vt 0.2741 0.5767
vt 0.2762 0.5764
vt 0.2714 0.5553
vt 0.2714 0.5452
vt 0.2742 0.5460
vt 0.2740 0.5555
vt 0.2767 0.5473
vt 0.2765 0.5559
vt 0.2716 0.5657
vt 0.2739 0.5657
vt 0.2762 0.5657
vt 0.2714 0.5452
vt 0.2789 0.5481
vt 0.2788 0.5559
vt 0.2785 0.5654
vt 0.2834 0.5554
vt 0.2810 0.5557
vt 0.2810 0.5474
vt 0.2834 0.5462
vt 0.2858 0.5552
vt 0.2860 0.5455
vt 0.2831 0.5652
vt 0.2808 0.5652
vt 0.2853 0.5652
vt 0.2810 0.5474
vt 0.2467 0.6022
vt 0.2452 0.6027
vt 0.2437 0.5898
vt 0.2453 0.5896
vt 0.2482 0.6014
vt 0.2468 0.5893
vt 0.2482 0.6158
vt 0.2466 0.6172
vt 0.2496 0.6135
vt 0.2422 0.5780
vt 0.2437 0.5898
vt 0.2438 0.5779
vt 0.2453 0.5778
vt 0.2400 0.5552
vt 0.2380 0.5451
vt 0.2400 0.5457
vt 0.2420 0.5554
vt 0.2416 0.5470
vt 0.2433 0.5556
vt 0.2414 0.5664
vt 0.2431 0.5664
vt 0.2438 0.5667
vt 0.2380 0.5451
vt 0.2429 0.5479
vt 0.2441 0.5557
vt 0.2447 0.5667
vt 0.2459 0.5565
vt 0.2451 0.5566
vt 0.2441 0.5476
vt 0.2455 0.5467
vt 0.2479 0.5564
vt 0.2473 0.5463
vt 0.2460 0.5668
vt 0.2475 0.5668
vt 0.2492 0.5668
vt 0.2441 0.5476
vt 0.2220 0.6045
vt 0.2209 0.6051
vt 0.2189 0.5932
vt 0.2199 0.5928
vt 0.2230 0.6035
vt 0.2208 0.5924
vt 0.2235 0.6175
vt 0.2222 0.6189
vt 0.2245 0.6152
vt 0.2189 0.5932
vt 0.2166 0.5830
vt 0.2174 0.5825
vt 0.2182 0.5821
vt 0.2118 0.5619
vt 0.2101 0.5498
vt 0.2116 0.5503
vt 0.2128 0.5613
vt 0.2128 0.5514
vt 0.2137 0.5613
vt 0.2142 0.5727
vt 0.2132 0.5735
vt 0.2150 0.5722
vt 0.2101 0.5498
vt 0.2138 0.5520
vt 0.2145 0.5612
vt 0.2158 0.5717
vt 0.2158 0.5602
vt 0.2151 0.5608
vt 0.2144 0.5511
vt 0.2149 0.5497
vt 0.2168 0.5596
vt 0.2160 0.5487
vt 0.2175 0.5709
vt 0.2166 0.5713
vt 0.2187 0.5704
vt 0.2144 0.5511
vt 0.1308 0.5605
vt 0.1335 0.5601
vt 0.1322 0.5705
vt 0.1305 0.5704
vt 0.1300 0.5702
vt 0.1294 0.5607
vt 0.1322 0.5513
vt 0.1348 0.5506
vt 0.1298 0.5524
vt 0.1322 0.5705
vt 0.1330 0.5816
vt 0.1315 0.5814
vt 0.1297 0.5813
vt 0.1327 0.6071
vt 0.1333 0.6226
vt 0.1310 0.6212
vt 0.1304 0.6067
vt 0.1290 0.6188
vt 0.1284 0.6059
vt 0.1333 0.5933
vt 0.1309 0.5932
vt 0.1285 0.5931
vt 0.1333 0.6226
vt 0.1273 0.6174
vt 0.1265 0.6056
vt 0.1262 0.5932
vt 0.1228 0.6069
vt 0.1246 0.6060
vt 0.1257 0.6190
vt 0.1238 0.6215
vt 0.1208 0.6074
vt 0.1216 0.6229
vt 0.1220 0.5935
vt 0.1240 0.5933
vt 0.1202 0.5937
vt 0.1257 0.6190
vt 0.4223 0.5521
vt 0.4216 0.5430
vt 0.4234 0.5440
vt 0.4240 0.5523
vt 0.4233 0.5624
vt 0.4249 0.5623
vt 0.4206 0.5519
vt 0.4197 0.5424
vt 0.4218 0.5624
vt 0.4234 0.5440
vt 0.4251 0.5446
vt 0.4257 0.5521
vt 0.4265 0.5621
vt 0.4204 0.5623
vt 0.4190 0.5518
vt 0.4179 0.5421
vt 0.4278 0.5427
vt 0.4293 0.5422
vt 0.4301 0.5507
vt 0.4287 0.5511
vt 0.4312 0.5610
vt 0.4298 0.5613
vt 0.4264 0.5438
vt 0.4272 0.5517
vt 0.4282 0.5617
vt 0.4293 0.5422
vt 0.4322 0.5724
vt 0.4311 0.5725
vt 0.4297 0.5728
vt 0.4306 0.5994
vt 0.4316 0.5850
vt 0.4324 0.5850
vt 0.4309 0.5997
vt 0.4292 0.6144
vt 0.4296 0.6156
vt 0.4301 0.5986
vt 0.4305 0.5849
vt 0.4289 0.6121
vt 0.4324 0.5850
vt 0.4113 0.5986
vt 0.4089 0.5991
vt 0.4089 0.5852
vt 0.4105 0.5850
vt 0.4136 0.5979
vt 0.4125 0.5847
vt 0.4114 0.6138
vt 0.4087 0.6151
vt 0.4135 0.6114
vt 0.4090 0.5728
vt 0.4089 0.5852
vt 0.4100 0.5727
vt 0.4111 0.5725
vt 0.4058 0.5513
vt 0.4043 0.5423
vt 0.4068 0.5430
vt 0.4085 0.5516
vt 0.4092 0.5441
vt 0.4110 0.5519
vt 0.4079 0.5613
vt 0.4104 0.5614
vt 0.4121 0.5613
vt 0.4043 0.5423
vt 0.4113 0.5448
vt 0.4123 0.5519
vt 0.4123 0.5613
vt 0.4153 0.5517
vt 0.4135 0.5517
vt 0.4125 0.5439
vt 0.4142 0.5428
vt 0.4161 0.5422
vt 0.4172 0.5517
vt 0.4140 0.5615
vt 0.4165 0.5618
vt 0.4188 0.5621
vt 0.4125 0.5439
vt 0.3238 0.6016
vt 0.3225 0.6018
vt 0.3249 0.5894
vt 0.3263 0.5895
vt 0.3251 0.6011
vt 0.3277 0.5896
vt 0.3228 0.6145
vt 0.3216 0.6157
vt 0.3239 0.6124
vt 0.3249 0.5894
vt 0.3274 0.5783
vt 0.3289 0.5785
vt 0.3306 0.5786
vt 0.3308 0.5542
vt 0.3320 0.5436
vt 0.3336 0.5442
vt 0.3327 0.5544
vt 0.3350 0.5456
vt 0.3348 0.5551
vt 0.3294 0.5666
vt 0.3312 0.5671
vt 0.3338 0.5669
vt 0.3320 0.5436
vt 0.3364 0.5465
vt 0.3362 0.5554
vt 0.3346 0.5667
vt 0.3384 0.5542
vt 0.3371 0.5546
vt 0.3380 0.5455
vt 0.3396 0.5441
vt 0.3398 0.5539
vt 0.3414 0.5433
vt 0.3374 0.5662
vt 0.3358 0.5662
vt 0.3391 0.5660
vt 0.3380 0.5455
vt 0.3662 0.0654
vt 0.3617 0.0654
vt 0.3584 0.0478
vt 0.3629 0.0478
vt 0.3712 0.0654
vt 0.3680 0.0478
vt 0.3593 0.0356
vt 0.3547 0.0356
vt 0.3644 0.0356
vt 0.3642 0.1090
vt 0.3608 0.1090
vt 0.3616 0.0831
vt 0.3650 0.0831
vt 0.3684 0.1090
vt 0.3694 0.0831
vt 0.3731 0.1090
vt 0.3743 0.0831
vt 0.3773 0.1090
vt 0.3787 0.0831
vt 0.3756 0.0654
vt 0.3726 0.0478
vt 0.3691 0.0356
vt 0.3632 0.0142
vt 0.3655 0.0234
vt 0.3609 0.0234
vt 0.3586 0.0142
vt 0.3557 0.0234
vt 0.3535 0.0142
vt 0.3511 0.0234
vt 0.3489 0.0142
vt 0.3479 0.0234
vt 0.3456 0.0142
vt 0.3550 0.0478
vt 0.3514 0.0356
vt 0.3617 0.0654
vt 0.3583 0.0654
vt 0.4260 0.0654
vt 0.4304 0.0654
vt 0.4296 0.0831
vt 0.4253 0.0831
vt 0.4264 0.0356
vt 0.4308 0.0356
vt 0.4311 0.0478
vt 0.4267 0.0478
vt 0.4215 0.0654
vt 0.4209 0.0831
vt 0.4218 0.0356
vt 0.4222 0.0478
vt 0.4241 0.1090
vt 0.4286 0.1090
vt 0.4236 0.1349
vt 0.4187 0.1349
vt 0.4343 0.0654
vt 0.4337 0.0831
vt 0.4345 0.0356
vt 0.4350 0.0478
vt 0.4307 0.0142
vt 0.4342 0.0142
vt 0.4341 0.0234
vt 0.4305 0.0234
vt 0.4264 0.0142
vt 0.4261 0.0234
vt 0.4216 0.0142
vt 0.4214 0.0234
vt 0.4173 0.0142
vt 0.4171 0.0234
vt 0.4176 0.0356
vt 0.4181 0.0478
vt 0.4176 0.0654
vt 0.4172 0.0831
vt 0.4113 0.1090
vt 0.4151 0.1090
vt 0.4092 0.1349
vt 0.4054 0.1349
vt 0.4196 0.1090
vt 0.4138 0.1349
vt 0.4127 0.0654
vt 0.4108 0.0654
vt 0.4106 0.0478
vt 0.4128 0.0478
vt 0.4148 0.0654
vt 0.4151 0.0478
vt 0.4119 0.0356
vt 0.4096 0.0356
vt 0.4085 0.0234
vt 0.4111 0.0234
vt 0.4144 0.0356
vt 0.4138 0.0234
vt 0.4053 0.1090
vt 0.4035 0.1090
vt 0.4088 0.0831
vt 0.4109 0.0831
vt 0.4069 0.1090
vt 0.4127 0.0831
vt 0.4087 0.1090
vt 0.4145 0.0831
vt 0.4113 0.1090
vt 0.4172 0.0831
vt 0.4176 0.0654
vt 0.4181 0.0478
vt 0.4176 0.0356
vt 0.4171 0.0234
vt 0.4173 0.0142
vt 0.4140 0.0142
vt 0.4141 0.0050
vt 0.4176 0.0050
vt 0.4140 0.0142
vt 0.4111 0.0142
vt 0.4111 0.0142
vt 0.4084 0.0142
vt 0.4082 0.0050
vt 0.4111 0.0050
vt 0.4053 0.0142
vt 0.4050 0.0050
vt 0.4069 0.0356
vt 0.4057 0.0234
vt 0.4085 0.0654
vt 0.4081 0.0478
vt 0.1214 0.0356
vt 0.1204 0.0234
vt 0.1232 0.0234
vt 0.1240 0.0356
vt 0.1192 0.0356
vt 0.1180 0.0234
vt 0.1237 0.0654
vt 0.1224 0.0478
vt 0.1247 0.0478
vt 0.1257 0.0654
vt 0.1219 0.0654
vt 0.1204 0.0478
vt 0.1234 0.0142
vt 0.1236 0.0050
vt 0.1272 0.0050
vt 0.1269 0.0142
vt 0.1204 0.0142
vt 0.1204 0.0050
vt 0.1178 0.0142
vt 0.1176 0.0050
vt 0.1156 0.0142
vt 0.1153 0.0050
vt 0.1172 0.0356
vt 0.1159 0.0234
vt 0.1202 0.0654
vt 0.1185 0.0478
vt 0.1217 0.1090
vt 0.1218 0.0831
vt 0.1235 0.0831
vt 0.1233 0.1090
vt 0.1250 0.0831
vt 0.1246 0.1090
vt 0.1268 0.0831
vt 0.1261 0.1090
vt 0.1290 0.0831
vt 0.1280 0.1090
vt 0.1275 0.0478
vt 0.1283 0.0654
vt 0.1265 0.0234
vt 0.1270 0.0356
vt 0.1853 0.0654
vt 0.1790 0.0654
vt 0.1810 0.0478
vt 0.1872 0.0478
vt 0.1910 0.0654
vt 0.1929 0.0478
vt 0.1888 0.0356
vt 0.1827 0.0356
vt 0.1844 0.0234
vt 0.1904 0.0234
vt 0.1943 0.0356
vt 0.1957 0.0234
vt 0.1724 0.1090
vt 0.1665 0.1090
vt 0.1710 0.0831
vt 0.1769 0.0831
vt 0.1788 0.1090
vt 0.1833 0.0831
vt 0.1849 0.1090
vt 0.1891 0.0831
vt 0.1901 0.1090
vt 0.1938 0.0831
vt 0.1956 0.0654
vt 0.1974 0.0478
vt 0.1985 0.0356
vt 0.1997 0.0234
vt 0.2012 0.0142
vt 0.1974 0.0142
vt 0.1992 0.0050
vt 0.2027 0.0050
vt 0.1923 0.0142
vt 0.1942 0.0050
vt 0.1865 0.0142
vt 0.1885 0.0050
vt 0.1810 0.0142
vt 0.1832 0.0050
vt 0.1770 0.0356
vt 0.1788 0.0234
vt 0.1731 0.0654
vt 0.1752 0.0478
vt 0.2320 0.0654
vt 0.2261 0.0654
vt 0.2271 0.0478
vt 0.2327 0.0478
vt 0.2377 0.0654
vt 0.2382 0.0478
vt 0.2329 0.0356
vt 0.2275 0.0356
vt 0.2278 0.0234
vt 0.2331 0.0234
vt 0.2382 0.0356
vt 0.2382 0.0234
vt 0.2222 0.1090
vt 0.2157 0.1090
vt 0.2186 0.0831
vt 0.2251 0.0831
vt 0.2285 0.1090
vt 0.2313 0.0831
vt 0.2346 0.1090
vt 0.2373 0.0831
vt 0.2406 0.1090
vt 0.2430 0.0831
vt 0.2433 0.0654
vt 0.2435 0.0478
vt 0.2433 0.0356
vt 0.2431 0.0234
vt 0.2435 0.0142
vt 0.2388 0.0142
vt 0.2394 0.0050
vt 0.2439 0.0050
vt 0.2339 0.0142
vt 0.2346 0.0050
vt 0.2287 0.0142
vt 0.2296 0.0050
vt 0.2233 0.0142
vt 0.2244 0.0050
vt 0.2217 0.0356
vt 0.2222 0.0234
vt 0.2199 0.0654
vt 0.2211 0.0478
vt 0.2799 0.0654
vt 0.2809 0.0831
vt 0.2740 0.0831
vt 0.2731 0.0654
vt 0.2859 0.0654
vt 0.2870 0.0831
vt 0.2779 0.0356
vt 0.2789 0.0478
vt 0.2722 0.0478
vt 0.2712 0.0356
vt 0.2837 0.0356
vt 0.2848 0.0478
vt 0.2731 0.1090
vt 0.2721 0.1349
vt 0.2647 0.1349
vt 0.2659 0.1090
vt 0.2802 0.1090
vt 0.2796 0.1349
vt 0.2867 0.1090
vt 0.2863 0.1349
vt 0.2921 0.1090
vt 0.2923 0.1349
vt 0.2907 0.0654
vt 0.2919 0.0831
vt 0.2881 0.0356
vt 0.2894 0.0478
vt 0.2865 0.0142
vt 0.2868 0.0234
vt 0.2825 0.0234
vt 0.2824 0.0142
vt 0.2768 0.0234
vt 0.2767 0.0142
vt 0.2767 0.0142
vt 0.2702 0.0142
vt 0.2702 0.0050
vt 0.2766 0.0050
vt 0.2639 0.0142
vt 0.2639 0.0050
vt 0.2656 0.0478
vt 0.2648 0.0356
vt 0.2671 0.0831
vt 0.2663 0.0654
vt 0.3263 0.0654
vt 0.3282 0.0831
vt 0.3222 0.0831
vt 0.3205 0.0654
vt 0.3321 0.0654
vt 0.3342 0.0831
vt 0.3223 0.0356
vt 0.3243 0.0478
vt 0.3188 0.0478
vt 0.3169 0.0356
vt 0.3277 0.0356
vt 0.3299 0.0478
vt 0.3226 0.1090
vt 0.3230 0.1349
vt 0.3171 0.1349
vt 0.3166 0.1090
vt 0.3283 0.1090
vt 0.3285 0.1349
vt 0.3341 0.1090
vt 0.3340 0.1349
vt 0.3401 0.1090
vt 0.3397 0.1349
vt 0.3382 0.0654
vt 0.3405 0.0831
vt 0.3334 0.0356
vt 0.3358 0.0478
vt 0.3298 0.0142
vt 0.3309 0.0234
vt 0.3255 0.0234
vt 0.3245 0.0142
vt 0.3202 0.0234
vt 0.3194 0.0142
vt 0.3150 0.0234
vt 0.3143 0.0142
vt 0.3094 0.0234
vt 0.3088 0.0142
vt 0.3129 0.0478
vt 0.3112 0.0356
vt 0.3160 0.0831
vt 0.3144 0.0654
vt 0.1607 0.0356
vt 0.1629 0.0356
vt 0.1609 0.0478
vt 0.1587 0.0478
vt 0.1582 0.0356
vt 0.1563 0.0478
vt 0.1563 0.0654
vt 0.1584 0.0654
vt 0.1559 0.0831
vt 0.1539 0.0831
vt 0.1541 0.0654
vt 0.1518 0.0831
vt 0.1672 0.0142
vt 0.1691 0.0142
vt 0.1668 0.0234
vt 0.1649 0.0234
vt 0.1649 0.0142
vt 0.1626 0.0234
vt 0.1621 0.0142
vt 0.1600 0.0234
vt 0.1589 0.0142
vt 0.1569 0.0234
vt 0.1552 0.0356
vt 0.1536 0.0478
vt 0.1515 0.0654
vt 0.1494 0.0831
vt 0.1454 0.1090
vt 0.1476 0.1090
vt 0.1435 0.1349
vt 0.1414 0.1349
vt 0.1497 0.1090
vt 0.1454 0.1349
vt 0.1516 0.1090
vt 0.1472 0.1349
vt 0.1535 0.1090
vt 0.1492 0.1349
vt 0.1604 0.0654
vt 0.1579 0.0831
vt 0.1648 0.0356
vt 0.1628 0.0478
vt 0.1483 0.0356
vt 0.1519 0.0356
vt 0.1504 0.0478
vt 0.1471 0.0478
vt 0.1448 0.0356
vt 0.1438 0.0478
vt 0.1456 0.0654
vt 0.1486 0.0654
vt 0.1467 0.0831
vt 0.1440 0.0831
vt 0.1427 0.0654
vt 0.1415 0.0831
vt 0.1552 0.0142
vt 0.1534 0.0234
vt 0.1512 0.0142
vt 0.1496 0.0234
vt 0.1471 0.0142
vt 0.1457 0.0234
vt 0.1432 0.0142
vt 0.1420 0.0234
vt 0.1413 0.0356
vt 0.1407 0.0478
vt 0.1400 0.0654
vt 0.1392 0.0831
vt 0.1366 0.1090
vt 0.1385 0.1090
vt 0.1355 0.1349
vt 0.1340 0.1349
vt 0.1406 0.1090
vt 0.1372 0.1349
vt 0.1430 0.1090
vt 0.1393 0.1349
vt 0.1342 0.0356
vt 0.1342 0.0234
vt 0.1382 0.0234
vt 0.1378 0.0356
vt 0.1305 0.0356
vt 0.1302 0.0234
vt 0.1342 0.0654
vt 0.1341 0.0478
vt 0.1375 0.0478
vt 0.1372 0.0654
vt 0.1312 0.0654
vt 0.1307 0.0478
vt 0.1392 0.0142
vt 0.1403 0.0050
vt 0.1444 0.0050
vt 0.1432 0.0142
vt 0.1350 0.0142
vt 0.1358 0.0050
vt 0.1308 0.0142
vt 0.1350 0.0142
vt 0.1269 0.0142
vt 0.1265 0.0234
vt 0.1316 0.0831
vt 0.1303 0.1090
vt 0.1343 0.0831
vt 0.1326 0.1090
vt 0.1369 0.0831
vt 0.1348 0.1090
vt 0.1392 0.0831
vt 0.1366 0.1090
vt 0.1372 0.0654
vt 0.1378 0.0356
vt 0.1375 0.0478
vt 0.0968 0.0654
vt 0.1018 0.0654
vt 0.1028 0.0831
vt 0.0977 0.0831
vt 0.1000 0.0356
vt 0.1007 0.0478
vt 0.0959 0.0478
vt 0.0953 0.0356
vt 0.0916 0.0654
vt 0.0924 0.0831
vt 0.0903 0.0356
vt 0.0907 0.0478
vt 0.1071 0.1090
vt 0.1066 0.1349
vt 0.1015 0.1349
vt 0.1022 0.1090
vt 0.1064 0.0654
vt 0.1076 0.0831
vt 0.1043 0.0356
vt 0.1052 0.0478
vt 0.1036 0.0142
vt 0.1035 0.0234
vt 0.0993 0.0234
vt 0.0995 0.0142
vt 0.0948 0.0234
vt 0.0951 0.0142
vt 0.0900 0.0234
vt 0.0905 0.0142
vt 0.0848 0.0234
vt 0.0856 0.0142
vt 0.0850 0.0356
vt 0.0852 0.0478
vt 0.0859 0.0654
vt 0.0866 0.0831
vt 0.0857 0.1090
vt 0.0915 0.1090
vt 0.0906 0.1349
vt 0.0848 0.1349
vt 0.0970 0.1090
vt 0.0962 0.1349
vt 0.0574 0.0654
vt 0.0573 0.0831
vt 0.0513 0.0831
vt 0.0516 0.0654
vt 0.0585 0.0356
vt 0.0575 0.0478
vt 0.0518 0.0478
vt 0.0530 0.0356
vt 0.0450 0.0831
vt 0.0454 0.0654
vt 0.0459 0.0478
vt 0.0473 0.0356
vt 0.0623 0.1090
vt 0.0618 0.1349
vt 0.0565 0.1349
vt 0.0569 0.1090
vt 0.0627 0.0654
vt 0.0628 0.0831
vt 0.0634 0.0356
vt 0.0626 0.0478
vt 0.0658 0.0142
vt 0.0641 0.0234
vt 0.0594 0.0234
vt 0.0613 0.0142
vt 0.0542 0.0234
vt 0.0563 0.0142
vt 0.0487 0.0234
vt 0.0510 0.0142
vt 0.0431 0.0234
vt 0.0456 0.0142
vt 0.0399 0.0478
vt 0.0415 0.0356
vt 0.0386 0.0831
vt 0.0393 0.0654
vt 0.0450 0.1090
vt 0.0450 0.1349
vt 0.0390 0.1349
vt 0.0388 0.1090
vt 0.0511 0.1090
vt 0.0509 0.1349
vt 0.5170 0.0654
vt 0.5193 0.0831
vt 0.5131 0.0831
vt 0.5109 0.0654
vt 0.5111 0.0356
vt 0.5147 0.0478
vt 0.5088 0.0478
vt 0.5054 0.0356
vt 0.5072 0.0831
vt 0.5052 0.0654
vt 0.5032 0.0478
vt 0.5000 0.0356
vt 0.0143 0.1090
vt 0.0143 0.1349
vt 0.0072 0.1349
vt 0.0075 0.1090
vt 0.0160 0.0654
vt 0.0144 0.0831
vt 0.0078 0.0831
vt 0.0097 0.0654
vt 0.0200 0.0356
vt 0.0176 0.0478
vt 0.0116 0.0478
vt 0.0143 0.0356
vt 0.0257 0.0142
vt 0.0225 0.0234
vt 0.0170 0.0234
vt 0.0204 0.0142
vt 0.5043 0.0142
vt 0.5075 0.0234
vt 0.5020 0.0234
vt 0.4990 0.0142
vt 0.4940 0.0142
vt 0.4968 0.0234
vt 0.4895 0.0142
vt 0.4920 0.0234
vt 0.4981 0.0478
vt 0.4951 0.0356
vt 0.5017 0.0831
vt 0.4999 0.0654
vt 0.5071 0.1090
vt 0.5069 0.1349
vt 0.5006 0.1349
vt 0.5012 0.1090
vt 0.5133 0.1090
vt 0.5135 0.1349
vt 0.5197 0.1090
vt 0.5202 0.1349
vt 0.4657 0.0654
vt 0.4712 0.0654
vt 0.4720 0.0831
vt 0.4663 0.0831
vt 0.4632 0.0356
vt 0.4682 0.0356
vt 0.4703 0.0478
vt 0.4651 0.0478
vt 0.4602 0.0654
vt 0.4607 0.0831
vt 0.4581 0.0356
vt 0.4598 0.0478
vt 0.4695 0.1090
vt 0.4757 0.1090
vt 0.4736 0.1349
vt 0.4670 0.1349
vt 0.4768 0.0654
vt 0.4779 0.0831
vt 0.4735 0.0356
vt 0.4758 0.0478
vt 0.4645 0.0142
vt 0.4694 0.0142
vt 0.4713 0.0234
vt 0.4662 0.0234
vt 0.4598 0.0142
vt 0.4613 0.0234
vt 0.4551 0.0142
vt 0.4564 0.0234
vt 0.4504 0.0142
vt 0.4515 0.0234
vt 0.4530 0.0356
vt 0.4545 0.0478
vt 0.4547 0.0654
vt 0.4549 0.0831
vt 0.4515 0.1090
vt 0.4576 0.1090
vt 0.4546 0.1349
vt 0.4482 0.1349
vt 0.4636 0.1090
vt 0.4608 0.1349
vt 0.3812 0.0654
vt 0.3841 0.0831
vt 0.3818 0.0831
vt 0.3789 0.0654
vt 0.3831 0.0654
vt 0.3859 0.0831
vt 0.3748 0.0356
vt 0.3783 0.0478
vt 0.3759 0.0478
vt 0.3724 0.0356
vt 0.3769 0.0356
vt 0.3803 0.0478
vt 0.3803 0.1090
vt 0.3818 0.0831
vt 0.3824 0.1090
vt 0.3842 0.1090
vt 0.3824 0.1349
vt 0.3808 0.1349
vt 0.3824 0.1090
vt 0.3860 0.1090
vt 0.3840 0.1349
vt 0.3852 0.0654
vt 0.3879 0.0831
vt 0.3792 0.0356
vt 0.3825 0.0478
vt 0.3740 0.0142
vt 0.3760 0.0234
vt 0.3735 0.0234
vt 0.3714 0.0142
vt 0.3714 0.0234
vt 0.3691 0.0142
vt 0.3689 0.0234
vt 0.3666 0.0142
vt 0.3789 0.0654
vt 0.3910 0.0654
vt 0.3932 0.0831
vt 0.3904 0.0831
vt 0.3879 0.0654
vt 0.3940 0.0654
vt 0.3959 0.0831
vt 0.3858 0.0356
vt 0.3887 0.0478
vt 0.3854 0.0478
vt 0.3823 0.0356
vt 0.3894 0.0356
vt 0.3920 0.0478
vt 0.3882 0.1090
vt 0.3860 0.1349
vt 0.3906 0.1090
vt 0.3880 0.1349
vt 0.3928 0.1090
vt 0.3897 0.1349
vt 0.3946 0.1090
vt 0.3928 0.1090
vt 0.3959 0.0831
vt 0.3982 0.0831
vt 0.3966 0.0654
vt 0.3928 0.0356
vt 0.3951 0.0478
vt 0.3893 0.0142
vt 0.3905 0.0234
vt 0.3868 0.0234
vt 0.3854 0.0142
vt 0.3829 0.0234
vt 0.3813 0.0142
vt 0.3792 0.0234
vt 0.3773 0.0142
vt 0.4024 0.0654
vt 0.3993 0.0654
vt 0.3982 0.0478
vt 0.4016 0.0478
vt 0.4056 0.0654
vt 0.4051 0.0478
vt 0.3999 0.0356
vt 0.3962 0.0356
vt 0.3942 0.0234
vt 0.3982 0.0234
vt 0.4036 0.0356
vt 0.4021 0.0234
vt 0.3963 0.1090
vt 0.4004 0.0831
vt 0.3986 0.1090
vt 0.4032 0.0831
vt 0.4012 0.1090
vt 0.4061 0.0831
vt 0.4016 0.0142
vt 0.4011 0.0050
vt 0.3975 0.0142
vt 0.3967 0.0050
vt 0.3933 0.0142
vt 0.3923 0.0050
vt 0.3893 0.0142
vt 0.3881 0.0050
vt 0.3928 0.0356
vt 0.3905 0.0234
vt 0.3966 0.0654
vt 0.3951 0.0478
vt 0.2062 0.0654
vt 0.2003 0.0654
vt 0.2019 0.0478
vt 0.2078 0.0478
vt 0.2130 0.0654
vt 0.2145 0.0478
vt 0.2087 0.0356
vt 0.2029 0.0356
vt 0.2039 0.0234
vt 0.2095 0.0234
vt 0.2152 0.0356
vt 0.2160 0.0234
vt 0.1955 0.1090
vt 0.1986 0.0831
vt 0.2018 0.1090
vt 0.2046 0.0831
vt 0.2087 0.1090
vt 0.2116 0.0831
vt 0.2172 0.0142
vt 0.2184 0.0050
vt 0.2108 0.0142
vt 0.2121 0.0050
vt 0.2052 0.0142
vt 0.2065 0.0050
vt 0.2544 0.0654
vt 0.2488 0.0654
vt 0.2488 0.0478
vt 0.2542 0.0478
vt 0.2602 0.0654
vt 0.2607 0.0831
vt 0.2547 0.0831
vt 0.2544 0.0654
vt 0.2536 0.0356
vt 0.2484 0.0356
vt 0.2480 0.0234
vt 0.2530 0.0234
vt 0.2590 0.0356
vt 0.2597 0.0478
vt 0.2542 0.0478
vt 0.2536 0.0356
vt 0.2467 0.1090
vt 0.2488 0.0831
vt 0.2528 0.1090
vt 0.2547 0.0831
vt 0.2592 0.1090
vt 0.2576 0.1349
vt 0.2510 0.1349
vt 0.2528 0.1090
vt 0.2639 0.0142
vt 0.2639 0.0234
vt 0.2583 0.0234
vt 0.2583 0.0142
vt 0.2530 0.0234
vt 0.2531 0.0142
vt 0.2531 0.0142
vt 0.2482 0.0142
vt 0.2485 0.0050
vt 0.2532 0.0050
vt 0.3012 0.0654
vt 0.3026 0.0831
vt 0.2966 0.0831
vt 0.2953 0.0654
vt 0.3078 0.0654
vt 0.3093 0.0831
vt 0.2982 0.0356
vt 0.2998 0.0478
vt 0.2940 0.0478
vt 0.2925 0.0356
vt 0.3048 0.0356
vt 0.3064 0.0478
vt 0.2973 0.1090
vt 0.2980 0.1349
vt 0.3034 0.1090
vt 0.3042 0.1349
vt 0.3100 0.1090
vt 0.3108 0.1349
vt 0.3031 0.0234
vt 0.3025 0.0142
vt 0.2967 0.0234
vt 0.2961 0.0142
vt 0.2910 0.0234
vt 0.2906 0.0142
vt 0.1650 0.0654
vt 0.1624 0.0654
vt 0.1648 0.0478
vt 0.1673 0.0478
vt 0.1685 0.0654
vt 0.1707 0.0478
vt 0.1693 0.0356
vt 0.1668 0.0356
vt 0.1688 0.0234
vt 0.1712 0.0234
vt 0.1726 0.0356
vt 0.1744 0.0234
vt 0.1557 0.1090
vt 0.1535 0.1090
vt 0.1579 0.0831
vt 0.1600 0.0831
vt 0.1584 0.1090
vt 0.1628 0.0831
vt 0.1619 0.1090
vt 0.1663 0.0831
vt 0.1767 0.0142
vt 0.1790 0.0050
vt 0.1735 0.0142
vt 0.1758 0.0050
vt 0.1711 0.0142
vt 0.1734 0.0050
vt 0.1691 0.0142
vt 0.1714 0.0050
vt 0.1648 0.0356
vt 0.1668 0.0234
vt 0.1604 0.0654
vt 0.1628 0.0478
vt 0.3502 0.0654
vt 0.3530 0.0831
vt 0.3470 0.0831
vt 0.3444 0.0654
vt 0.3549 0.0654
vt 0.3580 0.0831
vt 0.3443 0.0356
vt 0.3473 0.0478
vt 0.3418 0.0478
vt 0.3391 0.0356
vt 0.3485 0.0356
vt 0.3518 0.0478
vt 0.3463 0.1090
vt 0.3457 0.1349
vt 0.3522 0.1090
vt 0.3514 0.1349
vt 0.3571 0.1090
vt 0.3563 0.1349
vt 0.3608 0.1090
vt 0.3600 0.1349
vt 0.3451 0.0234
vt 0.3431 0.0142
vt 0.3413 0.0234
vt 0.3395 0.0142
vt 0.3364 0.0234
vt 0.3349 0.0142
vt 0.1177 0.0654
vt 0.1194 0.0831
vt 0.1161 0.0831
vt 0.1145 0.0654
vt 0.1148 0.0356
vt 0.1161 0.0478
vt 0.1130 0.0478
vt 0.1118 0.0356
vt 0.1121 0.0831
vt 0.1107 0.0654
vt 0.1093 0.0478
vt 0.1083 0.0356
vt 0.1217 0.1090
vt 0.1215 0.1349
vt 0.1190 0.1349
vt 0.1192 0.1090
vt 0.1202 0.0654
vt 0.1218 0.0831
vt 0.1172 0.0356
vt 0.1185 0.0478
vt 0.1156 0.0142
vt 0.1159 0.0234
vt 0.1135 0.0234
vt 0.1133 0.0142
vt 0.1106 0.0234
vt 0.1104 0.0142
vt 0.1072 0.0234
vt 0.1072 0.0142
vt 0.1117 0.1090
vt 0.1113 0.1349
vt 0.1158 0.1090
vt 0.1155 0.1349
vt 0.0738 0.0654
vt 0.0799 0.0654
vt 0.0804 0.0831
vt 0.0742 0.0831
vt 0.0794 0.0356
vt 0.0794 0.0478
vt 0.0734 0.0478
vt 0.0737 0.0356
vt 0.0680 0.0654
vt 0.0682 0.0831
vt 0.0678 0.0478
vt 0.0683 0.0356
vt 0.0796 0.1090
vt 0.0787 0.1349
vt 0.0794 0.0234
vt 0.0804 0.0142
vt 0.0739 0.0234
vt 0.0752 0.0142
vt 0.0687 0.0234
vt 0.0702 0.0142
vt 0.0677 0.1090
vt 0.0671 0.1349
vt 0.0735 0.1090
vt 0.0728 0.1349
vt 0.0334 0.0654
vt 0.0325 0.0831
vt 0.0266 0.0831
vt 0.0277 0.0654
vt 0.0361 0.0356
vt 0.0342 0.0478
vt 0.0288 0.0478
vt 0.0308 0.0356
vt 0.0206 0.0831
vt 0.0219 0.0654
vt 0.0233 0.0478
vt 0.0255 0.0356
vt 0.0330 0.1349
vt 0.0328 0.1090
vt 0.0379 0.0234
vt 0.0406 0.0142
vt 0.0328 0.0234
vt 0.0357 0.0142
vt 0.0278 0.0234
vt 0.0308 0.0142
vt 0.0207 0.1090
vt 0.0209 0.1349
vt 0.0268 0.1090
vt 0.0271 0.1349
vt 0.4888 0.0654
vt 0.4946 0.0654
vt 0.4962 0.0831
vt 0.4902 0.0831
vt 0.4847 0.0356
vt 0.4901 0.0356
vt 0.4929 0.0478
vt 0.4874 0.0478
vt 0.4828 0.0654
vt 0.4840 0.0831
vt 0.4791 0.0356
vt 0.4815 0.0478
vt 0.4942 0.1349
vt 0.4952 0.1090
vt 0.4873 0.0234
vt 0.4849 0.0142
vt 0.4821 0.0234
vt 0.4798 0.0142
vt 0.4746 0.0142
vt 0.4767 0.0234
vt 0.4823 0.1090
vt 0.4805 0.1349
vt 0.4889 0.1090
vt 0.4875 0.1349
vt 0.4433 0.0654
vt 0.4489 0.0654
vt 0.4489 0.0831
vt 0.4431 0.0831
vt 0.4426 0.0356
vt 0.4477 0.0356
vt 0.4489 0.0478
vt 0.4436 0.0478
vt 0.4384 0.0654
vt 0.4380 0.0831
vt 0.4382 0.0356
vt 0.4389 0.0478
vt 0.4452 0.1090
vt 0.4416 0.1349
vt 0.4457 0.0142
vt 0.4465 0.0234
vt 0.4412 0.0142
vt 0.4417 0.0234
vt 0.4373 0.0142
vt 0.4375 0.0234
vt 0.4334 0.1090
vt 0.4289 0.1349
vt 0.4391 0.1090
vt 0.4350 0.1349
vt 0.4054 0.1349
vt 0.4029 0.1349
vt 0.1066 0.1364
vt 0.1015 0.1364
vt 0.1215 0.1364
vt 0.1189 0.1364
vt 0.1230 0.1349
vt 0.1231 0.1364
vt 0.1155 0.1364
vt 0.1242 0.1349
vt 0.1244 0.1364
vt 0.1113 0.1364
vt 0.1256 0.1364
vt 0.1255 0.1349
vt 0.0617 0.1364
vt 0.0564 0.1364
vt 0.1271 0.1349
vt 0.1271 0.1364
vt 0.0508 0.1364
vt 0.1289 0.1349
vt 0.1289 0.1364
vt 0.0449 0.1364
vt 0.1308 0.1349
vt 0.1308 0.1364
vt 0.0389 0.1364
vt 0.1326 0.1349
vt 0.1325 0.1364
vt 0.5006 0.1364
vt 0.4942 0.1364
vt 0.0143 0.1364
vt 0.0072 0.1364
vt 0.1340 0.1349
vt 0.1340 0.1364
vt 0.4874 0.1364
vt 0.5202 0.1364
vt 0.5135 0.1364
vt 0.1354 0.1364
vt 0.5069 0.1364
vt 0.1372 0.1364
vt 0.1392 0.1364
vt 0.1413 0.1364
vt 0.1679 0.1349
vt 0.1621 0.1349
vt 0.1744 0.1349
vt 0.1807 0.1349
vt 0.1865 0.1349
vt 0.2127 0.1349
vt 0.2193 0.1349
vt 0.2257 0.1349
vt 0.2319 0.1349
vt 0.2382 0.1349
vt 0.2445 0.1349
vt 0.2510 0.1349
vt 0.1492 0.1349
vt 0.1513 0.1349
vt 0.3759 0.1349
vt 0.3788 0.1349
vt 0.1540 0.1349
vt 0.3808 0.1349
vt 0.1575 0.1349
vt 0.3909 0.1349
vt 0.3922 0.1349
vt 0.3941 0.1349
vt 0.3962 0.1349
vt 0.1924 0.1349
vt 0.3982 0.1349
vt 0.1989 0.1349
vt 0.2058 0.1349
vt 0.0330 0.1364
vt 0.0270 0.1364
vt 0.0208 0.1364
vt 0.3634 0.1349
vt 0.3675 0.1349
vt 0.3719 0.1349
vt 0.1434 0.1364
vt 0.1453 0.1364
vt 0.1472 0.1364
vt 0.3998 0.1349
vt 0.4012 0.1349
vt 0.0676 0.3041
vt 0.0793 0.3041
vt 0.0852 0.3041
vt 0.0926 0.3763
vt 0.1420 0.0234
vt 0.2703 0.0234
vt 0.3386 0.4361
vt 0.3416 0.4361
vt 0.1832 0.4361
vt 0.3028 0.4361
vt 0.3083 0.4361
vt 0.2596 0.4361
vt 0.2645 0.4361
vt 0.3811 0.4361
vt 0.3665 0.4361
vt 0.3218 0.4361
vt 0.2820 0.4361
vt 0.2414 0.4361
vt 0.2029 0.4361
vt 0.4102 0.4361
vt 0.4136 0.4361
vt 0.3543 0.4361
vt 0.4343 0.0050
vt 0.4372 0.0050
vt 0.4408 0.0050
vt 0.4450 0.0050
vt 0.4494 0.0050
vt 0.4675 0.0050
vt 0.4725 0.0050
vt 0.4776 0.0050
vt 0.4824 0.0050
vt 0.4869 0.0050
vt 0.0338 0.0050
vt 0.0289 0.0050
vt 0.0386 0.0050
vt 0.0433 0.0050
vt 0.0482 0.0050
vt 0.0717 0.0050
vt 0.0675 0.0050
vt 0.0764 0.0050
vt 0.0814 0.0050
vt 0.0863 0.0050
vt 0.1071 0.0050
vt 0.1037 0.0050
vt 0.1102 0.0050
vt 0.1130 0.0050
vt 0.3334 0.0050
vt 0.3286 0.0050
vt 0.3377 0.0050
vt 0.3410 0.0050
vt 0.3434 0.0050
vt 0.2901 0.0050
vt 0.2862 0.0050
vt 0.2956 0.0050
vt 0.3020 0.0050
vt 0.3081 0.0050
vt 0.2583 0.0050
vt 0.3755 0.0050
vt 0.3720 0.0050
vt 0.3796 0.0050
vt 0.3840 0.0050
vt 0.3643 0.0050
vt 0.3609 0.0050
vt 0.3669 0.0050
vt 0.3692 0.0050
vt 0.4538 0.0050
vt 0.4583 0.0050
vt 0.4628 0.0050
vt 0.4913 0.0050
vt 0.4961 0.0050
vt 0.5011 0.0050
vt 0.0239 0.0050
vt 0.0533 0.0050
vt 0.0584 0.0050
vt 0.0633 0.0050
vt 0.0910 0.0050
vt 0.0955 0.0050
vt 0.0998 0.0050
vt 0.1314 0.0050
vt 0.1485 0.0050
vt 0.1529 0.0050
vt 0.1571 0.0050
vt 0.1610 0.0050
vt 0.1643 0.0050
vt 0.1671 0.0050
vt 0.1695 0.0050
vt 0.3135 0.0050
vt 0.3185 0.0050
vt 0.3236 0.0050
vt 0.2822 0.0050
vt 0.4219 0.0050
vt 0.4266 0.0050
vt 0.4310 0.0050
vt 0.3466 0.0050
vt 0.3512 0.0050
vt 0.3563 0.0050
vt 0.3294 0.4799
vt 0.3437 0.7392
f 802/1 801/2 804/3 805/4
f 803/5 802/1 805/4 806/6
f 805/4 804/3 807/7 808/8
f 806/6 805/4 808/8 809/9
f 800/10 98/11 614/12 801/13
f 799/14 800/10 801/13 802/1
f 798/15 799/14 802/1 803/5
f 97/16 798/15 803/5 321/17
f 321/17 803/5 806/6 322/18
f 322/18 806/6 809/9 323/19
f 323/19 809/9 239/20 37/21
f 809/9 808/8 238/22 239/20
f 808/8 807/7 237/23 238/22
f 807/7 612/24 38/25 237/23
f 804/3 613/26 612/24 807/7
f 801/2 614/12 613/26 804/3
f 814/27 811/28 810/29 813/30
f 815/31 812/32 811/28 814/27
f 817/33 814/27 813/30 816/34
f 818/35 815/31 814/27 817/33
f 810/36 797/37 100/38 620/39
f 811/28 796/40 797/37 810/29
f 812/32 795/41 796/40 811/28
f 327/42 99/43 795/41 812/32
f 328/44 327/42 812/32 815/31
f 329/45 328/44 815/31 818/35
f 64/46 329/45 818/35 320/47
f 320/47 818/35 817/33 319/48
f 319/48 817/33 816/34 318/49
f 318/49 816/34 618/50 33/51
f 816/34 813/30 619/52 618/50
f 813/30 810/29 620/39 619/52
f 820/53 819/54 822/55 823/56
f 821/57 820/53 823/56 824/58
f 823/56 822/55 825/59 826/60
f 824/58 823/56 826/60 827/61
f 794/62 102/63 626/64 819/65
f 793/66 794/62 819/65 820/53
f 792/67 793/66 820/53 821/57
f 101/68 792/67 821/57 333/69
f 333/69 821/57 824/58 334/70
f 334/70 824/58 827/61 335/71
f 335/71 827/61 281/72 51/73
f 827/61 826/60 280/74 281/72
f 826/60 825/59 279/75 280/74
f 825/59 624/76 52/77 279/75
f 822/55 625/78 624/76 825/59
f 819/54 626/64 625/78 822/55
f 829/79 828/80 831/81 832/82
f 830/83 829/79 832/82 833/84
f 832/82 831/81 834/85 835/86
f 833/84 832/82 835/86 836/87
f 791/88 103/89 629/90 828/91
f 790/92 791/88 828/91 829/79
f 789/93 790/92 829/79 830/83
f 98/11 789/93 830/83 614/12
f 614/12 830/83 833/84 613/26
f 613/26 833/84 836/87 612/24
f 612/24 836/87 242/94 38/25
f 836/87 835/86 241/95 242/94
f 835/86 834/85 240/96 241/95
f 834/85 627/97 39/98 240/96
f 831/81 628/99 627/97 834/85
f 828/80 629/90 628/99 831/81
f 838/100 837/101 840/102 841/103
f 839/104 838/100 841/103 842/105
f 841/103 840/102 843/106 844/107
f 842/105 841/103 844/107 845/108
f 788/109 104/110 632/111 837/112
f 787/113 788/109 837/112 838/100
f 786/114 787/113 838/100 839/104
f 102/63 786/114 839/104 626/64
f 626/64 839/104 842/105 625/78
f 625/78 842/105 845/108 624/76
f 624/76 845/108 284/115 52/77
f 845/108 844/107 283/116 284/115
f 844/107 843/106 282/117 283/116
f 843/106 630/118 53/119 282/117
f 840/102 631/120 630/118 843/106
f 837/101 632/111 631/120 840/102
f 847/121 846/122 849/123 850/124
f 848/125 847/121 850/124 851/126
f 850/124 849/123 852/127 853/128
f 851/126 850/124 853/128 854/129
f 785/130 105/131 635/132 846/133
f 847/121 784/134 785/130 846/122
f 848/125 783/135 784/134 847/121
f 103/89 783/135 848/125 629/90
f 629/90 848/125 851/126 628/99
f 628/99 851/126 854/129 627/97
f 627/97 854/129 245/136 39/98
f 854/129 853/128 244/137 245/136
f 853/128 852/127 243/138 244/137
f 852/127 633/139 40/140 243/138
f 849/123 634/141 633/139 852/127
f 846/122 635/132 634/141 849/123
f 856/142 855/143 858/144 859/145
f 857/146 856/142 859/145 860/147
f 859/145 858/144 861/148 862/149
f 860/147 859/145 862/149 863/150
f 782/151 106/152 638/153 855/154
f 781/155 782/151 855/154 856/142
f 780/156 781/155 856/142 857/146
f 104/110 780/156 857/146 632/111
f 632/111 857/146 860/147 631/120
f 631/120 860/147 863/150 630/118
f 630/118 863/150 287/157 53/119
f 863/150 862/149 286/158 287/157
f 862/149 861/148 285/159 286/158
f 861/148 636/160 54/161 285/159
f 858/144 637/162 636/160 861/148
f 855/143 638/153 637/162 858/144
f 865/163 864/164 867/165 868/166
f 866/167 865/163 868/166 869/168
f 868/166 867/165 870/169 871/170
f 869/168 868/166 871/170 872/171
f 864/172 779/173 107/174 641/175
f 865/163 778/176 779/173 864/164
f 866/167 777/177 778/176 865/163
f 635/132 105/131 777/177 866/167
f 635/132 866/167 869/168 634/141
f 634/141 869/168 872/171 633/139
f 633/139 872/171 248/178 40/140
f 872/171 871/170 247/179 248/178
f 871/170 870/169 246/180 247/179
f 870/169 639/181 41/182 246/180
f 867/165 640/183 639/181 870/169
f 864/164 641/175 640/183 867/165
f 874/184 873/185 876/186 877/187
f 875/188 874/184 877/187 878/189
f 877/187 876/186 879/190 880/191
f 878/189 877/187 880/191 881/192
f 776/193 108/194 644/195 873/196
f 775/197 776/193 873/196 874/184
f 774/198 775/197 874/184 875/188
f 106/152 774/198 875/188 638/153
f 638/153 875/188 878/189 637/162
f 637/162 878/189 881/192 636/160
f 636/160 881/192 290/199 54/161
f 881/192 880/191 289/200 290/199
f 880/191 879/190 288/201 289/200
f 879/190 642/202 55/203 288/201
f 876/186 643/204 642/202 879/190
f 873/185 644/195 643/204 876/186
f 886/205 883/206 882/207 885/208
f 887/209 884/210 883/206 886/205
f 889/211 886/205 885/208 888/212
f 890/213 887/209 886/205 889/211
f 882/214 773/215 109/216 647/217
f 883/206 772/218 773/215 882/207
f 884/210 771/219 772/218 883/206
f 641/175 107/174 771/219 884/210
f 640/183 641/175 884/210 887/209
f 639/181 640/183 887/209 890/213
f 41/182 639/181 890/213 251/220
f 251/220 890/213 889/211 250/221
f 250/221 889/211 888/212 249/222
f 249/222 888/212 645/223 42/224
f 888/212 885/208 646/225 645/223
f 885/208 882/207 647/217 646/225
f 892/226 891/227 894/228 895/229
f 893/230 892/226 895/229 896/231
f 895/229 894/228 897/232 898/233
f 896/231 895/229 898/233 899/234
f 770/235 110/236 650/237 891/238
f 769/239 770/235 891/238 892/226
f 768/240 769/239 892/226 893/230
f 108/194 768/240 893/230 644/195
f 644/195 893/230 896/231 643/204
f 643/204 896/231 899/234 642/202
f 642/202 899/234 293/241 55/203
f 899/234 898/233 292/242 293/241
f 898/233 897/232 291/243 292/242
f 897/232 648/244 56/245 291/243
f 894/228 649/246 648/244 897/232
f 891/227 650/237 649/246 894/228
f 904/247 901/248 900/249 903/250
f 905/251 902/252 901/248 904/247
f 907/253 904/247 903/250 906/254
f 908/255 905/251 904/247 907/253
f 767/256 111/257 653/258 900/259
f 766/260 767/256 900/259 901/248
f 902/252 765/261 766/260 901/248
f 647/217 109/216 765/261 902/252
f 646/225 647/217 902/252 905/251
f 645/223 646/225 905/251 908/255
f 42/224 645/223 908/255 254/262
f 254/262 908/255 907/253 253/263
f 253/263 907/253 906/254 252/264
f 252/264 906/254 651/265 43/266
f 906/254 903/250 652/267 651/265
f 903/250 900/249 653/258 652/267
f 910/268 909/269 912/270 913/271
f 911/272 910/268 913/271 914/273
f 913/271 912/270 915/274 916/275
f 914/273 913/271 916/275 917/276
f 764/277 112/278 656/279 909/280
f 763/281 764/277 909/280 910/268
f 762/282 763/281 910/268 911/272
f 650/237 110/236 762/282 911/272
f 650/237 911/272 914/273 649/246
f 649/246 914/273 917/276 648/244
f 648/244 917/276 296/283 56/245
f 917/276 916/275 295/284 296/283
f 916/275 915/274 294/285 295/284
f 915/274 654/286 57/287 294/285
f 912/270 655/288 654/286 915/274
f 909/269 656/279 655/288 912/270
f 922/289 919/290 918/291 921/292
f 923/293 920/294 919/290 922/289
f 925/295 922/289 921/292 924/296
f 926/297 923/293 922/289 925/295
f 918/298 761/299 113/300 659/301
f 919/290 760/302 761/299 918/291
f 920/294 759/303 760/302 919/290
f 653/258 111/257 759/303 920/294
f 652/267 653/258 920/294 923/293
f 651/265 652/267 923/293 926/297
f 43/266 651/265 926/297 257/304
f 257/304 926/297 925/295 256/305
f 256/305 925/295 924/296 255/306
f 255/306 924/296 657/307 44/308
f 924/296 921/292 658/309 657/307
f 921/292 918/291 659/301 658/309
f 931/310 928/311 927/312 930/313
f 932/314 929/315 928/311 931/310
f 934/316 931/310 930/313 933/317
f 935/318 932/314 931/310 934/316
f 758/319 114/320 662/321 927/322
f 757/323 758/319 927/322 928/311
f 756/324 757/323 928/311 929/315
f 112/278 756/324 929/315 656/279
f 655/288 656/279 929/315 932/314
f 654/286 655/288 932/314 935/318
f 57/287 654/286 935/318 299/325
f 299/325 935/318 934/316 298/326
f 298/326 934/316 933/317 297/327
f 297/327 933/317 660/328 58/329
f 933/317 930/313 661/330 660/328
f 930/313 927/312 662/321 661/330
f 940/331 937/332 936/333 939/334
f 941/335 938/336 937/332 940/331
f 943/337 940/331 939/334 942/338
f 944/339 941/335 940/331 943/337
f 936/340 755/341 115/342 665/343
f 937/332 754/344 755/341 936/333
f 938/336 753/345 754/344 937/332
f 659/301 113/300 753/345 938/336
f 658/309 659/301 938/336 941/335
f 657/307 658/309 941/335 944/339
f 44/308 657/307 944/339 260/346
f 260/346 944/339 943/337 259/347
f 259/347 943/337 942/338 258/348
f 258/348 942/338 663/349 45/350
f 942/338 939/334 664/351 663/349
f 939/334 936/333 665/343 664/351
f 949/352 946/353 945/354 948/355
f 950/356 947/357 946/353 949/352
f 952/358 949/352 948/355 951/359
f 953/360 950/356 949/352 952/358
f 752/361 116/362 668/363 945/364
f 751/365 752/361 945/364 946/353
f 750/366 751/365 946/353 947/357
f 114/320 750/366 947/357 662/321
f 661/330 662/321 947/357 950/356
f 660/328 661/330 950/356 953/360
f 58/329 660/328 953/360 302/367
f 302/367 953/360 952/358 301/368
f 301/368 952/358 951/359 300/369
f 300/369 951/359 666/370 59/371
f 951/359 948/355 667/372 666/370
f 948/355 945/354 668/363 667/372
f 958/373 955/374 954/375 957/376
f 959/377 956/378 955/374 958/373
f 961/379 958/373 957/376 960/380
f 962/381 959/377 958/373 961/379
f 954/382 749/383 117/384 671/385
f 955/374 748/386 749/383 954/375
f 956/378 747/387 748/386 955/374
f 665/343 115/342 747/387 956/378
f 664/351 665/343 956/378 959/377
f 663/349 664/351 959/377 962/381
f 45/350 663/349 962/381 263/388
f 263/388 962/381 961/379 262/389
f 262/389 961/379 960/380 261/390
f 261/390 960/380 669/391 46/392
f 960/380 957/376 670/393 669/391
f 957/376 954/375 671/385 670/393
f 967/394 964/395 963/396 966/397
f 968/398 965/399 964/395 967/394
f 970/400 967/394 966/397 969/401
f 971/402 968/398 967/394 970/400
f 963/403 746/404 118/405 674/406
f 964/395 745/407 746/404 963/396
f 965/399 744/408 745/407 964/395
f 668/363 116/362 744/408 965/399
f 667/372 668/363 965/399 968/398
f 666/370 667/372 968/398 971/402
f 59/371 666/370 971/402 305/409
f 305/409 971/402 970/400 304/410
f 304/410 970/400 969/401 303/411
f 303/411 969/401 672/412 60/413
f 969/401 966/397 673/414 672/412
f 966/397 963/396 674/406 673/414
f 976/415 973/416 972/417 975/418
f 977/419 974/420 973/416 976/415
f 979/421 976/415 975/418 978/422
f 980/423 977/419 976/415 979/421
f 972/424 743/425 119/426 677/427
f 973/416 742/428 743/425 972/417
f 974/420 741/429 742/428 973/416
f 671/385 117/384 741/429 974/420
f 670/393 671/385 974/420 977/419
f 669/391 670/393 977/419 980/423
f 46/392 669/391 980/423 266/430
f 266/430 980/423 979/421 265/431
f 265/431 979/421 978/422 264/432
f 264/432 978/422 675/433 47/434
f 978/422 975/418 676/435 675/433
f 975/418 972/417 677/427 676/435
f 982/436 981/437 984/438 985/439
f 983/440 982/436 985/439 986/441
f 985/439 984/438 987/442 988/443
f 986/441 985/439 988/443 989/444
f 740/445 120/446 680/447 981/448
f 739/449 740/445 981/448 982/436
f 738/450 739/449 982/436 983/440
f 100/451 738/450 983/440 620/452
f 620/452 983/440 986/441 619/453
f 619/453 986/441 989/444 618/454
f 618/454 989/444 227/455 33/456
f 989/444 988/443 226/457 227/455
f 988/443 987/442 225/458 226/457
f 987/442 678/459 34/460 225/458
f 984/438 679/461 678/459 987/442
f 981/437 680/447 679/461 984/438
f 994/462 991/463 990/464 993/465
f 995/466 992/467 991/463 994/462
f 997/468 994/462 993/465 996/469
f 998/470 995/466 994/462 997/468
f 990/471 737/472 121/473 683/474
f 991/463 736/475 737/472 990/464
f 992/467 735/476 736/475 991/463
f 674/406 118/405 735/476 992/467
f 673/414 674/406 992/467 995/466
f 672/412 673/414 995/466 998/470
f 60/413 672/412 998/470 308/477
f 308/477 998/470 997/468 307/478
f 307/478 997/468 996/469 306/479
f 306/479 996/469 681/480 61/481
f 996/469 993/465 682/482 681/480
f 993/465 990/464 683/474 682/482
f 1003/483 1000/484 999/485 1002/486
f 1004/487 1001/488 1000/484 1003/483
f 1006/489 1003/483 1002/486 1005/490
f 1007/491 1004/487 1003/483 1006/489
f 734/492 122/493 686/494 999/495
f 1000/484 733/496 734/492 999/485
f 1001/488 732/497 733/496 1000/484
f 677/427 119/426 732/497 1001/488
f 676/435 677/427 1001/488 1004/487
f 675/433 676/435 1004/487 1007/491
f 47/434 675/433 1007/491 269/498
f 269/498 1007/491 1006/489 268/499
f 268/499 1006/489 1005/490 267/500
f 267/500 1005/490 684/501 48/502
f 1002/486 685/503 684/501 1005/490
f 999/485 686/494 685/503 1002/486
f 1009/504 1008/505 1011/506 1012/507
f 1010/508 1009/504 1012/507 1013/509
f 1012/507 1011/506 1014/510 1015/511
f 1013/509 1012/507 1015/511 1016/512
f 731/513 123/514 689/515 1008/516
f 730/517 731/513 1008/516 1009/504
f 729/518 730/517 1009/504 1010/508
f 120/446 729/518 1010/508 680/447
f 680/447 1010/508 1013/509 679/461
f 679/461 1013/509 1016/512 678/459
f 678/459 1016/512 230/519 34/460
f 1016/512 1015/511 229/520 230/519
f 1015/511 1014/510 228/521 229/520
f 1014/510 687/522 35/523 228/521
f 1011/506 688/524 687/522 1014/510
f 1008/505 689/515 688/524 1011/506
f 1021/525 1018/526 1017/527 1020/528
f 1022/529 1019/530 1018/526 1021/525
f 1024/531 1021/525 1020/528 1023/532
f 1025/533 1022/529 1021/525 1024/531
f 1017/534 728/535 124/536 692/537
f 1018/526 727/538 728/535 1017/527
f 1019/530 726/539 727/538 1018/526
f 683/474 121/473 726/539 1019/530
f 682/482 683/474 1019/530 1022/529
f 681/480 682/482 1022/529 1025/533
f 61/481 681/480 1025/533 311/540
f 311/540 1025/533 1024/531 310/541
f 310/541 1024/531 1023/532 309/542
f 309/542 1023/532 690/543 62/544
f 1023/532 1020/528 691/545 690/543
f 1020/528 1017/527 692/537 691/545
f 1030/546 1027/547 1026/548 1029/549
f 1028/550 1027/547 1030/546 1031/551
f 1033/552 1030/546 1029/549 1032/553
f 1031/551 1030/546 1033/552 1034/554
f 1026/555 725/556 125/557 695/558
f 1027/547 724/559 725/556 1026/548
f 723/560 724/559 1027/547 1028/550
f 122/493 723/560 1028/550 686/494
f 686/494 1028/550 1031/551 685/503
f 685/503 1031/551 1034/554 684/501
f 48/502 684/501 1034/554 272/561
f 272/561 1034/554 1033/552 271/562
f 271/562 1033/552 1032/553 270/563
f 270/563 1032/553 693/564 49/565
f 1032/553 1029/549 694/566 693/564
f 1029/549 1026/548 695/558 694/566
f 1036/567 1035/568 1038/569 1039/570
f 1037/571 1036/567 1039/570 1040/572
f 1039/570 1038/569 1041/573 1042/574
f 1040/572 1039/570 1042/574 1043/575
f 722/576 126/577 698/578 1035/579
f 721/580 722/576 1035/579 1036/567
f 720/581 721/580 1036/567 1037/571
f 123/514 720/581 1037/571 689/515
f 689/515 1037/571 1040/572 688/524
f 688/524 1040/572 1043/575 687/522
f 687/522 1043/575 233/582 35/523
f 1043/575 1042/574 232/583 233/582
f 1042/574 1041/573 231/584 232/583
f 1041/573 696/585 36/586 231/584
f 1038/569 697/587 696/585 1041/573
f 1035/568 698/578 697/587 1038/569
f 1048/588 1045/589 1044/590 1047/591
f 1049/592 1046/593 1045/589 1048/588
f 1051/594 1048/588 1047/591 1050/595
f 1052/596 1049/592 1048/588 1051/594
f 1044/597 719/598 127/599 701/600
f 1045/589 718/601 719/598 1044/590
f 1046/593 717/602 718/601 1045/589
f 692/537 124/536 717/602 1046/593
f 691/545 692/537 1046/593 1049/592
f 690/543 691/545 1049/592 1052/596
f 62/544 690/543 1052/596 314/603
f 314/603 1052/596 1051/594 313/604
f 313/604 1051/594 1050/595 312/605
f 312/605 1050/595 699/606 63/607
f 1050/595 1047/591 700/608 699/606
f 1047/591 1044/590 701/600 700/608
f 1054/609 1053/610 1056/611 1057/612
f 1058/613 1055/614 1054/609 1057/612
f 1057/612 1056/611 1059/615 1060/616
f 1061/617 1058/613 1057/612 1060/616
f 716/618 128/619 704/620 1053/621
f 715/622 716/618 1053/621 1054/609
f 1055/614 714/623 715/622 1054/609
f 695/558 125/557 714/623 1055/614
f 694/566 695/558 1055/614 1058/613
f 693/564 694/566 1058/613 1061/617
f 49/565 693/564 1061/617 275/624
f 275/624 1061/617 1060/616 274/625
f 1060/616 1059/615 273/626 274/625
f 1059/615 702/627 50/628 273/626
f 1056/611 703/629 702/627 1059/615
f 1053/610 704/620 703/629 1056/611
f 1063/630 1062/631 1065/632 1066/633
f 1064/634 1063/630 1066/633 1067/635
f 1066/633 1065/632 1068/636 1069/637
f 1067/635 1066/633 1069/637 1070/638
f 713/639 97/16 321/17 1062/640
f 712/641 713/639 1062/640 1063/630
f 711/642 712/641 1063/630 1064/634
f 126/577 711/642 1064/634 698/578
f 698/578 1064/634 1067/635 697/587
f 697/587 1067/635 1070/638 696/585
f 696/585 1070/638 236/643 36/586
f 1070/638 1069/637 235/644 236/643
f 1069/637 1068/636 234/645 235/644
f 1068/636 323/19 37/21 234/645
f 1065/632 322/18 323/19 1068/636
f 1062/631 321/17 322/18 1065/632
f 1075/646 1072/647 1071/648 1074/649
f 1076/650 1073/651 1072/647 1075/646
f 1078/652 1075/646 1074/649 1077/653
f 1079/654 1076/650 1075/646 1078/652
f 1071/655 710/656 99/43 327/42
f 1072/647 709/657 710/656 1071/648
f 1073/651 708/658 709/657 1072/647
f 701/600 127/599 708/658 1073/651
f 700/608 701/600 1073/651 1076/650
f 699/606 700/608 1076/650 1079/654
f 63/607 699/606 1079/654 317/659
f 317/659 1079/654 1078/652 316/660
f 316/660 1078/652 1077/653 315/661
f 315/661 1077/653 329/45 64/46
f 1077/653 1074/649 328/44 329/45
f 1074/649 1071/648 327/42 328/44
f 1081/662 1080/663 1083/664 1084/665
f 1082/666 1081/662 1084/665 1085/667
f 1084/665 1083/664 1086/668 1087/669
f 1085/667 1084/665 1087/669 1088/670
f 707/671 101/68 333/69 1080/672
f 706/673 707/671 1080/672 1081/662
f 705/674 706/673 1081/662 1082/666
f 128/619 705/674 1082/666 704/620
f 704/620 1082/666 1085/667 703/629
f 703/629 1085/667 1088/670 702/627
f 702/627 1088/670 278/675 50/628
f 1088/670 1087/669 277/676 278/675
f 1087/669 1086/668 276/677 277/676
f 1086/668 335/71 51/73 276/677
f 1083/664 334/70 335/71 1086/668
f 1080/663 333/69 334/70 1083/664
f 1093/678 1090/679 1089/680 1092/681
f 1094/682 1091/683 1090/679 1093/678
f 1096/684 1093/678 1092/681 1095/685
f 1097/686 1094/682 1093/678 1096/684
f 1089/687 261/390 46/392 518/688
f 1090/679 262/389 261/390 1089/680
f 1091/683 263/388 262/389 1090/679
f 513/689 45/350 263/388 1091/683
f 514/690 513/689 1091/683 1094/682
f 515/691 514/690 1094/682 1097/686
f 77/692 515/691 1097/686 455/693
f 455/693 1097/686 1096/684 454/694
f 454/694 1096/684 1095/685 453/695
f 453/695 1095/685 516/696 78/697
f 1092/681 517/698 516/696 1095/685
f 1092/681 1089/680 518/688 517/698
f 1102/699 1099/700 1098/701 1101/702
f 1103/703 1100/704 1099/700 1102/699
f 1105/705 1102/699 1101/702 1104/706
f 1106/707 1103/703 1102/699 1105/705
f 1098/708 303/411 60/413 524/709
f 1099/700 304/410 303/411 1098/701
f 1100/704 305/409 304/410 1099/700
f 519/710 59/371 305/409 1100/704
f 520/711 519/710 1100/704 1103/703
f 521/712 520/711 1103/703 1106/707
f 91/713 521/712 1106/707 497/714
f 497/714 1106/707 1105/705 496/715
f 496/715 1105/705 1104/706 495/716
f 495/716 1104/706 522/717 92/718
f 1104/706 1101/702 523/719 522/717
f 1101/702 1098/701 524/709 523/719
f 1111/720 1108/721 1107/722 1110/723
f 1112/724 1109/725 1108/721 1111/720
f 1114/726 1111/720 1110/723 1113/727
f 1115/728 1112/724 1111/720 1114/726
f 1107/729 264/432 47/434 527/730
f 1108/721 265/431 264/432 1107/722
f 1109/725 266/430 265/431 1108/721
f 518/688 46/392 266/430 1109/725
f 517/698 518/688 1109/725 1112/724
f 516/696 517/698 1112/724 1115/728
f 78/697 516/696 1115/728 458/731
f 458/731 1115/728 1114/726 457/732
f 457/732 1114/726 1113/727 456/733
f 456/733 1113/727 525/734 79/735
f 1113/727 1110/723 526/736 525/734
f 1110/723 1107/722 527/730 526/736
f 1117/737 1116/738 1119/739 1120/740
f 1118/741 1117/737 1120/740 1121/742
f 1120/740 1119/739 1122/743 1123/744
f 1121/742 1120/740 1123/744 1124/745
f 225/458 34/460 533/746 1116/747
f 226/457 225/458 1116/747 1117/737
f 227/455 226/457 1117/737 1118/741
f 33/456 227/455 1118/741 528/748
f 528/748 1118/741 1121/742 529/749
f 529/749 1121/742 1124/745 530/750
f 530/750 1124/745 419/751 65/752
f 1124/745 1123/744 418/753 419/751
f 1123/744 1122/743 417/754 418/753
f 1122/743 531/755 66/756 417/754
f 1119/739 532/757 531/755 1122/743
f 1116/738 533/746 532/757 1119/739
f 1129/758 1126/759 1125/760 1128/761
f 1130/762 1127/763 1126/759 1129/758
f 1132/764 1129/758 1128/761 1131/765
f 1133/766 1130/762 1129/758 1132/764
f 1125/767 306/479 61/481 536/768
f 1126/759 307/478 306/479 1125/760
f 1127/763 308/477 307/478 1126/759
f 524/709 60/413 308/477 1127/763
f 523/719 524/709 1127/763 1130/762
f 522/717 523/719 1130/762 1133/766
f 92/718 522/717 1133/766 500/769
f 500/769 1133/766 1132/764 499/770
f 499/770 1132/764 1131/765 498/771
f 498/771 1131/765 534/772 93/773
f 1131/765 1128/761 535/774 534/772
f 1128/761 1125/760 536/768 535/774
f 1138/775 1135/776 1134/777 1137/778
f 1139/779 1136/780 1135/776 1138/775
f 1141/781 1138/775 1137/778 1140/782
f 1142/783 1139/779 1138/775 1141/781
f 1134/784 267/500 48/502 539/785
f 1135/776 268/499 267/500 1134/777
f 1136/780 269/498 268/499 1135/776
f 527/730 47/434 269/498 1136/780
f 526/736 527/730 1136/780 1139/779
f 525/734 526/736 1139/779 1142/783
f 79/735 525/734 1142/783 461/786
f 461/786 1142/783 1141/781 460/787
f 460/787 1141/781 1140/782 459/788
f 459/788 1140/782 537/789 80/790
f 1140/782 1137/778 538/791 537/789
f 1137/778 1134/777 539/785 538/791
f 1144/792 1143/793 1146/794 1147/795
f 1145/796 1144/792 1147/795 1148/797
f 1147/795 1146/794 1149/798 1150/799
f 1148/797 1147/795 1150/799 1151/800
f 228/521 35/523 542/801 1143/802
f 229/520 228/521 1143/802 1144/792
f 230/519 229/520 1144/792 1145/796
f 34/460 230/519 1145/796 533/746
f 533/746 1145/796 1148/797 532/757
f 532/757 1148/797 1151/800 531/755
f 531/755 1151/800 422/803 66/756
f 1151/800 1150/799 421/804 422/803
f 1150/799 1149/798 420/805 421/804
f 1149/798 540/806 67/807 420/805
f 1146/794 541/808 540/806 1149/798
f 1143/793 542/801 541/808 1146/794
f 1156/809 1153/810 1152/811 1155/812
f 1157/813 1154/814 1153/810 1156/809
f 1159/815 1156/809 1155/812 1158/816
f 1160/817 1157/813 1156/809 1159/815
f 1152/818 309/542 62/544 545/819
f 1153/810 310/541 309/542 1152/811
f 1154/814 311/540 310/541 1153/810
f 536/768 61/481 311/540 1154/814
f 535/774 536/768 1154/814 1157/813
f 534/772 535/774 1157/813 1160/817
f 93/773 534/772 1160/817 503/820
f 503/820 1160/817 1159/815 502/821
f 502/821 1159/815 1158/816 501/822
f 501/822 1158/816 543/823 94/824
f 1158/816 1155/812 544/825 543/823
f 1155/812 1152/811 545/819 544/825
f 1165/826 1162/827 1161/828 1164/829
f 1166/830 1163/831 1162/827 1165/826
f 1168/832 1165/826 1164/829 1167/833
f 1169/834 1166/830 1165/826 1168/832
f 1161/835 270/563 49/565 548/836
f 1162/827 271/562 270/563 1161/828
f 1163/831 272/561 271/562 1162/827
f 539/785 48/502 272/561 1163/831
f 538/791 539/785 1163/831 1166/830
f 537/789 538/791 1166/830 1169/834
f 80/790 537/789 1169/834 464/837
f 464/837 1169/834 1168/832 463/838
f 463/838 1168/832 1167/833 462/839
f 462/839 1167/833 546/840 81/841
f 1167/833 1164/829 547/842 546/840
f 1164/829 1161/828 548/836 547/842
f 1171/843 1170/844 1173/845 1174/846
f 1172/847 1171/843 1174/846 1175/848
f 1174/846 1173/845 1176/849 1177/850
f 1175/848 1174/846 1177/850 1178/851
f 231/584 36/586 551/852 1170/853
f 232/583 231/584 1170/853 1171/843
f 233/582 232/583 1171/843 1172/847
f 35/523 233/582 1172/847 542/801
f 542/801 1172/847 1175/848 541/808
f 541/808 1175/848 1178/851 540/806
f 540/806 1178/851 425/854 67/807
f 1178/851 1177/850 424/855 425/854
f 1177/850 1176/849 423/856 424/855
f 1176/849 549/857 68/858 423/856
f 1173/845 550/859 549/857 1176/849
f 1170/844 551/852 550/859 1173/845
f 1183/860 1180/861 1179/862 1182/863
f 1184/864 1181/865 1180/861 1183/860
f 1186/866 1183/860 1182/863 1185/867
f 1187/868 1184/864 1183/860 1186/866
f 1179/869 312/605 63/607 554/870
f 1180/861 313/604 312/605 1179/862
f 1181/865 314/603 313/604 1180/861
f 545/819 62/544 314/603 1181/865
f 544/825 545/819 1181/865 1184/864
f 543/823 544/825 1184/864 1187/868
f 94/824 543/823 1187/868 506/871
f 506/871 1187/868 1186/866 505/872
f 505/872 1186/866 1185/867 504/873
f 504/873 1185/867 552/874 95/875
f 1185/867 1182/863 553/876 552/874
f 1182/863 1179/862 554/870 553/876
f 1189/877 1188/878 1191/879 1192/880
f 1190/881 1189/877 1192/880 1193/882
f 1192/880 1191/879 1194/883 1195/884
f 1193/882 1192/880 1195/884 1196/885
f 273/626 50/628 557/886 1188/887
f 274/625 273/626 1188/887 1189/877
f 275/624 274/625 1189/877 1190/881
f 49/565 275/624 1190/881 548/836
f 548/836 1190/881 1193/882 547/842
f 547/842 1193/882 1196/885 546/840
f 546/840 1196/885 467/888 81/841
f 1196/885 1195/884 466/889 467/888
f 1195/884 1194/883 465/890 466/889
f 1194/883 555/891 82/892 465/890
f 1191/879 556/893 555/891 1194/883
f 1188/878 557/886 556/893 1191/879
f 1198/894 1197/895 1200/896 1201/897
f 1199/898 1198/894 1201/897 1202/899
f 1201/897 1200/896 1203/900 1204/901
f 1202/899 1201/897 1204/901 1205/902
f 234/645 37/21 560/903 1197/904
f 235/644 234/645 1197/904 1198/894
f 236/643 235/644 1198/894 1199/898
f 36/586 236/643 1199/898 551/852
f 551/852 1199/898 1202/899 550/859
f 550/859 1202/899 1205/902 549/857
f 549/857 1205/902 428/905 68/858
f 1205/902 1204/901 427/906 428/905
f 1204/901 1203/900 426/907 427/906
f 1203/900 558/908 69/909 426/907
f 1200/896 559/910 558/908 1203/900
f 1197/895 560/903 559/910 1200/896
f 1210/911 1207/912 1206/913 1209/914
f 1211/915 1208/916 1207/912 1210/911
f 1213/917 1210/911 1209/914 1212/918
f 1214/919 1211/915 1210/911 1213/917
f 1206/920 315/661 64/46 563/921
f 1207/912 316/660 315/661 1206/913
f 1208/916 317/659 316/660 1207/912
f 554/870 63/607 317/659 1208/916
f 553/876 554/870 1208/916 1211/915
f 552/874 553/876 1211/915 1214/919
f 95/875 552/874 1214/919 509/922
f 509/922 1214/919 1213/917 508/923
f 508/923 1213/917 1212/918 507/924
f 507/924 1212/918 561/925 96/926
f 1212/918 1209/914 562/927 561/925
f 1209/914 1206/913 563/921 562/927
f 1216/928 1215/929 1218/930 1219/931
f 1217/932 1216/928 1219/931 1220/933
f 1219/931 1218/930 1221/934 1222/935
f 1220/933 1219/931 1222/935 1223/936
f 276/677 51/73 566/937 1215/938
f 277/676 276/677 1215/938 1216/928
f 278/675 277/676 1216/928 1217/932
f 50/628 278/675 1217/932 557/886
f 557/886 1217/932 1220/933 556/893
f 556/893 1220/933 1223/936 555/891
f 555/891 1223/936 470/939 82/892
f 1223/936 1222/935 469/940 470/939
f 1222/935 1221/934 468/941 469/940
f 1221/934 564/942 83/943 468/941
f 1218/930 565/944 564/942 1221/934
f 1215/929 566/937 565/944 1218/930
f 1225/945 1224/946 1227/947 1228/948
f 1226/949 1225/945 1228/948 1229/950
f 1228/948 1227/947 1230/951 1231/952
f 1229/950 1228/948 1231/952 1232/953
f 237/23 38/25 569/954 1224/955
f 238/22 237/23 1224/955 1225/945
f 239/20 238/22 1225/945 1226/949
f 37/21 239/20 1226/949 560/903
f 560/903 1226/949 1229/950 559/910
f 559/910 1229/950 1232/953 558/908
f 558/908 1232/953 431/956 69/909
f 1232/953 1231/952 430/957 431/956
f 1231/952 1230/951 429/958 430/957
f 1230/951 567/959 70/960 429/958
f 1227/947 568/961 567/959 1230/951
f 1224/946 569/954 568/961 1227/947
f 1237/962 1234/963 1233/964 1236/965
f 1238/966 1235/967 1234/963 1237/962
f 1240/968 1237/962 1236/965 1239/969
f 1241/970 1238/966 1237/962 1240/968
f 1233/971 318/49 33/51 528/972
f 1234/963 319/48 318/49 1233/964
f 1235/967 320/47 319/48 1234/963
f 563/921 64/46 320/47 1235/967
f 562/927 563/921 1235/967 1238/966
f 561/925 562/927 1238/966 1241/970
f 96/926 561/925 1241/970 512/973
f 512/973 1241/970 1240/968 511/974
f 511/974 1240/968 1239/969 510/975
f 510/975 1239/969 530/976 65/977
f 1239/969 1236/965 529/978 530/976
f 1236/965 1233/964 528/972 529/978
f 1243/979 1242/980 1245/981 1246/982
f 1244/983 1243/979 1246/982 1247/984
f 1246/982 1245/981 1248/985 1249/986
f 1247/984 1246/982 1249/986 1250/987
f 279/75 52/77 572/988 1242/989
f 280/74 279/75 1242/989 1243/979
f 281/72 280/74 1243/979 1244/983
f 51/73 281/72 1244/983 566/937
f 566/937 1244/983 1247/984 565/944
f 565/944 1247/984 1250/987 564/942
f 564/942 1250/987 473/990 83/943
f 1250/987 1249/986 472/991 473/990
f 1249/986 1248/985 471/992 472/991
f 1248/985 570/993 84/994 471/992
f 1245/981 571/995 570/993 1248/985
f 1242/980 572/988 571/995 1245/981
f 1252/996 1251/997 1254/998 1255/999
f 1253/1000 1252/996 1255/999 1256/1001
f 1255/999 1254/998 1257/1002 1258/1003
f 1256/1001 1255/999 1258/1003 1259/1004
f 240/96 39/98 575/1005 1251/1006
f 241/95 240/96 1251/1006 1252/996
f 242/94 241/95 1252/996 1253/1000
f 38/25 242/94 1253/1000 569/954
f 569/954 1253/1000 1256/1001 568/961
f 568/961 1256/1001 1259/1004 567/959
f 567/959 1259/1004 434/1007 70/960
f 1259/1004 1258/1003 433/1008 434/1007
f 1258/1003 1257/1002 432/1009 433/1008
f 1257/1002 573/1010 71/1011 432/1009
f 1254/998 574/1012 573/1010 1257/1002
f 1251/997 575/1005 574/1012 1254/998
f 1261/1013 1260/1014 1263/1015 1264/1016
f 1262/1017 1261/1013 1264/1016 1265/1018
f 1264/1016 1263/1015 1266/1019 1267/1020
f 1265/1018 1264/1016 1267/1020 1268/1021
f 282/117 53/119 578/1022 1260/1023
f 283/116 282/117 1260/1023 1261/1013
f 284/115 283/116 1261/1013 1262/1017
f 52/77 284/115 1262/1017 572/988
f 572/988 1262/1017 1265/1018 571/995
f 570/993 571/995 1265/1018 1268/1021
f 570/993 1268/1021 476/1024 84/994
f 1268/1021 1267/1020 475/1025 476/1024
f 1267/1020 1266/1019 474/1026 475/1025
f 1266/1019 576/1027 85/1028 474/1026
f 1263/1015 577/1029 576/1027 1266/1019
f 1260/1014 578/1022 577/1029 1263/1015
f 1270/1030 1269/1031 1272/1032 1273/1033
f 1271/1034 1270/1030 1273/1033 1274/1035
f 1273/1033 1272/1032 1275/1036 1276/1037
f 1274/1035 1273/1033 1276/1037 1277/1038
f 243/138 40/140 581/1039 1269/1040
f 244/137 243/138 1269/1040 1270/1030
f 245/136 244/137 1270/1030 1271/1034
f 39/98 245/136 1271/1034 575/1005
f 575/1005 1271/1034 1274/1035 574/1012
f 574/1012 1274/1035 1277/1038 573/1010
f 573/1010 1277/1038 437/1041 71/1011
f 1277/1038 1276/1037 436/1042 437/1041
f 1276/1037 1275/1036 435/1043 436/1042
f 1275/1036 579/1044 72/1045 435/1043
f 1272/1032 580/1046 579/1044 1275/1036
f 1269/1031 581/1039 580/1046 1272/1032
f 1279/1047 1278/1048 1281/1049 1282/1050
f 1280/1051 1279/1047 1282/1050 1283/1052
f 1282/1050 1281/1049 1284/1053 1285/1054
f 1283/1052 1282/1050 1285/1054 1286/1055
f 285/159 54/161 584/1056 1278/1057
f 286/158 285/159 1278/1057 1279/1047
f 287/157 286/158 1279/1047 1280/1051
f 53/119 287/157 1280/1051 578/1022
f 578/1022 1280/1051 1283/1052 577/1029
f 577/1029 1283/1052 1286/1055 576/1027
f 576/1027 1286/1055 479/1058 85/1028
f 1286/1055 1285/1054 478/1059 479/1058
f 1285/1054 1284/1053 477/1060 478/1059
f 1284/1053 582/1061 86/1062 477/1060
f 1281/1049 583/1063 582/1061 1284/1053
f 1278/1048 584/1056 583/1063 1281/1049
f 1288/1064 1287/1065 1290/1066 1291/1067
f 1289/1068 1288/1064 1291/1067 1292/1069
f 1291/1067 1290/1066 1293/1070 1294/1071
f 1292/1069 1291/1067 1294/1071 1295/1072
f 246/180 41/182 587/1073 1287/1074
f 247/179 246/180 1287/1074 1288/1064
f 248/178 247/179 1288/1064 1289/1068
f 40/140 248/178 1289/1068 581/1039
f 581/1039 1289/1068 1292/1069 580/1046
f 580/1046 1292/1069 1295/1072 579/1044
f 579/1044 1295/1072 440/1075 72/1045
f 1295/1072 1294/1071 439/1076 440/1075
f 1294/1071 1293/1070 438/1077 439/1076
f 438/1077 1293/1070 585/1078 73/1079
f 1290/1066 586/1080 585/1078 1293/1070
f 1287/1065 587/1073 586/1080 1290/1066
f 1297/1081 1296/1082 1299/1083 1300/1084
f 1298/1085 1297/1081 1300/1084 1301/1086
f 1300/1084 1299/1083 1302/1087 1303/1088
f 1301/1086 1300/1084 1303/1088 1304/1089
f 288/201 55/203 590/1090 1296/1091
f 289/200 288/201 1296/1091 1297/1081
f 290/199 289/200 1297/1081 1298/1085
f 54/161 290/199 1298/1085 584/1056
f 584/1056 1298/1085 1301/1086 583/1063
f 583/1063 1301/1086 1304/1089 582/1061
f 582/1061 1304/1089 482/1092 86/1062
f 1304/1089 1303/1088 481/1093 482/1092
f 1303/1088 1302/1087 480/1094 481/1093
f 1302/1087 588/1095 87/1096 480/1094
f 1299/1083 589/1097 588/1095 1302/1087
f 1296/1082 590/1090 589/1097 1299/1083
f 1309/1098 1306/1099 1305/1100 1308/1101
f 1310/1102 1307/1103 1306/1099 1309/1098
f 1312/1104 1309/1098 1308/1101 1311/1105
f 1313/1106 1310/1102 1309/1098 1312/1104
f 1305/1107 249/222 42/224 593/1108
f 1306/1099 250/221 249/222 1305/1100
f 1307/1103 251/220 250/221 1306/1099
f 587/1073 41/182 251/220 1307/1103
f 586/1080 587/1073 1307/1103 1310/1102
f 585/1078 586/1080 1310/1102 1313/1106
f 73/1079 585/1078 1313/1106 443/1109
f 443/1109 1313/1106 1312/1104 442/1110
f 442/1110 1312/1104 1311/1105 441/1111
f 441/1111 1311/1105 591/1112 74/1113
f 1311/1105 1308/1101 592/1114 591/1112
f 1308/1101 1305/1100 593/1108 592/1114
f 1315/1115 1314/1116 1317/1117 1318/1118
f 1316/1119 1315/1115 1318/1118 1319/1120
f 1318/1118 1317/1117 1320/1121 1321/1122
f 1319/1120 1318/1118 1321/1122 1322/1123
f 291/243 56/245 596/1124 1314/1125
f 292/242 291/243 1314/1125 1315/1115
f 293/241 292/242 1315/1115 1316/1119
f 55/203 293/241 1316/1119 590/1090
f 590/1090 1316/1119 1319/1120 589/1097
f 589/1097 1319/1120 1322/1123 588/1095
f 588/1095 1322/1123 485/1126 87/1096
f 1322/1123 1321/1122 484/1127 485/1126
f 1321/1122 1320/1121 483/1128 484/1127
f 1320/1121 594/1129 88/1130 483/1128
f 1317/1117 595/1131 594/1129 1320/1121
f 1314/1116 596/1124 595/1131 1317/1117
f 1327/1132 1324/1133 1323/1134 1326/1135
f 1328/1136 1325/1137 1324/1133 1327/1132
f 1330/1138 1327/1132 1326/1135 1329/1139
f 1331/1140 1328/1136 1327/1132 1330/1138
f 1323/1141 252/264 43/266 599/1142
f 1324/1133 253/263 252/264 1323/1134
f 1325/1137 254/262 253/263 1324/1133
f 593/1108 42/224 254/262 1325/1137
f 592/1114 593/1108 1325/1137 1328/1136
f 591/1112 592/1114 1328/1136 1331/1140
f 74/1113 591/1112 1331/1140 446/1143
f 446/1143 1331/1140 1330/1138 445/1144
f 445/1144 1330/1138 1329/1139 444/1145
f 444/1145 1329/1139 597/1146 75/1147
f 1329/1139 1326/1135 598/1148 597/1146
f 1326/1135 1323/1134 599/1142 598/1148
f 1333/1149 1332/1150 1335/1151 1336/1152
f 1334/1153 1333/1149 1336/1152 1337/1154
f 1336/1152 1335/1151 1338/1155 1339/1156
f 1337/1154 1336/1152 1339/1156 1340/1157
f 294/285 57/287 602/1158 1332/1159
f 295/284 294/285 1332/1159 1333/1149
f 296/283 295/284 1333/1149 1334/1153
f 56/245 296/283 1334/1153 596/1124
f 596/1124 1334/1153 1337/1154 595/1131
f 595/1131 1337/1154 1340/1157 594/1129
f 594/1129 1340/1157 488/1160 88/1130
f 1340/1157 1339/1156 487/1161 488/1160
f 1339/1156 1338/1155 486/1162 487/1161
f 1338/1155 600/1163 89/1164 486/1162
f 1335/1151 601/1165 600/1163 1338/1155
f 1332/1150 602/1158 601/1165 1335/1151
f 1345/1166 1342/1167 1341/1168 1344/1169
f 1346/1170 1343/1171 1342/1167 1345/1166
f 1348/1172 1345/1166 1344/1169 1347/1173
f 1349/1174 1346/1170 1345/1166 1348/1172
f 1341/1175 255/306 44/308 605/1176
f 1342/1167 256/305 255/306 1341/1168
f 1343/1171 257/304 256/305 1342/1167
f 599/1142 43/266 257/304 1343/1171
f 598/1148 599/1142 1343/1171 1346/1170
f 597/1146 598/1148 1346/1170 1349/1174
f 75/1147 597/1146 1349/1174 449/1177
f 449/1177 1349/1174 1348/1172 448/1178
f 448/1178 1348/1172 1347/1173 447/1179
f 447/1179 1347/1173 603/1180 76/1181
f 1347/1173 1344/1169 604/1182 603/1180
f 1344/1169 1341/1168 605/1176 604/1182
f 1354/1183 1351/1184 1350/1185 1353/1186
f 1355/1187 1352/1188 1351/1184 1354/1183
f 1357/1189 1354/1183 1353/1186 1356/1190
f 1358/1191 1355/1187 1354/1183 1357/1189
f 1350/1192 297/327 58/329 608/1193
f 1351/1184 298/326 297/327 1350/1185
f 1352/1188 299/325 298/326 1351/1184
f 602/1158 57/287 299/325 1352/1188
f 601/1165 602/1158 1352/1188 1355/1187
f 600/1163 601/1165 1355/1187 1358/1191
f 89/1164 600/1163 1358/1191 491/1194
f 491/1194 1358/1191 1357/1189 490/1195
f 490/1195 1357/1189 1356/1190 489/1196
f 489/1196 1356/1190 606/1197 90/1198
f 1356/1190 1353/1186 607/1199 606/1197
f 1353/1186 1350/1185 608/1193 607/1199
f 1363/1200 1360/1201 1359/1202 1362/1203
f 1364/1204 1361/1205 1360/1201 1363/1200
f 1366/1206 1363/1200 1362/1203 1365/1207
f 1367/1208 1364/1204 1363/1200 1366/1206
f 1359/1209 258/348 45/350 513/689
f 1360/1201 259/347 258/348 1359/1202
f 1361/1205 260/346 259/347 1360/1201
f 605/1176 44/308 260/346 1361/1205
f 604/1182 605/1176 1361/1205 1364/1204
f 603/1180 604/1182 1364/1204 1367/1208
f 76/1181 603/1180 1367/1208 452/1210
f 452/1210 1367/1208 1366/1206 451/1211
f 451/1211 1366/1206 1365/1207 450/1212
f 450/1212 1365/1207 515/691 77/692
f 1365/1207 1362/1203 514/690 515/691
f 1362/1203 1359/1202 513/689 514/690
f 1372/1213 1369/1214 1368/1215 1371/1216
f 1373/1217 1370/1218 1369/1214 1372/1213
f 1375/1219 1372/1213 1371/1216 1374/1220
f 1376/1221 1373/1217 1372/1213 1375/1219
f 1368/1222 300/369 59/371 519/710
f 1369/1214 301/368 300/369 1368/1215
f 1370/1218 302/367 301/368 1369/1214
f 608/1193 58/329 302/367 1370/1218
f 607/1199 608/1193 1370/1218 1373/1217
f 606/1197 607/1199 1373/1217 1376/1221
f 90/1198 606/1197 1376/1221 494/1223
f 494/1223 1376/1221 1375/1219 493/1224
f 493/1224 1375/1219 1374/1220 492/1225
f 492/1225 1374/1220 521/712 91/713
f 1374/1220 1371/1216 520/711 521/712
f 1371/1216 1368/1215 519/710 520/711
f 1378/1226 1377/1227 1380/1228 1381/1229
f 1379/1230 1378/1226 1381/1229 1382/1231
f 1381/1229 1380/1228 1383/1232 1384/1233
f 1382/1231 1381/1229 1384/1233 1385/1234
f 180/1235 19/1236 621/1237 1377/1238
f 181/1239 180/1235 1377/1238 1378/1226
f 182/1240 181/1239 1378/1226 1379/1230
f 18/1241 182/1240 1379/1230 416/1242
f 416/1242 1379/1230 1382/1231 415/1243
f 415/1243 1382/1231 1385/1234 414/1244
f 414/1244 1385/1234 705/674 128/619
f 1385/1234 1384/1233 706/673 705/674
f 1384/1233 1383/1232 707/671 706/673
f 1383/1232 623/1245 101/68 707/671
f 1380/1228 622/1246 623/1245 1383/1232
f 1377/1227 621/1237 622/1246 1380/1228
f 1390/1247 1387/1248 1386/1249 1389/1250
f 1391/1251 1388/1252 1387/1248 1390/1247
f 1393/1253 1390/1247 1389/1250 1392/1254
f 1394/1255 1391/1251 1390/1247 1393/1253
f 1386/1256 219/1257 32/1258 615/1259
f 1387/1248 220/1260 219/1257 1386/1249
f 1388/1252 221/1261 220/1260 1387/1248
f 413/1262 31/1263 221/1261 1388/1252
f 412/1264 413/1262 1388/1252 1391/1251
f 411/1265 412/1264 1391/1251 1394/1255
f 127/599 411/1265 1394/1255 708/658
f 708/658 1394/1255 1393/1253 709/657
f 709/657 1393/1253 1392/1254 710/656
f 710/656 1392/1254 617/1266 99/43
f 1392/1254 1389/1250 616/1267 617/1266
f 1389/1250 1386/1249 615/1259 616/1267
f 1396/1268 1395/1269 1398/1270 1399/1271
f 1397/1272 1396/1268 1399/1271 1400/1273
f 1399/1271 1398/1270 1401/1274 1402/1275
f 1400/1273 1399/1271 1402/1275 1403/1276
f 138/1277 5/1278 609/1279 1395/1280
f 139/1281 138/1277 1395/1280 1396/1268
f 140/1282 139/1281 1396/1268 1397/1272
f 4/1283 140/1282 1397/1272 410/1284
f 410/1284 1397/1272 1400/1273 409/1285
f 409/1285 1400/1273 1403/1276 408/1286
f 408/1286 1403/1276 711/642 126/577
f 1403/1276 1402/1275 712/641 711/642
f 1402/1275 1401/1274 713/639 712/641
f 1401/1274 611/1287 97/16 713/639
f 1398/1270 610/1288 611/1287 1401/1274
f 1395/1269 609/1279 610/1288 1398/1270
f 1408/1289 1405/1290 1404/1291 1407/1292
f 1409/1293 1406/1294 1405/1290 1408/1289
f 1411/1295 1408/1289 1407/1292 1410/1296
f 1412/1297 1409/1293 1408/1289 1411/1295
f 177/1298 18/1241 416/1242 1404/1299
f 1405/1290 178/1300 177/1298 1404/1291
f 1406/1294 179/1301 178/1300 1405/1290
f 407/1302 17/1303 179/1301 1406/1294
f 406/1304 407/1302 1406/1294 1409/1293
f 405/1305 406/1304 1409/1293 1412/1297
f 125/557 405/1305 1412/1297 714/623
f 714/623 1412/1297 1411/1295 715/622
f 715/622 1411/1295 1410/1296 716/618
f 1410/1296 414/1244 128/619 716/618
f 1407/1292 415/1243 414/1244 1410/1296
f 1404/1291 416/1242 415/1243 1407/1292
f 1417/1306 1414/1307 1413/1308 1416/1309
f 1418/1310 1415/1311 1414/1307 1417/1306
f 1420/1312 1417/1306 1416/1309 1419/1313
f 1421/1314 1418/1310 1417/1306 1420/1312
f 1413/1315 216/1316 31/1263 413/1262
f 1414/1307 217/1317 216/1316 1413/1308
f 1415/1311 218/1318 217/1317 1414/1307
f 404/1319 30/1320 218/1318 1415/1311
f 403/1321 404/1319 1415/1311 1418/1310
f 402/1322 403/1321 1418/1310 1421/1314
f 124/536 402/1322 1421/1314 717/602
f 717/602 1421/1314 1420/1312 718/601
f 718/601 1420/1312 1419/1313 719/598
f 719/598 1419/1313 411/1265 127/599
f 1419/1313 1416/1309 412/1264 411/1265
f 1416/1309 1413/1308 413/1262 412/1264
f 1423/1323 1422/1324 1425/1325 1426/1326
f 1424/1327 1423/1323 1426/1326 1427/1328
f 1426/1326 1425/1325 1428/1329 1429/1330
f 1427/1328 1426/1326 1429/1330 1430/1331
f 135/1332 4/1283 410/1284 1422/1333
f 136/1334 135/1332 1422/1333 1423/1323
f 137/1335 136/1334 1423/1323 1424/1327
f 3/1336 137/1335 1424/1327 401/1337
f 401/1337 1424/1327 1427/1328 400/1338
f 400/1338 1427/1328 1430/1331 399/1339
f 399/1339 1430/1331 720/581 123/514
f 1430/1331 1429/1330 721/580 720/581
f 1429/1330 1428/1329 722/576 721/580
f 1428/1329 408/1286 126/577 722/576
f 1425/1325 409/1285 408/1286 1428/1329
f 1422/1324 410/1284 409/1285 1425/1325
f 1435/1340 1432/1341 1431/1342 1434/1343
f 1433/1344 1432/1341 1435/1340 1436/1345
f 1438/1346 1435/1340 1434/1343 1437/1347
f 1436/1345 1435/1340 1438/1346 1439/1348
f 1431/1349 174/1350 17/1303 407/1302
f 1432/1341 175/1351 174/1350 1431/1342
f 176/1352 175/1351 1432/1341 1433/1344
f 16/1353 176/1352 1433/1344 398/1354
f 398/1354 1433/1344 1436/1345 397/1355
f 397/1355 1436/1345 1439/1348 396/1356
f 396/1356 1439/1348 723/560 122/493
f 1439/1348 1438/1346 724/559 723/560
f 724/559 1438/1346 1437/1347 725/556
f 725/556 1437/1347 405/1305 125/557
f 1437/1347 1434/1343 406/1304 405/1305
f 1434/1343 1431/1342 407/1302 406/1304
f 1444/1357 1441/1358 1440/1359 1443/1360
f 1445/1361 1442/1362 1441/1358 1444/1357
f 1447/1363 1444/1357 1443/1360 1446/1364
f 1448/1365 1445/1361 1444/1357 1447/1363
f 1440/1366 213/1367 30/1320 404/1319
f 1441/1358 214/1368 213/1367 1440/1359
f 1442/1362 215/1369 214/1368 1441/1358
f 395/1370 29/1371 215/1369 1442/1362
f 394/1372 395/1370 1442/1362 1445/1361
f 393/1373 394/1372 1445/1361 1448/1365
f 121/473 393/1373 1448/1365 726/539
f 726/539 1448/1365 1447/1363 727/538
f 727/538 1447/1363 1446/1364 728/535
f 728/535 1446/1364 402/1322 124/536
f 1446/1364 1443/1360 403/1321 402/1322
f 1443/1360 1440/1359 404/1319 403/1321
f 1450/1374 1449/1375 1452/1376 1453/1377
f 1451/1378 1450/1374 1453/1377 1454/1379
f 1453/1377 1452/1376 1455/1380 1456/1381
f 1454/1379 1453/1377 1456/1381 1457/1382
f 132/1383 3/1336 401/1337 1449/1384
f 133/1385 132/1383 1449/1384 1450/1374
f 134/1386 133/1385 1450/1374 1451/1378
f 2/1387 134/1386 1451/1378 392/1388
f 392/1388 1451/1378 1454/1379 391/1389
f 391/1389 1454/1379 1457/1382 390/1390
f 390/1390 1457/1382 729/518 120/446
f 1457/1382 1456/1381 730/517 729/518
f 1456/1381 1455/1380 731/513 730/517
f 1455/1380 399/1339 123/514 731/513
f 1452/1376 400/1338 399/1339 1455/1380
f 1449/1375 401/1337 400/1338 1452/1376
f 1459/1391 1458/1392 1461/1393 1462/1394
f 1463/1395 1460/1396 1459/1391 1462/1394
f 1462/1394 1461/1393 1464/1397 1465/1398
f 1466/1399 1463/1395 1462/1394 1465/1398
f 171/1400 16/1353 398/1354 1458/1401
f 172/1402 171/1400 1458/1401 1459/1391
f 1460/1396 173/1403 172/1402 1459/1391
f 389/1404 15/1405 173/1403 1460/1396
f 388/1406 389/1404 1460/1396 1463/1395
f 387/1407 388/1406 1463/1395 1466/1399
f 119/426 387/1407 1466/1399 732/497
f 732/497 1466/1399 1465/1398 733/496
f 1465/1398 1464/1397 734/492 733/496
f 1464/1397 396/1356 122/493 734/492
f 1461/1393 397/1355 396/1356 1464/1397
f 1458/1392 398/1354 397/1355 1461/1393
f 1471/1408 1468/1409 1467/1410 1470/1411
f 1472/1412 1469/1413 1468/1409 1471/1408
f 1474/1414 1471/1408 1470/1411 1473/1415
f 1475/1416 1472/1412 1471/1408 1474/1414
f 1467/1417 210/1418 29/1371 395/1370
f 1468/1409 211/1419 210/1418 1467/1410
f 1469/1413 212/1420 211/1419 1468/1409
f 386/1421 28/1422 212/1420 1469/1413
f 385/1423 386/1421 1469/1413 1472/1412
f 384/1424 385/1423 1472/1412 1475/1416
f 118/405 384/1424 1475/1416 735/476
f 735/476 1475/1416 1474/1414 736/475
f 736/475 1474/1414 1473/1415 737/472
f 737/472 1473/1415 393/1373 121/473
f 1473/1415 1470/1411 394/1372 393/1373
f 1470/1411 1467/1410 395/1370 394/1372
f 1477/1425 1476/1426 1479/1427 1480/1428
f 1481/1429 1478/1430 1477/1425 1480/1428
f 1480/1428 1479/1427 1482/1431 1483/1432
f 1481/1429 1480/1428 1483/1432 1484/1433
f 129/1434 2/1387 392/1388 1476/1435
f 130/1436 129/1434 1476/1435 1477/1425
f 1478/1430 131/1437 130/1436 1477/1425
f 332/1438 1/1439 131/1437 1478/1430
f 331/1440 332/1438 1478/1430 1481/1429
f 330/1441 331/1440 1481/1429 1484/1433
f 100/451 330/1441 1484/1433 738/450
f 1484/1433 1483/1432 739/449 738/450
f 1483/1432 1482/1431 740/445 739/449
f 1482/1431 390/1390 120/446 740/445
f 1479/1427 391/1389 390/1390 1482/1431
f 1476/1426 392/1388 391/1389 1479/1427
f 1489/1442 1486/1443 1485/1444 1488/1445
f 1490/1446 1487/1447 1486/1443 1489/1442
f 1492/1448 1489/1442 1488/1445 1491/1449
f 1493/1450 1490/1446 1489/1442 1492/1448
f 1485/1451 168/1452 15/1405 389/1404
f 1486/1443 169/1453 168/1452 1485/1444
f 1487/1447 170/1454 169/1453 1486/1443
f 383/1455 14/1456 170/1454 1487/1447
f 382/1457 383/1455 1487/1447 1490/1446
f 381/1458 382/1457 1490/1446 1493/1450
f 117/384 381/1458 1493/1450 741/429
f 741/429 1493/1450 1492/1448 742/428
f 742/428 1492/1448 1491/1449 743/425
f 743/425 1491/1449 387/1407 119/426
f 1491/1449 1488/1445 388/1406 387/1407
f 1488/1445 1485/1444 389/1404 388/1406
f 1498/1459 1495/1460 1494/1461 1497/1462
f 1499/1463 1496/1464 1495/1460 1498/1459
f 1501/1465 1498/1459 1497/1462 1500/1466
f 1502/1467 1499/1463 1498/1459 1501/1465
f 1494/1468 207/1469 28/1422 386/1421
f 1495/1460 208/1470 207/1469 1494/1461
f 1496/1464 209/1471 208/1470 1495/1460
f 380/1472 27/1473 209/1471 1496/1464
f 379/1474 380/1472 1496/1464 1499/1463
f 378/1475 379/1474 1499/1463 1502/1467
f 116/362 378/1475 1502/1467 744/408
f 744/408 1502/1467 1501/1465 745/407
f 745/407 1501/1465 1500/1466 746/404
f 746/404 1500/1466 384/1424 118/405
f 1500/1466 1497/1462 385/1423 384/1424
f 1497/1462 1494/1461 386/1421 385/1423
f 1507/1476 1504/1477 1503/1478 1506/1479
f 1508/1480 1505/1481 1504/1477 1507/1476
f 1510/1482 1507/1476 1506/1479 1509/1483
f 1511/1484 1508/1480 1507/1476 1510/1482
f 1503/1485 165/1486 14/1456 383/1455
f 1504/1477 166/1487 165/1486 1503/1478
f 1505/1481 167/1488 166/1487 1504/1477
f 377/1489 13/1490 167/1488 1505/1481
f 376/1491 377/1489 1505/1481 1508/1480
f 375/1492 376/1491 1508/1480 1511/1484
f 115/342 375/1492 1511/1484 747/387
f 747/387 1511/1484 1510/1482 748/386
f 748/386 1510/1482 1509/1483 749/383
f 749/383 1509/1483 381/1458 117/384
f 1509/1483 1506/1479 382/1457 381/1458
f 1506/1479 1503/1478 383/1455 382/1457
f 1513/1493 1512/1494 1515/1495 1516/1496
f 1514/1497 1513/1493 1516/1496 1517/1498
f 1516/1496 1515/1495 1518/1499 1519/1500
f 1517/1498 1516/1496 1519/1500 1520/1501
f 1512/1502 204/1503 27/1473 380/1472
f 1513/1493 205/1504 204/1503 1512/1494
f 1514/1497 206/1505 205/1504 1513/1493
f 374/1506 26/1507 206/1505 1514/1497
f 374/1506 1514/1497 1517/1498 373/1508
f 373/1508 1517/1498 1520/1501 372/1509
f 372/1509 1520/1501 750/366 114/320
f 1520/1501 1519/1500 751/365 750/366
f 1519/1500 1518/1499 752/361 751/365
f 1518/1499 378/1475 116/362 752/361
f 1515/1495 379/1474 378/1475 1518/1499
f 1512/1494 380/1472 379/1474 1515/1495
f 1525/1510 1522/1511 1521/1512 1524/1513
f 1526/1514 1523/1515 1522/1511 1525/1510
f 1528/1516 1525/1510 1524/1513 1527/1517
f 1529/1518 1526/1514 1525/1510 1528/1516
f 1521/1519 162/1520 13/1490 377/1489
f 1522/1511 163/1521 162/1520 1521/1512
f 1523/1515 164/1522 163/1521 1522/1511
f 371/1523 12/1524 164/1522 1523/1515
f 370/1525 371/1523 1523/1515 1526/1514
f 369/1526 370/1525 1526/1514 1529/1518
f 113/300 369/1526 1529/1518 753/345
f 753/345 1529/1518 1528/1516 754/344
f 754/344 1528/1516 1527/1517 755/341
f 755/341 1527/1517 375/1492 115/342
f 1527/1517 1524/1513 376/1491 375/1492
f 1524/1513 1521/1512 377/1489 376/1491
f 1531/1527 1530/1528 1533/1529 1534/1530
f 1532/1531 1531/1527 1534/1530 1535/1532
f 1534/1530 1533/1529 1536/1533 1537/1534
f 1535/1532 1534/1530 1537/1534 1538/1535
f 1530/1536 201/1537 26/1507 374/1506
f 1531/1527 202/1538 201/1537 1530/1528
f 203/1539 202/1538 1531/1527 1532/1531
f 25/1540 203/1539 1532/1531 368/1541
f 368/1541 1532/1531 1535/1532 367/1542
f 367/1542 1535/1532 1538/1535 366/1543
f 366/1543 1538/1535 756/324 112/278
f 1538/1535 1537/1534 757/323 756/324
f 1537/1534 1536/1533 758/319 757/323
f 1536/1533 372/1509 114/320 758/319
f 1533/1529 373/1508 372/1509 1536/1533
f 1530/1528 374/1506 373/1508 1533/1529
f 1543/1544 1540/1545 1539/1546 1542/1547
f 1544/1548 1541/1549 1540/1545 1543/1544
f 1546/1550 1543/1544 1542/1547 1545/1551
f 1547/1552 1544/1548 1543/1544 1546/1550
f 1539/1553 159/1554 12/1524 371/1523
f 1540/1545 160/1555 159/1554 1539/1546
f 1541/1549 161/1556 160/1555 1540/1545
f 365/1557 11/1558 161/1556 1541/1549
f 364/1559 365/1557 1541/1549 1544/1548
f 363/1560 364/1559 1544/1548 1547/1552
f 111/257 363/1560 1547/1552 759/303
f 759/303 1547/1552 1546/1550 760/302
f 760/302 1546/1550 1545/1551 761/299
f 761/299 1545/1551 369/1526 113/300
f 1545/1551 1542/1547 370/1525 369/1526
f 1542/1547 1539/1546 371/1523 370/1525
f 1549/1561 1548/1562 1551/1563 1552/1564
f 1550/1565 1549/1561 1552/1564 1553/1566
f 1555/1567 1552/1564 1551/1563 1554/1568
f 1556/1569 1553/1566 1552/1564 1555/1567
f 198/1570 25/1540 368/1541 1548/1571
f 199/1572 198/1570 1548/1571 1549/1561
f 200/1573 199/1572 1549/1561 1550/1565
f 24/1574 200/1573 1550/1565 362/1575
f 362/1575 1550/1565 1553/1566 361/1576
f 360/1577 361/1576 1553/1566 1556/1569
f 110/236 360/1577 1556/1569 762/282
f 762/282 1556/1569 1555/1567 763/281
f 763/281 1555/1567 1554/1568 764/277
f 1554/1568 366/1543 112/278 764/277
f 1554/1568 1551/1563 367/1542 366/1543
f 1548/1562 368/1541 367/1542 1551/1563
f 1561/1578 1558/1579 1557/1580 1560/1581
f 1562/1582 1559/1583 1558/1579 1561/1578
f 1561/1578 1560/1581 1563/1584 1564/1585
f 1562/1582 1561/1578 1564/1585 1565/1586
f 1557/1587 156/1588 11/1558 365/1557
f 1558/1579 157/1589 156/1588 1557/1580
f 1559/1583 158/1590 157/1589 1558/1579
f 359/1591 10/1592 158/1590 1559/1583
f 358/1593 359/1591 1559/1583 1562/1582
f 358/1593 1562/1582 1565/1586 357/1594
f 357/1594 1565/1586 765/261 109/216
f 1565/1586 1564/1585 766/260 765/261
f 1564/1585 1563/1584 767/256 766/260
f 1563/1584 363/1560 111/257 767/256
f 1560/1581 364/1559 363/1560 1563/1584
f 1557/1580 365/1557 364/1559 1560/1581
f 1567/1595 1566/1596 1569/1597 1570/1598
f 1568/1599 1567/1595 1570/1598 1571/1600
f 1570/1598 1569/1597 1572/1601 1573/1602
f 1571/1600 1570/1598 1573/1602 1574/1603
f 195/1604 24/1574 362/1575 1566/1605
f 196/1606 195/1604 1566/1605 1567/1595
f 197/1607 196/1606 1567/1595 1568/1599
f 23/1608 197/1607 1568/1599 356/1609
f 356/1609 1568/1599 1571/1600 355/1610
f 355/1610 1571/1600 1574/1603 354/1611
f 108/194 354/1611 1574/1603 768/240
f 768/240 1574/1603 1573/1602 769/239
f 769/239 1573/1602 1572/1601 770/235
f 770/235 1572/1601 360/1577 110/236
f 1569/1597 361/1576 360/1577 1572/1601
f 1566/1596 362/1575 361/1576 1569/1597
f 1579/1612 1576/1613 1575/1614 1578/1615
f 1580/1616 1577/1617 1576/1613 1579/1612
f 1582/1618 1579/1612 1578/1615 1581/1619
f 1583/1620 1580/1616 1579/1612 1582/1618
f 1575/1621 153/1622 10/1592 359/1591
f 1576/1613 154/1623 153/1622 1575/1614
f 1577/1617 155/1624 154/1623 1576/1613
f 353/1625 9/1626 155/1624 1577/1617
f 352/1627 353/1625 1577/1617 1580/1616
f 351/1628 352/1627 1580/1616 1583/1620
f 107/174 351/1628 1583/1620 771/219
f 771/219 1583/1620 1582/1618 772/218
f 1582/1618 1581/1619 773/215 772/218
f 1581/1619 357/1594 109/216 773/215
f 1578/1615 358/1593 357/1594 1581/1619
f 1578/1615 1575/1614 359/1591 358/1593
f 1585/1629 1584/1630 1587/1631 1588/1632
f 1586/1633 1585/1629 1588/1632 1589/1634
f 1588/1632 1587/1631 1590/1635 1591/1636
f 1589/1634 1588/1632 1591/1636 1592/1637
f 192/1638 23/1608 356/1609 1584/1639
f 193/1640 192/1638 1584/1639 1585/1629
f 194/1641 193/1640 1585/1629 1586/1633
f 22/1642 194/1641 1586/1633 350/1643
f 350/1643 1586/1633 1589/1634 349/1644
f 349/1644 1589/1634 1592/1637 348/1645
f 348/1645 1592/1637 774/198 106/152
f 1592/1637 1591/1636 775/197 774/198
f 1591/1636 1590/1635 776/193 775/197
f 1590/1635 354/1611 108/194 776/193
f 1587/1631 355/1610 354/1611 1590/1635
f 1584/1630 356/1609 355/1610 1587/1631
f 1597/1646 1594/1647 1593/1648 1596/1649
f 1598/1650 1595/1651 1594/1647 1597/1646
f 1600/1652 1597/1646 1596/1649 1599/1653
f 1601/1654 1598/1650 1597/1646 1600/1652
f 1593/1655 150/1656 9/1626 353/1625
f 1594/1647 151/1657 150/1656 1593/1648
f 152/1658 151/1657 1594/1647 1595/1651
f 8/1659 152/1658 1595/1651 347/1660
f 346/1661 347/1660 1595/1651 1598/1650
f 345/1662 346/1661 1598/1650 1601/1654
f 105/131 345/1662 1601/1654 777/177
f 777/177 1601/1654 1600/1652 778/176
f 778/176 1600/1652 1599/1653 779/173
f 779/173 1599/1653 351/1628 107/174
f 1599/1653 1596/1649 352/1627 351/1628
f 1596/1649 1593/1648 353/1625 352/1627
f 1603/1663 1602/1664 1605/1665 1606/1666
f 1604/1667 1603/1663 1606/1666 1607/1668
f 1606/1666 1605/1665 1608/1669 1609/1670
f 1607/1668 1606/1666 1609/1670 1610/1671
f 189/1672 22/1642 350/1643 1602/1673
f 190/1674 189/1672 1602/1673 1603/1663
f 191/1675 190/1674 1603/1663 1604/1667
f 21/1676 191/1675 1604/1667 344/1677
f 344/1677 1604/1667 1607/1668 343/1678
f 343/1678 1607/1668 1610/1671 342/1679
f 342/1679 1610/1671 780/156 104/110
f 1610/1671 1609/1670 781/155 780/156
f 1609/1670 1608/1669 782/151 781/155
f 1608/1669 348/1645 106/152 782/151
f 1605/1665 349/1644 348/1645 1608/1669
f 1602/1664 350/1643 349/1644 1605/1665
f 1615/1680 1612/1681 1611/1682 1614/1683
f 1616/1684 1613/1685 1612/1681 1615/1680
f 1618/1686 1615/1680 1614/1683 1617/1687
f 1619/1688 1616/1684 1615/1680 1618/1686
f 147/1689 8/1659 347/1660 1611/1690
f 148/1691 147/1689 1611/1690 1612/1681
f 149/1692 148/1691 1612/1681 1613/1685
f 7/1693 149/1692 1613/1685 341/1694
f 341/1694 1613/1685 1616/1684 340/1695
f 339/1696 340/1695 1616/1684 1619/1688
f 103/89 339/1696 1619/1688 783/135
f 783/135 1619/1688 1618/1686 784/134
f 784/134 1618/1686 1617/1687 785/130
f 785/130 1617/1687 345/1662 105/131
f 1617/1687 1614/1683 346/1661 345/1662
f 1614/1683 1611/1682 347/1660 346/1661
f 1621/1697 1620/1698 1623/1699 1624/1700
f 1622/1701 1621/1697 1624/1700 1625/1702
f 1624/1700 1623/1699 1626/1703 1627/1704
f 1625/1702 1624/1700 1627/1704 1628/1705
f 186/1706 21/1676 344/1677 1620/1707
f 187/1708 186/1706 1620/1707 1621/1697
f 188/1709 187/1708 1621/1697 1622/1701
f 20/1710 188/1709 1622/1701 338/1711
f 338/1711 1622/1701 1625/1702 337/1712
f 337/1712 1625/1702 1628/1705 336/1713
f 336/1713 1628/1705 786/114 102/63
f 1628/1705 1627/1704 787/113 786/114
f 1627/1704 1626/1703 788/109 787/113
f 1626/1703 342/1679 104/110 788/109
f 1623/1699 343/1678 342/1679 1626/1703
f 1620/1698 344/1677 343/1678 1623/1699
f 1630/1714 1629/1715 1632/1716 1633/1717
f 1631/1718 1630/1714 1633/1717 1634/1719
f 1633/1717 1632/1716 1635/1720 1636/1721
f 1634/1719 1633/1717 1636/1721 1637/1722
f 144/1723 7/1693 341/1694 1629/1724
f 145/1725 144/1723 1629/1724 1630/1714
f 146/1726 145/1725 1630/1714 1631/1718
f 6/1727 146/1726 1631/1718 326/1728
f 326/1728 1631/1718 1634/1719 325/1729
f 325/1729 1634/1719 1637/1722 324/1730
f 324/1730 1637/1722 789/93 98/11
f 1637/1722 1636/1721 790/92 789/93
f 1636/1721 1635/1720 791/88 790/92
f 1635/1720 339/1696 103/89 791/88
f 1632/1716 340/1695 339/1696 1635/1720
f 1629/1715 341/1694 340/1695 1632/1716
f 1639/1731 1638/1732 1641/1733 1642/1734
f 1640/1735 1639/1731 1642/1734 1643/1736
f 1642/1734 1641/1733 1644/1737 1645/1738
f 1643/1736 1642/1734 1645/1738 1646/1739
f 183/1740 20/1710 338/1711 1638/1741
f 184/1742 183/1740 1638/1741 1639/1731
f 185/1743 184/1742 1639/1731 1640/1735
f 19/1236 185/1743 1640/1735 621/1237
f 621/1237 1640/1735 1643/1736 622/1246
f 622/1246 1643/1736 1646/1739 623/1245
f 623/1245 1646/1739 792/67 101/68
f 1646/1739 1645/1738 793/66 792/67
f 1645/1738 1644/1737 794/62 793/66
f 1644/1737 336/1713 102/63 794/62
f 1641/1733 337/1712 336/1713 1644/1737
f 1638/1732 338/1711 337/1712 1641/1733
f 1648/1744 1647/1745 1650/1746 1651/1747
f 1652/1748 1649/1749 1648/1744 1651/1747
f 1654/1750 1651/1747 1650/1746 1653/1751
f 1655/1752 1652/1748 1651/1747 1654/1750
f 222/1753 1/1754 332/1755 1647/1756
f 223/1757 222/1753 1647/1756 1648/1744
f 1649/1749 224/1758 223/1757 1648/1744
f 615/1259 32/1258 224/1758 1649/1749
f 616/1267 615/1259 1649/1749 1652/1748
f 617/1266 616/1267 1652/1748 1655/1752
f 99/43 617/1266 1655/1752 795/41
f 795/41 1655/1752 1654/1750 796/40
f 796/40 1654/1750 1653/1751 797/37
f 1653/1751 330/1759 100/38 797/37
f 1650/1746 331/1760 330/1759 1653/1751
f 1647/1745 332/1755 331/1760 1650/1746
f 1657/1761 1656/1762 1659/1763 1660/1764
f 1658/1765 1657/1761 1660/1764 1661/1766
f 1660/1764 1659/1763 1662/1767 1663/1768
f 1661/1766 1660/1764 1663/1768 1664/1769
f 141/1770 6/1727 326/1728 1656/1771
f 142/1772 141/1770 1656/1771 1657/1761
f 143/1773 142/1772 1657/1761 1658/1765
f 5/1278 143/1773 1658/1765 609/1279
f 609/1279 1658/1765 1661/1766 610/1288
f 610/1288 1661/1766 1664/1769 611/1287
f 611/1287 1664/1769 798/15 97/16
f 1664/1769 1663/1768 799/14 798/15
f 1663/1768 1662/1767 800/10 799/14
f 1662/1767 324/1730 98/11 800/10
f 1659/1763 325/1729 324/1730 1662/1767
f 1656/1762 326/1728 325/1729 1659/1763
f 2020/1774 2017/1775 2018/1776 2021/1777
f 2021/1777 2018/1776 2019/1778 2022/1779
f 2023/1780 2020/1774 2021/1777 2024/1781
f 2024/1781 2021/1777 2022/1779 2025/1782
f 2014/1783 1683/1784 1780/1785 2017/1786
f 2017/1775 1780/1785 1781/1787 2018/1776
f 2018/1776 1781/1787 1782/1788 2019/1778
f 1911/1789 2019/1778 1782/1788 1682/1790
f 2022/1779 2019/1778 1911/1789 1910/1791
f 2025/1782 2022/1779 1910/1791 1909/1792
f 2016/1793 2015/1794 2020/1774 2023/1780
f 2015/1794 2014/1783 2017/1786 2020/1774
f 2030/1795 2029/1796 2026/1797 2027/1798
f 2031/1799 2030/1795 2027/1798 2028/1800
f 2033/1801 2032/1802 2029/1796 2030/1795
f 2034/1803 2033/1801 2030/1795 2031/1799
f 2026/1804 2011/1805 1696/1806 1819/1807
f 2027/1798 2026/1797 1819/1807 1820/1808
f 2028/1800 2027/1798 1820/1808 1821/1809
f 1908/1810 2028/1800 1821/1809 1695/1811
f 1907/1812 2031/1799 2028/1800 1908/1810
f 1906/1813 2034/1803 2031/1799 1907/1812
f 2032/1802 2013/1814 2012/1815 2029/1796
f 2029/1796 2012/1815 2011/1805 2026/1797
f 2038/1816 2035/1817 2036/1818 2039/1819
f 2039/1819 2036/1818 2037/1820 2040/1821
f 2041/1822 2038/1816 2039/1819 2042/1823
f 2042/1823 2039/1819 2040/1821 2043/1824
f 2008/1825 1669/1826 1738/1827 2035/1828
f 2035/1817 1738/1827 1739/1829 2036/1818
f 2036/1818 1739/1829 1740/1830 2037/1820
f 2037/1820 1740/1830 1668/1831 1905/1832
f 2040/1821 2037/1820 1905/1832 1904/1833
f 2043/1824 2040/1821 1904/1833 1903/1834
f 2010/1835 2009/1836 2038/1816 2041/1822
f 2009/1836 2008/1825 2035/1828 2038/1816
f 2048/1837 2047/1838 2044/1839 2045/1840
f 2049/1841 2048/1837 2045/1840 2046/1842
f 2051/1843 2050/1844 2047/1838 2048/1837
f 2052/1845 2051/1843 2048/1837 2049/1841
f 1911/1789 1682/1790 1777/1846 2044/1847
f 2045/1840 2044/1839 1777/1846 1778/1848
f 2046/1842 2045/1840 1778/1848 1779/1849
f 1902/1850 2046/1842 1779/1849 1681/1851
f 1901/1852 2049/1841 2046/1842 1902/1850
f 1900/1853 2052/1845 2049/1841 1901/1852
f 1909/1792 1910/1791 2047/1838 2050/1844
f 1910/1791 1911/1789 2044/1847 2047/1838
f 2057/1854 2056/1855 2053/1856 2054/1857
f 2058/1858 2057/1854 2054/1857 2055/1859
f 2060/1860 2059/1861 2056/1855 2057/1854
f 2061/1862 2060/1860 2057/1854 2058/1858
f 2053/1863 1908/1810 1695/1811 1816/1864
f 2054/1857 2053/1856 1816/1864 1817/1865
f 2055/1859 2054/1857 1817/1865 1818/1866
f 1899/1867 2055/1859 1818/1866 1694/1868
f 1898/1869 2058/1858 2055/1859 1899/1867
f 1897/1870 2061/1862 2058/1858 1898/1869
f 2059/1861 1906/1813 1907/1812 2056/1855
f 2056/1855 1907/1812 1908/1810 2053/1856
f 2065/1871 2062/1872 2063/1873 2066/1874
f 2066/1874 2063/1873 2064/1875 2067/1876
f 2068/1877 2065/1871 2066/1874 2069/1878
f 2069/1878 2066/1874 2067/1876 2070/1879
f 1905/1832 1668/1831 1735/1880 2062/1881
f 2062/1872 1735/1880 1736/1882 2063/1873
f 2063/1873 1736/1882 1737/1883 2064/1875
f 2064/1875 1737/1883 1667/1884 1896/1885
f 2067/1876 2064/1875 1896/1885 1895/1886
f 2070/1879 2067/1876 1895/1886 1894/1887
f 1903/1834 1904/1833 2065/1871 2068/1877
f 1904/1833 1905/1832 2062/1881 2065/1871
f 2075/1888 2074/1889 2071/1890 2072/1891
f 2075/1888 2072/1891 2073/1892 2076/1893
f 2078/1894 2077/1895 2074/1889 2075/1888
f 2078/1894 2075/1888 2076/1893 2079/1896
f 2071/1897 1902/1850 1681/1851 1774/1898
f 2072/1891 2071/1890 1774/1898 1775/1899
f 2072/1891 1775/1899 1776/1900 2073/1892
f 2073/1892 1776/1900 1680/1901 1893/1902
f 2076/1893 2073/1892 1893/1902 1892/1903
f 2079/1896 2076/1893 1892/1903 1891/1904
f 2077/1895 1900/1853 1901/1852 2074/1889
f 2074/1889 1901/1852 1902/1850 2071/1890
f 2084/1905 2083/1906 2080/1907 2081/1908
f 2085/1909 2084/1905 2081/1908 2082/1910
f 2087/1911 2086/1912 2083/1906 2084/1905
f 2088/1913 2087/1911 2084/1905 2085/1909
f 2080/1914 1899/1867 1694/1868 1813/1915
f 2081/1908 2080/1907 1813/1915 1814/1916
f 2082/1910 2081/1908 1814/1916 1815/1917
f 1890/1918 2082/1910 1815/1917 1693/1919
f 1889/1920 2085/1909 2082/1910 1890/1918
f 1888/1921 2088/1913 2085/1909 1889/1920
f 2086/1912 1897/1870 1898/1869 2083/1906
f 2083/1906 1898/1869 1899/1867 2080/1907
f 2092/1922 2089/1923 2090/1924 2093/1925
f 2093/1925 2090/1924 2091/1926 2094/1927
f 2095/1928 2092/1922 2093/1925 2096/1929
f 2096/1929 2093/1925 2094/1927 2097/1930
f 1896/1885 1667/1884 1732/1931 2089/1932
f 2089/1923 1732/1931 1733/1933 2090/1924
f 2090/1924 1733/1933 1734/1934 2091/1926
f 2091/1926 1734/1934 1666/1935 1887/1936
f 2094/1927 2091/1926 1887/1936 1886/1937
f 2097/1930 2094/1927 1886/1937 1885/1938
f 1894/1887 1895/1886 2092/1922 2095/1928
f 1895/1886 1896/1885 2089/1932 2092/1922
f 2101/1939 2098/1940 2099/1941 2102/1942
f 2103/1943 2102/1942 2099/1941 2100/1944
f 2104/1945 2101/1939 2102/1942 2105/1946
f 2106/1947 2105/1946 2102/1942 2103/1943
f 1893/1902 1680/1901 1771/1948 2098/1949
f 2098/1940 1771/1948 1772/1950 2099/1941
f 2100/1944 2099/1941 1772/1950 1773/1951
f 1884/1952 2100/1944 1773/1951 1679/1953
f 1883/1954 2103/1943 2100/1944 1884/1952
f 1882/1955 2106/1947 2103/1943 1883/1954
f 1891/1904 1892/1903 2101/1939 2104/1945
f 1892/1903 1893/1902 2098/1949 2101/1939
f 2111/1956 2110/1957 2107/1958 2108/1959
f 2112/1960 2111/1956 2108/1959 2109/1961
f 2114/1962 2113/1963 2110/1957 2111/1956
f 2115/1964 2114/1962 2111/1956 2112/1960
f 2107/1965 1890/1918 1693/1919 1810/1966
f 2108/1959 2107/1958 1810/1966 1811/1967
f 2109/1961 2108/1959 1811/1967 1812/1968
f 1881/1969 2109/1961 1812/1968 1692/1970
f 1880/1971 2112/1960 2109/1961 1881/1969
f 1879/1972 2115/1964 2112/1960 1880/1971
f 2113/1963 1888/1921 1889/1920 2110/1957
f 2110/1957 1889/1920 1890/1918 2107/1958
f 2119/1973 2116/1974 2117/1975 2120/1976
f 2121/1977 2120/1976 2117/1975 2118/1978
f 2122/1979 2119/1973 2120/1976 2123/1980
f 2123/1980 2120/1976 2121/1977 2124/1981
f 1887/1936 1666/1935 1729/1982 2116/1983
f 2117/1975 2116/1974 1729/1982 1730/1984
f 2118/1978 2117/1975 1730/1984 1731/1985
f 1830/1986 2118/1978 1731/1985 1665/1987
f 1829/1988 2121/1977 2118/1978 1830/1986
f 1828/1989 2124/1981 2121/1977 1829/1988
f 1885/1938 1886/1937 2119/1973 2122/1979
f 1886/1937 1887/1936 2116/1983 2119/1973
f 2129/1990 2128/1991 2125/1992 2126/1993
f 2130/1994 2129/1990 2126/1993 2127/1995
f 2132/1996 2131/1997 2128/1991 2129/1990
f 2133/1998 2132/1996 2129/1990 2130/1994
f 2125/1999 1884/1952 1679/1953 1768/2000
f 2126/1993 2125/1992 1768/2000 1769/2001
f 2127/1995 2126/1993 1769/2001 1770/2002
f 1878/2003 2127/1995 1770/2002 1678/2004
f 1877/2005 2130/1994 2127/1995 1878/2003
f 1876/2006 2133/1998 2130/1994 1877/2005
f 2131/1997 1882/1955 1883/1954 2128/1991
f 2128/1991 1883/1954 1884/1952 2125/1992
f 2138/2007 2137/2008 2134/2009 2135/2010
f 2139/2011 2138/2007 2135/2010 2136/2012
f 2141/2013 2140/2014 2137/2008 2138/2007
f 2142/2015 2141/2013 2138/2007 2139/2011
f 2134/2016 1881/1969 1692/1970 1807/2017
f 2135/2010 2134/2009 1807/2017 1808/2018
f 2136/2012 2135/2010 1808/2018 1809/2019
f 1875/2020 2136/2012 1809/2019 1691/2021
f 1874/2022 2139/2011 2136/2012 1875/2020
f 1873/2023 2142/2015 2139/2011 1874/2022
f 2140/2014 1879/1972 1880/1971 2137/2008
f 2137/2008 1880/1971 1881/1969 2134/2009
f 2147/2024 2146/2025 2143/2026 2144/2027
f 2148/2028 2147/2024 2144/2027 2145/2029
f 2150/2030 2149/2031 2146/2025 2147/2024
f 2151/2032 2150/2030 2147/2024 2148/2028
f 2143/2033 1878/2003 1678/2004 1765/2034
f 2144/2027 2143/2026 1765/2034 1766/2035
f 2145/2029 2144/2027 1766/2035 1767/2036
f 1872/2037 2145/2029 1767/2036 1677/2038
f 1871/2039 2148/2028 2145/2029 1872/2037
f 1870/2040 2151/2032 2148/2028 1871/2039
f 2149/2031 1876/2006 1877/2005 2146/2025
f 2146/2025 1877/2005 1878/2003 2143/2026
f 2155/2041 2152/2042 2153/2043 2156/2044
f 2156/2044 2153/2043 2154/2045 2157/2046
f 2158/2047 2155/2041 2156/2044 2159/2048
f 2159/2048 2156/2044 2157/2046 2160/2049
f 2152/2050 1875/2020 1691/2021 1804/2051
f 2152/2042 1804/2051 1805/2052 2153/2043
f 2153/2043 1805/2052 1806/2053 2154/2045
f 2154/2045 1806/2053 1690/2054 1869/2055
f 2157/2046 2154/2045 1869/2055 1868/2056
f 2160/2049 2157/2046 1868/2056 1867/2057
f 1873/2023 1874/2022 2155/2041 2158/2047
f 1874/2022 1875/2020 2152/2050 2155/2041
f 2165/2058 2164/2059 2161/2060 2162/2061
f 2166/2062 2165/2058 2162/2061 2163/2063
f 2168/2064 2167/2065 2164/2059 2165/2058
f 2169/2066 2168/2064 2165/2058 2166/2062
f 2161/2067 1872/2037 1677/2038 1762/2068
f 2162/2061 2161/2060 1762/2068 1763/2069
f 2163/2063 2162/2061 1763/2069 1764/2070
f 1866/2071 2163/2063 1764/2070 1676/2072
f 1865/2073 2166/2062 2163/2063 1866/2071
f 1864/2074 2169/2066 2166/2062 1865/2073
f 2167/2065 1870/2040 1871/2039 2164/2059
f 2164/2059 1871/2039 1872/2037 2161/2060
f 2173/2075 2170/2076 2171/2077 2174/2078
f 2174/2078 2171/2077 2172/2079 2175/2080
f 2176/2081 2173/2075 2174/2078 2177/2082
f 2177/2082 2174/2078 2175/2080 2178/2083
f 1869/2055 1690/2054 1801/2084 2170/2085
f 2170/2076 1801/2084 1802/2086 2171/2077
f 2171/2077 1802/2086 1803/2087 2172/2079
f 2172/2079 1803/2087 1689/2088 1863/2089
f 2175/2080 2172/2079 1863/2089 1862/2090
f 2178/2083 2175/2080 1862/2090 1861/2091
f 1867/2057 1868/2056 2173/2075 2176/2081
f 1868/2056 1869/2055 2170/2085 2173/2075
f 2183/2092 2182/2093 2179/2094 2180/2095
f 2184/2096 2183/2092 2180/2095 2181/2097
f 2186/2098 2185/2099 2182/2093 2183/2092
f 2187/2100 2186/2098 2183/2092 2184/2096
f 2179/2101 1866/2071 1676/2072 1759/2102
f 2180/2095 2179/2094 1759/2102 1760/2103
f 2181/2097 2180/2095 1760/2103 1761/2104
f 1860/2105 2181/2097 1761/2104 1675/2106
f 1859/2107 2184/2096 2181/2097 1860/2105
f 1858/2108 2187/2100 2184/2096 1859/2107
f 2185/2099 1864/2074 1865/2073 2182/2093
f 2182/2093 1865/2073 1866/2071 2179/2094
f 2191/2109 2188/2110 2189/2111 2192/2112
f 2192/2112 2189/2111 2190/2113 2193/2114
f 2195/2115 2194/2116 2191/2109 2192/2112
f 2196/2117 2195/2115 2192/2112 2193/2114
f 1863/2089 1689/2088 1798/2118 2188/2119
f 2188/2110 1798/2118 1799/2120 2189/2111
f 2189/2111 1799/2120 1800/2121 2190/2113
f 2190/2113 1800/2121 1688/2122 1857/2123
f 2193/2114 2190/2113 1857/2123 1856/2124
f 1855/2125 2196/2117 2193/2114 1856/2124
f 2194/2116 1861/2091 1862/2090 2191/2109
f 1862/2090 1863/2089 2188/2119 2191/2109
f 2201/2126 2200/2127 2197/2128 2198/2129
f 2202/2130 2201/2126 2198/2129 2199/2131
f 2203/2132 2200/2127 2201/2126 2204/2133
f 2204/2133 2201/2126 2202/2130 2205/2134
f 2197/2135 1860/2105 1675/2106 1756/2136
f 2198/2129 2197/2128 1756/2136 1757/2137
f 2199/2131 2198/2129 1757/2137 1758/2138
f 1854/2139 2199/2131 1758/2138 1674/2140
f 1853/2141 2202/2130 2199/2131 1854/2139
f 2205/2134 2202/2130 1853/2141 1852/2142
f 1858/2108 1859/2107 2200/2127 2203/2132
f 1859/2107 1860/2105 2197/2135 2200/2127
f 2209/2143 2206/2144 2207/2145 2210/2146
f 2210/2146 2207/2145 2208/2147 2211/2148
f 2212/2149 2209/2143 2210/2146 2213/2150
f 2213/2150 2210/2146 2211/2148 2214/2151
f 1857/2123 1688/2122 1795/2152 2206/2153
f 2206/2144 1795/2152 1796/2154 2207/2145
f 2207/2145 1796/2154 1797/2155 2208/2147
f 2208/2147 1797/2155 1687/2156 1851/2157
f 2211/2148 2208/2147 1851/2157 1850/2158
f 2214/2151 2211/2148 1850/2158 1849/2159
f 1855/2125 1856/2124 2209/2143 2212/2149
f 1856/2124 1857/2123 2206/2153 2209/2143
f 2219/2160 2218/2161 2215/2162 2216/2163
f 2220/2164 2219/2160 2216/2163 2217/2165
f 2222/2166 2221/2167 2218/2161 2219/2160
f 2223/2168 2222/2166 2219/2160 2220/2164
f 2215/2169 1854/2139 1674/2140 1753/2170
f 2216/2163 2215/2162 1753/2170 1754/2171
f 2217/2165 2216/2163 1754/2171 1755/2172
f 1848/2173 2217/2165 1755/2172 1673/2174
f 1847/2175 2220/2164 2217/2165 1848/2173
f 1846/2176 2223/2168 2220/2164 1847/2175
f 1852/2142 1853/2141 2218/2161 2221/2167
f 2218/2161 1853/2141 1854/2139 2215/2162
f 2227/2177 2224/2178 2225/2179 2228/2180
f 2228/2180 2225/2179 2226/2181 2229/2182
f 2230/2183 2227/2177 2228/2180 2231/2184
f 2231/2184 2228/2180 2229/2182 2232/2185
f 1851/2157 1687/2156 1792/2186 2224/2187
f 2224/2178 1792/2186 1793/2188 2225/2179
f 2225/2179 1793/2188 1794/2189 2226/2181
f 2226/2181 1794/2189 1686/2190 1845/2191
f 2229/2182 2226/2181 1845/2191 1844/2192
f 2232/2185 2229/2182 1844/2192 1843/2193
f 1849/2159 1850/2158 2227/2177 2230/2183
f 1850/2158 1851/2157 2224/2187 2227/2177
f 2237/2194 2236/2195 2233/2196 2234/2197
f 2238/2198 2237/2194 2234/2197 2235/2199
f 2240/2200 2239/2201 2236/2195 2237/2194
f 2241/2202 2240/2200 2237/2194 2238/2198
f 2233/2203 1848/2173 1673/2174 1750/2204
f 2234/2197 2233/2196 1750/2204 1751/2205
f 2235/2199 2234/2197 1751/2205 1752/2206
f 1842/2207 2235/2199 1752/2206 1672/2208
f 1841/2209 2238/2198 2235/2199 1842/2207
f 1840/2210 2241/2202 2238/2198 1841/2209
f 2239/2201 1846/2176 1847/2175 2236/2195
f 2236/2195 1847/2175 1848/2173 2233/2196
f 2245/2211 2242/2212 2243/2213 2246/2214
f 2246/2214 2243/2213 2244/2215 2247/2216
f 2248/2217 2245/2211 2246/2214 2249/2218
f 2249/2218 2246/2214 2247/2216 2250/2219
f 1845/2191 1686/2190 1789/2220 2242/2221
f 2242/2212 1789/2220 1790/2222 2243/2213
f 2243/2213 1790/2222 1791/2223 2244/2215
f 2244/2215 1791/2223 1685/2224 1839/2225
f 2247/2216 2244/2215 1839/2225 1838/2226
f 2250/2219 2247/2216 1838/2226 1837/2227
f 1843/2193 1844/2192 2245/2211 2248/2217
f 1844/2192 1845/2191 2242/2221 2245/2211
f 2255/2228 2254/2229 2251/2230 2252/2231
f 2256/2232 2255/2228 2252/2231 2253/2233
f 2258/2234 2257/2235 2254/2229 2255/2228
f 2259/2236 2258/2234 2255/2228 2256/2232
f 2251/2237 1842/2207 1672/2208 1747/2238
f 2252/2231 2251/2230 1747/2238 1748/2239
f 2253/2233 2252/2231 1748/2239 1749/2240
f 2253/2233 1749/2240 1671/2241 1836/2242
f 2256/2232 2253/2233 1836/2242 1835/2243
f 1834/2244 2259/2236 2256/2232 1835/2243
f 2257/2235 1840/2210 1841/2209 2254/2229
f 2254/2229 1841/2209 1842/2207 2251/2230
f 2263/2245 2260/2246 2261/2247 2264/2248
f 2264/2248 2261/2247 2262/2249 2265/2250
f 2266/2251 2263/2245 2264/2248 2267/2252
f 2267/2252 2264/2248 2265/2250 2268/2253
f 1839/2225 1685/2224 1786/2254 2260/2255
f 2260/2246 1786/2254 1787/2256 2261/2247
f 2261/2247 1787/2256 1788/2257 2262/2249
f 2262/2249 1788/2257 1684/2258 1833/2259
f 2265/2250 2262/2249 1833/2259 1832/2260
f 2268/2253 2265/2250 1832/2260 1831/2261
f 1837/2227 1838/2226 2263/2245 2266/2251
f 1838/2226 1839/2225 2260/2255 2263/2245
f 2272/2262 2269/2263 2270/2264 2273/2265
f 2273/2265 2270/2264 2271/2266 2274/2267
f 2275/2268 2272/2262 2273/2265 2276/2269
f 2276/2269 2273/2265 2274/2267 2277/2270
f 1836/2242 1671/2241 1744/2271 2269/2272
f 2269/2263 1744/2271 1745/2273 2270/2264
f 2270/2264 1745/2273 1746/2274 2271/2266
f 2271/2266 1746/2274 1670/2275 1827/2276
f 2274/2267 2271/2266 1827/2276 1826/2277
f 2277/2270 2274/2267 1826/2277 1825/2278
f 1834/2244 1835/2243 2272/2262 2275/2268
f 1835/2243 1836/2242 2269/2272 2272/2262
f 2281/2279 2278/2280 2279/2281 2282/2282
f 2282/2282 2279/2281 2280/2283 2283/2284
f 2284/2285 2281/2279 2282/2282 2285/2286
f 2285/2286 2282/2282 2283/2284 2286/2287
f 1833/2259 1684/2258 1783/2288 2278/2289
f 2278/2280 1783/2288 1784/2290 2279/2281
f 2279/2281 1784/2290 1785/2291 2280/2283
f 2280/2283 1785/2291 1683/1784 2014/1783
f 2283/2284 2280/2283 2014/1783 2015/1794
f 2286/2287 2283/2284 2015/1794 2016/1793
f 1831/2261 1832/2260 2281/2279 2284/2285
f 1832/2260 1833/2259 2278/2289 2281/2279
f 2290/2292 2287/2293 2288/2294 2291/2295
f 2292/2296 2291/2295 2288/2294 2289/2297
f 2294/2298 2293/2299 2290/2292 2291/2295
f 2295/2300 2294/2298 2291/2295 2292/2296
f 1830/2301 1665/2302 1822/2303 2287/2304
f 2287/2293 1822/2303 1823/2305 2288/2294
f 2288/2294 1823/2305 1824/2306 2289/2297
f 2011/1805 2289/2297 1824/2306 1696/1806
f 2012/1815 2292/2296 2289/2297 2011/1805
f 2013/1814 2295/2300 2292/2296 2012/1815
f 1828/2307 1829/2308 2290/2292 2293/2299
f 1829/2308 1830/2301 2287/2304 2290/2292
f 2299/2309 2296/2310 2297/2311 2300/2312
f 2300/2312 2297/2311 2298/2313 2301/2314
f 2302/2315 2299/2309 2300/2312 2303/2316
f 2303/2316 2300/2312 2301/2314 2304/2317
f 1827/2276 1670/2275 1741/2318 2296/2319
f 2296/2310 1741/2318 1742/2320 2297/2311
f 2297/2311 1742/2320 1743/2321 2298/2313
f 2298/2313 1743/2321 1669/1826 2008/1825
f 2301/2314 2298/2313 2008/1825 2009/1836
f 2304/2317 2301/2314 2009/1836 2010/1835
f 1825/2278 1826/2277 2299/2309 2302/2315
f 1826/2277 1827/2276 2296/2319 2299/2309
f 1943/2322 1944/2323 449/1177 448/1178
f 1815/1917 1814/1916 214/2324 215/2325
f 1737/1883 1736/1882 136/2326 137/2327
f 1944/2323 1707/2328 75/1147 449/1177
f 1693/1919 1815/1917 215/2325 29/2329
f 1737/1883 137/2327 3/2330 1667/1884
f 1709/2331 1945/2332 450/1212 77/692
f 1816/1864 1695/1811 31/2333 216/2334
f 1669/1826 5/2335 138/2336 1738/1827
f 1945/2332 1946/2337 451/1211 450/1212
f 1816/1864 216/2334 217/2338 1817/1865
f 1738/1827 138/2336 139/2339 1739/1829
f 1946/2337 1947/2340 452/1210 451/1211
f 1818/1866 1817/1865 217/2338 218/2341
f 1739/1829 139/2339 140/2342 1740/1830
f 1947/2340 1708/2343 76/1181 452/1210
f 1694/1868 1818/1866 218/2341 30/2344
f 1740/1830 140/2342 4/2345 1668/1831
f 1710/2346 1948/2347 453/695 78/697
f 1819/1807 1696/1806 32/2348 219/2349
f 1670/2275 6/2350 141/2351 1741/2318
f 1948/2347 1949/2352 454/694 453/695
f 1820/1808 1819/1807 219/2349 220/2353
f 1741/2318 141/2351 142/2354 1742/2320
f 1949/2352 1950/2355 455/693 454/694
f 1821/1809 1820/1808 220/2353 221/2356
f 1742/2320 142/2354 143/2357 1743/2321
f 1950/2355 1709/2331 77/692 455/693
f 1695/1811 1821/1809 221/2356 31/2333
f 1743/2321 143/2357 5/2335 1669/1826
f 1951/2358 456/733 79/735 1711/2359
f 1822/2303 1665/2302 1/2360 222/2361
f 1671/2241 7/2362 144/2363 1744/2271
f 1952/2364 457/732 456/733 1951/2358
f 1823/2305 1822/2303 222/2361 223/2365
f 1744/2271 144/2363 145/2366 1745/2273
f 1953/2367 458/731 457/732 1952/2364
f 1824/2306 1823/2305 223/2365 224/2368
f 1745/2273 145/2366 146/2369 1746/2274
f 1953/2367 1710/2346 78/697 458/731
f 1696/1806 1824/2306 224/2368 32/2348
f 1746/2274 146/2369 6/2350 1670/2275
f 1954/2370 459/788 80/790 1712/2371
f 1672/2208 8/2372 147/2373 1747/2238
f 1955/2374 460/787 459/788 1954/2370
f 1747/2238 147/2373 148/2375 1748/2239
f 1956/2376 461/786 460/787 1955/2374
f 1748/2239 148/2375 149/2377 1749/2240
f 1711/2359 79/735 461/786 1956/2376
f 1749/2240 149/2377 7/2362 1671/2241
f 1713/2378 1957/2379 462/839 81/841
f 1750/2204 1673/2174 9/2380 150/2381
f 1958/2382 463/838 462/839 1957/2379
f 1751/2205 1750/2204 150/2381 151/2383
f 1959/2384 464/837 463/838 1958/2382
f 1751/2205 151/2383 152/2385 1752/2206
f 1712/2371 80/790 464/837 1959/2384
f 1752/2206 152/2385 8/2372 1672/2208
f 1714/2386 1960/2387 465/890 82/892
f 1753/2170 1674/2140 10/2388 153/2389
f 1960/2387 1961/2390 466/889 465/890
f 1754/2171 1753/2170 153/2389 154/2391
f 1961/2390 1962/2392 467/888 466/889
f 1755/2172 1754/2171 154/2391 155/2393
f 1962/2392 1713/2378 81/841 467/888
f 1673/2174 1755/2172 155/2393 9/2380
f 1715/2394 1963/2395 468/941 83/943
f 1756/2136 1675/2106 11/2396 156/2397
f 1963/2395 1964/2398 469/940 468/941
f 1757/2137 1756/2136 156/2397 157/2399
f 1964/2398 1965/2400 470/939 469/940
f 1758/2138 1757/2137 157/2399 158/2401
f 1965/2400 1714/2386 82/892 470/939
f 1674/2140 1758/2138 158/2401 10/2388
f 1716/2402 1966/2403 471/992 84/994
f 1759/2102 1676/2072 12/2404 159/2405
f 1966/2403 1967/2406 472/991 471/992
f 1760/2103 1759/2102 159/2405 160/2407
f 1967/2406 1968/2408 473/990 472/991
f 1761/2104 1760/2103 160/2407 161/2409
f 1968/2408 1715/2394 83/943 473/990
f 1675/2106 1761/2104 161/2409 11/2396
f 1969/2410 474/1026 85/1028 1717/2411
f 1762/2068 1677/2038 13/2412 162/2413
f 1970/2414 475/1025 474/1026 1969/2410
f 1763/2069 1762/2068 162/2413 163/2415
f 1971/2416 476/1024 475/1025 1970/2414
f 1764/2070 1763/2069 163/2415 164/2417
f 1716/2402 84/994 476/1024 1971/2416
f 1676/2072 1764/2070 164/2417 12/2404
f 1972/2418 477/1060 86/1062 1718/2419
f 1765/2034 1678/2004 14/2420 165/2421
f 1973/2422 478/1059 477/1060 1972/2418
f 1766/2035 1765/2034 165/2421 166/2423
f 1974/2424 479/1058 478/1059 1973/2422
f 1767/2036 1766/2035 166/2423 167/2425
f 1717/2411 85/1028 479/1058 1974/2424
f 1677/2038 1767/2036 167/2425 13/2412
f 1975/2426 480/1094 87/1096 1719/2427
f 1768/2000 1679/1953 15/2428 168/2429
f 1976/2430 481/1093 480/1094 1975/2426
f 1769/2001 1768/2000 168/2429 169/2431
f 1977/2432 482/1092 481/1093 1976/2430
f 1770/2002 1769/2001 169/2431 170/2433
f 1718/2419 86/1062 482/1092 1977/2432
f 1678/2004 1770/2002 170/2433 14/2420
f 1720/2434 1978/2435 483/1128 88/1130
f 1680/1901 16/2436 171/2437 1771/1948
f 1979/2438 484/1127 483/1128 1978/2435
f 1772/1950 1771/1948 171/2437 172/2439
f 1980/2440 485/1126 484/1127 1979/2438
f 1773/1951 1772/1950 172/2439 173/2441
f 1719/2427 87/1096 485/1126 1980/2440
f 1679/1953 1773/1951 173/2441 15/2428
f 1721/2442 1981/2443 486/1162 89/1164
f 1774/1898 1681/1851 17/2444 174/2445
f 1981/2443 1982/2446 487/1161 486/1162
f 1775/1899 1774/1898 174/2445 175/2447
f 1982/2446 1983/2448 488/1160 487/1161
f 1775/1899 175/2447 176/2449 1776/1900
f 1983/2448 1720/2434 88/1130 488/1160
f 1776/1900 176/2449 16/2436 1680/1901
f 1722/2450 1984/2451 489/1196 90/1198
f 1682/1790 18/2452 177/2453 1777/1846
f 1984/2451 1985/2454 490/1195 489/1196
f 1777/1846 177/2453 178/2455 1778/1848
f 1985/2454 1986/2456 491/1194 490/1195
f 1779/1849 1778/1848 178/2455 179/2457
f 1986/2456 1721/2442 89/1164 491/1194
f 1681/1851 1779/1849 179/2457 17/2444
f 1723/2458 1987/2459 492/1225 91/713
f 1683/1784 19/2460 180/2461 1780/1785
f 1987/2459 1988/2462 493/1224 492/1225
f 1780/1785 180/2461 181/2463 1781/1787
f 1988/2462 1989/2464 494/1223 493/1224
f 1781/1787 181/2463 182/2465 1782/1788
f 1989/2464 1722/2450 90/1198 494/1223
f 1782/1788 182/2465 18/2452 1682/1790
f 1724/2466 1990/2467 495/716 92/718
f 1698/2468 1912/2469 417/754 66/756
f 1684/2258 20/2470 183/2471 1783/2288
f 1990/2467 1991/2472 496/715 495/716
f 1912/2469 1913/2473 418/753 417/754
f 1783/2288 183/2471 184/2474 1784/2290
f 1991/2472 1992/2475 497/714 496/715
f 1913/2473 1914/2476 419/751 418/753
f 1784/2290 184/2474 185/2477 1785/2291
f 1992/2475 1723/2458 91/713 497/714
f 1914/2476 1697/2478 65/752 419/751
f 1785/2291 185/2477 19/2460 1683/1784
f 1725/2479 1993/2480 498/771 93/773
f 1699/2481 1915/2482 420/805 67/807
f 1685/2224 21/2483 186/2484 1786/2254
f 1993/2480 1994/2485 499/770 498/771
f 1915/2482 1916/2486 421/804 420/805
f 1786/2254 186/2484 187/2487 1787/2256
f 1994/2485 1995/2488 500/769 499/770
f 1916/2486 1917/2489 422/803 421/804
f 1787/2256 187/2487 188/2490 1788/2257
f 1995/2488 1724/2466 92/718 500/769
f 1917/2489 1698/2468 66/756 422/803
f 1788/2257 188/2490 20/2470 1684/2258
f 1726/2491 1996/2492 501/822 94/824
f 1700/2493 1918/2494 423/856 68/858
f 1686/2190 22/2495 189/2496 1789/2220
f 1996/2492 1997/2497 502/821 501/822
f 1918/2494 1919/2498 424/855 423/856
f 1789/2220 189/2496 190/2499 1790/2222
f 1997/2497 1998/2500 503/820 502/821
f 1920/2501 425/854 424/855 1919/2498
f 1790/2222 190/2499 191/2502 1791/2223
f 1998/2500 1725/2479 93/773 503/820
f 1920/2501 1699/2481 67/807 425/854
f 1791/2223 191/2502 21/2483 1685/2224
f 1727/2503 1999/2504 504/873 95/875
f 1921/2505 426/907 69/909 1701/2506
f 1687/2156 23/2507 192/2508 1792/2186
f 1999/2504 2000/2509 505/872 504/873
f 1921/2505 1922/2510 427/906 426/907
f 1792/2186 192/2508 193/2511 1793/2188
f 2001/2512 506/871 505/872 2000/2509
f 1923/2513 428/905 427/906 1922/2510
f 1793/2188 193/2511 194/2514 1794/2189
f 2001/2512 1726/2491 94/824 506/871
f 1700/2493 68/858 428/905 1923/2513
f 1794/2189 194/2514 22/2495 1686/2190
f 2002/2515 507/924 96/926 1728/2516
f 1924/2517 429/958 70/960 1702/2518
f 1688/2122 24/2519 195/2520 1795/2152
f 2003/2521 508/923 507/924 2002/2515
f 1925/2522 430/957 429/958 1924/2517
f 1795/2152 195/2520 196/2523 1796/2154
f 2004/2524 509/922 508/923 2003/2521
f 1926/2525 431/956 430/957 1925/2522
f 1796/2154 196/2523 197/2526 1797/2155
f 1727/2503 95/875 509/922 2004/2524
f 1701/2506 69/909 431/956 1926/2525
f 1797/2155 197/2526 23/2507 1687/2156
f 2005/2527 510/975 65/977 1697/2528
f 1927/2529 432/1009 71/1011 1703/2530
f 1689/2088 25/2531 198/2532 1798/2118
f 2006/2533 511/974 510/975 2005/2527
f 1928/2534 433/1008 432/1009 1927/2529
f 1798/2118 198/2532 199/2535 1799/2120
f 2007/2536 512/973 511/974 2006/2533
f 1929/2537 434/1007 433/1008 1928/2534
f 1799/2120 199/2535 200/2538 1800/2121
f 1728/2516 96/926 512/973 2007/2536
f 1702/2518 70/960 434/1007 1929/2537
f 1800/2121 200/2538 24/2519 1688/2122
f 1930/2539 435/1043 72/1045 1704/2540
f 1801/2084 1690/2054 26/2541 201/2542
f 1931/2543 436/1042 435/1043 1930/2539
f 1802/2086 1801/2084 201/2542 202/2544
f 1932/2545 437/1041 436/1042 1931/2543
f 1802/2086 202/2544 203/2546 1803/2087
f 1703/2530 71/1011 437/1041 1932/2545
f 1803/2087 203/2546 25/2531 1689/2088
f 1933/2547 438/1077 73/1079 1705/2548
f 1804/2051 1691/2021 27/2549 204/2550
f 1934/2551 439/1076 438/1077 1933/2547
f 1805/2052 1804/2051 204/2550 205/2552
f 1935/2553 440/1075 439/1076 1934/2551
f 1806/2053 1805/2052 205/2552 206/2554
f 1704/2540 72/1045 440/1075 1935/2553
f 1690/2054 1806/2053 206/2554 26/2541
f 1936/2555 441/1111 74/1113 1706/2556
f 1807/2017 1692/1970 28/2557 207/2558
f 1666/1935 2/2559 129/2560 1729/1982
f 1937/2561 442/1110 441/1111 1936/2555
f 1808/2018 1807/2017 207/2558 208/2562
f 1729/1982 129/2560 130/2563 1730/1984
f 1938/2564 443/1109 442/1110 1937/2561
f 1809/2019 1808/2018 208/2562 209/2565
f 1730/1984 130/2563 131/2566 1731/1985
f 1705/2548 73/1079 443/1109 1938/2564
f 1691/2021 1809/2019 209/2565 27/2549
f 1731/1985 131/2566 1/2567 1665/1987
f 1939/2568 444/1145 75/1147 1707/2328
f 1810/1966 1693/1919 29/2329 210/2569
f 1667/1884 3/2330 132/2570 1732/1931
f 1940/2571 445/1144 444/1145 1939/2568
f 1811/1967 1810/1966 210/2569 211/2572
f 1732/1931 132/2570 133/2573 1733/1933
f 1941/2574 446/1143 445/1144 1940/2571
f 1812/1968 1811/1967 211/2572 212/2575
f 1733/1933 133/2573 134/2576 1734/1934
f 1706/2556 74/1113 446/1143 1941/2574
f 1692/1970 1812/1968 212/2575 28/2557
f 1734/1934 134/2576 2/2559 1666/1935
f 1708/2343 1942/2577 447/1179 76/1181
f 1813/1915 1694/1868 30/2344 213/2578
f 1668/1831 4/2345 135/2579 1735/1880
f 1942/2577 1943/2322 448/1178 447/1179
f 1814/1916 1813/1915 213/2578 214/2324
f 1735/1880 135/2579 136/2326 1736/1882
f 2319/2580 2447/2581 2689/2582 2449/2583
f 2447/2581 2320/2584 2450/2585 2689/2582
f 2440/2586 2690/2587 2451/2588 2312/2589
f 2313/2590 2452/2591 2690/2587 2440/2586
f 2305/2592 2433/2593 2691/2594 2453/2595
f 2433/2593 2306/2596 2454/2597 2691/2594
f 2320/2584 2448/2598 2692/2599 2450/2585
f 2448/2600 2305/2592 2453/2595 2692/2601
f 2441/2602 2693/2603 2452/2591 2313/2590
f 2314/2604 2455/2605 2693/2603 2441/2602
f 2306/2596 2434/2606 2694/2607 2454/2597
f 2434/2606 2307/2608 2456/2609 2694/2607
f 2442/2610 2695/2611 2455/2605 2314/2604
f 2315/2612 2457/2613 2695/2611 2442/2610
f 2307/2608 2435/2614 2696/2615 2456/2609
f 2435/2614 2308/2616 2458/2617 2696/2615
f 2443/2618 2697/2619 2457/2613 2315/2612
f 2316/2620 2459/2621 2697/2619 2443/2618
f 2308/2616 2436/2622 2698/2623 2458/2617
f 2436/2622 2309/2624 2460/2625 2698/2623
f 2444/2626 2699/2627 2459/2621 2316/2620
f 2317/2628 2461/2629 2699/2627 2444/2626
f 2437/2630 2700/2631 2460/2625 2309/2624
f 2310/2632 2462/2633 2700/2631 2437/2630
f 2445/2634 2701/2635 2461/2629 2317/2628
f 2445/2634 2318/2636 2463/2637 2701/2635
f 2438/2638 2702/2639 2462/2633 2310/2632
f 2311/2640 2464/2641 2702/2639 2438/2638
f 2318/2636 2446/2642 2703/2643 2463/2637
f 2446/2642 2319/2580 2449/2583 2703/2643
f 2439/2644 2704/2645 2464/2641 2311/2640
f 2312/2589 2451/2588 2704/2645 2439/2644
f 2705/2646 2482/2647 2319/2580 2446/2642
f 2481/2648 2705/2646 2446/2642 2318/2636
f 2334/2649 2478/2650 2705/2646 2481/2648
f 2478/2650 2335/2651 2482/2647 2705/2646
f 2484/2652 2312/2589 2439/2644 2706/2653
f 2706/2653 2439/2644 2311/2640 2483/2654
f 2471/2655 2706/2653 2483/2654 2327/2656
f 2328/2657 2484/2652 2706/2653 2471/2655
f 2707/2658 2485/2659 2320/2584 2447/2581
f 2482/2647 2707/2658 2447/2581 2319/2580
f 2335/2651 2479/2660 2707/2658 2482/2647
f 2479/2660 2336/2661 2485/2659 2707/2658
f 2486/2662 2313/2590 2440/2586 2708/2663
f 2708/2663 2440/2586 2312/2589 2484/2652
f 2472/2664 2708/2663 2484/2652 2328/2657
f 2329/2665 2486/2662 2708/2663 2472/2664
f 2709/2666 2488/2667 2306/2596 2433/2593
f 2487/2668 2709/2666 2433/2593 2305/2592
f 2321/2669 2465/2670 2709/2666 2487/2668
f 2465/2670 2322/2671 2488/2667 2709/2666
f 2710/2672 2487/2668 2305/2592 2448/2600
f 2485/2659 2710/2673 2448/2598 2320/2584
f 2336/2661 2480/2674 2710/2673 2485/2659
f 2480/2675 2321/2669 2487/2668 2710/2672
f 2489/2676 2314/2604 2441/2602 2711/2677
f 2711/2677 2441/2602 2313/2590 2486/2662
f 2473/2678 2711/2677 2486/2662 2329/2665
f 2330/2679 2489/2676 2711/2677 2473/2678
f 2712/2680 2490/2681 2307/2608 2434/2606
f 2488/2667 2712/2680 2434/2606 2306/2596
f 2322/2671 2466/2682 2712/2680 2488/2667
f 2466/2682 2323/2683 2490/2681 2712/2680
f 2491/2684 2315/2612 2442/2610 2713/2685
f 2713/2685 2442/2610 2314/2604 2489/2676
f 2474/2686 2713/2685 2489/2676 2330/2679
f 2331/2687 2491/2684 2713/2685 2474/2686
f 2714/2688 2492/2689 2308/2616 2435/2614
f 2490/2681 2714/2688 2435/2614 2307/2608
f 2323/2683 2467/2690 2714/2688 2490/2681
f 2467/2690 2324/2691 2492/2689 2714/2688
f 2493/2692 2316/2620 2443/2618 2715/2693
f 2715/2693 2443/2618 2315/2612 2491/2684
f 2475/2694 2715/2693 2491/2684 2331/2687
f 2332/2695 2493/2692 2715/2693 2475/2694
f 2716/2696 2494/2697 2309/2624 2436/2622
f 2492/2689 2716/2696 2436/2622 2308/2616
f 2324/2691 2468/2698 2716/2696 2492/2689
f 2468/2698 2325/2699 2494/2697 2716/2696
f 2495/2700 2317/2628 2444/2626 2717/2701
f 2717/2701 2444/2626 2316/2620 2493/2692
f 2476/2702 2717/2701 2493/2692 2332/2695
f 2333/2703 2495/2700 2717/2701 2476/2702
f 2496/2704 2310/2632 2437/2630 2718/2705
f 2718/2705 2437/2630 2309/2624 2494/2697
f 2325/2699 2469/2706 2718/2705 2494/2697
f 2326/2707 2496/2704 2718/2705 2469/2706
f 2719/2708 2481/2648 2318/2636 2445/2634
f 2495/2700 2719/2708 2445/2634 2317/2628
f 2477/2709 2719/2708 2495/2700 2333/2703
f 2477/2709 2334/2649 2481/2648 2719/2708
f 2483/2654 2311/2640 2438/2638 2720/2710
f 2720/2710 2438/2638 2310/2632 2496/2704
f 2470/2711 2720/2710 2496/2704 2326/2707
f 2327/2656 2483/2654 2720/2710 2470/2711
f 2626/2712 2402/2713 2656/2714 2721/2715
f 2721/2715 2656/2714 2401/2716 2513/2717
f 2500/2718 2721/2715 2513/2717 2340/2719
f 2341/2720 2626/2712 2721/2715 2500/2718
f 2628/2721 2404/2722 2655/2723 2722/2724
f 2722/2724 2655/2723 2403/2725 2515/2726
f 2508/2727 2722/2724 2515/2726 2348/2728
f 2349/2729 2628/2721 2722/2724 2508/2727
f 2629/2730 2405/2731 2654/2732 2723/2733
f 2723/2733 2654/2732 2402/2713 2626/2712
f 2501/2734 2723/2733 2626/2712 2341/2720
f 2342/2735 2629/2730 2723/2733 2501/2734
f 2630/2736 2406/2737 2653/2738 2724/2739
f 2724/2739 2653/2738 2404/2722 2628/2721
f 2509/2740 2724/2739 2628/2721 2349/2729
f 2350/2741 2630/2736 2724/2739 2509/2740
f 2631/2742 2407/2743 2652/2744 2725/2745
f 2725/2745 2652/2744 2405/2731 2629/2730
f 2502/2746 2725/2745 2629/2730 2342/2735
f 2343/2747 2631/2742 2725/2745 2502/2746
f 2632/2748 2408/2749 2651/2750 2726/2751
f 2726/2751 2651/2750 2406/2737 2630/2736
f 2510/2752 2726/2751 2630/2736 2350/2741
f 2351/2753 2632/2748 2726/2751 2510/2752
f 2633/2754 2409/2755 2650/2756 2727/2757
f 2727/2757 2650/2756 2407/2743 2631/2742
f 2503/2758 2727/2757 2631/2742 2343/2747
f 2344/2759 2633/2754 2727/2757 2503/2758
f 2634/2760 2410/2761 2649/2762 2728/2763
f 2728/2763 2649/2762 2408/2749 2632/2748
f 2511/2764 2728/2763 2632/2748 2351/2753
f 2352/2765 2634/2760 2728/2763 2511/2764
f 2635/2766 2411/2767 2648/2768 2729/2769
f 2729/2769 2648/2768 2409/2755 2633/2754
f 2504/2770 2729/2769 2633/2754 2344/2759
f 2345/2771 2635/2766 2729/2769 2504/2770
f 2637/2772 2413/2773 2647/2774 2730/2775
f 2730/2775 2647/2774 2412/2776 2524/2777
f 2497/2778 2730/2775 2524/2777 2337/2779
f 2338/2780 2637/2772 2730/2775 2497/2778
f 2524/2777 2412/2776 2646/2781 2731/2782
f 2731/2783 2646/2784 2410/2761 2634/2760
f 2512/2785 2731/2783 2634/2760 2352/2765
f 2337/2779 2524/2777 2731/2782 2512/2786
f 2638/2787 2414/2788 2645/2789 2732/2790
f 2732/2790 2645/2789 2411/2767 2635/2766
f 2505/2791 2732/2790 2635/2766 2345/2771
f 2346/2792 2638/2787 2732/2790 2505/2791
f 2639/2793 2415/2794 2644/2795 2733/2796
f 2733/2796 2644/2795 2413/2773 2637/2772
f 2498/2797 2733/2796 2637/2772 2338/2780
f 2339/2798 2639/2793 2733/2796 2498/2797
f 2640/2799 2416/2800 2643/2801 2734/2802
f 2734/2802 2643/2801 2414/2788 2638/2787
f 2506/2803 2734/2802 2638/2787 2346/2792
f 2347/2804 2640/2799 2734/2802 2506/2803
f 2513/2717 2401/2716 2642/2805 2735/2806
f 2735/2806 2642/2805 2415/2794 2639/2793
f 2499/2807 2735/2806 2639/2793 2339/2798
f 2340/2719 2513/2717 2735/2806 2499/2807
f 2515/2726 2403/2725 2641/2808 2736/2809
f 2736/2809 2641/2808 2416/2800 2640/2799
f 2507/2810 2736/2809 2640/2799 2347/2804
f 2348/2728 2515/2726 2736/2809 2507/2810
f 2557/2811 2384/2812 2605/2813 2737/2814
f 2737/2815 2605/2816 2381/2817 2586/2818
f 2558/2819 2737/2815 2586/2818 2367/2820
f 2368/2821 2557/2811 2737/2814 2558/2822
f 2544/2823 2383/2824 2604/2825 2738/2826
f 2738/2826 2604/2825 2384/2812 2557/2811
f 2559/2827 2738/2826 2557/2811 2368/2821
f 2355/2828 2544/2823 2738/2826 2559/2827
f 2739/2829 2542/2830 2382/2831 2603/2832
f 2585/2833 2739/2829 2603/2832 2380/2834
f 2366/2835 2560/2836 2739/2829 2585/2833
f 2560/2836 2353/2837 2542/2830 2739/2829
f 2586/2818 2381/2817 2602/2838 2740/2839
f 2740/2839 2602/2838 2379/2840 2584/2841
f 2561/2842 2740/2839 2584/2841 2365/2843
f 2367/2820 2586/2818 2740/2839 2561/2842
f 2741/2844 2585/2833 2380/2834 2601/2845
f 2583/2846 2741/2844 2601/2845 2378/2847
f 2364/2848 2562/2849 2741/2844 2583/2846
f 2562/2849 2366/2835 2585/2833 2741/2844
f 2584/2841 2379/2840 2600/2850 2742/2851
f 2742/2851 2600/2850 2377/2852 2582/2853
f 2563/2854 2742/2851 2582/2853 2363/2855
f 2365/2843 2584/2841 2742/2851 2563/2854
f 2743/2856 2583/2846 2378/2847 2599/2857
f 2581/2858 2743/2856 2599/2857 2376/2859
f 2362/2860 2564/2861 2743/2856 2581/2858
f 2564/2861 2364/2848 2583/2846 2743/2856
f 2582/2853 2377/2852 2598/2862 2744/2863
f 2744/2863 2598/2862 2375/2864 2580/2865
f 2565/2866 2744/2863 2580/2865 2361/2867
f 2363/2855 2582/2853 2744/2863 2565/2866
f 2745/2868 2581/2858 2376/2859 2597/2869
f 2579/2870 2745/2868 2597/2869 2374/2871
f 2360/2872 2566/2873 2745/2868 2579/2870
f 2566/2873 2362/2860 2581/2858 2745/2868
f 2580/2865 2375/2864 2596/2874 2746/2875
f 2746/2875 2596/2874 2373/2876 2578/2877
f 2567/2878 2746/2875 2578/2877 2359/2879
f 2361/2867 2580/2865 2746/2875 2567/2878
f 2747/2880 2579/2870 2374/2871 2595/2881
f 2577/2882 2747/2880 2595/2881 2372/2883
f 2358/2884 2568/2885 2747/2880 2577/2882
f 2568/2885 2360/2872 2579/2870 2747/2880
f 2578/2877 2373/2876 2594/2886 2748/2887
f 2748/2887 2594/2886 2371/2888 2576/2889
f 2569/2890 2748/2887 2576/2889 2357/2891
f 2359/2879 2578/2877 2748/2887 2569/2890
f 2749/2892 2577/2882 2372/2883 2593/2893
f 2575/2894 2749/2892 2593/2893 2370/2895
f 2356/2896 2570/2897 2749/2892 2575/2894
f 2570/2897 2358/2884 2577/2882 2749/2892
f 2576/2889 2371/2888 2592/2898 2750/2899
f 2750/2899 2592/2898 2369/2900 2574/2901
f 2571/2902 2750/2899 2574/2901 2354/2903
f 2357/2891 2576/2889 2750/2899 2571/2902
f 2575/2894 2370/2895 2591/2904 2751/2905
f 2751/2905 2591/2904 2383/2824 2544/2823
f 2572/2906 2751/2905 2544/2823 2355/2828
f 2356/2896 2575/2894 2751/2905 2572/2906
f 2752/2907 2574/2901 2369/2900 2590/2908
f 2542/2830 2752/2907 2590/2908 2382/2831
f 2353/2837 2573/2909 2752/2907 2542/2830
f 2573/2909 2354/2903 2574/2901 2752/2907
f 2753/2910 2529/2911 2346/2792 2505/2791
f 2587/2912 2753/2910 2505/2791 2345/2771
f 2382/2831 2590/2908 2753/2910 2587/2912
f 2590/2908 2369/2900 2529/2911 2753/2910
f 2530/2913 2339/2798 2498/2797 2754/2914
f 2754/2914 2498/2797 2338/2780 2588/2915
f 2591/2904 2754/2914 2588/2915 2383/2824
f 2370/2895 2530/2913 2754/2914 2591/2904
f 2531/2916 2347/2804 2506/2803 2755/2917
f 2755/2917 2506/2803 2346/2792 2529/2911
f 2592/2898 2755/2917 2529/2911 2369/2900
f 2371/2888 2531/2916 2755/2917 2592/2898
f 2532/2918 2340/2719 2499/2807 2756/2919
f 2756/2919 2499/2807 2339/2798 2530/2913
f 2593/2893 2756/2919 2530/2913 2370/2895
f 2372/2883 2532/2918 2756/2919 2593/2893
f 2533/2920 2348/2728 2507/2810 2757/2921
f 2757/2921 2507/2810 2347/2804 2531/2916
f 2594/2886 2757/2921 2531/2916 2371/2888
f 2373/2876 2533/2920 2757/2921 2594/2886
f 2758/2922 2534/2923 2341/2720 2500/2718
f 2758/2922 2500/2718 2340/2719 2532/2918
f 2372/2883 2595/2881 2758/2922 2532/2918
f 2595/2881 2374/2871 2534/2923 2758/2922
f 2535/2924 2349/2729 2508/2727 2759/2925
f 2759/2925 2508/2727 2348/2728 2533/2920
f 2596/2874 2759/2925 2533/2920 2373/2876
f 2375/2864 2535/2924 2759/2925 2596/2874
f 2760/2926 2536/2927 2342/2735 2501/2734
f 2534/2923 2760/2926 2501/2734 2341/2720
f 2374/2871 2597/2869 2760/2926 2534/2923
f 2597/2869 2376/2859 2536/2927 2760/2926
f 2537/2928 2350/2741 2509/2740 2761/2929
f 2761/2929 2509/2740 2349/2729 2535/2924
f 2598/2862 2761/2929 2535/2924 2375/2864
f 2377/2852 2537/2928 2761/2929 2598/2862
f 2762/2930 2538/2931 2343/2747 2502/2746
f 2536/2927 2762/2930 2502/2746 2342/2735
f 2376/2859 2599/2857 2762/2930 2536/2927
f 2599/2857 2378/2847 2538/2931 2762/2930
f 2539/2932 2351/2753 2510/2752 2763/2933
f 2763/2933 2510/2752 2350/2741 2537/2928
f 2600/2850 2763/2933 2537/2928 2377/2852
f 2379/2840 2539/2932 2763/2933 2600/2850
f 2764/2934 2540/2935 2344/2759 2503/2758
f 2538/2931 2764/2934 2503/2758 2343/2747
f 2378/2847 2601/2845 2764/2934 2538/2931
f 2601/2845 2380/2834 2540/2935 2764/2934
f 2541/2936 2352/2765 2511/2764 2765/2937
f 2765/2937 2511/2764 2351/2753 2539/2932
f 2602/2838 2765/2937 2539/2932 2379/2840
f 2381/2817 2541/2936 2765/2937 2602/2838
f 2766/2938 2587/2912 2345/2771 2504/2770
f 2540/2935 2766/2938 2504/2770 2344/2759
f 2380/2834 2603/2832 2766/2938 2540/2935
f 2603/2832 2382/2831 2587/2912 2766/2938
f 2588/2915 2338/2780 2497/2778 2767/2939
f 2767/2939 2497/2778 2337/2779 2589/2940
f 2604/2825 2767/2939 2589/2940 2384/2812
f 2383/2824 2588/2915 2767/2939 2604/2825
f 2589/2940 2337/2779 2512/2786 2768/2941
f 2768/2942 2512/2785 2352/2765 2541/2936
f 2605/2816 2768/2942 2541/2936 2381/2817
f 2384/2812 2589/2940 2768/2941 2605/2813
f 2608/2943 2368/2821 2558/2822 2769/2944
f 2769/2945 2558/2819 2367/2820 2556/2946
f 2609/2947 2769/2945 2556/2946 2400/2948
f 2387/2949 2608/2943 2769/2944 2609/2950
f 2607/2951 2355/2828 2559/2827 2770/2952
f 2770/2952 2559/2827 2368/2821 2608/2943
f 2610/2953 2770/2952 2608/2943 2387/2949
f 2386/2954 2607/2951 2770/2952 2610/2953
f 2771/2955 2606/2956 2353/2837 2560/2836
f 2555/2957 2771/2955 2560/2836 2366/2835
f 2399/2958 2611/2959 2771/2955 2555/2957
f 2611/2959 2385/2960 2606/2956 2771/2955
f 2556/2946 2367/2820 2561/2842 2772/2961
f 2772/2961 2561/2842 2365/2843 2554/2962
f 2612/2963 2772/2961 2554/2962 2398/2964
f 2400/2948 2556/2946 2772/2961 2612/2963
f 2773/2965 2555/2957 2366/2835 2562/2849
f 2553/2966 2773/2965 2562/2849 2364/2848
f 2397/2967 2613/2968 2773/2965 2553/2966
f 2613/2968 2399/2958 2555/2957 2773/2965
f 2554/2962 2365/2843 2563/2854 2774/2969
f 2774/2969 2563/2854 2363/2855 2552/2970
f 2614/2971 2774/2969 2552/2970 2396/2972
f 2398/2964 2554/2962 2774/2969 2614/2971
f 2775/2973 2553/2966 2364/2848 2564/2861
f 2551/2974 2775/2973 2564/2861 2362/2860
f 2395/2975 2615/2976 2775/2973 2551/2974
f 2615/2976 2397/2967 2553/2966 2775/2973
f 2552/2970 2363/2855 2565/2866 2776/2977
f 2776/2977 2565/2866 2361/2867 2550/2978
f 2616/2979 2776/2977 2550/2978 2394/2980
f 2396/2972 2552/2970 2776/2977 2616/2979
f 2777/2981 2551/2974 2362/2860 2566/2873
f 2549/2982 2777/2981 2566/2873 2360/2872
f 2393/2983 2617/2984 2777/2981 2549/2982
f 2617/2984 2395/2975 2551/2974 2777/2981
f 2550/2978 2361/2867 2567/2878 2778/2985
f 2778/2985 2567/2878 2359/2879 2548/2986
f 2618/2987 2778/2985 2548/2986 2392/2988
f 2394/2980 2550/2978 2778/2985 2618/2987
f 2779/2989 2549/2982 2360/2872 2568/2885
f 2547/2990 2779/2989 2568/2885 2358/2884
f 2391/2991 2619/2992 2779/2989 2547/2990
f 2619/2992 2393/2983 2549/2982 2779/2989
f 2548/2986 2359/2879 2569/2890 2780/2993
f 2780/2993 2569/2890 2357/2891 2546/2994
f 2620/2995 2780/2993 2546/2994 2390/2996
f 2392/2988 2548/2986 2780/2993 2620/2995
f 2781/2997 2547/2990 2358/2884 2570/2897
f 2545/2998 2781/2997 2570/2897 2356/2896
f 2389/2999 2621/3000 2781/2997 2545/2998
f 2621/3000 2391/2991 2547/2990 2781/2997
f 2546/2994 2357/2891 2571/2902 2782/3001
f 2782/3001 2571/2902 2354/2903 2543/3002
f 2622/3003 2782/3001 2543/3002 2388/3004
f 2390/2996 2546/2994 2782/3001 2622/3003
f 2783/3005 2545/2998 2356/2896 2572/2906
f 2783/3005 2572/2906 2355/2828 2607/2951
f 2386/2954 2623/3006 2783/3005 2607/2951
f 2623/3006 2389/2999 2545/2998 2783/3005
f 2784/3007 2543/3002 2354/2903 2573/2909
f 2606/2956 2784/3007 2573/2909 2353/2837
f 2385/2960 2624/3008 2784/3007 2606/2956
f 2624/3008 2388/3004 2543/3002 2784/3007
f 2627/3009 2332/2695 2475/2694 2785/3010
f 2785/3010 2475/2694 2331/2687 2528/3011
f 2641/2808 2785/3010 2528/3011 2416/2800
f 2403/2725 2627/3009 2785/3010 2641/2808
f 2786/3012 2625/3013 2324/2691 2467/2690
f 2527/3014 2786/3012 2467/2690 2323/2683
f 2415/2794 2642/2805 2786/3012 2527/3014
f 2642/2805 2401/2716 2625/3013 2786/3012
f 2528/3011 2331/2687 2474/2686 2787/3015
f 2787/3015 2474/2686 2330/2679 2526/3016
f 2643/2801 2787/3015 2526/3016 2414/2788
f 2416/2800 2528/3011 2787/3015 2643/2801
f 2788/3017 2527/3014 2323/2683 2466/2682
f 2525/3018 2788/3017 2466/2682 2322/2671
f 2413/2773 2644/2795 2788/3017 2525/3018
f 2644/2795 2415/2794 2527/3014 2788/3017
f 2526/3016 2330/2679 2473/2678 2789/3019
f 2789/3019 2473/2678 2329/2665 2523/3020
f 2645/2789 2789/3019 2523/3020 2411/2767
f 2414/2788 2526/3016 2789/3019 2645/2789
f 2790/3021 2636/3022 2321/2669 2480/2675
f 2522/3023 2790/3024 2480/2674 2336/2661
f 2646/2784 2790/3024 2522/3023 2410/2761
f 2412/2776 2636/3022 2790/3021 2646/2781
f 2791/3025 2525/3018 2322/2671 2465/2670
f 2636/3022 2791/3025 2465/2670 2321/2669
f 2647/2774 2791/3025 2636/3022 2412/2776
f 2413/2773 2525/3018 2791/3025 2647/2774
f 2523/3020 2329/2665 2472/2664 2792/3026
f 2792/3026 2472/2664 2328/2657 2521/3027
f 2648/2768 2792/3026 2521/3027 2409/2755
f 2411/2767 2523/3020 2792/3026 2648/2768
f 2793/3028 2522/3023 2336/2661 2479/2660
f 2520/3029 2793/3028 2479/2660 2335/2651
f 2649/2762 2793/3028 2520/3029 2408/2749
f 2410/2761 2522/3023 2793/3028 2649/2762
f 2521/3027 2328/2657 2471/2655 2794/3030
f 2794/3030 2471/2655 2327/2656 2519/3031
f 2650/2756 2794/3030 2519/3031 2407/2743
f 2409/2755 2521/3027 2794/3030 2650/2756
f 2795/3032 2520/3029 2335/2651 2478/2650
f 2795/3032 2478/2650 2334/2649 2518/3033
f 2651/2750 2795/3032 2518/3033 2406/2737
f 2408/2749 2520/3029 2795/3032 2651/2750
f 2519/3031 2327/2656 2470/2711 2796/3034
f 2796/3034 2470/2711 2326/2707 2517/3035
f 2652/2744 2796/3034 2517/3035 2405/2731
f 2407/2743 2519/3031 2796/3034 2652/2744
f 2518/3033 2334/2649 2477/2709 2797/3036
f 2797/3036 2477/2709 2333/2703 2516/3037
f 2653/2738 2797/3036 2516/3037 2404/2722
f 2406/2737 2518/3033 2797/3036 2653/2738
f 2798/3038 2517/3035 2326/2707 2469/2706
f 2514/3039 2798/3038 2469/2706 2325/2699
f 2402/2713 2654/2732 2798/3038 2514/3039
f 2654/2732 2405/2731 2517/3035 2798/3038
f 2516/3037 2333/2703 2476/2702 2799/3040
f 2799/3040 2476/2702 2332/2695 2627/3009
f 2655/2723 2799/3040 2627/3009 2403/2725
f 2404/2722 2516/3037 2799/3040 2655/2723
f 2800/3041 2514/3039 2325/2699 2468/2698
f 2625/3013 2800/3041 2468/2698 2324/2691
f 2401/2716 2656/2714 2800/3041 2625/3013
f 2656/2714 2402/2713 2514/3039 2800/3041
f 2801/3042 2674/3043 2386/2954 2610/2953
f 2801/3042 2610/2953 2387/2949 2673/3044
f 2419/3045 2658/3046 2801/3042 2673/3044
f 2658/3046 2418/3047 2674/3043 2801/3042
f 2676/3048 2394/2980 2618/2987 2802/3049
f 2802/3049 2618/2987 2392/2988 2675/3050
f 2666/3051 2802/3049 2675/3050 2424/3052
f 2426/3053 2676/3048 2802/3049 2666/3051
f 2803/3054 2678/3055 2385/2960 2611/2959
f 2677/3056 2803/3054 2611/2959 2399/2958
f 2659/3057 2803/3054 2677/3056 2431/3058
f 2417/3059 2678/3055 2803/3054 2659/3057
f 2804/3060 2680/3061 2393/2983 2619/2992
f 2679/3062 2804/3060 2619/2992 2391/2991
f 2423/3063 2667/3064 2804/3060 2679/3062
f 2667/3064 2425/3065 2680/3061 2804/3060
f 2682/3066 2400/2948 2612/2963 2805/3067
f 2805/3067 2612/2963 2398/2964 2681/3068
f 2660/3069 2805/3067 2681/3068 2430/3070
f 2432/3071 2682/3066 2805/3067 2660/3069
f 2675/3050 2392/2988 2620/2995 2806/3072
f 2806/3072 2620/2995 2390/2996 2683/3073
f 2668/3074 2806/3072 2683/3073 2422/3075
f 2424/3052 2675/3050 2806/3072 2668/3074
f 2807/3076 2677/3056 2399/2958 2613/2968
f 2684/3077 2807/3076 2613/2968 2397/2967
f 2429/3078 2661/3079 2807/3076 2684/3077
f 2661/3079 2431/3058 2677/3056 2807/3076
f 2808/3080 2679/3062 2391/2991 2621/3000
f 2685/3081 2808/3080 2621/3000 2389/2999
f 2421/3082 2669/3083 2808/3080 2685/3081
f 2669/3083 2423/3063 2679/3062 2808/3080
f 2681/3068 2398/2964 2614/2971 2809/3084
f 2809/3084 2614/2971 2396/2972 2686/3085
f 2662/3086 2809/3084 2686/3085 2428/3087
f 2430/3070 2681/3068 2809/3084 2662/3086
f 2683/3073 2390/2996 2622/3003 2810/3088
f 2810/3088 2622/3003 2388/3004 2687/3089
f 2670/3090 2810/3088 2687/3089 2420/3091
f 2422/3075 2683/3073 2810/3088 2670/3090
f 2811/3092 2684/3077 2397/2967 2615/2976
f 2688/3093 2811/3092 2615/2976 2395/2975
f 2427/3094 2663/3095 2811/3092 2688/3093
f 2429/3078 2684/3077 2811/3092 2663/3095
f 2812/3096 2685/3081 2389/2999 2623/3006
f 2674/3043 2812/3096 2623/3006 2386/2954
f 2418/3047 2671/3097 2812/3096 2674/3043
f 2671/3097 2421/3082 2685/3081 2812/3096
f 2686/3085 2396/2972 2616/2979 2813/3098
f 2813/3098 2616/2979 2394/2980 2676/3048
f 2664/3099 2813/3098 2676/3048 2426/3053
f 2428/3087 2686/3085 2813/3098 2664/3099
f 2814/3100 2673/3044 2387/2949 2609/2950
f 2814/3101 2609/2947 2400/2948 2682/3066
f 2432/3071 2657/3102 2814/3101 2682/3066
f 2657/3103 2419/3045 2673/3044 2814/3100
f 2815/3104 2687/3089 2388/3004 2624/3008
f 2678/3055 2815/3104 2624/3008 2385/2960
f 2672/3105 2815/3104 2678/3055 2417/3059
f 2420/3091 2687/3089 2815/3104 2672/3105
f 2816/3106 2688/3093 2395/2975 2617/2984
f 2680/3061 2816/3106 2617/2984 2393/2983
f 2425/3065 2665/3107 2816/3106 2680/3061
f 2665/3107 2427/3094 2688/3093 2816/3106
f 2823/3108 2455/2605 2695/2611 2839/3109
f 2848/3110 2832/3111 2464/2641 2704/2645
f 2834/3112 2690/2587 2452/2591 2820/3113
f 2843/3114 2699/2627 2461/2629 2829/3115
f 2835/3116 2821/3117 2453/2595 2691/2594
f 2844/3118 2828/3119 2460/2625 2700/2631
f 2839/3109 2695/2611 2457/2613 2825/3120
f 2819/3121 2848/3110 2704/2645 2451/2588
f 2824/3122 2456/2609 2696/2615 2840/3123
f 2835/3116 2691/2594 2454/2597 2822/3124
f 2830/3125 2844/3118 2700/2631 2462/2633
f 2836/3126 2818/3127 2450/2585 2692/2599
f 2829/3115 2461/2629 2701/2635 2845/3128
f 2840/3123 2696/2615 2458/2617 2826/3129
f 2825/3120 2457/2613 2697/2619 2841/3130
f 2821/3117 2836/3131 2692/2601 2453/2595
f 2845/3128 2701/2635 2463/2637 2831/3132
f 2820/3113 2452/2591 2693/2603 2837/3133
f 2846/3134 2830/3125 2462/2633 2702/2639
f 2841/3130 2697/2619 2459/2621 2827/3135
f 2833/3136 2817/3137 2449/2583 2689/2582
f 2842/3138 2826/3129 2458/2617 2698/2623
f 2837/3133 2693/2603 2455/2605 2823/3108
f 2832/3111 2846/3134 2702/2639 2464/2641
f 2838/3139 2822/3124 2454/2597 2694/2607
f 2847/3140 2831/3132 2463/2637 2703/2643
f 2818/3127 2833/3136 2689/2582 2450/2585
f 2828/3119 2842/3138 2698/2623 2460/2625
f 2834/3112 2819/3121 2451/2588 2690/2587
f 2827/3135 2459/2621 2699/2627 2843/3114
f 2838/3139 2694/2607 2456/2609 2824/3122
f 2817/3137 2847/3140 2703/2643 2449/2583
f 2989/3141 2880/3142 2941/3143 3041/3144
f 2877/3145 2989/3146 3041/3147 2970/3148
f 2970/3148 3041/3147 2942/3149 2863/3150
f 3041/3144 2941/3143 2864/3151 2942/3152
f 2988/3153 2879/3154 2928/3155 3042/3156
f 2880/3142 2988/3153 3042/3156 2941/3143
f 2941/3143 3042/3156 2943/3157 2864/3151
f 3042/3156 2928/3155 2851/3158 2943/3157
f 3043/3159 2987/3160 2878/3161 2926/3162
f 2969/3163 2876/3164 2987/3160 3043/3159
f 2862/3165 2969/3163 3043/3159 2944/3166
f 2944/3166 3043/3159 2926/3162 2849/3167
f 2986/3168 2877/3145 2970/3148 3044/3169
f 2875/3170 2986/3168 3044/3169 2968/3171
f 2968/3171 3044/3169 2945/3172 2861/3173
f 3044/3169 2970/3148 2863/3150 2945/3172
f 3045/3174 2985/3175 2876/3164 2969/3163
f 2967/3176 2874/3177 2985/3175 3045/3174
f 2860/3178 2967/3176 3045/3174 2946/3179
f 2946/3179 3045/3174 2969/3163 2862/3165
f 2984/3180 2875/3170 2968/3171 3046/3181
f 2873/3182 2984/3180 3046/3181 2966/3183
f 2966/3183 3046/3181 2947/3184 2859/3185
f 3046/3181 2968/3171 2861/3173 2947/3184
f 3047/3186 2983/3187 2874/3177 2967/3176
f 2965/3188 2872/3189 2983/3187 3047/3186
f 2858/3190 2965/3188 3047/3186 2948/3191
f 2948/3191 3047/3186 2967/3176 2860/3178
f 2982/3192 2873/3182 2966/3183 3048/3193
f 2871/3194 2982/3192 3048/3193 2964/3195
f 2964/3195 3048/3193 2949/3196 2857/3197
f 3048/3193 2966/3183 2859/3185 2949/3196
f 3049/3198 2981/3199 2872/3189 2965/3188
f 2963/3200 2870/3201 2981/3199 3049/3198
f 2856/3202 2963/3200 3049/3198 2950/3203
f 2950/3203 3049/3198 2965/3188 2858/3190
f 2980/3204 2871/3194 2964/3195 3050/3205
f 2869/3206 2980/3204 3050/3205 2962/3207
f 2962/3207 3050/3205 2951/3208 2855/3209
f 3050/3205 2964/3195 2857/3197 2951/3208
f 3051/3210 2979/3211 2870/3201 2963/3200
f 2961/3212 2868/3213 2979/3211 3051/3210
f 2854/3214 2961/3212 3051/3210 2952/3215
f 2952/3215 3051/3210 2963/3200 2856/3202
f 2978/3216 2869/3206 2962/3207 3052/3217
f 2867/3218 2978/3216 3052/3217 2960/3219
f 2960/3219 3052/3217 2953/3220 2853/3221
f 3052/3217 2962/3207 2855/3209 2953/3220
f 3053/3222 2977/3223 2868/3213 2961/3212
f 2959/3224 2866/3225 2977/3223 3053/3222
f 2852/3226 2959/3224 3053/3222 2954/3227
f 2954/3227 3053/3222 2961/3212 2854/3214
f 2976/3228 2867/3218 2960/3219 3054/3229
f 2865/3230 2976/3228 3054/3229 2958/3231
f 2958/3231 3054/3229 2955/3232 2850/3233
f 3054/3229 2960/3219 2853/3221 2955/3232
f 3055/3234 2975/3235 2866/3225 2959/3224
f 2879/3154 2975/3235 3055/3234 2928/3155
f 2928/3155 3055/3234 2956/3236 2851/3158
f 3055/3234 2959/3224 2852/3226 2956/3236
f 3056/3237 2974/3238 2865/3230 2958/3231
f 2926/3162 2878/3161 2974/3238 3056/3237
f 2849/3167 2926/3162 3056/3237 2957/3239
f 2957/3239 3056/3237 2958/3231 2850/3233
f 2878/3161 2971/3240 3057/3241 2974/3238
f 2974/3238 3057/3241 2913/3242 2865/3230
f 2972/3243 3058/3244 2975/3235 2879/3154
f 3058/3244 2914/3245 2866/3225 2975/3235
f 2913/3242 3059/3246 2976/3228 2865/3230
f 3059/3246 2915/3247 2867/3218 2976/3228
f 2914/3245 3060/3248 2977/3223 2866/3225
f 3060/3248 2916/3249 2868/3213 2977/3223
f 2915/3247 3061/3250 2978/3216 2867/3218
f 3061/3250 2917/3251 2869/3206 2978/3216
f 2868/3213 2916/3249 3062/3252 2979/3211
f 2979/3211 3062/3252 2918/3253 2870/3201
f 2917/3251 3063/3254 2980/3204 2869/3206
f 3063/3254 2919/3255 2871/3194 2980/3204
f 2870/3201 2918/3253 3064/3256 2981/3199
f 2981/3199 3064/3256 2920/3257 2872/3189
f 2919/3255 3065/3258 2982/3192 2871/3194
f 3065/3258 2921/3259 2873/3182 2982/3192
f 2872/3189 2920/3257 3066/3260 2983/3187
f 2983/3187 3066/3260 2922/3261 2874/3177
f 2921/3259 3067/3262 2984/3180 2873/3182
f 3067/3262 2923/3263 2875/3170 2984/3180
f 2874/3177 2922/3261 3068/3264 2985/3175
f 2985/3175 3068/3264 2924/3265 2876/3164
f 2923/3263 3069/3266 2986/3168 2875/3170
f 3069/3266 2925/3267 2877/3145 2986/3168
f 2876/3164 2924/3265 3070/3268 2987/3160
f 2987/3160 3070/3268 2971/3240 2878/3161
f 2973/3269 3071/3270 2988/3153 2880/3142
f 3071/3270 2972/3243 2879/3154 2988/3153
f 2925/3267 3072/3271 2989/3146 2877/3145
f 3072/3272 2973/3269 2880/3142 2989/3141
f 2942/3152 2864/3151 2992/3273 3073/3274
f 2863/3150 2942/3149 3073/3275 2940/3276
f 2940/3276 3073/3275 2993/3277 2896/3278
f 3073/3274 2992/3273 2883/3279 2993/3280
f 2943/3157 2851/3158 2991/3281 3074/3282
f 2864/3151 2943/3157 3074/3282 2992/3273
f 2992/3273 3074/3282 2994/3283 2883/3279
f 3074/3282 2991/3281 2882/3284 2994/3283
f 3075/3285 2944/3166 2849/3167 2990/3286
f 2939/3287 2862/3165 2944/3166 3075/3285
f 2895/3288 2939/3287 3075/3285 2995/3289
f 2995/3289 3075/3285 2990/3286 2881/3290
f 2945/3172 2863/3150 2940/3276 3076/3291
f 2861/3173 2945/3172 3076/3291 2938/3292
f 2938/3292 3076/3291 2996/3293 2894/3294
f 3076/3291 2940/3276 2896/3278 2996/3293
f 3077/3295 2946/3179 2862/3165 2939/3287
f 2937/3296 2860/3178 2946/3179 3077/3295
f 2893/3297 2937/3296 3077/3295 2997/3298
f 2997/3298 3077/3295 2939/3287 2895/3288
f 2947/3184 2861/3173 2938/3292 3078/3299
f 2859/3185 2947/3184 3078/3299 2936/3300
f 2936/3300 3078/3299 2998/3301 2892/3302
f 3078/3299 2938/3292 2894/3294 2998/3301
f 3079/3303 2948/3191 2860/3178 2937/3296
f 2935/3304 2858/3190 2948/3191 3079/3303
f 2891/3305 2935/3304 3079/3303 2999/3306
f 2999/3306 3079/3303 2937/3296 2893/3297
f 2949/3196 2859/3185 2936/3300 3080/3307
f 2857/3197 2949/3196 3080/3307 2934/3308
f 2934/3308 3080/3307 3000/3309 2890/3310
f 3080/3307 2936/3300 2892/3302 3000/3309
f 3081/3311 2950/3203 2858/3190 2935/3304
f 2933/3312 2856/3202 2950/3203 3081/3311
f 2889/3313 2933/3312 3081/3311 3001/3314
f 3001/3314 3081/3311 2935/3304 2891/3305
f 2951/3208 2857/3197 2934/3308 3082/3315
f 2855/3209 2951/3208 3082/3315 2932/3316
f 2932/3316 3082/3315 3002/3317 2888/3318
f 3082/3315 2934/3308 2890/3310 3002/3317
f 3083/3319 2952/3215 2856/3202 2933/3312
f 2931/3320 2854/3214 2952/3215 3083/3319
f 2887/3321 2931/3320 3083/3319 3003/3322
f 3003/3322 3083/3319 2933/3312 2889/3313
f 2953/3220 2855/3209 2932/3316 3084/3323
f 2853/3221 2953/3220 3084/3323 2930/3324
f 2930/3324 3084/3323 3004/3325 2886/3326
f 3084/3323 2932/3316 2888/3318 3004/3325
f 3085/3327 2954/3227 2854/3214 2931/3320
f 2929/3328 2852/3226 2954/3227 3085/3327
f 2885/3329 2929/3328 3085/3327 3005/3330
f 3005/3330 3085/3327 2931/3320 2887/3321
f 2955/3232 2853/3221 2930/3324 3086/3331
f 2850/3233 2955/3232 3086/3331 2927/3332
f 2927/3332 3086/3331 3006/3333 2884/3334
f 3086/3331 2930/3324 2886/3326 3006/3333
f 3087/3335 2956/3236 2852/3226 2929/3328
f 2851/3158 2956/3236 3087/3335 2991/3281
f 2882/3284 2991/3281 3087/3335 3007/3336
f 3007/3336 3087/3335 2929/3328 2885/3329
f 3088/3337 2957/3239 2850/3233 2927/3332
f 2990/3286 2849/3167 2957/3239 3088/3337
f 2881/3290 2990/3286 3088/3337 3008/3338
f 3008/3338 3088/3337 2927/3332 2884/3334
f 2994/3283 2882/3284 3026/3339 3089/3340
f 2883/3279 2994/3283 3089/3340 3025/3341
f 2899/3342 3025/3341 3089/3340 3010/3343
f 3010/3343 3089/3340 3026/3339 2898/3344
f 3002/3317 2890/3310 3028/3345 3090/3346
f 2888/3318 3002/3317 3090/3346 3027/3347
f 3027/3347 3090/3346 3018/3348 2904/3349
f 3090/3346 3028/3345 2906/3350 3018/3348
f 3091/3351 2995/3289 2881/3290 3030/3352
f 3029/3353 2895/3288 2995/3289 3091/3351
f 3029/3353 3091/3351 3011/3354 2911/3355
f 3091/3351 3030/3352 2897/3356 3011/3354
f 3092/3357 3003/3322 2889/3313 3032/3358
f 3031/3359 2887/3321 3003/3322 3092/3357
f 2903/3360 3031/3359 3092/3357 3019/3361
f 3019/3361 3092/3357 3032/3358 2905/3362
f 2996/3293 2896/3278 3034/3363 3093/3364
f 2894/3294 2996/3293 3093/3364 3033/3365
f 3033/3365 3093/3364 3012/3366 2910/3367
f 3093/3364 3034/3363 2912/3368 3012/3366
f 3004/3325 2888/3318 3027/3347 3094/3369
f 2886/3326 3004/3325 3094/3369 3035/3370
f 3035/3370 3094/3369 3020/3371 2902/3372
f 3094/3369 3027/3347 2904/3349 3020/3371
f 3095/3373 2997/3298 2895/3288 3029/3353
f 3036/3374 2893/3297 2997/3298 3095/3373
f 2909/3375 3036/3374 3095/3373 3013/3376
f 3013/3376 3095/3373 3029/3353 2911/3355
f 3096/3377 3005/3330 2887/3321 3031/3359
f 3037/3378 2885/3329 3005/3330 3096/3377
f 2901/3379 3037/3378 3096/3377 3021/3380
f 3021/3380 3096/3377 3031/3359 2903/3360
f 2998/3301 2894/3294 3033/3365 3097/3381
f 2892/3302 2998/3301 3097/3381 3038/3382
f 3038/3382 3097/3381 3014/3383 2908/3384
f 3097/3381 3033/3365 2910/3367 3014/3383
f 3006/3333 2886/3326 3035/3370 3098/3385
f 2884/3334 3006/3333 3098/3385 3039/3386
f 3039/3386 3098/3385 3022/3387 2900/3388
f 3098/3385 3035/3370 2902/3372 3022/3387
f 3099/3389 2999/3306 2893/3297 3036/3374
f 3040/3390 2891/3305 2999/3306 3099/3389
f 2907/3391 3040/3390 3099/3389 3015/3392
f 3099/3389 3036/3374 2909/3375 3015/3392
f 3100/3393 3007/3336 2885/3329 3037/3378
f 3026/3339 2882/3284 3007/3336 3100/3393
f 2898/3344 3026/3339 3100/3393 3023/3394
f 3023/3394 3100/3393 3037/3378 2901/3379
f 3000/3309 2892/3302 3038/3382 3101/3395
f 2890/3310 3000/3309 3101/3395 3028/3345
f 3028/3345 3101/3395 3016/3396 2906/3350
f 3101/3395 3038/3382 2908/3384 3016/3396
f 3102/3397 2993/3280 2883/3279 3025/3341
f 2896/3278 2993/3277 3102/3398 3034/3363
f 2912/3368 3034/3363 3102/3398 3009/3399
f 3009/3400 3102/3397 3025/3341 2899/3342
f 3103/3401 3008/3338 2884/3334 3039/3386
f 3030/3352 2881/3290 3008/3338 3103/3401
f 2897/3356 3030/3352 3103/3401 3024/3402
f 3103/3401 3039/3386 2900/3388 3024/3402
f 3104/3403 3001/3314 2891/3305 3040/3390
f 3032/3358 2889/3313 3001/3314 3104/3403
f 2905/3362 3032/3358 3104/3403 3017/3404
f 3017/3404 3104/3403 3040/3390 2907/3391
f 2906/3350 2426/3053 2666/3051 3018/3348
f 2667/3064 2423/3063 2903/3360 3019/3361
f 2425/3065 2667/3064 3019/3361 2905/3362
f 3020/3371 2668/3074 2422/3075 2902/3372
f 2424/3052 2668/3074 3020/3371 2904/3349
f 3021/3380 2669/3083 2421/3082 2901/3379
f 2903/3360 2423/3063 2669/3083 3021/3380
f 3022/3387 2670/3090 2420/3091 2900/3388
f 2657/3102 2432/3071 2912/3368 3009/3399
f 2902/3372 2422/3075 2670/3090 3022/3387
f 2419/3045 2657/3103 3009/3400 2899/3342
f 2671/3097 2418/3047 2898/3344 3023/3394
f 3010/3343 2658/3046 2419/3045 2899/3342
f 2421/3082 2671/3097 3023/3394 2901/3379
f 2898/3344 2418/3047 2658/3046 3010/3343
f 3024/3402 2672/3105 2417/3059 2897/3356
f 3011/3354 2659/3057 2431/3058 2911/3355
f 2900/3388 2420/3091 2672/3105 3024/3402
f 2897/3356 2417/3059 2659/3057 3011/3354
f 3012/3366 2660/3069 2430/3070 2910/3367
f 2912/3368 2432/3071 2660/3069 3012/3366
f 2661/3079 2429/3078 2909/3375 3013/3376
f 2431/3058 2661/3079 3013/3376 2911/3355
f 3014/3383 2662/3086 2428/3087 2908/3384
f 2910/3367 2430/3070 2662/3086 3014/3383
f 2663/3095 2427/3094 2907/3391 3015/3392
f 2429/3078 2663/3095 3015/3392 2909/3375
f 3016/3396 2664/3099 2426/3053 2906/3350
f 2908/3384 2428/3087 2664/3099 3016/3396
f 2665/3107 2425/3065 2905/3362 3017/3404
f 2427/3094 2665/3107 3017/3404 2907/3391
f 2666/3051 2424/3052 2904/3349 3018/3348
f 3119/3405 3249/3406 3489/3407 3247/3408
f 3247/3408 3489/3407 3250/3409 3120/3410
f 3251/3411 3490/3412 3240/3413 3112/3414
f 3490/3412 3252/3415 3113/3416 3240/3413
f 3105/3417 3253/3418 3491/3419 3233/3420
f 3233/3420 3491/3419 3254/3421 3106/3422
f 3120/3410 3250/3409 3492/3423 3248/3424
f 3248/3425 3492/3426 3253/3418 3105/3417
f 3252/3415 3493/3427 3241/3428 3113/3416
f 3493/3427 3255/3429 3114/3430 3241/3428
f 3106/3422 3254/3421 3494/3431 3234/3432
f 3234/3432 3494/3431 3256/3433 3107/3434
f 3255/3429 3495/3435 3242/3436 3114/3430
f 3495/3435 3257/3437 3115/3438 3242/3436
f 3107/3434 3256/3433 3496/3439 3235/3440
f 3235/3440 3496/3439 3258/3441 3108/3442
f 3257/3437 3497/3443 3243/3444 3115/3438
f 3497/3443 3259/3445 3116/3446 3243/3444
f 3108/3442 3258/3441 3498/3447 3236/3448
f 3236/3448 3498/3447 3260/3449 3109/3450
f 3259/3445 3499/3451 3244/3452 3116/3446
f 3499/3451 3261/3453 3117/3454 3244/3452
f 3260/3449 3500/3455 3237/3456 3109/3450
f 3500/3455 3262/3457 3110/3458 3237/3456
f 3261/3453 3501/3459 3245/3460 3117/3454
f 3245/3460 3501/3459 3263/3461 3118/3462
f 3262/3457 3502/3463 3238/3464 3110/3458
f 3502/3463 3264/3465 3111/3466 3238/3464
f 3118/3462 3263/3461 3503/3467 3246/3468
f 3246/3468 3503/3467 3249/3406 3119/3405
f 3264/3465 3504/3469 3239/3470 3111/3466
f 3504/3469 3251/3411 3112/3414 3239/3470
f 3505/3471 3246/3468 3119/3405 3282/3472
f 3281/3473 3118/3462 3246/3468 3505/3471
f 3134/3474 3281/3473 3505/3471 3278/3475
f 3278/3475 3505/3471 3282/3472 3135/3476
f 3239/3470 3112/3414 3284/3477 3506/3478
f 3111/3466 3239/3470 3506/3478 3283/3479
f 3283/3479 3506/3478 3271/3480 3127/3481
f 3506/3478 3284/3477 3128/3482 3271/3480
f 3507/3483 3247/3408 3120/3410 3285/3484
f 3282/3472 3119/3405 3247/3408 3507/3483
f 3135/3476 3282/3472 3507/3483 3279/3485
f 3279/3485 3507/3483 3285/3484 3136/3486
f 3240/3413 3113/3416 3286/3487 3508/3488
f 3112/3414 3240/3413 3508/3488 3284/3477
f 3284/3477 3508/3488 3272/3489 3128/3482
f 3508/3488 3286/3487 3129/3490 3272/3489
f 3509/3491 3233/3420 3106/3422 3288/3492
f 3287/3493 3105/3417 3233/3420 3509/3491
f 3121/3494 3287/3493 3509/3491 3265/3495
f 3265/3495 3509/3491 3288/3492 3122/3496
f 3510/3497 3248/3425 3105/3417 3287/3493
f 3285/3484 3120/3410 3248/3424 3510/3498
f 3136/3486 3285/3484 3510/3498 3280/3499
f 3280/3500 3510/3497 3287/3493 3121/3494
f 3241/3428 3114/3430 3289/3501 3511/3502
f 3113/3416 3241/3428 3511/3502 3286/3487
f 3286/3487 3511/3502 3273/3503 3129/3490
f 3511/3502 3289/3501 3130/3504 3273/3503
f 3512/3505 3234/3432 3107/3434 3290/3506
f 3288/3492 3106/3422 3234/3432 3512/3505
f 3122/3496 3288/3492 3512/3505 3266/3507
f 3266/3507 3512/3505 3290/3506 3123/3508
f 3242/3436 3115/3438 3291/3509 3513/3510
f 3114/3430 3242/3436 3513/3510 3289/3501
f 3289/3501 3513/3510 3274/3511 3130/3504
f 3513/3510 3291/3509 3131/3512 3274/3511
f 3514/3513 3235/3440 3108/3442 3292/3514
f 3290/3506 3107/3434 3235/3440 3514/3513
f 3123/3508 3290/3506 3514/3513 3267/3515
f 3267/3515 3514/3513 3292/3514 3124/3516
f 3243/3444 3116/3446 3293/3517 3515/3518
f 3115/3438 3243/3444 3515/3518 3291/3509
f 3291/3509 3515/3518 3275/3519 3131/3512
f 3515/3518 3293/3517 3132/3520 3275/3519
f 3516/3521 3236/3448 3109/3450 3294/3522
f 3292/3514 3108/3442 3236/3448 3516/3521
f 3124/3516 3292/3514 3516/3521 3268/3523
f 3268/3523 3516/3521 3294/3522 3125/3524
f 3244/3452 3117/3454 3295/3525 3517/3526
f 3116/3446 3244/3452 3517/3526 3293/3517
f 3293/3517 3517/3526 3276/3527 3132/3520
f 3517/3526 3295/3525 3133/3528 3276/3527
f 3237/3456 3110/3458 3296/3529 3518/3530
f 3109/3450 3237/3456 3518/3530 3294/3522
f 3125/3524 3294/3522 3518/3530 3269/3531
f 3518/3530 3296/3529 3126/3532 3269/3531
f 3519/3533 3245/3460 3118/3462 3281/3473
f 3295/3525 3117/3454 3245/3460 3519/3533
f 3295/3525 3519/3533 3277/3534 3133/3528
f 3277/3534 3519/3533 3281/3473 3134/3474
f 3238/3464 3111/3466 3283/3479 3520/3535
f 3110/3458 3238/3464 3520/3535 3296/3529
f 3296/3529 3520/3535 3270/3536 3126/3532
f 3520/3535 3283/3479 3127/3481 3270/3536
f 3456/3537 3202/3538 3426/3539 3521/3540
f 3201/3541 3456/3537 3521/3540 3313/3542
f 3313/3542 3521/3540 3300/3543 3140/3544
f 3521/3540 3426/3539 3141/3545 3300/3543
f 3455/3546 3204/3547 3428/3548 3522/3549
f 3203/3550 3455/3546 3522/3549 3315/3551
f 3315/3551 3522/3549 3308/3552 3148/3553
f 3522/3549 3428/3548 3149/3554 3308/3552
f 3454/3555 3205/3556 3429/3557 3523/3558
f 3202/3538 3454/3555 3523/3558 3426/3539
f 3426/3539 3523/3558 3301/3559 3141/3545
f 3523/3558 3429/3557 3142/3560 3301/3559
f 3453/3561 3206/3562 3430/3563 3524/3564
f 3204/3547 3453/3561 3524/3564 3428/3548
f 3428/3548 3524/3564 3309/3565 3149/3554
f 3524/3564 3430/3563 3150/3566 3309/3565
f 3452/3567 3207/3568 3431/3569 3525/3570
f 3205/3556 3452/3567 3525/3570 3429/3557
f 3429/3557 3525/3570 3302/3571 3142/3560
f 3525/3570 3431/3569 3143/3572 3302/3571
f 3451/3573 3208/3574 3432/3575 3526/3576
f 3206/3562 3451/3573 3526/3576 3430/3563
f 3430/3563 3526/3576 3310/3577 3150/3566
f 3526/3576 3432/3575 3151/3578 3310/3577
f 3450/3579 3209/3580 3433/3581 3527/3582
f 3207/3568 3450/3579 3527/3582 3431/3569
f 3431/3569 3527/3582 3303/3583 3143/3572
f 3527/3582 3433/3581 3144/3584 3303/3583
f 3449/3585 3210/3586 3434/3587 3528/3588
f 3208/3574 3449/3585 3528/3588 3432/3575
f 3432/3575 3528/3588 3311/3589 3151/3578
f 3528/3588 3434/3587 3152/3590 3311/3589
f 3448/3591 3211/3592 3435/3593 3529/3594
f 3209/3580 3448/3591 3529/3594 3433/3581
f 3433/3581 3529/3594 3304/3595 3144/3584
f 3529/3594 3435/3593 3145/3596 3304/3595
f 3447/3597 3213/3598 3437/3599 3530/3600
f 3212/3601 3447/3597 3530/3600 3324/3602
f 3324/3602 3530/3600 3297/3603 3137/3604
f 3530/3600 3437/3599 3138/3605 3297/3603
f 3446/3606 3212/3601 3324/3602 3531/3607
f 3210/3586 3446/3608 3531/3609 3434/3587
f 3434/3587 3531/3609 3312/3610 3152/3590
f 3531/3607 3324/3602 3137/3604 3312/3611
f 3445/3612 3214/3613 3438/3614 3532/3615
f 3211/3592 3445/3612 3532/3615 3435/3593
f 3435/3593 3532/3615 3305/3616 3145/3596
f 3532/3615 3438/3614 3146/3617 3305/3616
f 3444/3618 3215/3619 3439/3620 3533/3621
f 3213/3598 3444/3618 3533/3621 3437/3599
f 3437/3599 3533/3621 3298/3622 3138/3605
f 3533/3621 3439/3620 3139/3623 3298/3622
f 3443/3624 3216/3625 3440/3626 3534/3627
f 3214/3613 3443/3624 3534/3627 3438/3614
f 3438/3614 3534/3627 3306/3628 3146/3617
f 3534/3627 3440/3626 3147/3629 3306/3628
f 3442/3630 3201/3541 3313/3542 3535/3631
f 3215/3619 3442/3630 3535/3631 3439/3620
f 3439/3620 3535/3631 3299/3632 3139/3623
f 3535/3631 3313/3542 3140/3544 3299/3632
f 3441/3633 3203/3550 3315/3551 3536/3634
f 3216/3625 3441/3633 3536/3634 3440/3626
f 3440/3626 3536/3634 3307/3635 3147/3629
f 3536/3634 3315/3551 3148/3553 3307/3635
f 3405/3636 3184/3637 3357/3638 3537/3639
f 3181/3640 3405/3641 3537/3642 3386/3643
f 3386/3643 3537/3642 3358/3644 3167/3645
f 3537/3639 3357/3638 3168/3646 3358/3647
f 3404/3648 3183/3649 3344/3650 3538/3651
f 3184/3637 3404/3648 3538/3651 3357/3638
f 3357/3638 3538/3651 3359/3652 3168/3646
f 3538/3651 3344/3650 3155/3653 3359/3652
f 3539/3654 3403/3655 3182/3656 3342/3657
f 3385/3658 3180/3659 3403/3655 3539/3654
f 3166/3660 3385/3658 3539/3654 3360/3661
f 3360/3661 3539/3654 3342/3657 3153/3662
f 3402/3663 3181/3640 3386/3643 3540/3664
f 3179/3665 3402/3663 3540/3664 3384/3666
f 3384/3666 3540/3664 3361/3667 3165/3668
f 3540/3664 3386/3643 3167/3645 3361/3667
f 3541/3669 3401/3670 3180/3659 3385/3658
f 3383/3671 3178/3672 3401/3670 3541/3669
f 3164/3673 3383/3671 3541/3669 3362/3674
f 3362/3674 3541/3669 3385/3658 3166/3660
f 3400/3675 3179/3665 3384/3666 3542/3676
f 3177/3677 3400/3675 3542/3676 3382/3678
f 3382/3678 3542/3676 3363/3679 3163/3680
f 3542/3676 3384/3666 3165/3668 3363/3679
f 3543/3681 3399/3682 3178/3672 3383/3671
f 3381/3683 3176/3684 3399/3682 3543/3681
f 3162/3685 3381/3683 3543/3681 3364/3686
f 3364/3686 3543/3681 3383/3671 3164/3673
f 3398/3687 3177/3677 3382/3678 3544/3688
f 3175/3689 3398/3687 3544/3688 3380/3690
f 3380/3690 3544/3688 3365/3691 3161/3692
f 3544/3688 3382/3678 3163/3680 3365/3691
f 3545/3693 3397/3694 3176/3684 3381/3683
f 3379/3695 3174/3696 3397/3694 3545/3693
f 3160/3697 3379/3695 3545/3693 3366/3698
f 3366/3698 3545/3693 3381/3683 3162/3685
f 3396/3699 3175/3689 3380/3690 3546/3700
f 3173/3701 3396/3699 3546/3700 3378/3702
f 3378/3702 3546/3700 3367/3703 3159/3704
f 3546/3700 3380/3690 3161/3692 3367/3703
f 3547/3705 3395/3706 3174/3696 3379/3695
f 3377/3707 3172/3708 3395/3706 3547/3705
f 3158/3709 3377/3707 3547/3705 3368/3710
f 3368/3710 3547/3705 3379/3695 3160/3697
f 3394/3711 3173/3701 3378/3702 3548/3712
f 3171/3713 3394/3711 3548/3712 3376/3714
f 3376/3714 3548/3712 3369/3715 3157/3716
f 3548/3712 3378/3702 3159/3704 3369/3715
f 3549/3717 3393/3718 3172/3708 3377/3707
f 3375/3719 3170/3720 3393/3718 3549/3717
f 3156/3721 3375/3719 3549/3717 3370/3722
f 3370/3722 3549/3717 3377/3707 3158/3709
f 3392/3723 3171/3713 3376/3714 3550/3724
f 3169/3725 3392/3723 3550/3724 3374/3726
f 3374/3726 3550/3724 3371/3727 3154/3728
f 3550/3724 3376/3714 3157/3716 3371/3727
f 3391/3729 3170/3720 3375/3719 3551/3730
f 3183/3649 3391/3729 3551/3730 3344/3650
f 3344/3650 3551/3730 3372/3731 3155/3653
f 3551/3730 3375/3719 3156/3721 3372/3731
f 3552/3732 3390/3733 3169/3725 3374/3726
f 3342/3657 3182/3656 3390/3733 3552/3732
f 3153/3662 3342/3657 3552/3732 3373/3734
f 3373/3734 3552/3732 3374/3726 3154/3728
f 3553/3735 3305/3616 3146/3617 3329/3736
f 3387/3737 3145/3596 3305/3616 3553/3735
f 3182/3656 3387/3737 3553/3735 3390/3733
f 3390/3733 3553/3735 3329/3736 3169/3725
f 3298/3622 3139/3623 3330/3738 3554/3739
f 3138/3605 3298/3622 3554/3739 3388/3740
f 3388/3740 3554/3739 3391/3729 3183/3649
f 3554/3739 3330/3738 3170/3720 3391/3729
f 3306/3628 3147/3629 3331/3741 3555/3742
f 3146/3617 3306/3628 3555/3742 3329/3736
f 3329/3736 3555/3742 3392/3723 3169/3725
f 3555/3742 3331/3741 3171/3713 3392/3723
f 3299/3632 3140/3544 3332/3743 3556/3744
f 3139/3623 3299/3632 3556/3744 3330/3738
f 3330/3738 3556/3744 3393/3718 3170/3720
f 3556/3744 3332/3743 3172/3708 3393/3718
f 3307/3635 3148/3553 3333/3745 3557/3746
f 3147/3629 3307/3635 3557/3746 3331/3741
f 3331/3741 3557/3746 3394/3711 3171/3713
f 3557/3746 3333/3745 3173/3701 3394/3711
f 3558/3747 3300/3543 3141/3545 3334/3748
f 3140/3544 3300/3543 3558/3747 3332/3743
f 3172/3708 3332/3743 3558/3747 3395/3706
f 3395/3706 3558/3747 3334/3748 3174/3696
f 3308/3552 3149/3554 3335/3749 3559/3750
f 3148/3553 3308/3552 3559/3750 3333/3745
f 3333/3745 3559/3750 3396/3699 3173/3701
f 3559/3750 3335/3749 3175/3689 3396/3699
f 3560/3751 3301/3559 3142/3560 3336/3752
f 3334/3748 3141/3545 3301/3559 3560/3751
f 3174/3696 3334/3748 3560/3751 3397/3694
f 3397/3694 3560/3751 3336/3752 3176/3684
f 3309/3565 3150/3566 3337/3753 3561/3754
f 3149/3554 3309/3565 3561/3754 3335/3749
f 3335/3749 3561/3754 3398/3687 3175/3689
f 3561/3754 3337/3753 3177/3677 3398/3687
f 3562/3755 3302/3571 3143/3572 3338/3756
f 3336/3752 3142/3560 3302/3571 3562/3755
f 3176/3684 3336/3752 3562/3755 3399/3682
f 3399/3682 3562/3755 3338/3756 3178/3672
f 3310/3577 3151/3578 3339/3757 3563/3758
f 3150/3566 3310/3577 3563/3758 3337/3753
f 3337/3753 3563/3758 3400/3675 3177/3677
f 3563/3758 3339/3757 3179/3665 3400/3675
f 3564/3759 3303/3583 3144/3584 3340/3760
f 3338/3756 3143/3572 3303/3583 3564/3759
f 3178/3672 3338/3756 3564/3759 3401/3670
f 3401/3670 3564/3759 3340/3760 3180/3659
f 3311/3589 3152/3590 3341/3761 3565/3762
f 3151/3578 3311/3589 3565/3762 3339/3757
f 3339/3757 3565/3762 3402/3663 3179/3665
f 3565/3762 3341/3761 3181/3640 3402/3663
f 3566/3763 3304/3595 3145/3596 3387/3737
f 3340/3760 3144/3584 3304/3595 3566/3763
f 3180/3659 3340/3760 3566/3763 3403/3655
f 3403/3655 3566/3763 3387/3737 3182/3656
f 3297/3603 3138/3605 3388/3740 3567/3764
f 3137/3604 3297/3603 3567/3764 3389/3765
f 3389/3765 3567/3764 3404/3648 3184/3637
f 3567/3764 3388/3740 3183/3649 3404/3648
f 3312/3611 3137/3604 3389/3765 3568/3766
f 3152/3590 3312/3610 3568/3767 3341/3761
f 3341/3761 3568/3767 3405/3641 3181/3640
f 3568/3766 3389/3765 3184/3637 3405/3636
f 3358/3647 3168/3646 3408/3768 3569/3769
f 3167/3645 3358/3644 3569/3770 3356/3771
f 3356/3771 3569/3770 3409/3772 3200/3773
f 3569/3769 3408/3768 3187/3774 3409/3775
f 3359/3652 3155/3653 3407/3776 3570/3777
f 3168/3646 3359/3652 3570/3777 3408/3768
f 3408/3768 3570/3777 3410/3778 3187/3774
f 3570/3777 3407/3776 3186/3779 3410/3778
f 3571/3780 3360/3661 3153/3662 3406/3781
f 3355/3782 3166/3660 3360/3661 3571/3780
f 3199/3783 3355/3782 3571/3780 3411/3784
f 3411/3784 3571/3780 3406/3781 3185/3785
f 3361/3667 3167/3645 3356/3771 3572/3786
f 3165/3668 3361/3667 3572/3786 3354/3787
f 3354/3787 3572/3786 3412/3788 3198/3789
f 3572/3786 3356/3771 3200/3773 3412/3788
f 3573/3790 3362/3674 3166/3660 3355/3782
f 3353/3791 3164/3673 3362/3674 3573/3790
f 3197/3792 3353/3791 3573/3790 3413/3793
f 3413/3793 3573/3790 3355/3782 3199/3783
f 3363/3679 3165/3668 3354/3787 3574/3794
f 3163/3680 3363/3679 3574/3794 3352/3795
f 3352/3795 3574/3794 3414/3796 3196/3797
f 3574/3794 3354/3787 3198/3789 3414/3796
f 3575/3798 3364/3686 3164/3673 3353/3791
f 3351/3799 3162/3685 3364/3686 3575/3798
f 3195/3800 3351/3799 3575/3798 3415/3801
f 3415/3801 3575/3798 3353/3791 3197/3792
f 3365/3691 3163/3680 3352/3795 3576/3802
f 3161/3692 3365/3691 3576/3802 3350/3803
f 3350/3803 3576/3802 3416/3804 3194/3805
f 3576/3802 3352/3795 3196/3797 3416/3804
f 3577/3806 3366/3698 3162/3685 3351/3799
f 3349/3807 3160/3697 3366/3698 3577/3806
f 3193/3808 3349/3807 3577/3806 3417/3809
f 3417/3809 3577/3806 3351/3799 3195/3800
f 3367/3703 3161/3692 3350/3803 3578/3810
f 3159/3704 3367/3703 3578/3810 3348/3811
f 3348/3811 3578/3810 3418/3812 3192/3813
f 3578/3810 3350/3803 3194/3805 3418/3812
f 3579/3814 3368/3710 3160/3697 3349/3807
f 3347/3815 3158/3709 3368/3710 3579/3814
f 3191/3816 3347/3815 3579/3814 3419/3817
f 3419/3817 3579/3814 3349/3807 3193/3808
f 3369/3715 3159/3704 3348/3811 3580/3818
f 3157/3716 3369/3715 3580/3818 3346/3819
f 3346/3819 3580/3818 3420/3820 3190/3821
f 3580/3818 3348/3811 3192/3813 3420/3820
f 3581/3822 3370/3722 3158/3709 3347/3815
f 3345/3823 3156/3721 3370/3722 3581/3822
f 3189/3824 3345/3823 3581/3822 3421/3825
f 3421/3825 3581/3822 3347/3815 3191/3816
f 3371/3727 3157/3716 3346/3819 3582/3826
f 3154/3728 3371/3727 3582/3826 3343/3827
f 3343/3827 3582/3826 3422/3828 3188/3829
f 3582/3826 3346/3819 3190/3821 3422/3828
f 3583/3830 3372/3731 3156/3721 3345/3823
f 3155/3653 3372/3731 3583/3830 3407/3776
f 3186/3779 3407/3776 3583/3830 3423/3831
f 3423/3831 3583/3830 3345/3823 3189/3824
f 3584/3832 3373/3734 3154/3728 3343/3827
f 3406/3781 3153/3662 3373/3734 3584/3832
f 3185/3785 3406/3781 3584/3832 3424/3833
f 3424/3833 3584/3832 3343/3827 3188/3829
f 3275/3519 3132/3520 3427/3834 3585/3835
f 3131/3512 3275/3519 3585/3835 3328/3836
f 3328/3836 3585/3835 3441/3633 3216/3625
f 3585/3835 3427/3834 3203/3550 3441/3633
f 3586/3837 3267/3515 3124/3516 3425/3838
f 3327/3839 3123/3508 3267/3515 3586/3837
f 3215/3619 3327/3839 3586/3837 3442/3630
f 3442/3630 3586/3837 3425/3838 3201/3541
f 3274/3511 3131/3512 3328/3836 3587/3840
f 3130/3504 3274/3511 3587/3840 3326/3841
f 3326/3841 3587/3840 3443/3624 3214/3613
f 3587/3840 3328/3836 3216/3625 3443/3624
f 3588/3842 3266/3507 3123/3508 3327/3839
f 3325/3843 3122/3496 3266/3507 3588/3842
f 3213/3598 3325/3843 3588/3842 3444/3618
f 3444/3618 3588/3842 3327/3839 3215/3619
f 3273/3503 3130/3504 3326/3841 3589/3844
f 3129/3490 3273/3503 3589/3844 3323/3845
f 3323/3845 3589/3844 3445/3612 3211/3592
f 3589/3844 3326/3841 3214/3613 3445/3612
f 3590/3846 3280/3500 3121/3494 3436/3847
f 3322/3848 3136/3486 3280/3499 3590/3849
f 3322/3848 3590/3849 3446/3608 3210/3586
f 3590/3846 3436/3847 3212/3601 3446/3606
f 3591/3850 3265/3495 3122/3496 3325/3843
f 3436/3847 3121/3494 3265/3495 3591/3850
f 3436/3847 3591/3850 3447/3597 3212/3601
f 3591/3850 3325/3843 3213/3598 3447/3597
f 3272/3489 3129/3490 3323/3845 3592/3851
f 3128/3482 3272/3489 3592/3851 3321/3852
f 3321/3852 3592/3851 3448/3591 3209/3580
f 3592/3851 3323/3845 3211/3592 3448/3591
f 3593/3853 3279/3485 3136/3486 3322/3848
f 3320/3854 3135/3476 3279/3485 3593/3853
f 3320/3854 3593/3853 3449/3585 3208/3574
f 3593/3853 3322/3848 3210/3586 3449/3585
f 3271/3480 3128/3482 3321/3852 3594/3855
f 3127/3481 3271/3480 3594/3855 3319/3856
f 3319/3856 3594/3855 3450/3579 3207/3568
f 3594/3855 3321/3852 3209/3580 3450/3579
f 3595/3857 3278/3475 3135/3476 3320/3854
f 3134/3474 3278/3475 3595/3857 3318/3858
f 3318/3858 3595/3857 3451/3573 3206/3562
f 3595/3857 3320/3854 3208/3574 3451/3573
f 3270/3536 3127/3481 3319/3856 3596/3859
f 3126/3532 3270/3536 3596/3859 3317/3860
f 3317/3860 3596/3859 3452/3567 3205/3556
f 3596/3859 3319/3856 3207/3568 3452/3567
f 3277/3534 3134/3474 3318/3858 3597/3861
f 3133/3528 3277/3534 3597/3861 3316/3862
f 3316/3862 3597/3861 3453/3561 3204/3547
f 3597/3861 3318/3858 3206/3562 3453/3561
f 3598/3863 3269/3531 3126/3532 3317/3860
f 3314/3864 3125/3524 3269/3531 3598/3863
f 3202/3538 3314/3864 3598/3863 3454/3555
f 3454/3555 3598/3863 3317/3860 3205/3556
f 3276/3527 3133/3528 3316/3862 3599/3865
f 3132/3520 3276/3527 3599/3865 3427/3834
f 3427/3834 3599/3865 3455/3546 3203/3550
f 3599/3865 3316/3862 3204/3547 3455/3546
f 3600/3866 3268/3523 3125/3524 3314/3864
f 3425/3838 3124/3516 3268/3523 3600/3866
f 3201/3541 3425/3838 3600/3866 3456/3537
f 3456/3537 3600/3866 3314/3864 3202/3538
f 3601/3867 3410/3778 3186/3779 3474/3868
f 3187/3774 3410/3778 3601/3867 3473/3869
f 3219/3870 3473/3869 3601/3867 3458/3871
f 3458/3871 3601/3867 3474/3868 3218/3872
f 3418/3812 3194/3805 3476/3873 3602/3874
f 3192/3813 3418/3812 3602/3874 3475/3875
f 3475/3875 3602/3874 3466/3876 3224/3877
f 3602/3874 3476/3873 3226/3878 3466/3876
f 3603/3879 3411/3784 3185/3785 3478/3880
f 3477/3881 3199/3783 3411/3784 3603/3879
f 3477/3881 3603/3879 3459/3882 3231/3883
f 3603/3879 3478/3880 3217/3884 3459/3882
f 3604/3885 3419/3817 3193/3808 3480/3886
f 3479/3887 3191/3816 3419/3817 3604/3885
f 3223/3888 3479/3887 3604/3885 3467/3889
f 3467/3889 3604/3885 3480/3886 3225/3890
f 3412/3788 3200/3773 3482/3891 3605/3892
f 3198/3789 3412/3788 3605/3892 3481/3893
f 3481/3893 3605/3892 3460/3894 3230/3895
f 3605/3892 3482/3891 3232/3896 3460/3894
f 3420/3820 3192/3813 3475/3875 3606/3897
f 3190/3821 3420/3820 3606/3897 3483/3898
f 3483/3898 3606/3897 3468/3899 3222/3900
f 3606/3897 3475/3875 3224/3877 3468/3899
f 3607/3901 3413/3793 3199/3783 3477/3881
f 3484/3902 3197/3792 3413/3793 3607/3901
f 3229/3903 3484/3902 3607/3901 3461/3904
f 3461/3904 3607/3901 3477/3881 3231/3883
f 3608/3905 3421/3825 3191/3816 3479/3887
f 3485/3906 3189/3824 3421/3825 3608/3905
f 3221/3907 3485/3906 3608/3905 3469/3908
f 3469/3908 3608/3905 3479/3887 3223/3888
f 3414/3796 3198/3789 3481/3893 3609/3909
f 3196/3797 3414/3796 3609/3909 3486/3910
f 3486/3910 3609/3909 3462/3911 3228/3912
f 3609/3909 3481/3893 3230/3895 3462/3911
f 3422/3828 3190/3821 3483/3898 3610/3913
f 3188/3829 3422/3828 3610/3913 3487/3914
f 3487/3914 3610/3913 3470/3915 3220/3916
f 3610/3913 3483/3898 3222/3900 3470/3915
f 3611/3917 3415/3801 3197/3792 3484/3902
f 3488/3918 3195/3800 3415/3801 3611/3917
f 3227/3919 3488/3918 3611/3917 3463/3920
f 3611/3917 3484/3902 3229/3903 3463/3920
f 3612/3921 3423/3831 3189/3824 3485/3906
f 3474/3868 3186/3779 3423/3831 3612/3921
f 3218/3872 3474/3868 3612/3921 3471/3922
f 3471/3922 3612/3921 3485/3906 3221/3907
f 3416/3804 3196/3797 3486/3910 3613/3923
f 3194/3805 3416/3804 3613/3923 3476/3873
f 3476/3873 3613/3923 3464/3924 3226/3878
f 3613/3923 3486/3910 3228/3912 3464/3924
f 3614/3925 3409/3775 3187/3774 3473/3869
f 3200/3773 3409/3772 3614/3926 3482/3891
f 3232/3896 3482/3891 3614/3926 3457/3927
f 3457/3928 3614/3925 3473/3869 3219/3870
f 3615/3929 3424/3833 3188/3829 3487/3914
f 3478/3880 3185/3785 3424/3833 3615/3929
f 3478/3880 3615/3929 3472/3930 3217/3884
f 3615/3929 3487/3914 3220/3916 3472/3930
f 3616/3931 3417/3809 3195/3800 3488/3918
f 3480/3886 3193/3808 3417/3809 3616/3931
f 3225/3890 3480/3886 3616/3931 3465/3932
f 3465/3932 3616/3931 3488/3918 3227/3919
f 3495/3435 3255/3429 3623/3933 3639/3934
f 3648/3935 3504/3469 3264/3465 3632/3936
f 3252/3415 3490/3412 3634/3937 3620/3938
f 3261/3453 3499/3451 3643/3939 3629/3940
f 3635/3941 3491/3419 3253/3418 3621/3942
f 3644/3943 3500/3455 3260/3449 3628/3944
f 3257/3437 3495/3435 3639/3934 3625/3945
f 3619/3946 3251/3411 3504/3469 3648/3935
f 3496/3439 3256/3433 3624/3947 3640/3948
f 3254/3421 3491/3419 3635/3941 3622/3949
f 3630/3950 3262/3457 3500/3455 3644/3943
f 3636/3951 3492/3423 3250/3409 3618/3952
f 3501/3459 3261/3453 3629/3940 3645/3953
f 3258/3441 3496/3439 3640/3948 3626/3954
f 3497/3443 3257/3437 3625/3945 3641/3955
f 3621/3942 3253/3418 3492/3426 3636/3956
f 3263/3461 3501/3459 3645/3953 3631/3957
f 3493/3427 3252/3415 3620/3938 3637/3958
f 3646/3959 3502/3463 3262/3457 3630/3950
f 3259/3445 3497/3443 3641/3955 3627/3960
f 3633/3961 3489/3407 3249/3406 3617/3962
f 3642/3963 3498/3447 3258/3441 3626/3954
f 3255/3429 3493/3427 3637/3958 3623/3933
f 3632/3936 3264/3465 3502/3463 3646/3959
f 3638/3964 3494/3431 3254/3421 3622/3949
f 3647/3965 3503/3467 3263/3461 3631/3957
f 3618/3952 3250/3409 3489/3407 3633/3961
f 3628/3944 3260/3449 3498/3447 3642/3963
f 3634/3937 3490/3412 3251/3411 3619/3946
f 3499/3451 3259/3445 3627/3960 3643/3939
f 3256/3433 3494/3431 3638/3964 3624/3947
f 3617/3962 3249/3406 3503/3467 3647/3965
f 3741/3966 3680/3967 3789/3968 3841/3969
f 3841/3970 3789/3971 3677/3972 3770/3973
f 3742/3974 3841/3970 3770/3973 3663/3975
f 3664/3976 3741/3966 3841/3969 3742/3977
f 3728/3978 3679/3979 3788/3980 3842/3981
f 3842/3981 3788/3980 3680/3967 3741/3966
f 3743/3982 3842/3981 3741/3966 3664/3976
f 3651/3983 3728/3978 3842/3981 3743/3982
f 3843/3984 3726/3985 3678/3986 3787/3987
f 3769/3988 3843/3984 3787/3987 3676/3989
f 3662/3990 3744/3991 3843/3984 3769/3988
f 3744/3991 3649/3992 3726/3985 3843/3984
f 3770/3973 3677/3972 3786/3993 3844/3994
f 3844/3994 3786/3993 3675/3995 3768/3996
f 3745/3997 3844/3994 3768/3996 3661/3998
f 3663/3975 3770/3973 3844/3994 3745/3997
f 3845/3999 3769/3988 3676/3989 3785/4000
f 3767/4001 3845/3999 3785/4000 3674/4002
f 3660/4003 3746/4004 3845/3999 3767/4001
f 3746/4004 3662/3990 3769/3988 3845/3999
f 3768/3996 3675/3995 3784/4005 3846/4006
f 3846/4006 3784/4005 3673/4007 3766/4008
f 3747/4009 3846/4006 3766/4008 3659/4010
f 3661/3998 3768/3996 3846/4006 3747/4009
f 3847/4011 3767/4001 3674/4002 3783/4012
f 3765/4013 3847/4011 3783/4012 3672/4014
f 3658/4015 3748/4016 3847/4011 3765/4013
f 3748/4016 3660/4003 3767/4001 3847/4011
f 3766/4008 3673/4007 3782/4017 3848/4018
f 3848/4018 3782/4017 3671/4019 3764/4020
f 3749/4021 3848/4018 3764/4020 3657/4022
f 3659/4010 3766/4008 3848/4018 3749/4021
f 3849/4023 3765/4013 3672/4014 3781/4024
f 3763/4025 3849/4023 3781/4024 3670/4026
f 3656/4027 3750/4028 3849/4023 3763/4025
f 3750/4028 3658/4015 3765/4013 3849/4023
f 3764/4020 3671/4019 3780/4029 3850/4030
f 3850/4030 3780/4029 3669/4031 3762/4032
f 3751/4033 3850/4030 3762/4032 3655/4034
f 3657/4022 3764/4020 3850/4030 3751/4033
f 3851/4035 3763/4025 3670/4026 3779/4036
f 3761/4037 3851/4035 3779/4036 3668/4038
f 3654/4039 3752/4040 3851/4035 3761/4037
f 3752/4040 3656/4027 3763/4025 3851/4035
f 3762/4032 3669/4031 3778/4041 3852/4042
f 3852/4042 3778/4041 3667/4043 3760/4044
f 3753/4045 3852/4042 3760/4044 3653/4046
f 3655/4034 3762/4032 3852/4042 3753/4045
f 3853/4047 3761/4037 3668/4038 3777/4048
f 3759/4049 3853/4047 3777/4048 3666/4050
f 3652/4051 3754/4052 3853/4047 3759/4049
f 3754/4052 3654/4039 3761/4037 3853/4047
f 3760/4044 3667/4043 3776/4053 3854/4054
f 3854/4054 3776/4053 3665/4055 3758/4056
f 3755/4057 3854/4054 3758/4056 3650/4058
f 3653/4046 3760/4044 3854/4054 3755/4057
f 3855/4059 3759/4049 3666/4050 3775/4060
f 3855/4059 3775/4060 3679/3979 3728/3978
f 3756/4061 3855/4059 3728/3978 3651/3983
f 3652/4051 3759/4049 3855/4059 3756/4061
f 3856/4062 3758/4056 3665/4055 3774/4063
f 3726/3985 3856/4062 3774/4063 3678/3986
f 3649/3992 3757/4064 3856/4062 3726/3985
f 3757/4064 3650/4058 3758/4056 3856/4062
f 3678/3986 3774/4063 3857/4065 3771/4066
f 3774/4063 3665/4055 3713/4067 3857/4065
f 3775/4060 3858/4068 3772/4069 3679/3979
f 3666/4050 3714/4070 3858/4068 3775/4060
f 3776/4053 3859/4071 3713/4067 3665/4055
f 3667/4043 3715/4072 3859/4071 3776/4053
f 3777/4048 3860/4073 3714/4070 3666/4050
f 3668/4038 3716/4074 3860/4073 3777/4048
f 3778/4041 3861/4075 3715/4072 3667/4043
f 3669/4031 3717/4076 3861/4075 3778/4041
f 3668/4038 3779/4036 3862/4077 3716/4074
f 3779/4036 3670/4026 3718/4078 3862/4077
f 3780/4029 3863/4079 3717/4076 3669/4031
f 3671/4019 3719/4080 3863/4079 3780/4029
f 3670/4026 3781/4024 3864/4081 3718/4078
f 3781/4024 3672/4014 3720/4082 3864/4081
f 3782/4017 3865/4083 3719/4080 3671/4019
f 3673/4007 3721/4084 3865/4083 3782/4017
f 3672/4014 3783/4012 3866/4085 3720/4082
f 3783/4012 3674/4002 3722/4086 3866/4085
f 3784/4005 3867/4087 3721/4084 3673/4007
f 3675/3995 3723/4088 3867/4087 3784/4005
f 3674/4002 3785/4000 3868/4089 3722/4086
f 3785/4000 3676/3989 3724/4090 3868/4089
f 3786/3993 3869/4091 3723/4088 3675/3995
f 3677/3972 3725/4092 3869/4091 3786/3993
f 3676/3989 3787/3987 3870/4093 3724/4090
f 3787/3987 3678/3986 3771/4066 3870/4093
f 3788/3980 3871/4094 3773/4095 3680/3967
f 3679/3979 3772/4069 3871/4094 3788/3980
f 3789/3971 3872/4096 3725/4092 3677/3972
f 3680/3967 3773/4095 3872/4097 3789/3968
f 3792/4098 3664/3976 3742/3977 3873/4099
f 3873/4100 3742/3974 3663/3975 3740/4101
f 3793/4102 3873/4100 3740/4101 3696/4103
f 3683/4104 3792/4098 3873/4099 3793/4105
f 3791/4106 3651/3983 3743/3982 3874/4107
f 3874/4107 3743/3982 3664/3976 3792/4098
f 3794/4108 3874/4107 3792/4098 3683/4104
f 3682/4109 3791/4106 3874/4107 3794/4108
f 3875/4110 3790/4111 3649/3992 3744/3991
f 3739/4112 3875/4110 3744/3991 3662/3990
f 3695/4113 3795/4114 3875/4110 3739/4112
f 3795/4114 3681/4115 3790/4111 3875/4110
f 3740/4101 3663/3975 3745/3997 3876/4116
f 3876/4116 3745/3997 3661/3998 3738/4117
f 3796/4118 3876/4116 3738/4117 3694/4119
f 3696/4103 3740/4101 3876/4116 3796/4118
f 3877/4120 3739/4112 3662/3990 3746/4004
f 3737/4121 3877/4120 3746/4004 3660/4003
f 3693/4122 3797/4123 3877/4120 3737/4121
f 3797/4123 3695/4113 3739/4112 3877/4120
f 3738/4117 3661/3998 3747/4009 3878/4124
f 3878/4124 3747/4009 3659/4010 3736/4125
f 3798/4126 3878/4124 3736/4125 3692/4127
f 3694/4119 3738/4117 3878/4124 3798/4126
f 3879/4128 3737/4121 3660/4003 3748/4016
f 3735/4129 3879/4128 3748/4016 3658/4015
f 3691/4130 3799/4131 3879/4128 3735/4129
f 3799/4131 3693/4122 3737/4121 3879/4128
f 3736/4125 3659/4010 3749/4021 3880/4132
f 3880/4132 3749/4021 3657/4022 3734/4133
f 3800/4134 3880/4132 3734/4133 3690/4135
f 3692/4127 3736/4125 3880/4132 3800/4134
f 3881/4136 3735/4129 3658/4015 3750/4028
f 3733/4137 3881/4136 3750/4028 3656/4027
f 3689/4138 3801/4139 3881/4136 3733/4137
f 3801/4139 3691/4130 3735/4129 3881/4136
f 3734/4133 3657/4022 3751/4033 3882/4140
f 3882/4140 3751/4033 3655/4034 3732/4141
f 3802/4142 3882/4140 3732/4141 3688/4143
f 3690/4135 3734/4133 3882/4140 3802/4142
f 3883/4144 3733/4137 3656/4027 3752/4040
f 3731/4145 3883/4144 3752/4040 3654/4039
f 3687/4146 3803/4147 3883/4144 3731/4145
f 3803/4147 3689/4138 3733/4137 3883/4144
f 3732/4141 3655/4034 3753/4045 3884/4148
f 3884/4148 3753/4045 3653/4046 3730/4149
f 3804/4150 3884/4148 3730/4149 3686/4151
f 3688/4143 3732/4141 3884/4148 3804/4150
f 3885/4152 3731/4145 3654/4039 3754/4052
f 3729/4153 3885/4152 3754/4052 3652/4051
f 3685/4154 3805/4155 3885/4152 3729/4153
f 3805/4155 3687/4146 3731/4145 3885/4152
f 3730/4149 3653/4046 3755/4057 3886/4156
f 3886/4156 3755/4057 3650/4058 3727/4157
f 3806/4158 3886/4156 3727/4157 3684/4159
f 3686/4151 3730/4149 3886/4156 3806/4158
f 3887/4160 3729/4153 3652/4051 3756/4061
f 3887/4160 3756/4061 3651/3983 3791/4106
f 3682/4109 3807/4161 3887/4160 3791/4106
f 3807/4161 3685/4154 3729/4153 3887/4160
f 3888/4162 3727/4157 3650/4058 3757/4064
f 3790/4111 3888/4162 3757/4064 3649/3992
f 3681/4115 3808/4163 3888/4162 3790/4111
f 3808/4163 3684/4159 3727/4157 3888/4162
f 3826/4164 3682/4109 3794/4108 3889/4165
f 3889/4165 3794/4108 3683/4104 3825/4166
f 3699/4167 3810/4168 3889/4165 3825/4166
f 3810/4168 3698/4169 3826/4164 3889/4165
f 3828/4170 3690/4135 3802/4142 3890/4171
f 3890/4171 3802/4142 3688/4143 3827/4172
f 3818/4173 3890/4171 3827/4172 3704/4174
f 3706/4175 3828/4170 3890/4171 3818/4173
f 3891/4176 3830/4177 3681/4115 3795/4114
f 3829/4178 3891/4176 3795/4114 3695/4113
f 3811/4179 3891/4176 3829/4178 3711/4180
f 3697/4181 3830/4177 3891/4176 3811/4179
f 3892/4182 3832/4183 3689/4138 3803/4147
f 3831/4184 3892/4182 3803/4147 3687/4146
f 3703/4185 3819/4186 3892/4182 3831/4184
f 3819/4186 3705/4187 3832/4183 3892/4182
f 3834/4188 3696/4103 3796/4118 3893/4189
f 3893/4189 3796/4118 3694/4119 3833/4190
f 3812/4191 3893/4189 3833/4190 3710/4192
f 3712/4193 3834/4188 3893/4189 3812/4191
f 3827/4172 3688/4143 3804/4150 3894/4194
f 3894/4194 3804/4150 3686/4151 3835/4195
f 3820/4196 3894/4194 3835/4195 3702/4197
f 3704/4174 3827/4172 3894/4194 3820/4196
f 3895/4198 3829/4178 3695/4113 3797/4123
f 3836/4199 3895/4198 3797/4123 3693/4122
f 3709/4200 3813/4201 3895/4198 3836/4199
f 3813/4201 3711/4180 3829/4178 3895/4198
f 3896/4202 3831/4184 3687/4146 3805/4155
f 3837/4203 3896/4202 3805/4155 3685/4154
f 3701/4204 3821/4205 3896/4202 3837/4203
f 3821/4205 3703/4185 3831/4184 3896/4202
f 3833/4190 3694/4119 3798/4126 3897/4206
f 3897/4206 3798/4126 3692/4127 3838/4207
f 3814/4208 3897/4206 3838/4207 3708/4209
f 3710/4192 3833/4190 3897/4206 3814/4208
f 3835/4195 3686/4151 3806/4158 3898/4210
f 3898/4210 3806/4158 3684/4159 3839/4211
f 3822/4212 3898/4210 3839/4211 3700/4213
f 3702/4197 3835/4195 3898/4210 3822/4212
f 3899/4214 3836/4199 3693/4122 3799/4131
f 3840/4215 3899/4214 3799/4131 3691/4130
f 3707/4216 3815/4217 3899/4214 3840/4215
f 3709/4200 3836/4199 3899/4214 3815/4217
f 3900/4218 3837/4203 3685/4154 3807/4161
f 3826/4164 3900/4218 3807/4161 3682/4109
f 3698/4169 3823/4219 3900/4218 3826/4164
f 3823/4219 3701/4204 3837/4203 3900/4218
f 3838/4207 3692/4127 3800/4134 3901/4220
f 3901/4220 3800/4134 3690/4135 3828/4170
f 3816/4221 3901/4220 3828/4170 3706/4175
f 3708/4209 3838/4207 3901/4220 3816/4221
f 3902/4222 3825/4166 3683/4104 3793/4105
f 3902/4223 3793/4102 3696/4103 3834/4188
f 3712/4193 3809/4224 3902/4223 3834/4188
f 3809/4225 3699/4167 3825/4166 3902/4222
f 3903/4226 3839/4211 3684/4159 3808/4163
f 3830/4177 3903/4226 3808/4163 3681/4115
f 3697/4181 3824/4227 3903/4226 3830/4177
f 3700/4213 3839/4211 3903/4226 3824/4227
f 3904/4228 3840/4215 3691/4130 3801/4139
f 3832/4183 3904/4228 3801/4139 3689/4138
f 3705/4187 3817/4229 3904/4228 3832/4183
f 3817/4229 3707/4216 3840/4215 3904/4228
f 3706/4175 3818/4173 3466/3876 3226/3878
f 3819/4186 3703/4185 3223/3888 3467/3889
f 3819/4186 3467/3889 3225/3890 3705/4187
f 3820/4196 3702/4197 3222/3900 3468/3899
f 3820/4196 3468/3899 3224/3877 3704/4174
f 3821/4205 3701/4204 3221/3907 3469/3908
f 3703/4185 3821/4205 3469/3908 3223/3888
f 3822/4212 3700/4213 3220/3916 3470/3915
f 3712/4193 3232/3896 3457/3927 3809/4224
f 3702/4197 3822/4212 3470/3915 3222/3900
f 3809/4225 3457/3928 3219/3870 3699/4167
f 3823/4219 3698/4169 3218/3872 3471/3922
f 3810/4168 3699/4167 3219/3870 3458/3871
f 3701/4204 3823/4219 3471/3922 3221/3907
f 3698/4169 3810/4168 3458/3871 3218/3872
f 3824/4227 3697/4181 3217/3884 3472/3930
f 3711/4180 3231/3883 3459/3882 3811/4179
f 3700/4213 3824/4227 3472/3930 3220/3916
f 3697/4181 3811/4179 3459/3882 3217/3884
f 3710/4192 3230/3895 3460/3894 3812/4191
f 3712/4193 3812/4191 3460/3894 3232/3896
f 3709/4200 3229/3903 3461/3904 3813/4201
f 3813/4201 3461/3904 3231/3883 3711/4180
f 3814/4208 3708/4209 3228/3912 3462/3911
f 3710/4192 3814/4208 3462/3911 3230/3895
f 3707/4216 3227/3919 3463/3920 3815/4217
f 3815/4217 3463/3920 3229/3903 3709/4200
f 3706/4175 3226/3878 3464/3924 3816/4221
f 3708/4209 3816/4221 3464/3924 3228/3912
f 3705/4187 3225/3890 3465/3932 3817/4229
f 3817/4229 3465/3932 3227/3919 3707/4216
f 3704/4174 3224/3877 3466/3876 3818/4173
f 3916/4230 3949/4231 4144/4232 3915/4233
f 3949/4231 3950/4234 4143/4235 4144/4232
f 3950/4234 3951/4236 4142/4237 4143/4235
f 4726/4238 3952/4239 4141/4240 4740/4241
f 3952/4239 3953/4242 4140/4243 4141/4240
f 4669/4244 3954/4245 4139/4246 4706/4247
f 3954/4245 3955/4248 4138/4249 4139/4246
f 3955/4248 3956/4250 4137/4251 4138/4249
f 3956/4250 3957/4252 4136/4253 4137/4251
f 3957/4252 3958/4254 4135/4255 4136/4253
f 3958/4254 3959/4256 4134/4257 4135/4255
f 3959/4256 3960/4258 4133/4259 4134/4257
f 3960/4258 3961/4260 4132/4261 4133/4259
f 3961/4260 3962/4262 4131/4263 4132/4261
f 3908/4264 3921/4265 4130/4266 3907/4267
f 3921/4265 3922/4268 4129/4269 4130/4266
f 3922/4268 3923/4270 4128/4271 4129/4269
f 4725/4272 3924/4273 4127/4274 4739/4275
f 3924/4273 3925/4276 4126/4277 4127/4274
f 4663/4278 3926/4279 4125/4280 4703/4281
f 3926/4279 3927/4282 4124/4283 4125/4280
f 3927/4282 3928/4284 4123/4285 4124/4283
f 3928/4284 3929/4286 4122/4287 4123/4285
f 3929/4286 3930/4288 4121/4289 4122/4287
f 3930/4288 3931/4290 4120/4291 4121/4289
f 3931/4290 3932/4292 4119/4293 4120/4291
f 3932/4292 3933/4294 4118/4295 4119/4293
f 3933/4294 3934/4296 4117/4297 4118/4295
f 3915/4233 4144/4232 4116/4298 3914/4299
f 4144/4232 4143/4235 4115/4300 4116/4298
f 4143/4235 4142/4237 4114/4301 4115/4300
f 4740/4241 4141/4240 4113/4302 4738/4303
f 4141/4240 4140/4243 4112/4304 4113/4302
f 4706/4247 4139/4246 4111/4305 4700/4306
f 4139/4246 4138/4249 4110/4307 4111/4305
f 4138/4249 4137/4251 4109/4308 4110/4307
f 4137/4251 4136/4253 4108/4309 4109/4308
f 4136/4253 4135/4255 4107/4310 4108/4309
f 4135/4255 4134/4257 4106/4311 4107/4310
f 4134/4257 4133/4259 4105/4312 4106/4311
f 4133/4259 4132/4261 4104/4313 4105/4312
f 4132/4261 4131/4263 4103/4314 4104/4313
f 3907/4267 4130/4266 4102/4315 3906/4316
f 4130/4266 4129/4269 4101/4317 4102/4315
f 4129/4269 4128/4271 4100/4318 4101/4317
f 4739/4275 4127/4274 4099/4319 4737/4320
f 4127/4274 4126/4277 4098/4321 4099/4319
f 4703/4281 4125/4280 4097/4322 4697/4323
f 4125/4280 4124/4283 4096/4324 4097/4322
f 4124/4283 4123/4285 4095/4325 4096/4324
f 4123/4285 4122/4287 4094/4326 4095/4325
f 4122/4287 4121/4289 4093/4327 4094/4326
f 4121/4289 4120/4291 4092/4328 4093/4327
f 4120/4291 4119/4293 4091/4329 4092/4328
f 4119/4293 4118/4295 4090/4330 4091/4329
f 4118/4295 4117/4297 4089/4331 4090/4330
f 3914/4299 4116/4298 4074/4332 3913/4333
f 4116/4298 4115/4300 4073/4334 4074/4332
f 4115/4300 4114/4301 4072/4335 4073/4334
f 4738/4303 4113/4302 4071/4336 4736/4337
f 4113/4302 4112/4304 4070/4338 4071/4336
f 4700/4306 4111/4305 4069/4339 4691/4340
f 4111/4305 4110/4307 4068/4341 4069/4339
f 4110/4307 4109/4308 4067/4342 4068/4341
f 4109/4308 4108/4309 4066/4343 4067/4342
f 4108/4309 4107/4310 4065/4344 4066/4343
f 4107/4310 4106/4311 4064/4345 4065/4344
f 4106/4311 4105/4312 4063/4346 4064/4345
f 4105/4312 4104/4313 4062/4347 4063/4346
f 4104/4313 4103/4314 4061/4348 4062/4347
f 3905/4349 4075/4350 4060/4351 3920/4352
f 4075/4350 4076/4353 4059/4354 4060/4351
f 4076/4353 4077/4355 4058/4356 4059/4354
f 4727/4357 4078/4358 4057/4359 4735/4360
f 4078/4358 4079/4361 4056/4362 4057/4359
f 4696/4363 4080/4364 4055/4365 4688/4366
f 4080/4364 4081/4367 4054/4368 4055/4365
f 4081/4367 4082/4369 4053/4370 4054/4368
f 4082/4369 4083/4371 4052/4372 4053/4370
f 4083/4371 4084/4373 4051/4374 4052/4372
f 4084/4373 4085/4375 4050/4376 4051/4374
f 4085/4375 4086/4377 4049/4378 4050/4376
f 4086/4377 4087/4379 4048/4380 4049/4378
f 4087/4379 4088/4381 4047/4382 4048/4380
f 3906/4316 4102/4315 4075/4350 3905/4349
f 4102/4315 4101/4317 4076/4353 4075/4350
f 4101/4317 4100/4318 4077/4355 4076/4353
f 4737/4320 4099/4319 4078/4358 4727/4357
f 4099/4319 4098/4321 4079/4361 4078/4358
f 4697/4323 4097/4322 4080/4364 4696/4363
f 4097/4322 4096/4324 4081/4367 4080/4364
f 4096/4324 4095/4325 4082/4369 4081/4367
f 4095/4325 4094/4326 4083/4371 4082/4369
f 4094/4326 4093/4327 4084/4373 4083/4371
f 4093/4327 4092/4328 4085/4375 4084/4373
f 4092/4328 4091/4329 4086/4377 4085/4375
f 4091/4329 4090/4330 4087/4379 4086/4377
f 4090/4330 4089/4331 4088/4381 4087/4379
f 3913/4333 4074/4332 4046/4383 3912/4384
f 4074/4332 4073/4334 4045/4385 4046/4383
f 4073/4334 4072/4335 4044/4386 4045/4385
f 4736/4337 4071/4336 4043/4387 4734/4388
f 4071/4336 4070/4338 4042/4389 4043/4387
f 4691/4340 4069/4339 4041/4390 4685/4391
f 4069/4339 4068/4341 4040/4392 4041/4390
f 4068/4341 4067/4342 4039/4393 4040/4392
f 4067/4342 4066/4343 4038/4394 4039/4393
f 4066/4343 4065/4344 4037/4395 4038/4394
f 4065/4344 4064/4345 4036/4396 4037/4395
f 4064/4345 4063/4346 4035/4397 4036/4396
f 4063/4346 4062/4347 4034/4398 4035/4397
f 4062/4347 4061/4348 4033/4399 4034/4398
f 3920/4352 4060/4351 4032/4400 3919/4401
f 4060/4351 4059/4354 4031/4402 4032/4400
f 4059/4354 4058/4356 4030/4403 4031/4402
f 4735/4360 4057/4359 4029/4404 4733/4405
f 4057/4359 4056/4362 4028/4406 4029/4404
f 4688/4366 4055/4365 4027/4407 4682/4408
f 4055/4365 4054/4368 4026/4409 4027/4407
f 4054/4368 4053/4370 4025/4410 4026/4409
f 4053/4370 4052/4372 4024/4411 4025/4410
f 4052/4372 4051/4374 4023/4412 4024/4411
f 4051/4374 4050/4376 4022/4413 4023/4412
f 4050/4376 4049/4378 4021/4414 4022/4413
f 4049/4378 4048/4380 4020/4415 4021/4414
f 4048/4380 4047/4382 4019/4416 4020/4415
f 3912/4384 4046/4383 4018/4417 3911/4418
f 4046/4383 4045/4385 4017/4419 4018/4417
f 4045/4385 4044/4386 4016/4420 4017/4419
f 4734/4388 4043/4387 4015/4421 4732/4422
f 4043/4387 4042/4389 4014/4423 4015/4421
f 4685/4391 4041/4390 4013/4424 4679/4425
f 4041/4390 4040/4392 4012/4426 4013/4424
f 4040/4392 4039/4393 4011/4427 4012/4426
f 4039/4393 4038/4394 4010/4428 4011/4427
f 4038/4394 4037/4395 4009/4429 4010/4428
f 4037/4395 4036/4396 4008/4430 4009/4429
f 4036/4396 4035/4397 4007/4431 4008/4430
f 4035/4397 4034/4398 4006/4432 4007/4431
f 4034/4398 4033/4399 4005/4433 4006/4432
f 3919/4401 4032/4400 4004/4434 3918/4435
f 4032/4400 4031/4402 4003/4436 4004/4434
f 4031/4402 4030/4403 4002/4437 4003/4436
f 4733/4405 4029/4404 4001/4438 4731/4439
f 4029/4404 4028/4406 4000/4440 4001/4438
f 4682/4408 4027/4407 3999/4441 4676/4442
f 4027/4407 4026/4409 3998/4443 3999/4441
f 4026/4409 4025/4410 3997/4444 3998/4443
f 4025/4410 4024/4411 3996/4445 3997/4444
f 4024/4411 4023/4412 3995/4446 3996/4445
f 4023/4412 4022/4413 3994/4447 3995/4446
f 4022/4413 4021/4414 3993/4448 3994/4447
f 4021/4414 4020/4415 3992/4449 3993/4448
f 4020/4415 4019/4416 3991/4450 3992/4449
f 3911/4418 4018/4417 3990/4451 3910/4452
f 4018/4417 4017/4419 3989/4453 3990/4451
f 4017/4419 4016/4420 3988/4454 3989/4453
f 4732/4422 4015/4421 3987/4455 4730/4456
f 4015/4421 4014/4423 3986/4457 3987/4455
f 4679/4425 4013/4424 3985/4458 4673/4459
f 4013/4424 4012/4426 3984/4460 3985/4458
f 4012/4426 4011/4427 3983/4461 3984/4460
f 4011/4427 4010/4428 3982/4462 3983/4461
f 4010/4428 4009/4429 3981/4463 3982/4462
f 4009/4429 4008/4430 3980/4464 3981/4463
f 4008/4430 4007/4431 3979/4465 3980/4464
f 4007/4431 4006/4432 3978/4466 3979/4465
f 4006/4432 4005/4433 3977/4467 3978/4466
f 3918/4435 4004/4434 3976/4468 3917/4469
f 4004/4434 4003/4436 3975/4470 3976/4468
f 4003/4436 4002/4437 3974/4471 3975/4470
f 4731/4439 4001/4438 3973/4472 4729/4473
f 4001/4438 4000/4440 3972/4474 3973/4472
f 4676/4442 3999/4441 3971/4475 4670/4476
f 3999/4441 3998/4443 3970/4477 3971/4475
f 3998/4443 3997/4444 3969/4478 3970/4477
f 3997/4444 3996/4445 3968/4479 3969/4478
f 3996/4445 3995/4446 3967/4480 3968/4479
f 3995/4446 3994/4447 3966/4481 3967/4480
f 3994/4447 3993/4448 3965/4482 3966/4481
f 3993/4448 3992/4449 3964/4483 3965/4482
f 3992/4449 3991/4450 3963/4484 3964/4483
f 3910/4485 3990/4486 3948/4487 3909/4488
f 3990/4486 3989/4489 3947/4490 3948/4487
f 3989/4489 3988/4491 3946/4492 3947/4490
f 4730/4493 3987/4494 3945/4495 4728/4496
f 3987/4494 3986/4497 3944/4498 3945/4495
f 4673/4499 3985/4500 3943/4501 4664/4502
f 3985/4500 3984/4503 3942/4504 3943/4501
f 3984/4503 3983/4505 3941/4506 3942/4504
f 3983/4505 3982/4507 3940/4508 3941/4506
f 3982/4507 3981/4509 3939/4510 3940/4508
f 3981/4509 3980/4511 3938/4512 3939/4510
f 3980/4511 3979/4513 3937/4514 3938/4512
f 3979/4513 3978/4515 3936/4516 3937/4514
f 3978/4515 3977/4517 3935/4518 3936/4516
f 3917/4469 3976/4468 3949/4231 3916/4230
f 3976/4468 3975/4470 3950/4234 3949/4231
f 3975/4470 3974/4471 3951/4236 3950/4234
f 4729/4473 3973/4472 3952/4239 4726/4238
f 3973/4472 3972/4474 3953/4242 3952/4239
f 4670/4476 3971/4475 3954/4245 4669/4244
f 3971/4475 3970/4477 3955/4248 3954/4245
f 3970/4477 3969/4478 3956/4250 3955/4248
f 3969/4478 3968/4479 3957/4252 3956/4250
f 3968/4479 3967/4480 3958/4254 3957/4252
f 3967/4480 3966/4481 3959/4256 3958/4254
f 3966/4481 3965/4482 3960/4258 3959/4256
f 3965/4482 3964/4483 3961/4260 3960/4258
f 3964/4483 3963/4484 3962/4262 3961/4260
f 3909/4488 3948/4487 3921/4265 3908/4264
f 3948/4487 3947/4490 3922/4268 3921/4265
f 3947/4490 3946/4492 3923/4270 3922/4268
f 4728/4496 3945/4495 3924/4273 4725/4272
f 3945/4495 3944/4498 3925/4276 3924/4273
f 4664/4502 3943/4501 3926/4279 4663/4278
f 3943/4501 3942/4504 3927/4282 3926/4279
f 3942/4504 3941/4506 3928/4284 3927/4282
f 3941/4506 3940/4508 3929/4286 3928/4284
f 3940/4508 3939/4510 3930/4288 3929/4286
f 3939/4510 3938/4512 3931/4290 3930/4288
f 3938/4512 3937/4514 3932/4292 3931/4290
f 3937/4514 3936/4516 3933/4294 3932/4292
f 3936/4516 3935/4518 3934/4296 3933/4294
f 4208/4519 4189/4520 4468/4521 4449/4522
f 4189/4520 4190/4523 4467/4524 4468/4521
f 4190/4523 4191/4525 4466/4526 4467/4524
f 4191/4525 4192/4527 4465/4528 4466/4526
f 4192/4527 4193/4529 4464/4530 4465/4528
f 4193/4529 4194/4531 4463/4532 4464/4530
f 4194/4531 4195/4533 4462/4534 4463/4532
f 4195/4533 4196/4535 4461/4536 4462/4534
f 4196/4535 4197/4537 4460/4538 4461/4536
f 4197/4537 4198/4539 4459/4540 4460/4538
f 4198/4539 4199/4541 4458/4542 4459/4540
f 4199/4541 4200/4543 4457/4544 4458/4542
f 4200/4543 4201/4545 4456/4546 4457/4544
f 4201/4545 4202/4547 4455/4548 4456/4546
f 4202/4547 4203/4549 4454/4550 4455/4548
f 4203/4549 4204/4551 4453/4552 4454/4550
f 4204/4551 4205/4553 4452/4554 4453/4552
f 4205/4553 4206/4555 4451/4556 4452/4554
f 4206/4555 4207/4557 4450/4558 4451/4556
f 4207/4557 4208/4559 4449/4560 4450/4558
f 4168/4561 4149/4562 4448/4563 4429/4564
f 4149/4562 4150/4565 4447/4566 4448/4563
f 4150/4565 4151/4567 4446/4568 4447/4566
f 4151/4567 4152/4569 4445/4570 4446/4568
f 4152/4569 4153/4571 4444/4572 4445/4570
f 4153/4571 4154/4573 4443/4574 4444/4572
f 4154/4573 4155/4575 4442/4576 4443/4574
f 4155/4575 4156/4577 4441/4578 4442/4576
f 4156/4577 4157/4579 4440/4580 4441/4578
f 4157/4579 4158/4581 4439/4582 4440/4580
f 4158/4581 4159/4583 4438/4584 4439/4582
f 4159/4583 4160/4585 4437/4586 4438/4584
f 4160/4585 4161/4587 4436/4588 4437/4586
f 4161/4587 4162/4589 4435/4590 4436/4588
f 4162/4589 4163/4591 4434/4592 4435/4590
f 4163/4591 4164/4593 4433/4594 4434/4592
f 4164/4593 4165/4595 4432/4596 4433/4594
f 4165/4595 4166/4597 4431/4598 4432/4596
f 4166/4597 4167/4599 4430/4600 4431/4598
f 4167/4599 4168/4601 4429/4602 4430/4600
f 4449/4522 4468/4521 4428/4603 4409/4604
f 4468/4521 4467/4524 4427/4605 4428/4603
f 4467/4524 4466/4526 4426/4606 4427/4605
f 4466/4526 4465/4528 4425/4607 4426/4606
f 4465/4528 4464/4530 4424/4608 4425/4607
f 4464/4530 4463/4532 4423/4609 4424/4608
f 4463/4532 4462/4534 4422/4610 4423/4609
f 4462/4534 4461/4536 4421/4611 4422/4610
f 4461/4536 4460/4538 4420/4612 4421/4611
f 4460/4538 4459/4540 4419/4613 4420/4612
f 4459/4540 4458/4542 4418/4614 4419/4613
f 4458/4542 4457/4544 4417/4615 4418/4614
f 4457/4544 4456/4546 4416/4616 4417/4615
f 4456/4546 4455/4548 4415/4617 4416/4616
f 4455/4548 4454/4550 4414/4618 4415/4617
f 4454/4550 4453/4552 4413/4619 4414/4618
f 4453/4552 4452/4554 4412/4620 4413/4619
f 4452/4554 4451/4556 4411/4621 4412/4620
f 4451/4556 4450/4558 4410/4622 4411/4621
f 4450/4558 4449/4560 4409/4623 4410/4622
f 4429/4564 4448/4563 4408/4624 4389/4625
f 4448/4563 4447/4566 4407/4626 4408/4624
f 4447/4566 4446/4568 4406/4627 4407/4626
f 4446/4568 4445/4570 4405/4628 4406/4627
f 4445/4570 4444/4572 4404/4629 4405/4628
f 4444/4572 4443/4574 4403/4630 4404/4629
f 4443/4574 4442/4576 4402/4631 4403/4630
f 4442/4576 4441/4578 4401/4632 4402/4631
f 4441/4578 4440/4580 4400/4633 4401/4632
f 4440/4580 4439/4582 4399/4634 4400/4633
f 4439/4582 4438/4584 4398/4635 4399/4634
f 4438/4584 4437/4586 4397/4636 4398/4635
f 4437/4586 4436/4588 4396/4637 4397/4636
f 4436/4588 4435/4590 4395/4638 4396/4637
f 4435/4590 4434/4592 4394/4639 4395/4638
f 4434/4592 4433/4594 4393/4640 4394/4639
f 4433/4594 4432/4596 4392/4641 4393/4640
f 4432/4596 4431/4598 4391/4642 4392/4641
f 4431/4598 4430/4600 4390/4643 4391/4642
f 4430/4600 4429/4602 4389/4644 4390/4643
f 4409/4604 4428/4603 4368/4645 4349/4646
f 4428/4603 4427/4605 4367/4647 4368/4645
f 4427/4605 4426/4606 4366/4648 4367/4647
f 4426/4606 4425/4607 4365/4649 4366/4648
f 4425/4607 4424/4608 4364/4650 4365/4649
f 4424/4608 4423/4609 4363/4651 4364/4650
f 4423/4609 4422/4610 4362/4652 4363/4651
f 4422/4610 4421/4611 4361/4653 4362/4652
f 4421/4611 4420/4612 4360/4654 4361/4653
f 4420/4612 4419/4613 4359/4655 4360/4654
f 4419/4613 4418/4614 4358/4656 4359/4655
f 4418/4614 4417/4615 4357/4657 4358/4656
f 4417/4615 4416/4616 4356/4658 4357/4657
f 4416/4616 4415/4617 4355/4659 4356/4658
f 4415/4617 4414/4618 4354/4660 4355/4659
f 4414/4618 4413/4619 4353/4661 4354/4660
f 4413/4619 4412/4620 4352/4662 4353/4661
f 4412/4620 4411/4621 4351/4663 4352/4662
f 4411/4621 4410/4622 4350/4664 4351/4663
f 4410/4622 4409/4623 4349/4665 4350/4664
f 4388/4666 4369/4667 4348/4668 4329/4669
f 4369/4667 4370/4670 4347/4671 4348/4668
f 4370/4670 4371/4672 4346/4673 4347/4671
f 4371/4672 4372/4674 4345/4675 4346/4673
f 4372/4674 4373/4676 4344/4677 4345/4675
f 4373/4676 4374/4678 4343/4679 4344/4677
f 4374/4678 4375/4680 4342/4681 4343/4679
f 4375/4680 4376/4682 4341/4683 4342/4681
f 4376/4682 4377/4684 4340/4685 4341/4683
f 4377/4684 4378/4686 4339/4687 4340/4685
f 4378/4686 4379/4688 4338/4689 4339/4687
f 4379/4688 4380/4690 4337/4691 4338/4689
f 4380/4690 4381/4692 4336/4693 4337/4691
f 4381/4692 4382/4694 4335/4695 4336/4693
f 4382/4694 4383/4696 4334/4697 4335/4695
f 4383/4696 4384/4698 4333/4699 4334/4697
f 4384/4698 4385/4700 4332/4701 4333/4699
f 4385/4700 4386/4702 4331/4703 4332/4701
f 4386/4702 4387/4704 4330/4705 4331/4703
f 4387/4704 4388/4706 4329/4707 4330/4705
f 4389/4625 4408/4624 4369/4667 4388/4666
f 4408/4624 4407/4626 4370/4670 4369/4667
f 4407/4626 4406/4627 4371/4672 4370/4670
f 4406/4627 4405/4628 4372/4674 4371/4672
f 4405/4628 4404/4629 4373/4676 4372/4674
f 4404/4629 4403/4630 4374/4678 4373/4676
f 4403/4630 4402/4631 4375/4680 4374/4678
f 4402/4631 4401/4632 4376/4682 4375/4680
f 4401/4632 4400/4633 4377/4684 4376/4682
f 4400/4633 4399/4634 4378/4686 4377/4684
f 4399/4634 4398/4635 4379/4688 4378/4686
f 4398/4635 4397/4636 4380/4690 4379/4688
f 4397/4636 4396/4637 4381/4692 4380/4690
f 4396/4637 4395/4638 4382/4694 4381/4692
f 4395/4638 4394/4639 4383/4696 4382/4694
f 4394/4639 4393/4640 4384/4698 4383/4696
f 4393/4640 4392/4641 4385/4700 4384/4698
f 4392/4641 4391/4642 4386/4702 4385/4700
f 4391/4642 4390/4643 4387/4704 4386/4702
f 4390/4643 4389/4644 4388/4706 4387/4704
f 4349/4646 4368/4645 4328/4708 4309/4709
f 4368/4645 4367/4647 4327/4710 4328/4708
f 4367/4647 4366/4648 4326/4711 4327/4710
f 4366/4648 4365/4649 4325/4712 4326/4711
f 4365/4649 4364/4650 4324/4713 4325/4712
f 4364/4650 4363/4651 4323/4714 4324/4713
f 4363/4651 4362/4652 4322/4715 4323/4714
f 4362/4652 4361/4653 4321/4716 4322/4715
f 4361/4653 4360/4654 4320/4717 4321/4716
f 4360/4654 4359/4655 4319/4718 4320/4717
f 4359/4655 4358/4656 4318/4719 4319/4718
f 4358/4656 4357/4657 4317/4720 4318/4719
f 4357/4657 4356/4658 4316/4721 4317/4720
f 4356/4658 4355/4659 4315/4722 4316/4721
f 4355/4659 4354/4660 4314/4723 4315/4722
f 4354/4660 4353/4661 4313/4724 4314/4723
f 4353/4661 4352/4662 4312/4725 4313/4724
f 4352/4662 4351/4663 4311/4726 4312/4725
f 4351/4663 4350/4664 4310/4727 4311/4726
f 4350/4664 4349/4665 4309/4728 4310/4727
f 4329/4669 4348/4668 4308/4729 4289/4730
f 4348/4668 4347/4671 4307/4731 4308/4729
f 4347/4671 4346/4673 4306/4732 4307/4731
f 4346/4673 4345/4675 4305/4733 4306/4732
f 4345/4675 4344/4677 4304/4734 4305/4733
f 4344/4677 4343/4679 4303/4735 4304/4734
f 4343/4679 4342/4681 4302/4736 4303/4735
f 4342/4681 4341/4683 4301/4737 4302/4736
f 4341/4683 4340/4685 4300/4738 4301/4737
f 4340/4685 4339/4687 4299/4739 4300/4738
f 4339/4687 4338/4689 4298/4740 4299/4739
f 4338/4689 4337/4691 4297/4741 4298/4740
f 4337/4691 4336/4693 4296/4742 4297/4741
f 4336/4693 4335/4695 4295/4743 4296/4742
f 4335/4695 4334/4697 4294/4744 4295/4743
f 4334/4697 4333/4699 4293/4745 4294/4744
f 4333/4699 4332/4701 4292/4746 4293/4745
f 4332/4701 4331/4703 4291/4747 4292/4746
f 4331/4703 4330/4705 4290/4748 4291/4747
f 4330/4705 4329/4707 4289/4749 4290/4748
f 4309/4709 4328/4708 4288/4750 4269/4751
f 4328/4708 4327/4710 4287/4752 4288/4750
f 4327/4710 4326/4711 4286/4753 4287/4752
f 4326/4711 4325/4712 4285/4754 4286/4753
f 4325/4712 4324/4713 4284/4755 4285/4754
f 4324/4713 4323/4714 4283/4756 4284/4755
f 4323/4714 4322/4715 4282/4757 4283/4756
f 4322/4715 4321/4716 4281/4758 4282/4757
f 4321/4716 4320/4717 4280/4759 4281/4758
f 4320/4717 4319/4718 4279/4760 4280/4759
f 4319/4718 4318/4719 4278/4761 4279/4760
f 4318/4719 4317/4720 4277/4762 4278/4761
f 4317/4720 4316/4721 4276/4763 4277/4762
f 4316/4721 4315/4722 4275/4764 4276/4763
f 4315/4722 4314/4723 4274/4765 4275/4764
f 4314/4723 4313/4724 4273/4766 4274/4765
f 4313/4724 4312/4725 4272/4767 4273/4766
f 4312/4725 4311/4726 4271/4768 4272/4767
f 4311/4726 4310/4727 4270/4769 4271/4768
f 4310/4727 4309/4728 4269/4770 4270/4769
f 4289/4730 4308/4729 4268/4771 4249/4772
f 4308/4729 4307/4731 4267/4773 4268/4771
f 4307/4731 4306/4732 4266/4774 4267/4773
f 4306/4732 4305/4733 4265/4775 4266/4774
f 4305/4733 4304/4734 4264/4776 4265/4775
f 4304/4734 4303/4735 4263/4777 4264/4776
f 4303/4735 4302/4736 4262/4778 4263/4777
f 4302/4736 4301/4737 4261/4779 4262/4778
f 4301/4737 4300/4738 4260/4780 4261/4779
f 4300/4738 4299/4739 4259/4781 4260/4780
f 4299/4739 4298/4740 4258/4782 4259/4781
f 4298/4740 4297/4741 4257/4783 4258/4782
f 4297/4741 4296/4742 4256/4784 4257/4783
f 4296/4742 4295/4743 4255/4785 4256/4784
f 4295/4743 4294/4744 4254/4786 4255/4785
f 4294/4744 4293/4745 4253/4787 4254/4786
f 4293/4745 4292/4746 4252/4788 4253/4787
f 4292/4746 4291/4747 4251/4789 4252/4788
f 4291/4747 4290/4748 4250/4790 4251/4789
f 4290/4748 4289/4749 4249/4791 4250/4790
f 4269/4751 4288/4750 4248/4792 4229/4793
f 4288/4750 4287/4752 4247/4794 4248/4792
f 4287/4752 4286/4753 4246/4795 4247/4794
f 4286/4753 4285/4754 4245/4796 4246/4795
f 4285/4754 4284/4755 4244/4797 4245/4796
f 4284/4755 4283/4756 4243/4798 4244/4797
f 4283/4756 4282/4757 4242/4799 4243/4798
f 4282/4757 4281/4758 4241/4800 4242/4799
f 4281/4758 4280/4759 4240/4801 4241/4800
f 4280/4759 4279/4760 4239/4802 4240/4801
f 4279/4760 4278/4761 4238/4803 4239/4802
f 4278/4761 4277/4762 4237/4804 4238/4803
f 4277/4762 4276/4763 4236/4805 4237/4804
f 4276/4763 4275/4764 4235/4806 4236/4805
f 4275/4764 4274/4765 4234/4807 4235/4806
f 4274/4765 4273/4766 4233/4808 4234/4807
f 4273/4766 4272/4767 4232/4809 4233/4808
f 4272/4767 4271/4768 4231/4810 4232/4809
f 4271/4768 4270/4769 4230/4811 4231/4810
f 4270/4769 4269/4770 4229/4812 4230/4811
f 4249/4772 4268/4771 4228/4813 4209/4814
f 4268/4771 4267/4773 4227/4815 4228/4813
f 4267/4773 4266/4774 4226/4816 4227/4815
f 4266/4774 4265/4775 4225/4817 4226/4816
f 4265/4775 4264/4776 4224/4818 4225/4817
f 4264/4776 4263/4777 4223/4819 4224/4818
f 4263/4777 4262/4778 4222/4820 4223/4819
f 4262/4778 4261/4779 4221/4821 4222/4820
f 4261/4779 4260/4780 4220/4822 4221/4821
f 4260/4780 4259/4781 4219/4823 4220/4822
f 4259/4781 4258/4782 4218/4824 4219/4823
f 4258/4782 4257/4783 4217/4825 4218/4824
f 4257/4783 4256/4784 4216/4826 4217/4825
f 4256/4784 4255/4785 4215/4827 4216/4826
f 4255/4785 4254/4786 4214/4828 4215/4827
f 4254/4786 4253/4787 4213/4829 4214/4828
f 4253/4787 4252/4788 4212/4830 4213/4829
f 4252/4788 4251/4789 4211/4831 4212/4830
f 4251/4789 4250/4790 4210/4832 4211/4831
f 4250/4790 4249/4791 4209/4833 4210/4832
f 4229/4834 4248/4835 4188/4836 4169/4837
f 4248/4835 4247/4838 4187/4839 4188/4836
f 4247/4838 4246/4840 4186/4841 4187/4839
f 4246/4840 4245/4842 4185/4843 4186/4841
f 4245/4842 4244/4844 4184/4845 4185/4843
f 4244/4844 4243/4846 4183/4847 4184/4845
f 4243/4846 4242/4848 4182/4849 4183/4847
f 4242/4848 4241/4850 4181/4851 4182/4849
f 4241/4850 4240/4852 4180/4853 4181/4851
f 4240/4852 4239/4854 4179/4855 4180/4853
f 4239/4854 4238/4856 4178/4857 4179/4855
f 4238/4856 4237/4858 4177/4859 4178/4857
f 4237/4858 4236/4860 4176/4861 4177/4859
f 4236/4860 4235/4862 4175/4863 4176/4861
f 4235/4862 4234/4864 4174/4865 4175/4863
f 4234/4864 4233/4866 4173/4867 4174/4865
f 4233/4866 4232/4868 4172/4869 4173/4867
f 4232/4868 4231/4870 4171/4871 4172/4869
f 4231/4870 4230/4872 4170/4873 4171/4871
f 4230/4872 4229/4874 4169/4875 4170/4873
f 4209/4814 4228/4813 4189/4520 4208/4519
f 4228/4813 4227/4815 4190/4523 4189/4520
f 4227/4815 4226/4816 4191/4525 4190/4523
f 4226/4816 4225/4817 4192/4527 4191/4525
f 4225/4817 4224/4818 4193/4529 4192/4527
f 4224/4818 4223/4819 4194/4531 4193/4529
f 4223/4819 4222/4820 4195/4533 4194/4531
f 4222/4820 4221/4821 4196/4535 4195/4533
f 4221/4821 4220/4822 4197/4537 4196/4535
f 4220/4822 4219/4823 4198/4539 4197/4537
f 4219/4823 4218/4824 4199/4541 4198/4539
f 4218/4824 4217/4825 4200/4543 4199/4541
f 4217/4825 4216/4826 4201/4545 4200/4543
f 4216/4826 4215/4827 4202/4547 4201/4545
f 4215/4827 4214/4828 4203/4549 4202/4547
f 4214/4828 4213/4829 4204/4551 4203/4549
f 4213/4829 4212/4830 4205/4553 4204/4551
f 4212/4830 4211/4831 4206/4555 4205/4553
f 4211/4831 4210/4832 4207/4557 4206/4555
f 4210/4832 4209/4833 4208/4559 4207/4557
f 4169/4837 4188/4836 4149/4562 4168/4561
f 4188/4836 4187/4839 4150/4565 4149/4562
f 4187/4839 4186/4841 4151/4567 4150/4565
f 4186/4841 4185/4843 4152/4569 4151/4567
f 4185/4843 4184/4845 4153/4571 4152/4569
f 4184/4845 4183/4847 4154/4573 4153/4571
f 4183/4847 4182/4849 4155/4575 4154/4573
f 4182/4849 4181/4851 4156/4577 4155/4575
f 4181/4851 4180/4853 4157/4579 4156/4577
f 4180/4853 4179/4855 4158/4581 4157/4579
f 4179/4855 4178/4857 4159/4583 4158/4581
f 4178/4857 4177/4859 4160/4585 4159/4583
f 4177/4859 4176/4861 4161/4587 4160/4585
f 4176/4861 4175/4863 4162/4589 4161/4587
f 4175/4863 4174/4865 4163/4591 4162/4589
f 4174/4865 4173/4867 4164/4593 4163/4591
f 4173/4867 4172/4869 4165/4595 4164/4593
f 4172/4869 4171/4871 4166/4597 4165/4595
f 4171/4871 4170/4873 4167/4599 4166/4597
f 4170/4873 4169/4875 4168/4601 4167/4599
f 3971/4475 3999/4441 4474/4441 4472/4475
f 4111/4305 4139/4246 4484/4246 4482/4305
f 4013/4424 4041/4390 4477/4390 4475/4424
f 4080/4364 4097/4322 4481/4322 4480/4364
f 3943/4501 3985/4500 4473/4500 4470/4501
f 4097/4322 4125/4280 4483/4280 4481/4322
f 3999/4441 4027/4407 4476/4407 4474/4441
f 4139/4246 3954/4245 4471/4245 4484/4246
f 4041/4390 4069/4339 4479/4339 4477/4390
f 3954/4245 3971/4475 4472/4475 4471/4245
f 4069/4339 4111/4305 4482/4305 4479/4339
f 3985/4458 4013/4424 4475/4424 4473/4458
f 4125/4280 3926/4279 4469/4279 4483/4280
f 4027/4407 4055/4365 4478/4365 4476/4407
f 3926/4279 3943/4501 4470/4501 4469/4279
f 4055/4365 4080/4364 4480/4364 4478/4365
f 4472/4475 4474/4441 4490/4441 4488/4475
f 4478/4365 4480/4364 4496/4364 4494/4365
f 4470/4501 4473/4500 4489/4500 4486/4501
f 4480/4364 4481/4322 4497/4322 4496/4364
f 4471/4245 4472/4475 4488/4475 4487/4245
f 4477/4390 4479/4339 4495/4339 4493/4390
f 4484/4246 4471/4245 4487/4245 4500/4246
f 4469/4279 4470/4501 4486/4501 4485/4279
f 4476/4407 4478/4365 4494/4365 4492/4407
f 4483/4280 4469/4279 4485/4279 4499/4280
f 4475/4424 4477/4390 4493/4390 4491/4424
f 4482/4305 4484/4246 4500/4246 4498/4305
f 4474/4441 4476/4407 4492/4407 4490/4441
f 4481/4322 4483/4280 4499/4280 4497/4322
f 4473/4458 4475/4424 4491/4424 4489/4458
f 4479/4339 4482/4305 4498/4305 4495/4339
f 4498/4305 4500/4246 4516/4246 4514/4305
f 4490/4441 4492/4407 4508/4407 4506/4441
f 4497/4322 4499/4280 4515/4280 4513/4322
f 4489/4458 4491/4424 4507/4424 4505/4458
f 4495/4339 4498/4305 4514/4305 4511/4339
f 4488/4475 4490/4441 4506/4441 4504/4475
f 4494/4365 4496/4364 4512/4364 4510/4365
f 4486/4501 4489/4500 4505/4500 4502/4501
f 4496/4364 4497/4322 4513/4322 4512/4364
f 4487/4245 4488/4475 4504/4475 4503/4245
f 4493/4390 4495/4339 4511/4339 4509/4390
f 4500/4246 4487/4245 4503/4245 4516/4246
f 4485/4279 4486/4501 4502/4501 4501/4279
f 4492/4407 4494/4365 4510/4365 4508/4407
f 4499/4280 4485/4279 4501/4279 4515/4280
f 4491/4424 4493/4390 4509/4390 4507/4424
f 4509/4390 4511/4339 4527/4339 4525/4390
f 4516/4246 4503/4245 4519/4245 4532/4246
f 4501/4279 4502/4501 4518/4501 4517/4279
f 4508/4407 4510/4365 4526/4365 4524/4407
f 4515/4280 4501/4279 4517/4279 4531/4280
f 4507/4424 4509/4390 4525/4390 4523/4424
f 4514/4305 4516/4246 4532/4246 4530/4305
f 4506/4441 4508/4407 4524/4407 4522/4441
f 4513/4322 4515/4280 4531/4280 4529/4322
f 4505/4458 4507/4424 4523/4424 4521/4458
f 4511/4339 4514/4305 4530/4305 4527/4339
f 4504/4475 4506/4441 4522/4441 4520/4475
f 4510/4365 4512/4364 4528/4364 4526/4365
f 4502/4501 4505/4500 4521/4500 4518/4501
f 4512/4364 4513/4322 4529/4322 4528/4364
f 4503/4245 4504/4475 4520/4475 4519/4245
f 4520/4475 4522/4441 4538/4441 4536/4475
f 4526/4365 4528/4364 4544/4364 4542/4365
f 4518/4501 4521/4500 4537/4500 4534/4501
f 4528/4364 4529/4322 4545/4322 4544/4364
f 4519/4245 4520/4475 4536/4475 4535/4245
f 4525/4390 4527/4339 4543/4339 4541/4390
f 4532/4246 4519/4245 4535/4245 4548/4246
f 4517/4279 4518/4501 4534/4501 4533/4279
f 4524/4407 4526/4365 4542/4365 4540/4407
f 4531/4280 4517/4279 4533/4279 4547/4280
f 4523/4424 4525/4390 4541/4390 4539/4424
f 4530/4305 4532/4246 4548/4246 4546/4305
f 4522/4441 4524/4407 4540/4407 4538/4441
f 4529/4322 4531/4280 4547/4280 4545/4322
f 4521/4458 4523/4424 4539/4424 4537/4458
f 4527/4339 4530/4305 4546/4305 4543/4339
f 4538/4441 4540/4407 4556/4407 4554/4441
f 4545/4322 4547/4280 4563/4280 4561/4322
f 4537/4458 4539/4424 4555/4424 4553/4458
f 4543/4339 4546/4305 4562/4305 4559/4339
f 4536/4475 4538/4441 4554/4441 4552/4475
f 4542/4365 4544/4364 4560/4364 4558/4365
f 4534/4501 4537/4500 4553/4500 4550/4501
f 4544/4364 4545/4322 4561/4322 4560/4364
f 4535/4245 4536/4475 4552/4475 4551/4245
f 4541/4390 4543/4339 4559/4339 4557/4390
f 4548/4246 4535/4245 4551/4245 4564/4246
f 4533/4279 4534/4501 4550/4501 4549/4279
f 4540/4407 4542/4365 4558/4365 4556/4407
f 4547/4280 4533/4279 4549/4279 4563/4280
f 4539/4424 4541/4390 4557/4390 4555/4424
f 4546/4305 4548/4246 4564/4246 4562/4305
f 4564/4246 4551/4245 4567/4245 4580/4246
f 4549/4279 4550/4501 4566/4501 4565/4279
f 4556/4407 4558/4365 4574/4365 4572/4407
f 4563/4280 4549/4279 4565/4279 4579/4280
f 4555/4424 4557/4390 4573/4390 4571/4424
f 4562/4305 4564/4246 4580/4246 4578/4305
f 4554/4441 4556/4407 4572/4407 4570/4441
f 4561/4322 4563/4280 4579/4280 4577/4322
f 4553/4458 4555/4424 4571/4424 4569/4458
f 4559/4339 4562/4305 4578/4305 4575/4339
f 4552/4475 4554/4441 4570/4441 4568/4475
f 4558/4365 4560/4364 4576/4364 4574/4365
f 4550/4501 4553/4500 4569/4500 4566/4501
f 4560/4364 4561/4322 4577/4322 4576/4364
f 4551/4245 4552/4475 4568/4475 4567/4245
f 4557/4390 4559/4339 4575/4339 4573/4390
f 4574/4365 4576/4364 4592/4364 4590/4365
f 4566/4501 4569/4500 4585/4500 4582/4501
f 4576/4364 4577/4322 4593/4322 4592/4364
f 4567/4245 4568/4475 4584/4475 4583/4245
f 4573/4390 4575/4339 4591/4339 4589/4390
f 4580/4246 4567/4245 4583/4245 4596/4246
f 4565/4279 4566/4501 4582/4501 4581/4279
f 4572/4407 4574/4365 4590/4365 4588/4407
f 4579/4280 4565/4279 4581/4279 4595/4280
f 4571/4424 4573/4390 4589/4390 4587/4424
f 4578/4305 4580/4246 4596/4246 4594/4305
f 4570/4441 4572/4407 4588/4407 4586/4441
f 4577/4322 4579/4280 4595/4280 4593/4322
f 4569/4458 4571/4424 4587/4424 4585/4458
f 4575/4339 4578/4305 4594/4305 4591/4339
f 4568/4475 4570/4441 4586/4441 4584/4475
f 4586/4441 4588/4407 4604/4407 4602/4441
f 4593/4322 4595/4280 4611/4280 4609/4322
f 4585/4458 4587/4424 4603/4424 4601/4458
f 4591/4339 4594/4305 4610/4305 4607/4339
f 4584/4475 4586/4441 4602/4441 4600/4475
f 4590/4365 4592/4364 4608/4364 4606/4365
f 4582/4501 4585/4500 4601/4500 4598/4501
f 4592/4364 4593/4322 4609/4322 4608/4364
f 4583/4245 4584/4475 4600/4475 4599/4245
f 4589/4390 4591/4339 4607/4339 4605/4390
f 4596/4246 4583/4245 4599/4245 4612/4246
f 4581/4279 4582/4501 4598/4501 4597/4279
f 4588/4407 4590/4365 4606/4365 4604/4407
f 4595/4280 4581/4279 4597/4279 4611/4280
f 4587/4424 4589/4390 4605/4390 4603/4424
f 4594/4305 4596/4246 4612/4246 4610/4305
f 4612/4246 4599/4245 4615/4245 4628/4246
f 4597/4279 4598/4501 4614/4501 4613/4279
f 4604/4407 4606/4365 4622/4365 4620/4407
f 4611/4280 4597/4279 4613/4279 4627/4280
f 4603/4424 4605/4390 4621/4390 4619/4424
f 4610/4305 4612/4246 4628/4246 4626/4305
f 4602/4441 4604/4407 4620/4407 4618/4441
f 4609/4322 4611/4280 4627/4280 4625/4322
f 4601/4458 4603/4424 4619/4424 4617/4458
f 4607/4339 4610/4305 4626/4305 4623/4339
f 4600/4475 4602/4441 4618/4441 4616/4475
f 4606/4365 4608/4364 4624/4364 4622/4365
f 4598/4501 4601/4500 4617/4500 4614/4501
f 4608/4364 4609/4322 4625/4322 4624/4364
f 4599/4245 4600/4475 4616/4475 4615/4245
f 4605/4390 4607/4339 4623/4339 4621/4390
f 4622/4365 4624/4364 4640/4364 4638/4365
f 4614/4501 4617/4500 4633/4500 4630/4501
f 4624/4364 4625/4322 4641/4322 4640/4364
f 4615/4245 4616/4475 4632/4475 4631/4245
f 4621/4390 4623/4339 4639/4339 4637/4390
f 4628/4246 4615/4245 4631/4245 4644/4246
f 4613/4279 4614/4501 4630/4501 4629/4279
f 4620/4407 4622/4365 4638/4365 4636/4407
f 4627/4280 4613/4279 4629/4279 4643/4280
f 4619/4424 4621/4390 4637/4390 4635/4424
f 4626/4305 4628/4246 4644/4246 4642/4305
f 4618/4441 4620/4407 4636/4407 4634/4441
f 4625/4322 4627/4280 4643/4280 4641/4322
f 4617/4458 4619/4424 4635/4424 4633/4458
f 4623/4339 4626/4305 4642/4305 4639/4339
f 4616/4475 4618/4441 4634/4441 4632/4475
f 4634/4441 4636/4407 4652/4407 4650/4441
f 4641/4322 4643/4280 4659/4280 4657/4322
f 4633/4458 4635/4424 4651/4424 4649/4458
f 4639/4339 4642/4305 4658/4305 4655/4339
f 4632/4475 4634/4441 4650/4441 4648/4475
f 4638/4365 4640/4364 4656/4364 4654/4365
f 4630/4501 4633/4500 4649/4500 4646/4501
f 4640/4364 4641/4322 4657/4322 4656/4364
f 4631/4245 4632/4475 4648/4475 4647/4245
f 4637/4390 4639/4339 4655/4339 4653/4390
f 4644/4246 4631/4245 4647/4245 4660/4246
f 4629/4279 4630/4501 4646/4501 4645/4279
f 4636/4407 4638/4365 4654/4365 4652/4407
f 4643/4280 4629/4279 4645/4279 4659/4280
f 4635/4424 4637/4390 4653/4390 4651/4424
f 4642/4305 4644/4246 4660/4246 4658/4305
f 3944/4498 4666/4876 4661/4877 3925/4276
f 4742/4878 4665/4879 4662/4880 4741/4881
f 4665/4879 4664/4502 4663/4278 4662/4880
f 3972/4474 4672/4882 4667/4883 3953/4242
f 4744/4884 4671/4885 4668/4886 4743/4887
f 4671/4885 4670/4476 4669/4244 4668/4886
f 3986/4497 4675/4888 4666/4876 3944/4498
f 4745/4889 4674/4890 4665/4879 4742/4878
f 4674/4890 4673/4499 4664/4502 4665/4879
f 4000/4440 4678/4891 4672/4882 3972/4474
f 4746/4892 4677/4893 4671/4885 4744/4884
f 4677/4893 4676/4442 4670/4476 4671/4885
f 4014/4423 4681/4894 4675/4895 3986/4457
f 4747/4896 4680/4897 4674/4898 4745/4899
f 4680/4897 4679/4425 4673/4459 4674/4898
f 4028/4406 4684/4900 4678/4891 4000/4440
f 4748/4901 4683/4902 4677/4893 4746/4892
f 4683/4902 4682/4408 4676/4442 4677/4893
f 4042/4389 4687/4903 4681/4894 4014/4423
f 4749/4904 4686/4905 4680/4897 4747/4896
f 4686/4905 4685/4391 4679/4425 4680/4897
f 4056/4362 4690/4906 4684/4900 4028/4406
f 4750/4907 4689/4908 4683/4902 4748/4901
f 4689/4908 4688/4366 4682/4408 4683/4902
f 4070/4338 4693/4909 4687/4903 4042/4389
f 4751/4910 4692/4911 4686/4905 4749/4904
f 4692/4911 4691/4340 4685/4391 4686/4905
f 4098/4321 4699/4912 4694/4913 4079/4361
f 4753/4914 4698/4915 4695/4916 4752/4917
f 4698/4915 4697/4323 4696/4363 4695/4916
f 4079/4361 4694/4913 4690/4906 4056/4362
f 4752/4917 4695/4916 4689/4908 4750/4907
f 4695/4916 4696/4363 4688/4366 4689/4908
f 4112/4304 4702/4918 4693/4909 4070/4338
f 4754/4919 4701/4920 4692/4911 4751/4910
f 4701/4920 4700/4306 4691/4340 4692/4911
f 4126/4277 4705/4921 4699/4912 4098/4321
f 4755/4922 4704/4923 4698/4915 4753/4914
f 4704/4923 4703/4281 4697/4323 4698/4915
f 4140/4243 4708/4924 4702/4918 4112/4304
f 4756/4925 4707/4926 4701/4920 4754/4919
f 4707/4926 4706/4247 4700/4306 4701/4920
f 3925/4276 4661/4877 4705/4921 4126/4277
f 4741/4881 4662/4880 4704/4923 4755/4922
f 4662/4880 4663/4278 4703/4281 4704/4923
f 3953/4242 4667/4883 4708/4924 4140/4243
f 4743/4887 4668/4886 4707/4926 4756/4925
f 4668/4886 4669/4244 4706/4247 4707/4926
f 3946/4492 4710/4927 4709/4928 3923/4270
f 3974/4471 4712/4929 4711/4930 3951/4236
f 3988/4491 4713/4931 4710/4927 3946/4492
f 4002/4437 4714/4932 4712/4929 3974/4471
f 4016/4420 4715/4933 4713/4934 3988/4454
f 4030/4403 4716/4935 4714/4932 4002/4437
f 4044/4386 4717/4936 4715/4933 4016/4420
f 4058/4356 4718/4937 4716/4935 4030/4403
f 4072/4335 4719/4938 4717/4936 4044/4386
f 4100/4318 4721/4939 4720/4940 4077/4355
f 4077/4355 4720/4940 4718/4937 4058/4356
f 4114/4301 4722/4941 4719/4938 4072/4335
f 4128/4271 4723/4942 4721/4939 4100/4318
f 4142/4237 4724/4943 4722/4941 4114/4301
f 3923/4270 4709/4928 4723/4942 4128/4271
f 3951/4236 4711/4930 4724/4943 4142/4237
f 4710/4927 4728/4496 4725/4272 4709/4928
f 4712/4929 4729/4473 4726/4238 4711/4930
f 4713/4931 4730/4493 4728/4496 4710/4927
f 4714/4932 4731/4439 4729/4473 4712/4929
f 4715/4933 4732/4422 4730/4456 4713/4934
f 4716/4935 4733/4405 4731/4439 4714/4932
f 4717/4936 4734/4388 4732/4422 4715/4933
f 4718/4937 4735/4360 4733/4405 4716/4935
f 4719/4938 4736/4337 4734/4388 4717/4936
f 4721/4939 4737/4320 4727/4357 4720/4940
f 4720/4940 4727/4357 4735/4360 4718/4937
f 4722/4941 4738/4303 4736/4337 4719/4938
f 4723/4942 4739/4275 4737/4320 4721/4939
f 4724/4943 4740/4241 4738/4303 4722/4941
f 4709/4928 4725/4272 4739/4275 4723/4942
f 4711/4930 4726/4238 4740/4241 4724/4943
f 4667/4883 4743/4887 4756/4925 4708/4924
f 4661/4877 4741/4881 4755/4922 4705/4921
f 4708/4924 4756/4925 4754/4919 4702/4918
f 4705/4921 4755/4922 4753/4914 4699/4912
f 4702/4918 4754/4919 4751/4910 4693/4909
f 4694/4913 4752/4917 4750/4907 4690/4906
f 4699/4912 4753/4914 4752/4917 4694/4913
f 4693/4909 4751/4910 4749/4904 4687/4903
f 4690/4906 4750/4907 4748/4901 4684/4900
f 4687/4903 4749/4904 4747/4896 4681/4894
f 4684/4900 4748/4901 4746/4892 4678/4891
f 4681/4894 4747/4896 4745/4899 4675/4895
f 4678/4891 4746/4892 4744/4884 4672/4882
f 4675/4888 4745/4889 4742/4878 4666/4876
f 4672/4882 4744/4884 4743/4887 4667/4883
f 4666/4876 4742/4878 4741/4881 4661/4877
f 4148/4944 4780/4945 4944/4946 4933/4947
f 4780/4945 4781/4948 4943/4949 4944/4946
f 4781/4948 4782/4950 4942/4951 4943/4949
f 4782/4950 4783/4952 4941/4953 4942/4951
f 4963/4954 4784/4955 4940/4956 4976/4957
f 4947/4958 4785/4959 4939/4960 4960/4961
f 4785/4959 4786/4962 4938/4963 4939/4960
f 4786/4962 4787/4964 4937/4965 4938/4963
f 4787/4964 4788/4966 4936/4967 4937/4965
f 4788/4966 4789/4968 4935/4969 4936/4967
f 4789/4968 4790/4970 4934/4971 4935/4969
f 4790/4970 4148/4972 4933/4973 4934/4971
f 4147/4974 4757/4975 4932/4976 4921/4977
f 4757/4975 4758/4978 4931/4979 4932/4976
f 4758/4978 4759/4980 4930/4981 4931/4979
f 4759/4980 4760/4982 4929/4983 4930/4981
f 4961/4984 4761/4985 4928/4986 4975/4987
f 4945/4988 4762/4989 4927/4990 4959/4991
f 4762/4989 4763/4992 4926/4993 4927/4990
f 4763/4992 4764/4994 4925/4995 4926/4993
f 4764/4994 4765/4996 4924/4997 4925/4995
f 4765/4996 4766/4998 4923/4999 4924/4997
f 4766/4998 4767/5000 4922/5001 4923/4999
f 4767/5000 4147/5002 4921/5003 4922/5001
f 4933/4947 4944/4946 4920/5004 4909/5005
f 4944/4946 4943/4949 4919/5006 4920/5004
f 4943/4949 4942/4951 4918/5007 4919/5006
f 4942/4951 4941/4953 4917/5008 4918/5007
f 4976/4957 4940/4956 4916/5009 4974/5010
f 4960/4961 4939/4960 4915/5011 4958/5012
f 4939/4960 4938/4963 4914/5013 4915/5011
f 4938/4963 4937/4965 4913/5014 4914/5013
f 4937/4965 4936/4967 4912/5015 4913/5014
f 4936/4967 4935/4969 4911/5016 4912/5015
f 4935/4969 4934/4971 4910/5017 4911/5016
f 4934/4971 4933/4973 4909/5018 4910/5017
f 4921/4977 4932/4976 4908/5019 4146/5020
f 4932/4976 4931/4979 4907/5021 4908/5019
f 4931/4979 4930/4981 4906/5022 4907/5021
f 4930/4981 4929/4983 4905/5023 4906/5022
f 4975/4987 4928/4986 4904/5024 4973/5025
f 4959/4991 4927/4990 4903/5026 4957/5027
f 4927/4990 4926/4993 4902/5028 4903/5026
f 4926/4993 4925/4995 4901/5029 4902/5028
f 4925/4995 4924/4997 4900/5030 4901/5029
f 4924/4997 4923/4999 4899/5031 4900/5030
f 4923/4999 4922/5001 4898/5032 4899/5031
f 4922/5001 4921/5003 4146/5033 4898/5032
f 4909/5005 4920/5004 4886/5034 4875/5035
f 4920/5004 4919/5006 4885/5036 4886/5034
f 4919/5006 4918/5007 4884/5037 4885/5036
f 4918/5007 4917/5008 4883/5038 4884/5037
f 4974/5010 4916/5009 4882/5039 4971/5040
f 4958/5012 4915/5011 4881/5041 4955/5042
f 4915/5011 4914/5013 4880/5043 4881/5041
f 4914/5013 4913/5014 4879/5044 4880/5043
f 4913/5014 4912/5015 4878/5045 4879/5044
f 4912/5015 4911/5016 4877/5046 4878/5045
f 4911/5016 4910/5017 4876/5047 4877/5046
f 4910/5017 4909/5018 4875/5048 4876/5047
f 4145/5049 4887/5050 4874/5051 4863/5052
f 4887/5050 4888/5053 4873/5054 4874/5051
f 4888/5053 4889/5055 4872/5056 4873/5054
f 4889/5055 4890/5057 4871/5058 4872/5056
f 4972/5059 4891/5060 4870/5061 4970/5062
f 4956/5063 4892/5064 4869/5065 4954/5066
f 4892/5064 4893/5067 4868/5068 4869/5065
f 4893/5067 4894/5069 4867/5070 4868/5068
f 4894/5069 4895/5071 4866/5072 4867/5070
f 4895/5071 4896/5073 4865/5074 4866/5072
f 4896/5073 4897/5075 4864/5076 4865/5074
f 4897/5075 4145/5077 4863/5078 4864/5076
f 4146/5020 4908/5019 4887/5050 4145/5049
f 4908/5019 4907/5021 4888/5053 4887/5050
f 4907/5021 4906/5022 4889/5055 4888/5053
f 4906/5022 4905/5023 4890/5057 4889/5055
f 4973/5025 4904/5024 4891/5060 4972/5059
f 4957/5027 4903/5026 4892/5064 4956/5063
f 4903/5026 4902/5028 4893/5067 4892/5064
f 4902/5028 4901/5029 4894/5069 4893/5067
f 4901/5029 4900/5030 4895/5071 4894/5069
f 4900/5030 4899/5031 4896/5073 4895/5071
f 4899/5031 4898/5032 4897/5075 4896/5073
f 4898/5032 4146/5033 4145/5077 4897/5075
f 4875/5035 4886/5034 4862/5079 4851/5080
f 4886/5034 4885/5036 4861/5081 4862/5079
f 4885/5036 4884/5037 4860/5082 4861/5081
f 4884/5037 4883/5038 4859/5083 4860/5082
f 4971/5040 4882/5039 4858/5084 4969/5085
f 4955/5042 4881/5041 4857/5086 4953/5087
f 4881/5041 4880/5043 4856/5088 4857/5086
f 4880/5043 4879/5044 4855/5089 4856/5088
f 4879/5044 4878/5045 4854/5090 4855/5089
f 4878/5045 4877/5046 4853/5091 4854/5090
f 4877/5046 4876/5047 4852/5092 4853/5091
f 4876/5047 4875/5048 4851/5093 4852/5092
f 4863/5052 4874/5051 4850/5094 4839/5095
f 4874/5051 4873/5054 4849/5096 4850/5094
f 4873/5054 4872/5056 4848/5097 4849/5096
f 4872/5056 4871/5058 4847/5098 4848/5097
f 4970/5062 4870/5061 4846/5099 4968/5100
f 4954/5066 4869/5065 4845/5101 4952/5102
f 4869/5065 4868/5068 4844/5103 4845/5101
f 4868/5068 4867/5070 4843/5104 4844/5103
f 4867/5070 4866/5072 4842/5105 4843/5104
f 4866/5072 4865/5074 4841/5106 4842/5105
f 4865/5074 4864/5076 4840/5107 4841/5106
f 4864/5076 4863/5078 4839/5108 4840/5107
f 4851/5080 4862/5079 4838/5109 4827/5110
f 4862/5079 4861/5081 4837/5111 4838/5109
f 4861/5081 4860/5082 4836/5112 4837/5111
f 4860/5082 4859/5083 4835/5113 4836/5112
f 4969/5085 4858/5084 4834/5114 4967/5115
f 4953/5087 4857/5086 4833/5116 4951/5117
f 4857/5086 4856/5088 4832/5118 4833/5116
f 4856/5088 4855/5089 4831/5119 4832/5118
f 4855/5089 4854/5090 4830/5120 4831/5119
f 4854/5090 4853/5091 4829/5121 4830/5120
f 4853/5091 4852/5092 4828/5122 4829/5121
f 4852/5092 4851/5093 4827/5123 4828/5122
f 4839/5095 4850/5094 4826/5124 4815/5125
f 4850/5094 4849/5096 4825/5126 4826/5124
f 4849/5096 4848/5097 4824/5127 4825/5126
f 4848/5097 4847/5098 4823/5128 4824/5127
f 4968/5100 4846/5099 4822/5129 4966/5130
f 4952/5102 4845/5101 4821/5131 4950/5132
f 4845/5101 4844/5103 4820/5133 4821/5131
f 4844/5103 4843/5104 4819/5134 4820/5133
f 4843/5104 4842/5105 4818/5135 4819/5134
f 4842/5105 4841/5106 4817/5136 4818/5135
f 4841/5106 4840/5107 4816/5137 4817/5136
f 4840/5107 4839/5108 4815/5138 4816/5137
f 4827/5110 4838/5109 4814/5139 4803/5140
f 4838/5109 4837/5111 4813/5141 4814/5139
f 4837/5111 4836/5112 4812/5142 4813/5141
f 4836/5112 4835/5113 4811/5143 4812/5142
f 4967/5115 4834/5114 4810/5144 4965/5145
f 4951/5117 4833/5116 4809/5146 4949/5147
f 4833/5116 4832/5118 4808/5148 4809/5146
f 4832/5118 4831/5119 4807/5149 4808/5148
f 4831/5119 4830/5120 4806/5150 4807/5149
f 4830/5120 4829/5121 4805/5151 4806/5150
f 4829/5121 4828/5122 4804/5152 4805/5151
f 4828/5122 4827/5123 4803/5153 4804/5152
f 4815/5125 4826/5124 4802/5154 4791/5155
f 4826/5124 4825/5126 4801/5156 4802/5154
f 4825/5126 4824/5127 4800/5157 4801/5156
f 4824/5127 4823/5128 4799/5158 4800/5157
f 4966/5130 4822/5129 4798/5159 4964/5160
f 4950/5132 4821/5131 4797/5161 4948/5162
f 4821/5131 4820/5133 4796/5163 4797/5161
f 4820/5133 4819/5134 4795/5164 4796/5163
f 4819/5134 4818/5135 4794/5165 4795/5164
f 4818/5135 4817/5136 4793/5166 4794/5165
f 4817/5136 4816/5137 4792/5167 4793/5166
f 4816/5137 4815/5138 4791/5168 4792/5167
f 4803/5169 4814/5170 4779/5171 4768/5172
f 4814/5170 4813/5173 4778/5174 4779/5171
f 4813/5173 4812/5175 4777/5176 4778/5174
f 4812/5175 4811/5177 4776/5178 4777/5176
f 4965/5179 4810/5180 4775/5181 4962/5182
f 4949/5183 4809/5184 4774/5185 4946/5186
f 4809/5184 4808/5187 4773/5188 4774/5185
f 4808/5187 4807/5189 4772/5190 4773/5188
f 4807/5189 4806/5191 4771/5192 4772/5190
f 4806/5191 4805/5193 4770/5194 4771/5192
f 4805/5193 4804/5195 4769/5196 4770/5194
f 4804/5195 4803/5197 4768/5198 4769/5196
f 4791/5155 4802/5154 4780/4945 4148/4944
f 4802/5154 4801/5156 4781/4948 4780/4945
f 4801/5156 4800/5157 4782/4950 4781/4948
f 4800/5157 4799/5158 4783/4952 4782/4950
f 4964/5160 4798/5159 4784/4955 4963/4954
f 4948/5162 4797/5161 4785/4959 4947/4958
f 4797/5161 4796/5163 4786/4962 4785/4959
f 4796/5163 4795/5164 4787/4964 4786/4962
f 4795/5164 4794/5165 4788/4966 4787/4964
f 4794/5165 4793/5166 4789/4968 4788/4966
f 4793/5166 4792/5167 4790/4970 4789/4968
f 4792/5167 4791/5168 4148/4972 4790/4970
f 4768/5172 4779/5171 4757/4975 4147/4974
f 4779/5171 4778/5174 4758/4978 4757/4975
f 4778/5174 4777/5176 4759/4980 4758/4978
f 4777/5176 4776/5178 4760/4982 4759/4980
f 4962/5182 4775/5181 4761/4985 4961/4984
f 4946/5186 4774/5185 4762/4989 4945/4988
f 4774/5185 4773/5188 4763/4992 4762/4989
f 4773/5188 4772/5190 4764/4994 4763/4992
f 4772/5190 4771/5192 4765/4996 4764/4994
f 4771/5192 4770/5194 4766/4998 4765/4996
f 4770/5194 4769/5196 4767/5000 4766/4998
f 4769/5196 4768/5198 4147/5002 4767/5000
f 4775/5181 4946/5186 4945/4988 4761/4985
f 4798/5159 4948/5162 4947/4958 4784/4955
f 4810/5180 4949/5183 4946/5186 4775/5181
f 4822/5129 4950/5132 4948/5162 4798/5159
f 4834/5114 4951/5117 4949/5147 4810/5144
f 4846/5099 4952/5102 4950/5132 4822/5129
f 4858/5084 4953/5087 4951/5117 4834/5114
f 4870/5061 4954/5066 4952/5102 4846/5099
f 4882/5039 4955/5042 4953/5087 4858/5084
f 4904/5024 4957/5027 4956/5063 4891/5060
f 4891/5060 4956/5063 4954/5066 4870/5061
f 4916/5009 4958/5012 4955/5042 4882/5039
f 4928/4986 4959/4991 4957/5027 4904/5024
f 4940/4956 4960/4961 4958/5012 4916/5009
f 4761/4985 4945/4988 4959/4991 4928/4986
f 4784/4955 4947/4958 4960/4961 4940/4956
f 4776/5178 4962/5182 4961/4984 4760/4982
f 4799/5158 4964/5160 4963/4954 4783/4952
f 4811/5177 4965/5179 4962/5182 4776/5178
f 4823/5128 4966/5130 4964/5160 4799/5158
f 4835/5113 4967/5115 4965/5145 4811/5143
f 4847/5098 4968/5100 4966/5130 4823/5128
f 4859/5083 4969/5085 4967/5115 4835/5113
f 4871/5058 4970/5062 4968/5100 4847/5098
f 4883/5038 4971/5040 4969/5085 4859/5083
f 4905/5023 4973/5025 4972/5059 4890/5057
f 4890/5057 4972/5059 4970/5062 4871/5058
f 4917/5008 4974/5010 4971/5040 4883/5038
f 4929/4983 4975/4987 4973/5025 4905/5023
f 4941/4953 4976/4957 4974/5010 4917/5008
f 4760/4982 4961/4984 4975/4987 4929/4983
f 4783/4952 4963/4954 4976/4957 4941/4953
f 3910/5199 4982/5200 4983/5201 3911/5202
f 3918/5203 4990/5204 4991/5205 3919/5206
f 3911/5202 4983/5200 4984/5200 3912/5207
f 3919/5206 4991/5204 4992/5204 3920/5208
f 3912/5207 4984/5200 4985/5200 3913/5209
f 3905/5210 4977/5211 4978/5212 3906/5213
f 3920/5208 4992/5204 4977/5204 3905/5210
f 3913/5209 4985/5200 4986/5200 3914/5214
f 3906/5213 4978/5211 4979/5211 3907/5215
f 3914/5214 4986/5200 4987/5200 3915/5216
f 3907/5215 4979/5211 4980/5211 3908/5217
f 3915/5216 4987/5200 4988/5200 3916/5218
f 3908/5217 4980/5211 4981/5211 3909/5219
f 3916/5218 4988/5200 4989/5200 3917/5220
f 3909/5219 4981/5211 4982/5211 3910/5199
f 3917/5220 4989/5200 4990/5200 3918/5203
f 4088/5221 5004/5222 5002/5223 4047/5224
f 3963/5225 4996/5226 4995/5227 3962/5228
f 4103/5229 5006/5230 5003/5231 4061/5232
f 3977/5233 4997/5234 4994/5235 3935/5236
f 4117/5237 5007/5238 5005/5239 4089/5240
f 3991/5241 4998/5226 4996/5226 3963/5225
f 4131/5242 5008/5230 5006/5230 4103/5229
f 4005/5243 4999/5234 4997/5234 3977/5233
f 3934/5244 4993/5238 5007/5238 4117/5237
f 4019/5245 5000/5226 4998/5226 3991/5241
f 3962/5228 4995/5226 5008/5226 4131/5242
f 4033/5246 5001/5234 4999/5234 4005/5243
f 4047/5224 5002/5222 5000/5222 4019/5245
f 4061/5232 5003/5230 5001/5230 4033/5246
f 4089/5240 5005/5238 5004/5238 4088/5221
f 3935/5236 4994/5234 4993/5234 3934/5244
f 9590/5247 6651/5248 6652/5249 9591/5250
f 9591/5250 6652/5249 6653/5251 9592/5252
f 9703/5253 9702/5254 6654/5255 6655/5256
f 9704/5257 9703/5253 6655/5256 6656/5258
f 9365/5259 5123/5260 5277/5261 9366/5262
f 9366/5262 5277/5261 5278/5263 9367/5264
f 9367/5264 5278/5263 5279/5265 9368/5266
f 9368/5266 5279/5265 5015/5267 9358/5268
f 9592/5252 6653/5251 5993/5269 9582/5270
f 9694/5271 9704/5257 6656/5258 5994/5272
f 9918/5273 9926/5274 6659/5275 5995/5276
f 9926/5274 9927/5277 6658/5278 6659/5275
f 9927/5277 9928/5279 6657/5280 6658/5278
f 9928/5279 9925/5281 6062/5282 6657/5280
f 9702/5254 9701/5283 6061/5284 6654/5255
f 9590/5247 9589/5285 6060/5286 6651/5248
f 6670/5287 6661/5288 6662/5289 6660/5290
f 6662/5289 6663/5291 6664/5292 6660/5290
f 6660/5290 6664/5292 6665/5293 6666/5294
f 6666/5294 6667/5295 6668/5296 6660/5290
f 6660/5290 6668/5296 6669/5297 6670/5287
f 10150/5298 10143/5299 5119/5300 5261/5301
f 10150/5298 5261/5301 5262/5302 10151/5303
f 5851/5304 5850/5305 6661/5288 6670/5287
f 10152/5306 10122/5307 5267/5308 6663/5309
f 6663/5291 5267/5308 5268/5310 6664/5292
f 10151/5311 10152/5306 6663/5309 6662/5289
f 6665/5312 5269/5313 5011/5314 5266/5315
f 6666/5294 6665/5293 5266/5315 5265/5316
f 6664/5292 5268/5310 5269/5313 6665/5293
f 5264/5317 5149/5318 6065/5319 6667/5320
f 6667/5295 6065/5319 6064/5321 6668/5296
f 5265/5316 5264/5317 6667/5320 6666/5294
f 6669/5322 6063/5323 5120/5324 5852/5325
f 6670/5287 6669/5297 5852/5325 5851/5304
f 6668/5296 6064/5321 6063/5323 6669/5297
f 6675/5326 6674/5327 6671/5328 6672/5329
f 6676/5330 6675/5326 6672/5329 6673/5331
f 6677/5332 6674/5327 6675/5326 6678/5333
f 6678/5333 6675/5326 6676/5330 6679/5334
f 6671/5335 6639/5336 5260/5337 6650/5338
f 6672/5329 6671/5328 6650/5338 6649/5339
f 6673/5331 6672/5329 6649/5339 6648/5340
f 5273/5341 6673/5331 6648/5340 5151/5342
f 5274/5343 6676/5330 6673/5331 5273/5341
f 5275/5344 6679/5334 6676/5330 5274/5343
f 5272/5345 6679/5334 5275/5344 5012/5346
f 5271/5347 6678/5333 6679/5334 5272/5345
f 5270/5348 6677/5332 6678/5333 5271/5347
f 5150/5349 6641/5350 6677/5332 5270/5348
f 6641/5350 6640/5351 6674/5327 6677/5332
f 6640/5351 6639/5336 6671/5335 6674/5327
f 6680/5352 6690/5353 6681/5354 6682/5355
f 6682/5355 6683/5356 6684/5357 6680/5352
f 6680/5352 6684/5357 6685/5358 6686/5359
f 6686/5359 6687/5360 6688/5361 6680/5352
f 6688/5361 6689/5362 6690/5353 6680/5352
f 6681/5363 5844/5364 5121/5365 6066/5366
f 6682/5355 6681/5354 6066/5366 6067/5367
f 6690/5353 5845/5368 5844/5364 6681/5354
f 6068/5369 5150/5349 5270/5348 6683/5370
f 6683/5356 5270/5348 5271/5347 6684/5357
f 6067/5367 6068/5369 6683/5370 6682/5355
f 6685/5371 5272/5345 5012/5346 6005/5372
f 6686/5359 6685/5358 6005/5372 6006/5373
f 6684/5357 5271/5347 5272/5345 6685/5358
f 6007/5374 5018/5375 6004/5376 6687/5377
f 6687/5360 6004/5376 6003/5378 6688/5361
f 6006/5373 6007/5374 6687/5377 6686/5359
f 6689/5379 6002/5380 5122/5381 5846/5382
f 6689/5362 5846/5382 5845/5368 6690/5353
f 6688/5361 6003/5378 6002/5380 6689/5362
f 6694/5383 6691/5384 6692/5385 6695/5386
f 6697/5387 6696/5388 6694/5383 6695/5386
f 5841/5389 5122/5381 6002/5380 6691/5390
f 6691/5384 6002/5380 6003/5378 6692/5385
f 6692/5385 6003/5378 6004/5376 6693/5391
f 6696/5388 5843/5392 5842/5393 6694/5383
f 5842/5393 5841/5389 6691/5390 6694/5383
f 5027/5394 5335/5395 6700/5396 5332/5397
f 5334/5398 6699/5399 6700/5396 5335/5395
f 5333/5400 6698/5401 6699/5399 5334/5398
f 5054/5402 5533/5403 6698/5401 5333/5400
f 6704/5404 6701/5405 6702/5406 6705/5407
f 6705/5407 6702/5406 6703/5408 6706/5409
f 6707/5410 6704/5404 6705/5407 6708/5411
f 6708/5411 6705/5407 6706/5409 6709/5412
f 6627/5413 5259/5414 6638/5415 6701/5416
f 6701/5405 6638/5415 6637/5417 6702/5406
f 6702/5406 6637/5417 6636/5418 6703/5408
f 6703/5408 6636/5418 5155/5419 5316/5420
f 6706/5409 6703/5408 5316/5420 5317/5421
f 6709/5412 6706/5409 5317/5421 5318/5422
f 6192/5423 6709/5412 5318/5422 5026/5424
f 6193/5425 6708/5411 6709/5412 6192/5423
f 6194/5426 6707/5410 6708/5411 6193/5425
f 5192/5427 6629/5428 6707/5410 6194/5426
f 6629/5428 6628/5429 6704/5404 6707/5410
f 6628/5429 6627/5413 6701/5416 6704/5404
f 6710/5430 6720/5431 6711/5432 6712/5433
f 6712/5433 6713/5434 6714/5435 6710/5430
f 6710/5430 6714/5435 6715/5436 6716/5437
f 6716/5437 6717/5438 6718/5439 6710/5430
f 6718/5439 6719/5440 6720/5431 6710/5430
f 6711/5441 5718/5442 5090/5443 5666/5444
f 6712/5433 6711/5432 5666/5444 5665/5445
f 6720/5431 5719/5446 5718/5442 6711/5432
f 5664/5447 5192/5427 6194/5426 6713/5448
f 6713/5434 6194/5426 6193/5425 6714/5435
f 5665/5445 5664/5447 6713/5448 6712/5433
f 6715/5449 6192/5423 5026/5424 5325/5450
f 6716/5437 6715/5436 5325/5450 5326/5451
f 6714/5435 6193/5425 6192/5423 6715/5436
f 5327/5452 5028/5453 5646/5454 6717/5455
f 6717/5438 5646/5454 5647/5456 6718/5439
f 5326/5451 5327/5452 6717/5455 6716/5437
f 6719/5457 5648/5458 5084/5459 5720/5460
f 6719/5440 5720/5460 5719/5446 6720/5431
f 6718/5439 5647/5456 5648/5458 6719/5440
f 6721/5461 5711/5462 5084/5459 5648/5458
f 6721/5461 5648/5458 5647/5456 6722/5463
f 6722/5463 5647/5456 5646/5454 6723/5464
f 6723/5464 5646/5454 5028/5453 5331/5465
f 9594/5466 6727/5467 6724/5468 9593/5469
f 9706/5470 6728/5471 6725/5472 9705/5473
f 9595/5474 6730/5475 6727/5467 9594/5466
f 9707/5476 6731/5477 6728/5471 9706/5470
f 9371/5478 5292/5479 5144/5480 9357/5481
f 9593/5469 6724/5468 5992/5482 9581/5483
f 9705/5473 6725/5472 5991/5484 9693/5485
f 9929/5486 6726/5487 5990/5488 9917/5489
f 9930/5490 6729/5491 6726/5487 9929/5486
f 9931/5492 6732/5493 6729/5491 9930/5490
f 9898/5494 5300/5495 6732/5493 9931/5492
f 9674/5496 5299/5497 6731/5477 9707/5476
f 9562/5498 5298/5499 6730/5475 9595/5474
f 9338/5500 5020/5501 5294/5502 9369/5503
f 9369/5503 5294/5502 5293/5504 9370/5505
f 9370/5505 5293/5504 5292/5479 9371/5478
f 6743/5506 6734/5507 6735/5508 6733/5509
f 6733/5509 6735/5508 6736/5510 6737/5511
f 6737/5511 6738/5512 6739/5513 6733/5509
f 6733/5509 6739/5513 6740/5514 6741/5515
f 6741/5515 6742/5516 6743/5506 6733/5509
f 10153/5517 5295/5518 5145/5519 10148/5520
f 6734/5507 5989/5521 5988/5522 6735/5508
f 10155/5523 5296/5524 5295/5518 10153/5517
f 6736/5525 5987/5526 5146/5527 6075/5528
f 6737/5511 6736/5510 6075/5528 6076/5529
f 6735/5508 5988/5522 5987/5526 6736/5510
f 6077/5530 5153/5531 5304/5532 6738/5533
f 6738/5512 5304/5532 5305/5534 6739/5513
f 6076/5529 6077/5530 6738/5533 6737/5511
f 6740/5535 5306/5536 5024/5537 5309/5538
f 6741/5515 6740/5514 5309/5538 5308/5539
f 6739/5513 5305/5534 5306/5536 6740/5514
f 10123/5540 5022/5541 5297/5542 10154/5543
f 10154/5543 5297/5542 5296/5524 10155/5523
f 5308/5539 5307/5544 6742/5516 6741/5515
f 6747/5545 6744/5546 6745/5547 6748/5548
f 6748/5548 6745/5547 6746/5549 6749/5550
f 6750/5551 6747/5545 6748/5548 6751/5552
f 6751/5552 6748/5548 6749/5550 6752/5553
f 6615/5554 5258/5555 6626/5556 6744/5557
f 6744/5546 6626/5556 6625/5558 6745/5547
f 6745/5547 6625/5558 6624/5559 6746/5549
f 6746/5549 6624/5559 5154/5560 5313/5561
f 6749/5550 6746/5549 5313/5561 5314/5562
f 6752/5553 6749/5550 5314/5562 5315/5563
f 5318/5422 6752/5553 5315/5563 5026/5424
f 5317/5421 6751/5552 6752/5553 5318/5422
f 5316/5420 6750/5551 6751/5552 5317/5421
f 5316/5420 5155/5419 6617/5564 6750/5551
f 6750/5551 6617/5564 6616/5565 6747/5545
f 6747/5545 6616/5565 6615/5554 6744/5546
f 6753/5566 6763/5567 6754/5568 6755/5569
f 6755/5569 6756/5570 6757/5571 6753/5566
f 6757/5571 6758/5572 6759/5573 6753/5566
f 6753/5566 6759/5573 6760/5574 6761/5575
f 6761/5575 6762/5576 6763/5567 6753/5566
f 6754/5577 6078/5578 5147/5579 5983/5580
f 6755/5569 6754/5568 5983/5580 5982/5581
f 6763/5567 6079/5582 6078/5578 6754/5568
f 5981/5583 5148/5584 5322/5585 6756/5586
f 6756/5570 5322/5585 5323/5587 6757/5571
f 5982/5581 5981/5583 6756/5586 6755/5569
f 5324/5588 5028/5453 5327/5452 6758/5589
f 6758/5572 5327/5452 5326/5451 6759/5573
f 5323/5587 5324/5588 6758/5589 6757/5571
f 6760/5590 5325/5450 5026/5424 5315/5563
f 6761/5575 6760/5574 5315/5563 5314/5562
f 6759/5573 5326/5451 5325/5450 6760/5574
f 5313/5561 5154/5560 6080/5591 6762/5592
f 6762/5576 6080/5591 6079/5582 6763/5567
f 5314/5562 5313/5561 6762/5592 6761/5575
f 6764/5593 5322/5585 5148/5584 5980/5594
f 5331/5465 5028/5453 5324/5588 6766/5595
f 6766/5595 5324/5588 5323/5587 6765/5596
f 6765/5596 5323/5587 5322/5585 6764/5593
f 6777/5597 6768/5598 6769/5599 6767/5600
f 6769/5599 6770/5601 6771/5602 6767/5600
f 6767/5600 6771/5602 6772/5603 6773/5604
f 6773/5604 6774/5605 6775/5606 6767/5600
f 6767/5600 6775/5606 6776/5607 6777/5597
f 10138/5608 5096/5609 5684/5610 10156/5611
f 10156/5611 5684/5610 5683/5612 10157/5613
f 5707/5614 5706/5615 6768/5598 6777/5597
f 10158/5616 10123/5617 5307/5618 6770/5619
f 6770/5601 5307/5618 5308/5539 6771/5602
f 10157/5620 10158/5616 6770/5619 6769/5599
f 6772/5621 5309/5538 5024/5537 6201/5622
f 6773/5604 6772/5603 6201/5622 6202/5623
f 6771/5602 5308/5539 5309/5538 6772/5603
f 6203/5624 5195/5625 5673/5626 6774/5627
f 6774/5605 5673/5626 5674/5628 6775/5606
f 6202/5623 6203/5624 6774/5627 6773/5604
f 6776/5629 5675/5630 5093/5631 5708/5632
f 6777/5597 6776/5607 5708/5632 5707/5614
f 6775/5606 5674/5628 5675/5630 6776/5607
f 6788/5633 6779/5634 6780/5635 6778/5636
f 6780/5635 6781/5637 6782/5638 6778/5636
f 6778/5636 6782/5638 6783/5639 6784/5640
f 6784/5640 6785/5641 6786/5642 6778/5636
f 6778/5636 6786/5642 6787/5643 6788/5633
f 6779/5644 5528/5645 5054/5402 5333/5400
f 6779/5634 5333/5400 5334/5398 6780/5635
f 5529/5646 5528/5645 6779/5644 6788/5633
f 5335/5395 5027/5394 5328/5647 6781/5648
f 6781/5637 5328/5647 5329/5649 6782/5638
f 5334/5398 5335/5395 6781/5648 6780/5635
f 6783/5650 5330/5651 5025/5652 5338/5653
f 6784/5640 6783/5639 5338/5653 5337/5654
f 6782/5638 5329/5649 5330/5651 6783/5639
f 5336/5655 5157/5656 6089/5657 6785/5658
f 6785/5641 6089/5657 6088/5659 6786/5642
f 5337/5654 5336/5655 6785/5658 6784/5640
f 6787/5660 6087/5661 5057/5662 5530/5663
f 6788/5633 6787/5643 5530/5663 5529/5646
f 6786/5642 6088/5659 6087/5661 6787/5643
f 9596/5664 6789/5665 6790/5666 9597/5667
f 9597/5667 6790/5666 6791/5668 9598/5669
f 9708/5670 6792/5671 6793/5672 9709/5673
f 9709/5673 6793/5672 6794/5674 9710/5675
f 9351/5676 5089/5677 5289/5678 9372/5679
f 9372/5679 5289/5678 5290/5680 9373/5681
f 9373/5681 5290/5680 5291/5682 9374/5683
f 9374/5683 5291/5682 5020/5501 9338/5500
f 9598/5669 6791/5668 5298/5499 9562/5498
f 9710/5675 6794/5674 5299/5497 9674/5496
f 9932/5684 6797/5685 5300/5495 9898/5494
f 9933/5686 6796/5687 6797/5685 9932/5684
f 9934/5688 6795/5689 6796/5687 9933/5686
f 9911/5690 5699/5691 6795/5689 9934/5688
f 9687/5692 5698/5693 6792/5671 9708/5670
f 9575/5694 5697/5695 6789/5665 9596/5664
f 6802/5696 6801/5697 6798/5698 6799/5699
f 6803/5700 6802/5696 6799/5699 6800/5701
f 6804/5702 6801/5697 6802/5696 6805/5703
f 6805/5703 6802/5696 6803/5700 6806/5704
f 6798/5705 6603/5706 5257/5707 6614/5708
f 6799/5699 6798/5698 6614/5708 6613/5709
f 6800/5701 6799/5699 6613/5709 6612/5710
f 5319/5711 6800/5701 6612/5710 5156/5712
f 5320/5713 6803/5700 6800/5701 5319/5711
f 5321/5714 6806/5704 6803/5700 5320/5713
f 5341/5715 6806/5704 5321/5714 5023/5716
f 5340/5717 6805/5703 6806/5704 5341/5715
f 5339/5718 6804/5702 6805/5703 5340/5717
f 5158/5719 6605/5720 6804/5702 5339/5718
f 6605/5720 6604/5721 6801/5697 6804/5702
f 6801/5697 6604/5721 6603/5706 6798/5698
f 6807/5722 6817/5723 6808/5724 6809/5725
f 6809/5725 6810/5726 6811/5727 6807/5722
f 6807/5722 6811/5727 6812/5728 6813/5729
f 6813/5729 6814/5730 6815/5731 6807/5722
f 6815/5731 6816/5732 6817/5723 6807/5722
f 6808/5733 5510/5734 5060/5735 6090/5736
f 6809/5725 6808/5724 6090/5736 6091/5737
f 6817/5723 5511/5738 5510/5734 6808/5724
f 6092/5739 5158/5719 5339/5718 6810/5740
f 6810/5726 5339/5718 5340/5717 6811/5727
f 6091/5737 6092/5739 6810/5740 6809/5725
f 6812/5741 5341/5715 5023/5716 5310/5742
f 6813/5729 6812/5728 5310/5742 5311/5743
f 6811/5727 5340/5717 5341/5715 6812/5728
f 10124/5744 5021/5745 5344/5746 10159/5747
f 10159/5747 5344/5746 5343/5748 10160/5749
f 5311/5743 5312/5750 6814/5730 6813/5729
f 10161/5751 10131/5752 5512/5753 6816/5754
f 6816/5732 5512/5753 5511/5738 6817/5723
f 10160/5755 10161/5751 6816/5754 6815/5731
f 9712/5756 9711/5757 6818/5758 6819/5759
f 9713/5760 9712/5756 6819/5759 6820/5761
f 9600/5762 9599/5763 6821/5764 6822/5765
f 9601/5766 9600/5762 6822/5765 6823/5767
f 9935/5768 9904/5769 5063/5770 5342/5771
f 9936/5772 9935/5768 5342/5771 5343/5773
f 9937/5774 9936/5772 5343/5773 5344/5746
f 9899/5775 9937/5774 5344/5746 5021/5745
f 9675/5776 9713/5760 6820/5761 5301/5777
f 9563/5778 9601/5766 6823/5767 5302/5779
f 9339/5780 9375/5781 6826/5782 5303/5783
f 9375/5781 9376/5784 6825/5785 6826/5782
f 9376/5784 9377/5786 6824/5787 6825/5785
f 9377/5786 9344/5788 5503/5789 6824/5787
f 9599/5763 9568/5790 5502/5791 6821/5764
f 9711/5757 9680/5792 5501/5793 6818/5758
f 6830/5794 6827/5795 6828/5796 6831/5797
f 6831/5797 6828/5796 6829/5798 6832/5799
f 6833/5800 6830/5794 6831/5797 6834/5801
f 6834/5801 6831/5797 6832/5799 6835/5802
f 6827/5803 5826/5804 5117/5805 5384/5806
f 6828/5796 6827/5795 5384/5806 5385/5807
f 6828/5796 5385/5807 5386/5808 6829/5798
f 6829/5798 5386/5808 5043/5809 5402/5810
f 6832/5799 6829/5798 5402/5810 5403/5811
f 6835/5802 6832/5799 5403/5811 5404/5812
f 5828/5813 5827/5814 6830/5794 6833/5800
f 5827/5814 5826/5804 6827/5803 6830/5794
f 6839/5815 6836/5816 6837/5817 6840/5818
f 6840/5818 6837/5817 6838/5819 6841/5820
f 6842/5821 6839/5815 6840/5818 6843/5822
f 6843/5822 6840/5818 6841/5820 6844/5823
f 5754/5824 5102/5825 5387/5826 6836/5827
f 6836/5816 5387/5826 5388/5828 6837/5817
f 6837/5817 5388/5828 5389/5829 6838/5819
f 6838/5819 5389/5829 5044/5830 5405/5831
f 6841/5820 6838/5819 5405/5831 5406/5832
f 6844/5823 6841/5820 5406/5832 5407/5833
f 5756/5834 5755/5835 6839/5815 6842/5821
f 5755/5835 5754/5824 6836/5827 6839/5815
f 6848/5836 6845/5837 6846/5838 6849/5839
f 6850/5840 6849/5839 6846/5838 6847/5841
f 6851/5842 6848/5836 6849/5839 6852/5843
f 6853/5844 6852/5843 6849/5839 6850/5840
f 5781/5845 5108/5846 5390/5847 6845/5848
f 6845/5837 5390/5847 5391/5849 6846/5838
f 6846/5838 5391/5849 5392/5850 6847/5841
f 5408/5851 6847/5841 5392/5850 5045/5852
f 5409/5853 6850/5840 6847/5841 5408/5851
f 5410/5854 6853/5844 6850/5840 5409/5853
f 5783/5855 5782/5856 6848/5836 6851/5842
f 5782/5856 5781/5845 6845/5848 6848/5836
f 6858/5857 6857/5858 6854/5859 6855/5860
f 6859/5861 6858/5857 6855/5860 6856/5862
f 6861/5863 6860/5864 6857/5858 6858/5857
f 6862/5865 6861/5863 6858/5857 6859/5861
f 6854/5866 5805/5867 5112/5868 5393/5869
f 6855/5860 6854/5859 5393/5869 5394/5870
f 6855/5860 5394/5870 5395/5871 6856/5862
f 6856/5862 5395/5871 5046/5872 5411/5873
f 5412/5874 6859/5861 6856/5862 5411/5873
f 5413/5875 6862/5865 6859/5861 5412/5874
f 6860/5864 5807/5876 5806/5877 6857/5858
f 6857/5858 5806/5877 5805/5867 6854/5859
f 6863/5878 6873/5879 6864/5880 6865/5881
f 6865/5881 6866/5882 6867/5883 6863/5878
f 6863/5878 6867/5883 6868/5884 6869/5885
f 6869/5885 6870/5886 6871/5887 6863/5878
f 6871/5887 6872/5888 6873/5879 6863/5878
f 6864/5889 5823/5890 5116/5891 6105/5892
f 6865/5881 6864/5880 6105/5892 6106/5893
f 6873/5879 5824/5894 5823/5890 6864/5880
f 6107/5895 5163/5896 5372/5897 6866/5898
f 6866/5882 5372/5897 5373/5899 6867/5883
f 6106/5893 6107/5895 6866/5898 6865/5881
f 6868/5900 5374/5901 5039/5902 5414/5903
f 6869/5885 6868/5884 5414/5903 5415/5904
f 6867/5883 5373/5899 5374/5901 6868/5884
f 5416/5905 5043/5809 5386/5808 6870/5906
f 6870/5886 5386/5808 5385/5807 6871/5887
f 5415/5904 5416/5905 6870/5906 6869/5885
f 5384/5806 5117/5805 5825/5907 6872/5908
f 6872/5888 5825/5907 5824/5894 6873/5879
f 5385/5807 5384/5806 6872/5908 6871/5887
f 6874/5909 6884/5910 6875/5911 6876/5912
f 6876/5912 6877/5913 6878/5914 6874/5909
f 6874/5909 6878/5914 6879/5915 6880/5916
f 6880/5916 6881/5917 6882/5918 6874/5909
f 6882/5918 6883/5919 6884/5910 6874/5909
f 6875/5920 5751/5921 5101/5922 6108/5923
f 6876/5912 6875/5911 6108/5923 6109/5924
f 6884/5910 5752/5925 5751/5921 6875/5911
f 6110/5926 5164/5927 5375/5928 6877/5929
f 6877/5913 5375/5928 5376/5930 6878/5914
f 6109/5924 6110/5926 6877/5929 6876/5912
f 6879/5931 5377/5932 5040/5933 5417/5934
f 6880/5916 6879/5915 5417/5934 5418/5935
f 6878/5914 5376/5930 5377/5932 6879/5915
f 5419/5936 5044/5830 5389/5829 6881/5937
f 6881/5917 5389/5829 5388/5828 6882/5918
f 5418/5935 5419/5936 6881/5937 6880/5916
f 5387/5826 5102/5825 5753/5938 6883/5939
f 6883/5919 5753/5938 5752/5925 6884/5910
f 5388/5828 5387/5826 6883/5939 6882/5918
f 6885/5940 6895/5941 6886/5942 6887/5943
f 6887/5943 6888/5944 6889/5945 6885/5940
f 6885/5940 6889/5945 6890/5946 6891/5947
f 6891/5947 6892/5948 6893/5949 6885/5940
f 6893/5949 6894/5950 6895/5941 6885/5940
f 6886/5951 5778/5952 5107/5953 6111/5954
f 6887/5943 6886/5942 6111/5954 6112/5955
f 6895/5941 5779/5956 5778/5952 6886/5942
f 6113/5957 5165/5958 5378/5959 6888/5960
f 6888/5944 5378/5959 5379/5961 6889/5945
f 6112/5955 6113/5957 6888/5960 6887/5943
f 6890/5962 5380/5963 5041/5964 5420/5965
f 6891/5947 6890/5946 5420/5965 5421/5966
f 6889/5945 5379/5961 5380/5963 6890/5946
f 6892/5967 5422/5968 5045/5852 5392/5850
f 6892/5948 5392/5850 5391/5849 6893/5949
f 5421/5966 5422/5968 6892/5967 6891/5947
f 6894/5969 5390/5847 5108/5846 5780/5970
f 6894/5950 5780/5970 5779/5956 6895/5941
f 6893/5949 5391/5849 5390/5847 6894/5950
f 6896/5971 6906/5972 6897/5973 6898/5974
f 6898/5974 6899/5975 6900/5976 6896/5971
f 6896/5971 6900/5976 6901/5977 6902/5978
f 6902/5978 6903/5979 6904/5980 6896/5971
f 6904/5980 6905/5981 6906/5972 6896/5971
f 6897/5982 5802/5983 5111/5984 6114/5985
f 6898/5974 6897/5973 6114/5985 6115/5986
f 6906/5972 5803/5987 5802/5983 6897/5973
f 6116/5988 5166/5989 5381/5990 6899/5991
f 6899/5975 5381/5990 5382/5992 6900/5976
f 6115/5986 6116/5988 6899/5991 6898/5974
f 6901/5993 5383/5994 5042/5995 5423/5996
f 6902/5978 6901/5977 5423/5996 5424/5997
f 6900/5976 5382/5992 5383/5994 6901/5977
f 5425/5998 5046/5872 5395/5871 6903/5999
f 6903/5979 5395/5871 5394/5870 6904/5980
f 5424/5997 5425/5998 6903/5999 6902/5978
f 5393/5869 5112/5868 5804/6000 6905/6001
f 6905/5981 5804/6000 5803/5987 6906/5972
f 5394/5870 5393/5869 6905/6001 6904/5980
f 6910/6002 6907/6003 6908/6004 6911/6005
f 6911/6005 6908/6004 6909/6006 6912/6007
f 6913/6008 6910/6002 6911/6005 6914/6009
f 6914/6009 6911/6005 6912/6007 6915/6010
f 6591/6011 5256/6012 6602/6013 6907/6014
f 6907/6003 6602/6013 6601/6015 6908/6004
f 6908/6004 6601/6015 6600/6016 6909/6006
f 6909/6006 6600/6016 5167/6017 5426/6018
f 6912/6007 6909/6006 5426/6018 5427/6019
f 6915/6010 6912/6007 5427/6019 5428/6020
f 5374/5901 6915/6010 5428/6020 5039/5902
f 5373/5899 6914/6009 6915/6010 5374/5901
f 5372/5897 6913/6008 6914/6009 5373/5899
f 5163/5896 6593/6021 6913/6008 5372/5897
f 6593/6021 6592/6022 6910/6002 6913/6008
f 6592/6022 6591/6011 6907/6014 6910/6002
f 6919/6023 6916/6024 6917/6025 6920/6026
f 6920/6026 6917/6025 6918/6027 6921/6028
f 6922/6029 6919/6023 6920/6026 6923/6030
f 6923/6030 6920/6026 6921/6028 6924/6031
f 6579/6032 5255/6033 6590/6034 6916/6035
f 6916/6024 6590/6034 6589/6036 6917/6025
f 6917/6025 6589/6036 6588/6037 6918/6027
f 6918/6027 6588/6037 5168/6038 5429/6039
f 6921/6028 6918/6027 5429/6039 5430/6040
f 6924/6031 6921/6028 5430/6040 5431/6041
f 5377/5932 6924/6031 5431/6041 5040/5933
f 5376/5930 6923/6030 6924/6031 5377/5932
f 5375/5928 6922/6029 6923/6030 5376/5930
f 5164/5927 6581/6042 6922/6029 5375/5928
f 6581/6042 6580/6043 6919/6023 6922/6029
f 6580/6043 6579/6032 6916/6035 6919/6023
f 6928/6044 6925/6045 6926/6046 6929/6047
f 6929/6047 6926/6046 6927/6048 6930/6049
f 6931/6050 6928/6044 6929/6047 6932/6051
f 6932/6051 6929/6047 6930/6049 6933/6052
f 6925/6053 6567/6054 5254/6055 6578/6056
f 6926/6046 6925/6045 6578/6056 6577/6057
f 6927/6048 6926/6046 6577/6057 6576/6058
f 5432/6059 6927/6048 6576/6058 5169/6060
f 5433/6061 6930/6049 6927/6048 5432/6059
f 6933/6052 6930/6049 5433/6061 5434/6062
f 5380/5963 6933/6052 5434/6062 5041/5964
f 5379/5961 6932/6051 6933/6052 5380/5963
f 5378/5959 6931/6050 6932/6051 5379/5961
f 5165/5958 6569/6063 6931/6050 5378/5959
f 6569/6063 6568/6064 6928/6044 6931/6050
f 6928/6044 6568/6064 6567/6054 6925/6045
f 6938/6065 6937/6066 6934/6067 6935/6068
f 6939/6069 6938/6065 6935/6068 6936/6070
f 6940/6071 6937/6066 6938/6065 6941/6072
f 6941/6072 6938/6065 6939/6069 6942/6073
f 6934/6074 6555/6075 5253/6076 6566/6077
f 6935/6068 6934/6067 6566/6077 6565/6078
f 6936/6070 6935/6068 6565/6078 6564/6079
f 5435/6080 6936/6070 6564/6079 5170/6081
f 5436/6082 6939/6069 6936/6070 5435/6080
f 5437/6083 6942/6073 6939/6069 5436/6082
f 5383/5994 6942/6073 5437/6083 5042/5995
f 5382/5992 6941/6072 6942/6073 5383/5994
f 5381/5990 6940/6071 6941/6072 5382/5992
f 5166/5989 6557/6084 6940/6071 5381/5990
f 6557/6084 6556/6085 6937/6066 6940/6071
f 6937/6066 6556/6085 6555/6075 6934/6067
f 6953/6086 6944/6087 6945/6088 6943/6089
f 6945/6088 6946/6090 6947/6091 6943/6089
f 6943/6089 6947/6091 6948/6092 6949/6093
f 6949/6093 6950/6094 6951/6095 6943/6089
f 6943/6089 6951/6095 6952/6096 6953/6086
f 10142/6097 5114/6098 5348/6099 10162/6100
f 10162/6100 5348/6099 5349/6101 10163/6102
f 5818/6103 5817/6104 6944/6087 6953/6086
f 10164/6105 5350/6106 5031/6107 10125/6108
f 6946/6090 5438/6109 5439/6110 6947/6091
f 10163/6111 10164/6112 6946/6090 6945/6088
f 6948/6113 5440/6114 5035/6115 5362/6116
f 6949/6093 6948/6092 5362/6116 5361/6117
f 6947/6091 5439/6110 5440/6114 6948/6092
f 5360/6118 5159/6119 6095/6120 6950/6121
f 6950/6094 6095/6120 6094/6122 6951/6095
f 5361/6117 5360/6118 6950/6121 6949/6093
f 6952/6123 6093/6124 5115/6125 5819/6126
f 6953/6086 6952/6096 5819/6126 5818/6103
f 6951/6095 6094/6122 6093/6124 6952/6096
f 6964/6127 6955/6128 6956/6129 6954/6130
f 6956/6129 6957/6131 6958/6132 6954/6130
f 6954/6130 6958/6132 6959/6133 6960/6134
f 6960/6134 6961/6135 6962/6136 6954/6130
f 6954/6130 6962/6136 6963/6137 6964/6127
f 10139/6138 5099/6139 5351/6140 10165/6141
f 10165/6141 5351/6140 5352/6142 10166/6143
f 5746/6144 5745/6145 6955/6128 6964/6127
f 10167/6146 10126/6147 5441/6148 6957/6149
f 6957/6131 5441/6148 5442/6150 6958/6132
f 10166/6151 10167/6146 6957/6149 6956/6129
f 6959/6152 5443/6153 5036/6154 5365/6155
f 6960/6134 6959/6133 5365/6155 5364/6156
f 6958/6132 5442/6150 5443/6153 6959/6133
f 5363/6157 5160/6158 6098/6159 6961/6160
f 6961/6135 6098/6159 6097/6161 6962/6136
f 5364/6156 5363/6157 6961/6160 6960/6134
f 6963/6162 6096/6163 5100/6164 5747/6165
f 6964/6127 6963/6137 5747/6165 5746/6144
f 6962/6136 6097/6161 6096/6163 6963/6137
f 6975/6166 6966/6167 6967/6168 6965/6169
f 6967/6168 6968/6170 6969/6171 6965/6169
f 6965/6169 6969/6171 6970/6172 6971/6173
f 6971/6173 6972/6174 6973/6175 6965/6169
f 6965/6169 6973/6175 6974/6176 6975/6166
f 10140/6177 5105/6178 5354/6179 10168/6180
f 10168/6180 5354/6179 5355/6181 10169/6182
f 5773/6183 5772/6184 6966/6167 6975/6166
f 10170/6185 10127/6186 5444/6187 6968/6188
f 6968/6170 5444/6187 5445/6189 6969/6171
f 10169/6190 10170/6185 6968/6188 6967/6168
f 6970/6191 5446/6192 5037/6193 5368/6194
f 6971/6173 6970/6172 5368/6194 5367/6195
f 6969/6171 5445/6189 5446/6192 6970/6172
f 5366/6196 5161/6197 6101/6198 6972/6199
f 6972/6174 6101/6198 6100/6200 6973/6175
f 5367/6195 5366/6196 6972/6199 6971/6173
f 6974/6201 6099/6202 5106/6203 5774/6204
f 6975/6166 6974/6176 5774/6204 5773/6183
f 6973/6175 6100/6200 6099/6202 6974/6176
f 6977/6205 6978/6206 6976/6207 6986/6208
f 6976/6209 6980/6210 6981/6211 6982/6212
f 6982/6212 6983/6213 6984/6214 6976/6209
f 6976/6209 6984/6214 6985/6215 6986/6208
f 10171/6216 10141/6217 5109/6218 5357/6219
f 10172/6220 10171/6216 5357/6219 5358/6221
f 5797/6222 5796/6223 6977/6205 6986/6208
f 10173/6224 10128/6225 5447/6226 6979/6227
f 6980/6210 6976/6209 6978/6206 6979/6228
f 10172/6229 10173/6224 6979/6227 6978/6206
f 6981/6230 5449/6231 5038/6232 5371/6233
f 6982/6212 6981/6211 5371/6233 5370/6234
f 6980/6210 5448/6235 5449/6231 6981/6211
f 5369/6236 5162/6237 6104/6238 6983/6239
f 6983/6213 6104/6238 6103/6240 6984/6214
f 5370/6234 5369/6236 6983/6239 6982/6212
f 6102/6241 5110/6242 5798/6243 6985/6244
f 6986/6208 6985/6215 5798/6243 5797/6222
f 6984/6214 6103/6240 6102/6241 6985/6215
f 9602/6245 6987/6246 6988/6247 9603/6248
f 9603/6248 6988/6247 6989/6249 9604/6250
f 9714/6251 6990/6252 6991/6253 9715/6254
f 9715/6254 6991/6253 6992/6255 9716/6256
f 9364/6257 5118/6258 5396/6259 9378/6260
f 9378/6260 5396/6259 5397/6261 9379/6262
f 9379/6262 5397/6261 5398/6263 9380/6264
f 9380/6264 5398/6263 5047/6265 9360/6266
f 9604/6250 6989/6249 6024/6267 9584/6268
f 9716/6256 6992/6255 6025/6269 9696/6270
f 9938/6271 6995/6272 6026/6273 9920/6274
f 9939/6275 6994/6276 6995/6272 9938/6271
f 9940/6277 6993/6278 6994/6276 9939/6275
f 9924/6279 6056/6280 6993/6278 9940/6277
f 9700/6281 6055/6282 6990/6252 9714/6251
f 9588/6283 6054/6284 6987/6246 9602/6245
f 9605/6285 6996/6286 6997/6287 9606/6288
f 9606/6288 6997/6287 6998/6289 9607/6290
f 9717/6291 6999/6292 7000/6293 9718/6294
f 9718/6294 7000/6293 7001/6295 9719/6296
f 9362/6297 5103/6298 5399/6299 9381/6300
f 9381/6300 5399/6299 5400/6301 9382/6302
f 9382/6302 5400/6301 5401/6303 9383/6304
f 9383/6304 5401/6303 5048/6305 9361/6306
f 9607/6290 6998/6289 6027/6307 9585/6308
f 9719/6296 7001/6295 6028/6309 9697/6310
f 9941/6311 7004/6312 6029/6313 9921/6314
f 9942/6315 7003/6316 7004/6312 9941/6311
f 9943/6317 7002/6318 7003/6316 9942/6315
f 9922/6319 6038/6320 7002/6318 9943/6317
f 9698/6321 6037/6322 6999/6292 9717/6291
f 9586/6323 6036/6324 6996/6286 9605/6285
f 9609/6325 9608/6326 7005/6327 7006/6328
f 9610/6329 9609/6325 7006/6328 7007/6330
f 9721/6331 9720/6332 7008/6333 7009/6334
f 9722/6335 9721/6331 7009/6334 7010/6336
f 9384/6337 9352/6338 5104/6339 5345/6340
f 9385/6341 9384/6337 5345/6340 5346/6342
f 9386/6343 9385/6341 5346/6342 5347/6344
f 9340/6345 9386/6343 5347/6344 5029/6346
f 9564/6347 9610/6329 7007/6330 5450/6348
f 9676/6349 9722/6335 7010/6336 5451/6350
f 9900/6351 9944/6352 7013/6353 5452/6354
f 9944/6352 9945/6355 7012/6356 7013/6353
f 9946/6357 7011/6358 7012/6356 9945/6355
f 9912/6359 5771/6360 7011/6358 9946/6357
f 9720/6332 9688/6361 5770/6362 7008/6333
f 9608/6326 9576/6363 5769/6364 7005/6327
f 9612/6365 9611/6366 7014/6367 7015/6368
f 9613/6369 9612/6365 7015/6368 7016/6370
f 9724/6371 9723/6372 7017/6373 7018/6374
f 9725/6375 9724/6371 7018/6374 7019/6376
f 9387/6377 9363/6378 5113/6379 6021/6380
f 9388/6381 9387/6377 6021/6380 6022/6382
f 9389/6383 9388/6381 6022/6382 6023/6384
f 9341/6385 9389/6383 6023/6384 5030/6386
f 9565/6387 9613/6369 7016/6370 5453/6388
f 9677/6389 9725/6375 7019/6376 5454/6390
f 9901/6391 9947/6392 7022/6393 5455/6394
f 9947/6392 9948/6395 7021/6396 7022/6393
f 9948/6395 9949/6397 7020/6398 7021/6396
f 9949/6397 9923/6399 6047/6400 7020/6398
f 9723/6372 9699/6401 6046/6402 7017/6373
f 9611/6366 9587/6403 6045/6404 7014/6367
f 9726/6405 7023/6406 7024/6407 9727/6408
f 9727/6408 7024/6407 7025/6409 9728/6410
f 9614/6411 7026/6412 7027/6413 9615/6414
f 9615/6414 7027/6413 7028/6415 9616/6416
f 9919/6417 5009/6418 6033/6419 9950/6420
f 9950/6420 6033/6419 6034/6421 9951/6422
f 9951/6422 6034/6421 6035/6423 9952/6424
f 9952/6424 6035/6423 5061/6425 9902/6426
f 9728/6410 7025/6409 5495/6427 9678/6428
f 9616/6416 7028/6415 5496/6429 9566/6430
f 9390/6431 7031/6432 5497/6433 9342/6434
f 9391/6435 7030/6436 7031/6432 9390/6431
f 9392/6437 7029/6438 7030/6436 9391/6435
f 9359/6439 5998/6440 7029/6438 9392/6437
f 9583/6441 5997/6442 7026/6412 9614/6411
f 9695/6443 5996/6444 7023/6406 9726/6405
f 9729/6445 7032/6446 7033/6447 9730/6448
f 9730/6448 7033/6447 7034/6449 9731/6450
f 9617/6451 7035/6452 7036/6453 9618/6454
f 9618/6454 7036/6453 7037/6455 9619/6456
f 9902/6426 5061/6425 5489/6457 9953/6458
f 9953/6458 5489/6457 5490/6459 9954/6460
f 9954/6460 5490/6459 5491/6461 9955/6462
f 9955/6462 5491/6461 5062/6463 9903/6464
f 9731/6450 7034/6449 5498/6465 9679/6466
f 9619/6456 7037/6455 5499/6467 9567/6468
f 9393/6469 7040/6470 5500/6471 9343/6472
f 9394/6473 7039/6474 7040/6470 9393/6469
f 9395/6475 7038/6476 7039/6474 9394/6473
f 9342/6434 5497/6433 7038/6476 9395/6475
f 9566/6430 5496/6429 7035/6452 9617/6451
f 9678/6428 5495/6427 7032/6446 9729/6445
f 9733/6477 9732/6478 7041/6479 7042/6480
f 9734/6481 9733/6477 7042/6480 7043/6482
f 9621/6483 9620/6484 7044/6485 7045/6486
f 9622/6487 9621/6483 7045/6486 7046/6488
f 9956/6489 9903/6464 5062/6463 5492/6490
f 9957/6491 9956/6489 5492/6490 5493/6492
f 9958/6493 9957/6491 5493/6492 5494/6494
f 9904/5769 9958/6493 5494/6494 5063/5770
f 9680/5792 9734/6481 7043/6482 5501/5793
f 9568/5790 9622/6487 7046/6488 5502/5791
f 9344/5788 9396/6495 7049/6496 5503/5789
f 9396/6495 9397/6497 7048/6498 7049/6496
f 9397/6497 9398/6499 7047/6500 7048/6498
f 9398/6499 9343/6472 5500/6471 7047/6500
f 9567/6468 5499/6467 7044/6485 9620/6484
f 9679/6466 5498/6465 7041/6479 9732/6478
f 7050/6501 7060/6502 7051/6503 7052/6504
f 7052/6504 7053/6505 7054/6506 7050/6501
f 7050/6501 7054/6506 7055/6507 7056/6508
f 7056/6508 7057/6509 7058/6510 7050/6501
f 7058/6510 7059/6511 7060/6502 7050/6501
f 5999/6512 5016/6513 6138/6514 7051/6515
f 7052/6504 7051/6503 6138/6514 6139/6516
f 7060/6502 6000/6517 5999/6512 7051/6503
f 6140/6518 5174/6519 5480/6520 7053/6521
f 7053/6505 5480/6520 5481/6522 7054/6506
f 6139/6516 6140/6518 7053/6521 7052/6504
f 7055/6523 5482/6524 5058/6525 5504/6526
f 7056/6508 7055/6507 5504/6526 5505/6527
f 7054/6506 5481/6522 5482/6524 7055/6507
f 10129/6528 5061/6425 6035/6423 10174/6529
f 10174/6529 6035/6423 6034/6421 10175/6530
f 5505/6527 5506/6531 7057/6509 7056/6508
f 10176/6532 6033/6419 5009/6418 10149/6533
f 7059/6511 6001/6534 6000/6517 7060/6502
f 10175/6530 6034/6421 6033/6419 10176/6532
f 7061/6535 7071/6536 7062/6537 7063/6538
f 7063/6538 7064/6539 7065/6540 7061/6535
f 7061/6535 7065/6540 7066/6541 7067/6542
f 7067/6542 7068/6543 7069/6544 7061/6535
f 7069/6544 7070/6545 7071/6536 7061/6535
f 5504/6526 5058/6525 6141/6546 7062/6547
f 7063/6538 7062/6537 6141/6546 6142/6548
f 7071/6536 5505/6527 5504/6526 7062/6537
f 6143/6549 5175/6550 5483/6551 7064/6552
f 7064/6539 5483/6551 5484/6553 7065/6540
f 6142/6548 6143/6549 7064/6552 7063/6538
f 7066/6554 5485/6555 5059/6556 5507/6557
f 7067/6542 7066/6541 5507/6557 5508/6558
f 7065/6540 5484/6553 5485/6555 7066/6541
f 10130/6559 5062/6463 5491/6461 10177/6560
f 10177/6560 5491/6461 5490/6459 10178/6561
f 5508/6558 5509/6562 7068/6543 7067/6542
f 10179/6563 5489/6457 5061/6425 10129/6528
f 7070/6545 5506/6531 5505/6527 7071/6536
f 10178/6561 5490/6459 5489/6457 10179/6563
f 7072/6564 7082/6565 7073/6566 7074/6567
f 7074/6567 7075/6568 7076/6569 7072/6564
f 7072/6564 7076/6569 7077/6570 7078/6571
f 7078/6571 7079/6572 7080/6573 7072/6564
f 7080/6573 7081/6574 7082/6565 7072/6564
f 7073/6575 5507/6557 5059/6556 6144/6576
f 7074/6567 7073/6566 6144/6576 6145/6577
f 7082/6565 5508/6558 5507/6557 7073/6566
f 6146/6578 5176/6579 5486/6580 7075/6581
f 7075/6568 5486/6580 5487/6582 7076/6569
f 6145/6577 6146/6578 7075/6581 7074/6567
f 7077/6583 5488/6584 5060/5735 5510/5734
f 7078/6571 7077/6570 5510/5734 5511/5738
f 7076/6569 5487/6582 5488/6584 7077/6570
f 10131/6585 5063/5770 5494/6494 10180/6586
f 10180/6586 5494/6494 5493/6492 10181/6587
f 5511/5738 5512/5753 7079/6572 7078/6571
f 10182/6588 10130/6589 5509/6590 7081/6591
f 7081/6574 5509/6590 5508/6558 7082/6565
f 10181/6592 10182/6588 7081/6591 7080/6573
f 7086/6593 7083/6594 7084/6595 7087/6596
f 7087/6596 7084/6595 7085/6597 7088/6598
f 7089/6599 7086/6593 7087/6596 7090/6600
f 7090/6600 7087/6596 7088/6598 7091/6601
f 6543/6602 5252/6603 6554/6604 7083/6605
f 7083/6594 6554/6604 6553/6606 7084/6595
f 7084/6595 6553/6606 6552/6607 7085/6597
f 7085/6597 6552/6607 5177/6608 5513/6609
f 7088/6598 7085/6597 5513/6609 5514/6610
f 7091/6601 7088/6598 5514/6610 5515/6611
f 5482/6524 7091/6601 5515/6611 5058/6525
f 5481/6522 7090/6600 7091/6601 5482/6524
f 5480/6520 7089/6599 7090/6600 5481/6522
f 5174/6519 6545/6612 7089/6599 5480/6520
f 6545/6612 6544/6613 7086/6593 7089/6599
f 6544/6613 6543/6602 7083/6605 7086/6593
f 7095/6614 7092/6615 7093/6616 7096/6617
f 7096/6617 7093/6616 7094/6618 7097/6619
f 7098/6620 7095/6614 7096/6617 7099/6621
f 7099/6621 7096/6617 7097/6619 7100/6622
f 6531/6623 5251/6624 6542/6625 7092/6626
f 7092/6615 6542/6625 6541/6627 7093/6616
f 7093/6616 6541/6627 6540/6628 7094/6618
f 5516/6629 7094/6618 6540/6628 5178/6630
f 7097/6619 7094/6618 5516/6629 5517/6631
f 7100/6622 7097/6619 5517/6631 5518/6632
f 5485/6555 7100/6622 5518/6632 5059/6556
f 5484/6553 7099/6621 7100/6622 5485/6555
f 5483/6551 7098/6620 7099/6621 5484/6553
f 5175/6550 6533/6633 7098/6620 5483/6551
f 6533/6633 6532/6634 7095/6614 7098/6620
f 6532/6634 6531/6623 7092/6626 7095/6614
f 7105/6635 7104/6636 7101/6637 7102/6638
f 7106/6639 7105/6635 7102/6638 7103/6640
f 7107/6641 7104/6636 7105/6635 7108/6642
f 7108/6642 7105/6635 7106/6639 7109/6643
f 7101/6644 6519/6645 5250/6646 6530/6647
f 7102/6638 7101/6637 6530/6647 6529/6648
f 7103/6640 7102/6638 6529/6648 6528/6649
f 5519/6650 7103/6640 6528/6649 5179/6651
f 5520/6652 7106/6639 7103/6640 5519/6650
f 5521/6653 7109/6643 7106/6639 5520/6652
f 5060/5735 5488/6584 7109/6643 5521/6653
f 5487/6582 7108/6642 7109/6643 5488/6584
f 5486/6580 7107/6641 7108/6642 5487/6582
f 5176/6579 6521/6654 7107/6641 5486/6580
f 6521/6654 6520/6655 7104/6636 7107/6641
f 7104/6636 6520/6655 6519/6645 7101/6637
f 7120/6656 7111/6657 7112/6658 7110/6659
f 7112/6658 7113/6660 7114/6661 7110/6659
f 7110/6659 7114/6661 7115/6662 7116/6663
f 7116/6663 7117/6664 7118/6665 7110/6659
f 7110/6659 7118/6665 7119/6666 7120/6656
f 6008/6667 5013/6668 6030/6669 7111/6670
f 7111/6657 6030/6669 6031/6671 7112/6658
f 6009/6672 6008/6667 7111/6670 7120/6656
f 6032/6673 5052/6674 5522/6675 7113/6676
f 7113/6660 5522/6675 5523/6677 7114/6661
f 6031/6671 6032/6673 7113/6676 7112/6658
f 7115/6678 5524/6679 5055/6680 5473/6681
f 7116/6663 7115/6662 5473/6681 5472/6682
f 7114/6661 5523/6677 5524/6679 7115/6662
f 5471/6683 5171/6684 6131/6685 7117/6686
f 7117/6664 6131/6685 6130/6687 7118/6665
f 5472/6682 5471/6683 7117/6686 7116/6663
f 7119/6688 6129/6689 5017/6690 6010/6691
f 7120/6656 7119/6666 6010/6691 6009/6672
f 7118/6665 6130/6687 6129/6689 7119/6666
f 7131/6692 7122/6693 7123/6694 7121/6695
f 7123/6694 7124/6696 7125/6697 7121/6695
f 7121/6695 7125/6697 7126/6698 7127/6699
f 7127/6699 7128/6700 7129/6701 7121/6695
f 7121/6695 7129/6701 7130/6702 7131/6692
f 7122/6703 5522/6675 5052/6674 5465/6704
f 7123/6694 7122/6693 5465/6704 5466/6705
f 5523/6677 5522/6675 7122/6703 7131/6692
f 5467/6706 5053/6707 5525/6708 7124/6709
f 7124/6696 5525/6708 5526/6710 7125/6697
f 5466/6705 5467/6706 7124/6709 7123/6694
f 7126/6711 5527/6712 5056/6713 5476/6714
f 7127/6699 7126/6698 5476/6714 5475/6715
f 7125/6697 5526/6710 5527/6712 7126/6698
f 5474/6716 5172/6717 6134/6718 7128/6719
f 7128/6700 6134/6718 6133/6720 7129/6701
f 5475/6715 5474/6716 7128/6719 7127/6699
f 7130/6721 6132/6722 5055/6680 5524/6679
f 7131/6692 7130/6702 5524/6679 5523/6677
f 7129/6701 6133/6720 6132/6722 7130/6702
f 7142/6723 7133/6724 7134/6725 7132/6726
f 7134/6725 7135/6727 7136/6728 7132/6726
f 7132/6726 7136/6728 7137/6729 7138/6730
f 7138/6730 7139/6731 7140/6732 7132/6726
f 7132/6726 7140/6732 7141/6733 7142/6723
f 5525/6708 5053/6707 5468/6734 7133/6735
f 7133/6724 5468/6734 5469/6736 7134/6725
f 5526/6710 5525/6708 7133/6735 7142/6723
f 5470/6737 5054/5402 5528/5645 7135/6738
f 7135/6727 5528/5645 5529/5646 7136/6728
f 5469/6736 5470/6737 7135/6738 7134/6725
f 7137/6739 5530/5663 5057/5662 5479/6740
f 7138/6730 7137/6729 5479/6740 5478/6741
f 7136/6728 5529/5646 5530/5663 7137/6729
f 5477/6742 5173/6743 6137/6744 7139/6745
f 7139/6731 6137/6744 6136/6746 7140/6732
f 5478/6741 5477/6742 7139/6745 7138/6730
f 7141/6747 6135/6748 5056/6713 5527/6712
f 7142/6723 7141/6733 5527/6712 5526/6710
f 7140/6732 6136/6746 6135/6748 7141/6733
f 5052/6674 6032/6673 7145/6749 5531/6750
f 6032/6673 6031/6671 7144/6751 7145/6749
f 6030/6669 7143/6752 7144/6751 6031/6671
f 5053/6707 5467/6706 7148/6753 5532/6754
f 5467/6706 5466/6705 7147/6755 7148/6753
f 5466/6705 5465/6704 7146/6756 7147/6755
f 5465/6704 5052/6674 5531/6750 7146/6756
f 5470/6737 7151/6757 5533/5403 5054/5402
f 5469/6736 7150/6758 7151/6757 5470/6737
f 5468/6734 7149/6759 7150/6758 5469/6736
f 5053/6707 5532/6754 7149/6759 5468/6734
f 5582/6760 5128/6761 5880/6762 7152/6763
f 5080/6764 5584/6765 7154/6766 5594/6767
f 5584/6765 5583/6768 7153/6769 7154/6766
f 5583/6768 5582/6760 7152/6763 7153/6769
f 5585/6770 5133/6771 5908/6772 7155/6773
f 5081/6774 5587/6775 7157/6776 5595/6777
f 5587/6775 5586/6778 7156/6779 7157/6776
f 5586/6778 5585/6770 7155/6773 7156/6779
f 7158/6780 5588/6781 5138/6782 5936/6783
f 5082/6784 5590/6785 7160/6786 5596/6787
f 5590/6785 5589/6788 7159/6789 7160/6786
f 7159/6789 5589/6788 5588/6790 7158/6791
f 7161/6792 5591/6793 5143/6794 5964/6795
f 5597/6796 5083/6797 5593/6798 7163/6799
f 7163/6799 5593/6798 5592/6800 7162/6801
f 7162/6801 5592/6800 5591/6793 7161/6792
f 7164/6802 7174/6803 7165/6804 7166/6805
f 7166/6805 7167/6806 7168/6807 7164/6802
f 7168/6807 7169/6808 7170/6809 7164/6802
f 7164/6802 7170/6809 7171/6810 7172/6811
f 7172/6811 7173/6812 7174/6803 7164/6802
f 7165/6813 6168/6814 5127/6815 5879/6816
f 7166/6805 7165/6804 5879/6816 5878/6817
f 7174/6803 6169/6818 6168/6814 7165/6804
f 7167/6819 5877/6820 5128/6761 5582/6760
f 7168/6807 7167/6806 5582/6760 5583/6768
f 5878/6817 5877/6820 7167/6819 7166/6805
f 5584/6765 5080/6764 5598/6821 7169/6822
f 7169/6808 5598/6821 5599/6823 7170/6809
f 5583/6768 5584/6765 7169/6822 7168/6807
f 7171/6824 5600/6825 5076/6826 5572/6827
f 7172/6811 7171/6810 5572/6827 5571/6828
f 7170/6809 5599/6823 5600/6825 7171/6810
f 5570/6829 5184/6830 6170/6831 7173/6832
f 7173/6812 6170/6831 6169/6818 7174/6803
f 5571/6828 5570/6829 7173/6832 7172/6811
f 7175/6833 7185/6834 7176/6835 7177/6836
f 7177/6836 7178/6837 7179/6838 7175/6833
f 7179/6838 7180/6839 7181/6840 7175/6833
f 7175/6833 7181/6840 7182/6841 7183/6842
f 7183/6842 7184/6843 7185/6834 7175/6833
f 7176/6844 6171/6845 5132/6846 5907/6847
f 7177/6836 7176/6835 5907/6847 5906/6848
f 7185/6834 6172/6849 6171/6845 7176/6835
f 5905/6850 5133/6771 5585/6770 7178/6851
f 7178/6837 5585/6770 5586/6778 7179/6838
f 5906/6848 5905/6850 7178/6851 7177/6836
f 5587/6775 5081/6774 5601/6852 7180/6853
f 7180/6839 5601/6852 5602/6854 7181/6840
f 5586/6778 5587/6775 7180/6853 7179/6838
f 7182/6855 5603/6856 5077/6857 5575/6858
f 7183/6842 7182/6841 5575/6858 5574/6859
f 7181/6840 5602/6854 5603/6856 7182/6841
f 5573/6860 5185/6861 6173/6862 7184/6863
f 7184/6843 6173/6862 6172/6849 7185/6834
f 5574/6859 5573/6860 7184/6863 7183/6842
f 7186/6864 7196/6865 7187/6866 7188/6867
f 7188/6867 7189/6868 7190/6869 7186/6864
f 7190/6869 7191/6870 7192/6871 7186/6864
f 7186/6864 7192/6871 7193/6872 7194/6873
f 7194/6873 7195/6874 7196/6865 7186/6864
f 7187/6875 6174/6876 5137/6877 5935/6878
f 7188/6879 7187/6875 5935/6878 5934/6880
f 7196/6865 6175/6881 6174/6882 7187/6866
f 5933/6883 5138/6782 5588/6781 7189/6884
f 7189/6868 5588/6790 5589/6788 7190/6869
f 5934/6880 5933/6883 7189/6884 7188/6879
f 5590/6785 5082/6784 5604/6885 7191/6886
f 7191/6870 5604/6885 5605/6887 7192/6871
f 5589/6788 5590/6785 7191/6886 7190/6869
f 7193/6888 5606/6889 5078/6890 5578/6891
f 7194/6873 7193/6872 5578/6891 5577/6892
f 7192/6871 5605/6887 5606/6889 7193/6872
f 5576/6893 5186/6894 6176/6895 7195/6896
f 7195/6874 6176/6895 6175/6881 7196/6865
f 5577/6892 5576/6893 7195/6896 7194/6873
f 7197/6897 7207/6898 7198/6899 7199/6900
f 7199/6900 7200/6901 7201/6902 7197/6897
f 7201/6902 7202/6903 7203/6904 7197/6897
f 7197/6897 7203/6904 7204/6905 7205/6906
f 7205/6906 7206/6907 7207/6898 7197/6897
f 7198/6908 6177/6909 5142/6910 5963/6911
f 7199/6900 7198/6899 5963/6911 5962/6912
f 7207/6898 6178/6913 6177/6909 7198/6899
f 5961/6914 5143/6794 5591/6793 7200/6915
f 7200/6901 5591/6793 5592/6800 7201/6902
f 5962/6912 5961/6914 7200/6915 7199/6900
f 7202/6916 5593/6798 5083/6797 5607/6917
f 7202/6903 5607/6917 5608/6918 7203/6904
f 5592/6800 5593/6798 7202/6916 7201/6902
f 7204/6919 5609/6920 5079/6921 5581/6922
f 7205/6906 7204/6905 5581/6922 5580/6923
f 7203/6904 5608/6918 5609/6920 7204/6905
f 5579/6924 5187/6925 6179/6926 7206/6927
f 7206/6907 6179/6926 6178/6913 7207/6898
f 5580/6923 5579/6924 7206/6927 7205/6906
f 7212/6928 7211/6929 7208/6930 7209/6931
f 7212/6928 7209/6931 7210/6932 7213/6933
f 7215/6934 7214/6935 7211/6929 7212/6928
f 7215/6934 7212/6928 7213/6933 7216/6936
f 7208/6937 6507/6938 5249/6939 6518/6940
f 7209/6931 7208/6930 6518/6940 6517/6941
f 7209/6931 6517/6941 6516/6942 7210/6932
f 7210/6932 6516/6942 5184/6830 5570/6829
f 7213/6933 7210/6932 5570/6829 5571/6828
f 7216/6936 7213/6933 5571/6828 5572/6827
f 6180/6943 7216/6936 5572/6827 5076/6826
f 6180/6943 6181/6944 7215/6934 7216/6936
f 6181/6944 6182/6945 7214/6935 7215/6934
f 6182/6945 5188/6946 6509/6947 7214/6935
f 7214/6935 6509/6947 6508/6948 7211/6929
f 7211/6929 6508/6948 6507/6938 7208/6930
f 7220/6949 7217/6950 7218/6951 7221/6952
f 7221/6952 7218/6951 7219/6953 7222/6954
f 7224/6955 7223/6956 7220/6949 7221/6952
f 7224/6955 7221/6952 7222/6954 7225/6957
f 7217/6958 6495/6959 5248/6960 6506/6961
f 7218/6951 7217/6950 6506/6961 6505/6962
f 7218/6951 6505/6962 6504/6963 7219/6953
f 7219/6953 6504/6963 5185/6861 5573/6860
f 7222/6954 7219/6953 5573/6860 5574/6859
f 7225/6957 7222/6954 5574/6859 5575/6858
f 6183/6964 7225/6957 5575/6858 5077/6857
f 6184/6965 7224/6955 7225/6957 6183/6964
f 6184/6965 6185/6966 7223/6956 7224/6955
f 6185/6966 5189/6967 6497/6968 7223/6956
f 7223/6956 6497/6968 6496/6969 7220/6949
f 7220/6949 6496/6969 6495/6959 7217/6950
f 7229/6970 7226/6971 7227/6972 7230/6973
f 7230/6973 7227/6972 7228/6974 7231/6975
f 7232/6976 7229/6970 7230/6973 7233/6977
f 7233/6977 7230/6973 7231/6975 7234/6978
f 7226/6979 6483/6980 5247/6981 6494/6982
f 7227/6972 7226/6971 6494/6982 6493/6983
f 7227/6972 6493/6983 6492/6984 7228/6974
f 7228/6974 6492/6984 5186/6894 5576/6893
f 7231/6975 7228/6974 5576/6893 5577/6892
f 7234/6978 7231/6975 5577/6892 5578/6891
f 6186/6985 7234/6978 5578/6891 5078/6890
f 6187/6986 7233/6977 7234/6978 6186/6985
f 6187/6986 6188/6987 7232/6976 7233/6977
f 6188/6987 5190/6988 6485/6989 7232/6976
f 7232/6976 6485/6989 6484/6990 7229/6970
f 7229/6970 6484/6990 6483/6980 7226/6971
f 7238/6991 7235/6992 7236/6993 7239/6994
f 7239/6994 7236/6993 7237/6995 7240/6996
f 7241/6997 7238/6991 7239/6994 7242/6998
f 7242/6998 7239/6994 7240/6996 7243/6999
f 7235/7000 6471/7001 5246/7002 6482/7003
f 7235/6992 6482/7003 6481/7004 7236/6993
f 7236/6993 6481/7004 6480/7005 7237/6995
f 7237/6995 6480/7005 5187/6925 5579/6924
f 7240/6996 7237/6995 5579/6924 5580/6923
f 7243/6999 7240/6996 5580/6923 5581/6922
f 6189/7006 7243/6999 5581/6922 5079/6921
f 6190/7007 7242/6998 7243/6999 6189/7006
f 6190/7007 6191/7008 7241/6997 7242/6998
f 6191/7008 5191/7009 6473/7010 7241/6997
f 7241/6997 6473/7010 6472/7011 7238/6991
f 7238/6991 6472/7011 6471/7001 7235/6992
f 7254/7012 7245/7013 7246/7014 7244/7015
f 7244/7015 7246/7014 7247/7016 7248/7017
f 7248/7017 7249/7018 7250/7019 7244/7015
f 7244/7015 7250/7019 7251/7020 7252/7021
f 7252/7021 7253/7022 7254/7012 7244/7015
f 10183/7023 10144/7024 5873/7025 7245/7026
f 7245/7013 5873/7025 5872/7027 7246/7014
f 10185/7028 10183/7023 7245/7026 7254/7012
f 7247/7029 5871/7030 5126/7031 6156/7032
f 7248/7017 7247/7016 6156/7032 6157/7033
f 7246/7014 5872/7027 5871/7030 7247/7016
f 6158/7034 5180/7035 5558/7036 7249/7037
f 7249/7018 5558/7036 5559/7038 7250/7019
f 6157/7033 6158/7034 7249/7037 7248/7017
f 7251/7039 5560/7040 5072/7041 5622/7042
f 7252/7021 7251/7020 5622/7042 5623/7043
f 7250/7019 5559/7038 5560/7040 7251/7020
f 10132/7044 5068/7045 5548/7046 10184/7047
f 10184/7047 5548/7046 5547/7048 10185/7049
f 5623/7043 5624/7050 7253/7022 7252/7021
f 7265/7051 7256/7052 7257/7053 7255/7054
f 7255/7054 7257/7053 7258/7055 7259/7056
f 7259/7056 7260/7057 7261/7058 7255/7054
f 7255/7054 7261/7058 7262/7059 7263/7060
f 7263/7060 7264/7061 7265/7051 7255/7054
f 10186/7062 10145/7063 5901/7064 7256/7065
f 7256/7052 5901/7064 5900/7066 7257/7053
f 10188/7067 10186/7062 7256/7065 7265/7051
f 7258/7068 5899/7069 5131/7070 6159/7071
f 7259/7056 7258/7055 6159/7071 6160/7072
f 7257/7053 5900/7066 5899/7069 7258/7055
f 6161/7073 5181/7074 5561/7075 7260/7076
f 7260/7057 5561/7075 5562/7077 7261/7058
f 6160/7072 6161/7073 7260/7076 7259/7056
f 7262/7078 5563/7079 5073/7080 5625/7081
f 7263/7060 7262/7059 5625/7081 5626/7082
f 7261/7058 5562/7077 5563/7079 7262/7059
f 10133/7083 5069/7084 5551/7085 10187/7086
f 10187/7086 5551/7085 5550/7087 10188/7088
f 5626/7082 5627/7089 7264/7061 7263/7060
f 7276/7090 7267/7091 7268/7092 7266/7093
f 7266/7093 7268/7092 7269/7094 7270/7095
f 7270/7095 7271/7096 7272/7097 7266/7093
f 7266/7093 7272/7097 7273/7098 7274/7099
f 7274/7099 7275/7100 7276/7090 7266/7093
f 10189/7101 10146/7102 5929/7103 7267/7104
f 7267/7104 5929/7103 5928/7105 7268/7106
f 10191/7107 10189/7108 7267/7091 7276/7090
f 7269/7109 5927/7110 5136/7111 6162/7112
f 7270/7095 7269/7094 6162/7113 6163/7114
f 7268/7106 5928/7105 5927/7110 7269/7109
f 6164/7115 5182/7116 5564/7117 7271/7118
f 7271/7096 5564/7117 5565/7119 7272/7097
f 6163/7114 6164/7115 7271/7118 7270/7095
f 7273/7120 5566/7121 5074/7122 5628/7123
f 7274/7099 7273/7098 5628/7123 5629/7124
f 7272/7097 5565/7119 5566/7121 7273/7098
f 10134/7125 5070/7126 5554/7127 10190/7128
f 10190/7128 5554/7127 5553/7129 10191/7130
f 5629/7124 5630/7131 7275/7100 7274/7099
f 7287/7132 7278/7133 7279/7134 7277/7135
f 7277/7135 7279/7134 7280/7136 7281/7137
f 7281/7137 7282/7138 7283/7139 7277/7135
f 7277/7135 7283/7139 7284/7140 7285/7141
f 7285/7141 7286/7142 7287/7132 7277/7135
f 10192/7143 5555/7144 5140/7145 10147/7146
f 7278/7133 5957/7147 5956/7148 7279/7134
f 10194/7149 5556/7150 5555/7144 10192/7143
f 7280/7151 5955/7152 5141/7153 6165/7154
f 7281/7137 7280/7136 6165/7154 6166/7155
f 7279/7134 5956/7148 5955/7152 7280/7136
f 6167/7156 5183/7157 5567/7158 7282/7159
f 7282/7138 5567/7158 5568/7160 7283/7139
f 6166/7155 6167/7156 7282/7159 7281/7137
f 7284/7161 5569/7162 5075/7163 5631/7164
f 7285/7141 7284/7140 5631/7164 5632/7165
f 7283/7139 5568/7160 5569/7162 7284/7140
f 10135/7166 5071/7167 5557/7168 10193/7169
f 10193/7169 5557/7168 5556/7150 10194/7149
f 5632/7165 5633/7170 7286/7142 7285/7141
f 9624/7171 7291/7172 7288/7173 9623/7174
f 9736/7175 9735/7176 7290/7177 7293/7178
f 9625/7179 7294/7180 7291/7172 9624/7171
f 9737/7181 7295/7182 7292/7183 9736/7184
f 9401/7185 9353/7186 5870/7187 7288/7188
f 9623/7189 9577/7190 5869/7191 7289/7192
f 9735/7176 9689/7193 5868/7194 7290/7177
f 9959/7195 9913/7196 5125/7197 5546/7198
f 9960/7199 9959/7195 5546/7198 5547/7200
f 9961/7201 9960/7199 5547/7200 5548/7046
f 9905/7202 9961/7201 5548/7046 5068/7045
f 9681/7203 5635/7204 7295/7182 9737/7181
f 9569/7205 5636/7206 7294/7180 9625/7179
f 9345/7207 5064/7208 5536/7209 9399/7210
f 9399/7210 5536/7209 5535/7211 9400/7212
f 9400/7212 5535/7211 5534/7213 9401/7214
f 9627/7215 9626/7216 7298/7217 7301/7218
f 9739/7219 9738/7220 7299/7221 7302/7222
f 9628/7223 9627/7215 7301/7218 7304/7224
f 9740/7225 9739/7219 7302/7222 7305/7226
f 9404/7227 9354/7228 5898/7229 7297/7230
f 9626/7216 9578/7231 5897/7232 7298/7217
f 9738/7220 9690/7233 5896/7234 7299/7221
f 9962/7235 9914/7236 5130/7237 5549/7238
f 9963/7239 9962/7235 5549/7238 5550/7240
f 9964/7241 7305/7226 7302/7222 9963/7242
f 9906/7243 9964/7244 5551/7085 5069/7084
f 9682/7245 9740/7225 7305/7226 5637/7246
f 9570/7247 9628/7223 7304/7224 5638/7248
f 9346/7249 9402/7250 7303/7251 5639/7252
f 9402/7250 9403/7253 7300/7254 7303/7251
f 9403/7253 9404/7227 7297/7230 7300/7254
f 9630/7255 9629/7256 7307/7257 7310/7258
f 9742/7259 9741/7260 7308/7261 7311/7262
f 9631/7263 9630/7255 7310/7258 7313/7264
f 9743/7265 9742/7259 7311/7262 7314/7266
f 9407/7267 9355/7268 5926/7269 7306/7270
f 9629/7271 9579/7272 5925/7273 7307/7274
f 9741/7275 9691/7276 5924/7277 7308/7278
f 9965/7279 9915/7280 5135/7281 5552/7282
f 9966/7283 9965/7284 5552/7285 5553/7286
f 9967/7287 7314/7266 7311/7262 9966/7288
f 9907/7289 5640/7290 7314/7266 9967/7287
f 9683/7291 9743/7265 7314/7266 5640/7290
f 9571/7292 9631/7263 7313/7264 5641/7293
f 9347/7294 9405/7295 7312/7296 5642/7297
f 9405/7295 9406/7298 7309/7299 7312/7296
f 9406/7298 9407/7300 7306/7301 7309/7299
f 9633/7302 7318/7303 7315/7304 9632/7305
f 9745/7306 7319/7307 7316/7308 9744/7309
f 9634/7310 7321/7311 7318/7303 9633/7302
f 9746/7312 7322/7313 7319/7307 9745/7306
f 9410/7314 5543/7315 5139/7316 9356/7317
f 9632/7305 7315/7304 5954/7318 9580/7319
f 9744/7309 7316/7308 5953/7320 9692/7321
f 9968/7322 7317/7323 5952/7324 9916/7325
f 9969/7326 7320/7327 7317/7323 9968/7322
f 9970/7328 7323/7329 7320/7327 9969/7326
f 9908/7330 5643/7331 7323/7329 9970/7328
f 9684/7332 5644/7333 7322/7313 9746/7312
f 9572/7334 5645/7335 7321/7311 9634/7310
f 9348/7336 5067/7337 5545/7338 9408/7339
f 9408/7339 5545/7338 5544/7340 9409/7341
f 9409/7341 5544/7340 5543/7315 9410/7314
f 9636/7342 9635/7343 7324/7344 7325/7345
f 9637/7346 9636/7342 7325/7345 7326/7347
f 9748/7348 9747/7349 7327/7350 7328/7351
f 9749/7352 9748/7348 7328/7351 7329/7353
f 9358/5268 5015/5267 5655/7354 9411/7355
f 9411/7355 5655/7354 5656/7356 9412/7357
f 9413/7358 9412/7357 5656/7356 5657/7359
f 9349/7360 9413/7358 5657/7359 5087/7361
f 9573/7362 9637/7346 7326/7347 5691/7363
f 9685/7364 9749/7352 7329/7353 5692/7365
f 9909/7366 9971/7367 7332/7368 5693/7369
f 9971/7367 9972/7370 7331/7371 7332/7368
f 9972/7370 9973/7372 7330/7373 7331/7371
f 9973/7372 9918/5273 5995/5276 7330/7373
f 9747/7349 9694/5271 5994/5272 7327/7350
f 9582/5270 5993/5269 7324/7344 9635/7343
f 9639/7374 9638/7375 7333/7376 7334/7377
f 9640/7378 9639/7374 7334/7377 7335/7379
f 9751/7380 9750/7381 7336/7382 7337/7383
f 9752/7384 9751/7380 7337/7383 7338/7385
f 9414/7386 9349/7360 5087/7361 5658/7387
f 9415/7388 9414/7386 5658/7387 5659/7389
f 9416/7390 9415/7388 5659/7389 5660/7391
f 9416/7390 5660/7391 5088/7392 9350/7393
f 9574/7394 9640/7378 7335/7379 5694/7395
f 9686/7396 9752/7384 7338/7385 5695/7397
f 9910/7398 9974/7399 7341/7400 5696/7401
f 9974/7399 9975/7402 7340/7403 7341/7400
f 9975/7402 9976/7404 7339/7405 7340/7403
f 9976/7404 9909/7366 5693/7369 7339/7405
f 9750/7381 9685/7364 5692/7365 7336/7382
f 9638/7375 9573/7362 5691/7363 7333/7376
f 9641/7406 7342/7407 7343/7408 9642/7409
f 9642/7409 7343/7408 7344/7410 9643/7411
f 9753/7412 7345/7413 7346/7414 9754/7415
f 9754/7415 7346/7414 7347/7416 9755/7417
f 9350/7393 5088/7392 5661/7418 9417/7419
f 9417/7419 5661/7418 5662/7420 9418/7421
f 9418/7421 5662/7420 5663/7422 9419/7423
f 9419/7423 5663/7422 5089/5677 9351/5676
f 9643/7411 7344/7410 5697/5695 9575/5694
f 9755/7417 7347/7416 5698/5693 9687/5692
f 9977/7424 7350/7425 5699/5691 9911/5690
f 9978/7426 7349/7427 7350/7425 9977/7424
f 9979/7428 7348/7429 7349/7427 9978/7426
f 9910/7398 5696/7401 7348/7429 9979/7428
f 9686/7396 5695/7397 7345/7413 9753/7412
f 9574/7394 5694/7395 7342/7407 9641/7406
f 7361/7430 7352/7431 7353/7432 7351/7433
f 7353/7432 7354/7434 7355/7435 7351/7433
f 7351/7433 7355/7435 7356/7436 7357/7437
f 7357/7437 7358/7438 7359/7439 7351/7433
f 7351/7433 7359/7439 7360/7440 7361/7430
f 10195/7441 10122/7442 5010/7443 6020/7444
f 10195/7441 6020/7444 6019/7445 10196/7446
f 5268/5310 5267/5308 7352/7431 7361/7430
f 10197/7447 10136/7448 5700/7449 7354/7450
f 7354/7434 5700/7449 5701/7451 7355/7435
f 10196/7452 10197/7447 7354/7450 7353/7432
f 7356/7453 5702/7454 5095/7455 6306/7456
f 7357/7437 7356/7436 6306/7456 6307/7457
f 7355/7435 5701/7451 5702/7454 7356/7436
f 6308/7458 5230/7459 6015/7460 7358/7461
f 7358/7438 6015/7460 6016/7462 7359/7439
f 6307/7457 6308/7458 7358/7461 7357/7437
f 6017/7463 5011/5314 5269/5313 7360/7464
f 7361/7430 7360/7440 5269/5313 5268/5310
f 7359/7439 6016/7462 6017/7463 7360/7440
f 7372/7465 7363/7466 7364/7467 7362/7468
f 7364/7467 7365/7469 7366/7470 7362/7468
f 7362/7468 7366/7470 7367/7471 7368/7472
f 7368/7472 7369/7473 7370/7474 7362/7468
f 7362/7468 7370/7474 7371/7475 7372/7465
f 10198/7476 10136/7477 5098/7478 5690/7479
f 10199/7480 10198/7476 5690/7479 5689/7481
f 5701/7451 5700/7449 7363/7466 7372/7465
f 10200/7482 10137/7483 5703/7484 7365/7485
f 7365/7469 5703/7484 5704/7486 7366/7470
f 10199/7487 10200/7482 7365/7485 7364/7467
f 7367/7488 5705/7489 5094/7490 6207/7491
f 7368/7472 7367/7471 6207/7491 6208/7492
f 7366/7470 5704/7486 5705/7489 7367/7471
f 6209/7493 5197/7494 5679/7495 7369/7496
f 7369/7473 5679/7495 5680/7497 7370/7474
f 6208/7492 6209/7493 7369/7496 7368/7472
f 5681/7498 5095/7455 5702/7454 7371/7499
f 7372/7465 7371/7475 5702/7454 5701/7451
f 7370/7474 5680/7497 5681/7498 7371/7475
f 7383/7500 7374/7501 7375/7502 7373/7503
f 7375/7502 7376/7504 7377/7505 7373/7503
f 7373/7503 7377/7505 7378/7506 7379/7507
f 7379/7507 7380/7508 7381/7509 7373/7503
f 7373/7503 7381/7509 7382/7510 7383/7500
f 10137/7511 5097/7512 5687/7513 10201/7514
f 10201/7514 5687/7513 5686/7515 10202/7516
f 5704/7486 5703/7484 7374/7501 7383/7500
f 10203/7517 5685/7518 5096/5609 10138/5608
f 7376/7504 5706/5615 5707/5614 7377/7505
f 10202/7516 5686/7515 5685/7518 10203/7517
f 7378/7519 5708/5632 5093/5631 6204/7520
f 7379/7507 7378/7506 6204/7520 6205/7521
f 7377/7505 5707/5614 5708/5632 7378/7506
f 6206/7522 5196/7523 5676/7524 7380/7525
f 7380/7508 5676/7524 5677/7526 7381/7509
f 6205/7521 6206/7522 7380/7525 7379/7507
f 7382/7527 5678/7528 5094/7490 5705/7489
f 7383/7500 7382/7510 5705/7489 5704/7486
f 7381/7509 5677/7526 5678/7528 7382/7510
f 7385/7529 7384/7530 5281/7531 5280/7532
f 5709/7533 7385/7529 5280/7532 5086/7534
f 7386/7535 5709/7533 5086/7534 5654/7536
f 7387/7537 7386/7535 5654/7536 5653/7538
f 7388/7539 7387/7537 5653/7538 5652/7540
f 5710/7541 7388/7539 5652/7540 5085/7542
f 7389/7543 5710/7541 5085/7542 5651/7544
f 7390/7545 7389/7543 5651/7544 5650/7546
f 7391/7547 7390/7545 5650/7546 5649/7548
f 5711/5462 7391/7547 5649/7548 5084/5459
f 7392/7549 7402/7550 7393/7551 7394/7552
f 7394/7552 7395/7553 7396/7554 7392/7549
f 7392/7549 7396/7554 7397/7555 7398/7556
f 7398/7556 7399/7557 7400/7558 7392/7549
f 7400/7558 7401/7559 7402/7550 7392/7549
f 7393/7560 6005/5372 5012/5346 6014/7561
f 7394/7552 7393/7551 6014/7561 6013/7562
f 7402/7550 6006/5373 6005/5372 7393/7551
f 6012/7563 5229/7564 6305/7565 7395/7566
f 7395/7553 6305/7565 6304/7567 7396/7554
f 6013/7562 6012/7563 7395/7566 7394/7552
f 7397/7568 6303/7569 5092/7570 5712/7571
f 7398/7556 7397/7555 5712/7571 5713/7572
f 7396/7554 6304/7567 6303/7569 7397/7555
f 5714/7573 5086/7534 5280/7532 7399/7574
f 7399/7557 5280/7532 5281/7531 7400/7558
f 5713/7572 5714/7573 7399/7574 7398/7556
f 5282/7575 5018/5375 6007/5374 7401/7576
f 7401/7559 6007/5374 6006/5373 7402/7550
f 5281/7531 5282/7575 7401/7576 7400/7558
f 7403/7577 7413/7578 7404/7579 7405/7580
f 7405/7580 7406/7581 7407/7582 7403/7577
f 7403/7577 7407/7582 7408/7583 7409/7584
f 7409/7584 7410/7585 7411/7586 7403/7577
f 7411/7586 7412/7587 7413/7578 7403/7577
f 7404/7588 5712/7571 5092/7570 5672/7589
f 7405/7580 7404/7579 5672/7589 5671/7590
f 7413/7578 5713/7572 5712/7571 7404/7579
f 5670/7591 5194/7592 6200/7593 7406/7594
f 7406/7581 6200/7593 6199/7595 7407/7582
f 5671/7590 5670/7591 7406/7594 7405/7580
f 7408/7596 6198/7597 5091/7598 5715/7599
f 7408/7583 5715/7599 5716/7600 7409/7584
f 7407/7582 6199/7595 6198/7597 7408/7583
f 7410/7601 5717/7602 5085/7542 5652/7540
f 7411/7586 7410/7585 5652/7540 5653/7538
f 7409/7584 5716/7600 5717/7602 7410/7585
f 5654/7536 5086/7534 5714/7573 7412/7603
f 7412/7587 5714/7573 5713/7572 7413/7578
f 5653/7538 5654/7536 7412/7603 7411/7586
f 7414/7604 7424/7605 7415/7606 7416/7607
f 7416/7607 7417/7608 7418/7609 7414/7604
f 7414/7604 7418/7609 7419/7610 7420/7611
f 7420/7611 7421/7612 7422/7613 7414/7604
f 7414/7604 7422/7613 7423/7614 7424/7605
f 7415/7615 5715/7599 5091/7598 5669/7616
f 7416/7607 7415/7606 5669/7616 5668/7617
f 7424/7605 5716/7600 5715/7599 7415/7606
f 5667/7618 5193/7619 6197/7620 7417/7621
f 7417/7608 6197/7620 6196/7622 7418/7609
f 5668/7617 5667/7618 7417/7621 7416/7607
f 7419/7623 6195/7624 5090/5443 5718/5442
f 7420/7611 7419/7610 5718/5442 5719/5446
f 7418/7609 6196/7622 6195/7624 7419/7610
f 5720/5460 5084/5459 5649/7548 7421/7625
f 7421/7612 5649/7548 5650/7546 7422/7613
f 5719/5446 5720/5460 7421/7625 7420/7611
f 7423/7626 5651/7544 5085/7542 5717/7602
f 7423/7614 5717/7602 5716/7600 7424/7605
f 7422/7613 5650/7546 5651/7544 7423/7614
f 7429/7627 7428/7628 7425/7629 7426/7630
f 7430/7631 7429/7627 7426/7630 7427/7632
f 7431/7633 7428/7628 7429/7627 7432/7634
f 7432/7634 7429/7627 7430/7631 7433/7635
f 7425/7636 6459/7637 5245/7638 6470/7639
f 7426/7630 7425/7629 6470/7639 6469/7640
f 7427/7632 7426/7630 6469/7640 6468/7641
f 5721/7642 7427/7632 6468/7641 5198/7643
f 5722/7644 7430/7631 7427/7632 5721/7642
f 5723/7645 7433/7635 7430/7631 5722/7644
f 6303/7569 7433/7635 5723/7645 5092/7570
f 6304/7567 7432/7634 7433/7635 6303/7569
f 6305/7565 7431/7633 7432/7634 6304/7567
f 5229/7564 6461/7646 7431/7633 6305/7565
f 6461/7646 6460/7647 7428/7628 7431/7633
f 7428/7628 6460/7647 6459/7637 7425/7629
f 7437/7648 7434/7649 7435/7650 7438/7651
f 7438/7651 7435/7650 7436/7652 7439/7653
f 7440/7654 7437/7648 7438/7651 7441/7655
f 7441/7655 7438/7651 7439/7653 7442/7656
f 7434/7657 6447/7658 5244/7659 6458/7660
f 7435/7650 7434/7649 6458/7660 6457/7661
f 7435/7650 6457/7661 6456/7662 7436/7652
f 5724/7663 7436/7652 6456/7662 5199/7664
f 5725/7665 7439/7653 7436/7652 5724/7663
f 7442/7656 7439/7653 5725/7665 5726/7666
f 6198/7597 7442/7656 5726/7666 5091/7598
f 6199/7595 7441/7655 7442/7656 6198/7597
f 6200/7593 7440/7654 7441/7655 6199/7595
f 5194/7592 6449/7667 7440/7654 6200/7593
f 6449/7667 6448/7668 7437/7648 7440/7654
f 6448/7668 6447/7658 7434/7657 7437/7648
f 7446/7669 7443/7670 7444/7671 7447/7672
f 7447/7672 7444/7671 7445/7673 7448/7674
f 7449/7675 7446/7669 7447/7672 7450/7676
f 7450/7676 7447/7672 7448/7674 7451/7677
f 6435/7678 5243/7679 6446/7680 7443/7681
f 7443/7670 6446/7680 6445/7682 7444/7671
f 7444/7671 6445/7682 6444/7683 7445/7673
f 7445/7673 6444/7683 5200/7684 5727/7685
f 7448/7674 7445/7673 5727/7685 5728/7686
f 7451/7677 7448/7674 5728/7686 5729/7687
f 6195/7624 7451/7677 5729/7687 5090/5443
f 6196/7622 7450/7676 7451/7677 6195/7624
f 6197/7620 7449/7675 7450/7676 6196/7622
f 5193/7619 6437/7688 7449/7675 6197/7620
f 6437/7688 6436/7689 7446/7669 7449/7675
f 6436/7689 6435/7678 7443/7681 7446/7669
f 9644/7690 7452/7691 7453/7692 9645/7693
f 9645/7693 7453/7692 7454/7694 9646/7695
f 9756/7696 7455/7697 7456/7698 9757/7699
f 9757/7699 7456/7698 7457/7700 9758/7701
f 9360/6266 5047/6265 5742/7702 9420/7703
f 9420/7703 5742/7702 5743/7704 9421/7705
f 9421/7705 5743/7704 5744/7706 9422/7707
f 9422/7707 5744/7706 5103/6298 9362/6297
f 9646/7695 7454/7694 6036/6324 9586/6323
f 9758/7701 7457/7700 6037/6322 9698/6321
f 9980/7708 7460/7709 6038/6320 9922/6319
f 9981/7710 7459/7711 7460/7709 9980/7708
f 9982/7712 7458/7713 7459/7711 9981/7710
f 9920/6274 6026/6273 7458/7713 9982/7712
f 9696/6270 6025/6269 7455/7697 9756/7696
f 9584/6268 6024/6267 7452/7691 9644/7690
f 7471/7714 7462/7715 7463/7716 7461/7717
f 7463/7716 7464/7718 7465/7719 7461/7717
f 7461/7717 7465/7719 7466/7720 7467/7721
f 7467/7721 7468/7722 7469/7723 7461/7717
f 7461/7717 7469/7723 7470/7724 7471/7714
f 10125/6108 5031/6107 5730/7725 10204/7726
f 10204/7726 5730/7725 5731/7727 10205/7728
f 5439/6110 5438/6109 7462/7715 7471/7714
f 10206/7729 5732/7730 5099/6139 10139/6138
f 7464/7718 5745/6145 5746/6144 7465/7719
f 10205/7728 5731/7727 5732/7730 10206/7729
f 7466/7731 5747/6165 5100/6164 5735/7732
f 7467/7721 7466/7720 5735/7732 5734/7733
f 7465/7719 5746/6144 5747/6165 7466/7720
f 5733/7734 5201/7735 6221/7736 7468/7737
f 7468/7722 6221/7736 6220/7738 7469/7723
f 5734/7733 5733/7734 7468/7737 7467/7721
f 7470/7739 6219/7740 5035/6115 5440/6114
f 7471/7714 7470/7724 5440/6114 5439/6110
f 7469/7723 6220/7738 6219/7740 7470/7724
f 7475/7741 7472/7742 7473/7743 7476/7744
f 7476/7744 7473/7743 7474/7745 7477/7746
f 7478/7747 7475/7741 7476/7744 7479/7748
f 7479/7748 7476/7744 7477/7746 7480/7749
f 6423/7750 5242/7751 6434/7752 7472/7753
f 7472/7742 6434/7752 6433/7754 7473/7743
f 7473/7743 6433/7754 6432/7755 7474/7745
f 7474/7745 6432/7755 5203/7756 5748/7757
f 7477/7746 7474/7745 5748/7757 5749/7758
f 7480/7749 7477/7746 5749/7758 5750/7759
f 5738/7760 7480/7749 5750/7759 5101/7761
f 5737/7762 7479/7748 7480/7749 5738/7760
f 5736/7763 7478/7747 7479/7748 5737/7762
f 5202/7764 6425/7765 7478/7747 5736/7763
f 6425/7765 6424/7766 7475/7741 7478/7747
f 6424/7766 6423/7750 7472/7753 7475/7741
f 7481/7767 7491/7768 7482/7769 7483/7770
f 7483/7770 7484/7771 7485/7772 7481/7767
f 7481/7767 7485/7772 7486/7773 7487/7774
f 7487/7774 7488/7775 7489/7776 7481/7767
f 7489/7776 7490/7777 7491/7768 7481/7767
f 7482/7778 5414/5903 5039/5902 6222/7779
f 7483/7770 7482/7769 6222/7779 6223/7780
f 7491/7768 5415/5904 5414/5903 7482/7769
f 6224/7781 5202/7764 5736/7763 7484/7782
f 7484/7771 5736/7763 5737/7762 7485/7772
f 6223/7780 6224/7781 7484/7782 7483/7770
f 7486/7783 5738/7760 5101/7761 5751/5921
f 7487/7774 7486/7773 5751/5921 5752/5925
f 7485/7772 5737/7762 5738/7760 7486/7773
f 5753/5938 5102/5825 5741/7784 7488/7785
f 7488/7775 5741/7784 5740/7786 7489/7776
f 5752/5925 5753/5938 7488/7785 7487/7774
f 5739/7787 5043/5809 5416/5905 7490/7788
f 7490/7777 5416/5905 5415/5904 7491/7768
f 5740/7786 5739/7787 7490/7788 7489/7776
f 7495/7789 7492/7790 7493/7791 7496/7792
f 7496/7792 7493/7791 7494/7793 7497/7794
f 7498/7795 7495/7789 7496/7792 7499/7796
f 7499/7796 7496/7792 7497/7794 7500/7797
f 7492/7798 5402/5810 5043/5809 5739/7787
f 7493/7791 7492/7790 5739/7787 5740/7786
f 7493/7791 5740/7786 5741/7784 7494/7793
f 7494/7793 5741/7784 5102/5825 5754/5824
f 7497/7794 7494/7793 5754/5824 5755/5835
f 7500/7797 7497/7794 5755/5835 5756/5834
f 5404/5812 5403/5811 7495/7789 7498/7795
f 5403/5811 5402/5810 7492/7798 7495/7789
f 9647/7799 7501/7800 7502/7801 9648/7802
f 9648/7802 7502/7801 7503/7803 9649/7804
f 9759/7805 7504/7806 7505/7807 9760/7808
f 9761/7809 9760/7808 7505/7807 7506/7810
f 9361/6306 5048/6305 6039/7811 9423/7812
f 9423/7812 6039/7811 6040/7813 9424/7814
f 9425/7815 9424/7814 6040/7813 6041/7816
f 9352/6338 9425/7815 6041/7816 5104/6339
f 9576/6363 9649/7804 7503/7803 5769/6364
f 9688/6361 9761/7809 7506/7810 5770/6362
f 9912/6359 9983/7817 7509/7818 5771/6360
f 9983/7817 9984/7819 7508/7820 7509/7818
f 9985/7821 7507/7822 7508/7820 9984/7819
f 9921/6314 6029/6313 7507/7822 9985/7821
f 9697/6310 6028/6309 7504/7806 9759/7805
f 9585/6308 6027/6307 7501/7800 9647/7799
f 7520/7823 7511/7824 7512/7825 7510/7826
f 7512/7825 7513/7827 7514/7828 7510/7826
f 7510/7826 7514/7828 7515/7829 7516/7830
f 7516/7830 7517/7831 7518/7832 7510/7826
f 7510/7826 7518/7832 7519/7833 7520/7823
f 10126/7834 5032/7835 5757/7836 10207/7837
f 10207/7837 5757/7836 5758/7838 10208/7839
f 5442/6150 5441/6148 7511/7824 7520/7823
f 10209/7840 10140/7841 5772/7842 7513/7843
f 7513/7827 5772/7842 5773/6183 7514/7828
f 10208/7844 10209/7840 7513/7843 7512/7825
f 7515/7845 5774/6204 5106/6203 5762/7846
f 7516/7830 7515/7829 5762/7846 5761/7847
f 7514/7828 5773/6183 5774/6204 7515/7829
f 5760/7848 5204/7849 6230/7850 7517/7851
f 7517/7831 6230/7850 6229/7852 7518/7832
f 5761/7847 5760/7848 7517/7851 7516/7830
f 7519/7853 6228/7854 5036/6154 5443/6153
f 7520/7823 7519/7833 5443/6153 5442/6150
f 7518/7832 6229/7852 6228/7854 7519/7833
f 7524/7855 7521/7856 7522/7857 7525/7858
f 7525/7858 7522/7857 7523/7859 7526/7860
f 7527/7861 7524/7855 7525/7858 7528/7862
f 7528/7862 7525/7858 7526/7860 7529/7863
f 6411/7864 5241/7865 6422/7866 7521/7867
f 7521/7856 6422/7866 6421/7868 7522/7857
f 7522/7857 6421/7868 6420/7869 7523/7859
f 7523/7859 6420/7869 5206/7870 5775/7871
f 7526/7860 7523/7859 5775/7871 5776/7872
f 7529/7863 7526/7860 5776/7872 5777/7873
f 5765/7874 7529/7863 5777/7873 5107/7875
f 5764/7876 7528/7862 7529/7863 5765/7874
f 5763/7877 7527/7861 7528/7862 5764/7876
f 5205/7878 6413/7879 7527/7861 5763/7877
f 6413/7879 6412/7880 7524/7855 7527/7861
f 6412/7880 6411/7864 7521/7867 7524/7855
f 7530/7881 7540/7882 7531/7883 7532/7884
f 7532/7884 7533/7885 7534/7886 7530/7881
f 7530/7881 7534/7886 7535/7887 7536/7888
f 7536/7888 7537/7889 7538/7890 7530/7881
f 7538/7890 7539/7891 7540/7882 7530/7881
f 7531/7892 5417/5934 5040/5933 6231/7893
f 7532/7884 7531/7883 6231/7893 6232/7894
f 7540/7882 5418/5935 5417/5934 7531/7883
f 6233/7895 5205/7878 5763/7877 7533/7896
f 7533/7885 5763/7877 5764/7876 7534/7886
f 6232/7894 6233/7895 7533/7896 7532/7884
f 7535/7897 5765/7874 5107/7875 5778/5952
f 7536/7888 7535/7887 5778/5952 5779/5956
f 7534/7886 5764/7876 5765/7874 7535/7887
f 7537/7898 5780/5970 5108/5846 5768/7899
f 7538/7890 7537/7889 5768/7899 5767/7900
f 5779/5956 5780/5970 7537/7898 7536/7888
f 5766/7901 5044/5830 5419/5936 7539/7902
f 7539/7891 5419/5936 5418/5935 7540/7882
f 5767/7900 5766/7901 7539/7902 7538/7890
f 7544/7903 7541/7904 7542/7905 7545/7906
f 7546/7907 7545/7906 7542/7905 7543/7908
f 7547/7909 7544/7903 7545/7906 7548/7910
f 7549/7911 7548/7910 7545/7906 7546/7907
f 5405/5831 5044/5830 5766/7901 7541/7912
f 7542/7905 7541/7904 5766/7901 5767/7900
f 7543/7908 7542/7905 5767/7900 5768/7899
f 5781/5845 7543/7908 5768/7899 5108/5846
f 5782/5856 7546/7907 7543/7908 5781/5845
f 5783/5855 7549/7911 7546/7907 5782/5856
f 5407/5833 5406/5832 7544/7903 7547/7909
f 5406/5832 5405/5831 7541/7912 7544/7903
f 9651/7913 9650/7914 7550/7915 7551/7916
f 9652/7917 9651/7913 7551/7916 7552/7918
f 9763/7919 9762/7920 7553/7921 7554/7922
f 9764/7923 9763/7919 7554/7922 7555/7924
f 9426/7925 9340/6345 5029/6346 6042/7926
f 9427/7927 9426/7925 6042/7926 6043/7928
f 9428/7929 9427/7927 6043/7928 6044/7930
f 9363/6378 9428/7929 6044/7930 5113/6379
f 9587/6403 9652/7917 7552/7918 6045/6404
f 9699/6401 9764/7923 7555/7924 6046/6402
f 9923/6399 9986/7931 7558/7932 6047/6400
f 9986/7931 9987/7933 7557/7934 7558/7932
f 9987/7933 9988/7935 7556/7936 7557/7934
f 9988/7935 9900/6351 5452/6354 7556/7936
f 9762/7920 9676/6349 5451/6350 7553/7921
f 9650/7914 9564/6347 5450/6348 7550/7915
f 7569/7937 7560/7938 7561/7939 7559/7940
f 7561/7939 7562/7941 7563/7942 7559/7940
f 7559/7940 7563/7942 7564/7943 7565/7944
f 7565/7944 7566/7945 7567/7946 7559/7940
f 7559/7940 7567/7946 7568/7947 7569/7937
f 10210/7948 10127/7949 5033/7950 5784/7951
f 10210/7948 5784/7951 5785/7952 10211/7953
f 5445/6189 5444/6187 7560/7938 7569/7937
f 10212/7954 10141/7955 5796/7956 7562/7957
f 7562/7941 5796/7956 5797/6222 7563/7942
f 10211/7958 10212/7954 7562/7957 7561/7939
f 7564/7959 5798/6243 5110/6242 5789/7960
f 7565/7944 7564/7943 5789/7960 5788/7961
f 7563/7942 5797/6222 5798/6243 7564/7943
f 5787/7962 5207/7963 6239/7964 7566/7965
f 7566/7945 6239/7964 6238/7966 7567/7946
f 5788/7961 5787/7962 7566/7965 7565/7944
f 7568/7967 6237/7968 5037/6193 5446/6192
f 7569/7937 7568/7947 5446/6192 5445/6189
f 7567/7946 6238/7966 6237/7968 7568/7947
f 7573/7969 7570/7970 7571/7971 7574/7972
f 7574/7972 7571/7971 7572/7973 7575/7974
f 7576/7975 7573/7969 7574/7972 7577/7976
f 7577/7976 7574/7972 7575/7974 7578/7977
f 7570/7978 6399/7979 5240/7980 6410/7981
f 7571/7971 7570/7970 6410/7981 6409/7982
f 7572/7973 7571/7971 6409/7982 6408/7983
f 5799/7984 7572/7973 6408/7983 5209/7985
f 5800/7986 7575/7974 7572/7973 5799/7984
f 7578/7977 7575/7974 5800/7986 5801/7987
f 5792/7988 7578/7977 5801/7987 5111/7989
f 5791/7990 7577/7976 7578/7977 5792/7988
f 5790/7991 7576/7975 7577/7976 5791/7990
f 5208/7992 6401/7993 7576/7975 5790/7991
f 6401/7993 6400/7994 7573/7969 7576/7975
f 6400/7994 6399/7979 7570/7978 7573/7969
f 7579/7995 7589/7996 7580/7997 7581/7998
f 7581/7998 7582/7999 7583/8000 7579/7995
f 7579/7995 7583/8000 7584/8001 7585/8002
f 7585/8002 7586/8003 7587/8004 7579/7995
f 7587/8004 7588/8005 7589/7996 7579/7995
f 7580/8006 5420/5965 5041/5964 6240/8007
f 7581/7998 7580/7997 6240/8007 6241/8008
f 7589/7996 5421/5966 5420/5965 7580/7997
f 6242/8009 5208/7992 5790/7991 7582/8010
f 7582/7999 5790/7991 5791/7990 7583/8000
f 6241/8008 6242/8009 7582/8010 7581/7998
f 7584/8011 5792/7988 5111/7989 5802/5983
f 7585/8002 7584/8001 5802/5983 5803/5987
f 7583/8000 5791/7990 5792/7988 7584/8001
f 5804/6000 5112/5868 5795/8012 7586/8013
f 7587/8004 7586/8003 5795/8012 5794/8014
f 5803/5987 5804/6000 7586/8013 7585/8002
f 5793/8015 5045/5852 5422/5968 7588/8016
f 7588/8005 5422/5968 5421/5966 7589/7996
f 5794/8014 5793/8015 7588/8016 7587/8004
f 7594/8017 7593/8018 7590/8019 7591/8020
f 7595/8021 7594/8017 7591/8020 7592/8022
f 7597/8023 7596/8024 7593/8018 7594/8017
f 7598/8025 7597/8023 7594/8017 7595/8021
f 7590/8026 5408/5851 5045/5852 5793/8015
f 7591/8020 7590/8019 5793/8015 5794/8014
f 7592/8022 7591/8020 5794/8014 5795/8012
f 5805/5867 7592/8022 5795/8012 5112/5868
f 5806/5877 7595/8021 7592/8022 5805/5867
f 5807/5876 7598/8025 7595/8021 5806/5877
f 7596/8024 5410/5854 5409/5853 7593/8018
f 7593/8018 5409/5853 5408/5851 7590/8019
f 9653/8027 7599/8028 7600/8029 9654/8030
f 9654/8030 7600/8029 7601/8031 9655/8032
f 9765/8033 7602/8034 7603/8035 9766/8036
f 9766/8036 7603/8035 7604/8037 9767/8038
f 9359/8039 5014/8040 5814/8041 9429/8042
f 9429/8042 5814/8041 5815/8043 9430/8044
f 9430/8044 5815/8043 5816/8045 9431/8046
f 9431/8046 5816/8045 5118/6258 9364/6257
f 9655/8032 7601/8031 6054/6284 9588/6283
f 9767/8038 7604/8037 6055/6282 9700/6281
f 9989/8047 7607/8048 6056/6280 9924/6279
f 9990/8049 7606/8050 7607/8048 9989/8047
f 9991/8051 7605/8052 7606/8050 9990/8049
f 9919/8053 5996/8054 7605/8052 9991/8051
f 9695/8055 5997/8056 7602/8034 9765/8033
f 9583/8057 5998/8058 7599/8028 9653/8027
f 7618/8059 7609/8060 7610/8061 7608/8062
f 7610/8061 7611/8063 7612/8064 7608/8062
f 7608/8062 7612/8064 7613/8065 7614/8066
f 7614/8066 7615/8067 7616/8068 7608/8062
f 7608/8062 7616/8068 7617/8069 7618/8059
f 10149/6533 5009/6418 5808/8070 10213/8071
f 10213/8071 5808/8070 5809/8072 10214/8073
f 6000/6517 6001/6534 7609/8060 7618/8059
f 10215/8074 5810/8075 5114/6098 10142/6097
f 7611/8063 5817/6104 5818/6103 7612/8064
f 10214/8076 10215/8077 7611/8063 7610/8061
f 5819/6126 5115/6125 6050/8078 7613/8079
f 7614/8066 7613/8065 6050/8078 6049/8080
f 7612/8064 5818/6103 5819/6126 7613/8065
f 6048/8081 5231/8082 6311/8083 7615/8084
f 7615/8067 6311/8083 6310/8085 7616/8068
f 6049/8080 6048/8081 7615/8084 7614/8066
f 7617/8086 6309/8087 5016/6513 5999/6512
f 7618/8059 7617/8069 5999/6512 6000/6517
f 7616/8068 6310/8085 6309/8087 7617/8069
f 7622/8088 7619/8089 7620/8090 7623/8091
f 7623/8091 7620/8090 7621/8092 7624/8093
f 7625/8094 7622/8088 7623/8091 7626/8095
f 7626/8095 7623/8091 7624/8093 7627/8096
f 6387/8097 5239/8098 6398/8099 7619/8100
f 7619/8089 6398/8099 6397/8101 7620/8090
f 7620/8090 6397/8101 6396/8102 7621/8092
f 7621/8092 6396/8102 5210/8103 5820/8104
f 7624/8093 7621/8092 5820/8104 5821/8105
f 7627/8096 7624/8093 5821/8105 5822/8106
f 6053/8107 7627/8096 5822/8106 5116/8108
f 6052/8109 7626/8095 7627/8096 6053/8107
f 6051/8110 7625/8094 7626/8095 6052/8109
f 5232/8111 6389/8112 7625/8094 6051/8110
f 6389/8112 6388/8113 7622/8088 7625/8094
f 6388/8113 6387/8097 7619/8100 7622/8088
f 7628/8114 7638/8115 7629/8116 7630/8117
f 7630/8117 7631/8118 7632/8119 7628/8114
f 7628/8114 7632/8119 7633/8120 7634/8121
f 7634/8121 7635/8122 7636/8123 7628/8114
f 7636/8123 7637/8124 7638/8115 7628/8114
f 7629/8125 6010/6691 5017/6690 6312/8126
f 7630/8117 7629/8116 6312/8126 6313/8127
f 7638/8115 6009/6672 6010/6691 7629/8116
f 6314/8128 5232/8111 6051/8110 7631/8129
f 7631/8118 6051/8110 6052/8109 7632/8119
f 6313/8127 6314/8128 7631/8129 7630/8117
f 7633/8130 6053/8107 5116/8108 5823/5890
f 7634/8121 7633/8120 5823/5890 5824/5894
f 7632/8119 6052/8109 6053/8107 7633/8120
f 7635/8131 5825/5907 5117/5805 5813/8132
f 7636/8123 7635/8122 5813/8132 5812/8133
f 5824/5894 5825/5907 7635/8131 7634/8121
f 5811/8134 5013/6668 6008/6667 7637/8135
f 7637/8124 6008/6667 6009/6672 7638/8115
f 5812/8133 5811/8134 7637/8135 7636/8123
f 7642/8136 5276/8137 7639/8138 7640/8139
f 7643/8140 7642/8136 7640/8139 7641/8141
f 7644/8142 7642/8136 7643/8140 7645/8143
f 7640/8139 7639/8138 5811/8134 5812/8133
f 7641/8141 7640/8139 5812/8133 5813/8132
f 5826/5804 7641/8141 5813/8132 5117/5805
f 7643/8140 7641/8141 5826/5804 5827/5814
f 7645/8143 7643/8140 5827/5814 5828/5813
f 7650/8144 7649/8145 7646/8146 7647/8147
f 7651/8148 7650/8144 7647/8147 7648/8149
f 7653/8150 7652/8151 7649/8145 7650/8144
f 7654/8152 7653/8150 7650/8144 7651/8148
f 7646/8153 5411/5873 5046/5872 5838/8154
f 7647/8147 7646/8146 5838/8154 5839/8155
f 7647/8147 5839/8155 5840/8156 7648/8149
f 7648/8149 5840/8156 5122/5381 5841/5389
f 5842/5393 7651/8148 7648/8149 5841/5389
f 5843/5392 7654/8152 7651/8148 5842/5393
f 7652/8151 5413/5875 5412/5874 7649/8145
f 7649/8145 5412/5874 5411/5873 7646/8146
f 7655/8157 7665/8158 7656/8159 7657/8160
f 7657/8160 7658/8161 7659/8162 7655/8157
f 7655/8157 7659/8162 7660/8163 7661/8164
f 7661/8164 7662/8165 7663/8166 7655/8157
f 7663/8166 7664/8167 7665/8158 7655/8157
f 7656/8168 5423/5996 5042/5995 6252/8169
f 7657/8160 7656/8159 6252/8169 6253/8170
f 7665/8158 5424/5997 5423/5996 7656/8159
f 6254/8171 5212/8172 5835/8173 7658/8174
f 7658/8161 5835/8173 5836/8175 7659/8162
f 6253/8170 6254/8171 7658/8174 7657/8160
f 7660/8176 5837/8177 5121/5365 5844/5364
f 7661/8164 7660/8163 5844/5364 5845/5368
f 7659/8162 5836/8175 5837/8177 7660/8163
f 5846/5382 5122/5381 5840/8156 7662/8178
f 7662/8165 5840/8156 5839/8155 7663/8166
f 5845/5368 5846/5382 7662/8178 7661/8164
f 5838/8154 5046/5872 5425/5998 7664/8179
f 7664/8167 5425/5998 5424/5997 7665/8158
f 5839/8155 5838/8154 7664/8179 7663/8166
f 7669/8180 7666/8181 7667/8182 7670/8183
f 7670/8183 7667/8182 7668/8184 7671/8185
f 7672/8186 7669/8180 7670/8183 7673/8187
f 7673/8187 7670/8183 7671/8185 7674/8188
f 7666/8189 6375/8190 5238/8191 6386/8192
f 7667/8182 7666/8181 6386/8192 6385/8193
f 7668/8184 7667/8182 6385/8193 6384/8194
f 5847/8195 7668/8184 6384/8194 5213/8196
f 5848/8197 7671/8185 7668/8184 5847/8195
f 7674/8188 7671/8185 5848/8197 5849/8198
f 5837/8177 7674/8188 5849/8198 5121/5365
f 5836/8175 7673/8187 7674/8188 5837/8177
f 5835/8173 7672/8186 7673/8187 5836/8175
f 5212/8172 6377/8199 7672/8186 5835/8173
f 6377/8199 6376/8200 7669/8180 7672/8186
f 6376/8200 6375/8190 7666/8189 7669/8180
f 5448/8201 5447/8202 7676/8203 7685/8204
f 7677/8205 7678/8206 7679/8207 7675/8208
f 7675/8208 7679/8207 7680/8209 7681/8210
f 7681/8210 7682/8211 7683/8212 7675/8208
f 7675/8208 7683/8212 7684/8213 7685/8214
f 10216/8215 10128/8216 5034/8217 5829/8218
f 10217/8219 10216/8215 5829/8218 5830/8220
f 5448/6235 6980/6210 6979/6228 5447/8202
f 10218/8221 10143/8222 5850/8223 7678/8224
f 7678/8206 5850/8223 5851/5304 7679/8207
f 10217/8225 10218/8221 7678/8224 7677/8205
f 7680/8226 5852/5325 5120/5324 5834/8227
f 7681/8210 7680/8209 5834/8227 5833/8228
f 7679/8207 5851/5304 5852/5325 7680/8209
f 5832/8229 5211/8230 6251/8231 7682/8232
f 7682/8211 6251/8231 6250/8233 7683/8212
f 5833/8228 5832/8229 7682/8232 7681/8210
f 7684/8234 6249/8235 5038/6232 5449/6231
f 7685/8214 7684/8213 5449/6231 5448/8201
f 7683/8212 6250/8233 6249/8235 7684/8213
f 9657/8236 9656/8237 7686/8238 7687/8239
f 9658/8240 9657/8236 7687/8239 7688/8241
f 9769/8242 9768/8243 7689/8244 7690/8245
f 9770/8246 9769/8242 7690/8245 7691/8247
f 9432/8248 9341/6385 5030/6386 6057/8249
f 9433/8250 9432/8248 6057/8249 6058/8251
f 9434/8252 9433/8250 6058/8251 6059/8253
f 9365/5259 9434/8252 6059/8253 5123/5260
f 9589/5285 9658/8240 7688/8241 6060/5286
f 9701/5283 9770/8246 7691/8247 6061/5284
f 9925/5281 9992/8254 7694/8255 6062/5282
f 9992/8254 9993/8256 7693/8257 7694/8255
f 9993/8256 9994/8258 7692/8259 7693/8257
f 9994/8258 9901/6391 5455/6394 7692/8259
f 9768/8243 9677/6389 5454/6390 7689/8244
f 9656/8237 9565/6387 5453/6388 7686/8238
f 9660/8260 9659/8261 7696/8262 7699/8263
f 9772/8264 9771/8265 7697/8266 7700/8267
f 9661/8268 9660/8260 7699/8263 7702/8269
f 9773/8270 9772/8264 7700/8267 7703/8271
f 9437/8272 9339/5780 5303/5783 7695/8273
f 9659/8261 9563/5778 5302/5779 7696/8262
f 9771/8265 9675/5776 5301/5777 7697/8266
f 9995/8274 9899/5775 5021/5745 5856/8275
f 9996/8276 9995/8274 5856/8275 5857/8277
f 9997/8278 9996/8276 5857/8277 5858/8279
f 9913/7196 9997/8278 5858/8279 5125/7197
f 9689/7193 9773/8270 7703/8271 5868/7194
f 9577/7190 9661/8268 7702/8269 5869/7191
f 9353/7186 9435/8280 7701/8281 5870/7187
f 9435/8280 9436/8282 7698/8283 7701/8281
f 9436/8282 9437/8272 7695/8273 7698/8283
f 7714/8284 7705/8285 7706/8286 7704/8287
f 7704/8287 7706/8286 7707/8288 7708/8289
f 7708/8289 7709/8290 7710/8291 7704/8287
f 7704/8287 7710/8291 7711/8292 7712/8293
f 7712/8293 7713/8294 7714/8284 7704/8287
f 10219/8295 10124/8296 5312/8297 7705/8298
f 7705/8285 5312/8297 5311/5743 7706/8286
f 10221/8299 10219/8295 7705/8298 7714/8284
f 7707/8300 5310/5742 5023/5716 6258/8301
f 7708/8289 7707/8288 6258/8301 6259/8302
f 7706/8286 5311/5743 5310/5742 7707/8288
f 6260/8303 5214/8304 5859/8305 7709/8306
f 7709/8290 5859/8305 5860/8307 7710/8291
f 6259/8302 6260/8303 7709/8306 7708/8289
f 7711/8308 5861/8309 5126/7031 5871/7030
f 7712/8293 7711/8292 5871/7030 5872/7027
f 7710/8291 5860/8307 5861/8309 7711/8292
f 10220/8310 10144/8311 5125/7197 5858/8279
f 10221/8312 10220/8310 5858/8279 5857/8277
f 5872/7027 5873/7025 7713/8294 7712/8293
f 7718/8313 7715/8314 7716/8315 7719/8316
f 7719/8316 7716/8315 7717/8317 7720/8318
f 7721/8319 7718/8313 7719/8316 7722/8320
f 7722/8320 7719/8316 7720/8318 7723/8321
f 6363/8322 5237/8323 6374/8324 7715/8325
f 7715/8314 6374/8324 6373/8326 7716/8315
f 7716/8315 6373/8326 6372/8327 7717/8317
f 7717/8317 6372/8327 5215/8328 5862/8329
f 7720/8318 7717/8317 5862/8329 5863/8330
f 7723/8321 7720/8318 5863/8330 5864/8331
f 6264/8332 7723/8321 5864/8331 5127/8333
f 6264/8332 6265/8334 7722/8320 7723/8321
f 6265/8334 6266/8335 7721/8319 7722/8320
f 6266/8335 5216/8336 6365/8337 7721/8319
f 6365/8337 6364/8338 7718/8313 7721/8319
f 6364/8338 6363/8322 7715/8325 7718/8313
f 7724/8339 7734/8340 7725/8341 7726/8342
f 7726/8342 7727/8343 7728/8344 7724/8339
f 7728/8344 7729/8345 7730/8346 7724/8339
f 7724/8339 7730/8346 7731/8347 7732/8348
f 7732/8348 7733/8349 7734/8340 7724/8339
f 7725/8350 6261/8351 5025/5652 5330/5651
f 7726/8342 7725/8341 5330/5651 5329/5649
f 7734/8340 6262/8352 6261/8351 7725/8341
f 5328/5647 5027/5394 5865/8353 7727/8354
f 7727/8343 5865/8353 5866/8355 7728/8344
f 5329/5649 5328/5647 7727/8354 7726/8342
f 5867/8356 5128/6761 5877/6820 7729/8357
f 7729/8345 5877/6820 5878/6817 7730/8346
f 5866/8355 5867/8356 7729/8357 7728/8344
f 7731/8358 5879/6816 5127/6815 5864/8331
f 7732/8348 7731/8347 5864/8331 5863/8330
f 7730/8346 5878/6817 5879/6816 7731/8347
f 5862/8329 5215/8328 6263/8359 7733/8360
f 7733/8349 6263/8359 6262/8352 7734/8340
f 5863/8330 5862/8329 7733/8360 7732/8348
f 7735/8361 5865/8353 5027/5394 5332/5397
f 5128/6761 5867/8356 7737/8362 5880/6762
f 5867/8356 5866/8355 7736/8363 7737/8362
f 5866/8355 5865/8353 7735/8361 7736/8363
f 9663/8364 7741/8365 7738/8366 9662/8367
f 9775/8368 9774/8369 7740/8370 7743/8371
f 9664/8372 7744/8373 7741/8365 9663/8364
f 9776/8374 7745/8375 7742/8376 9775/8377
f 9440/8378 5881/8379 5064/7208 9345/7207
f 9662/8367 7738/8366 5636/7206 9569/7205
f 9774/8369 9681/8380 5634/8381 7740/8370
f 9998/8382 9905/7202 5068/7045 5884/8383
f 9999/8384 9998/8382 5884/8383 5885/8385
f 10000/8386 9999/8384 5885/8385 5886/8387
f 9914/7236 10000/8386 5886/8387 5130/7237
f 9690/7233 9776/8388 7746/8389 5896/7234
f 9578/8390 5898/8391 7744/8373 9664/8372
f 9354/8392 5129/8393 5883/8394 9438/8395
f 9438/8395 5883/8394 5882/8396 9439/8397
f 9439/8397 5882/8396 5881/8379 9440/8378
f 7757/8398 7748/8399 7749/8400 7747/8401
f 7747/8401 7749/8400 7750/8402 7751/8403
f 7751/8403 7752/8404 7753/8405 7747/8401
f 7747/8401 7753/8405 7754/8406 7755/8407
f 7755/8407 7756/8408 7757/8398 7747/8401
f 10222/8409 10132/8410 5624/8411 7748/8412
f 7748/8399 5624/8411 5623/7043 7749/8400
f 10224/8413 10222/8409 7748/8412 7757/8398
f 7750/8414 5622/7042 5072/7041 6267/8415
f 7751/8403 7750/8402 6267/8415 6268/8416
f 7749/8400 5623/7043 5622/7042 7750/8402
f 6269/8417 5217/8418 5887/8419 7752/8420
f 7752/8404 5887/8419 5888/8421 7753/8405
f 6268/8416 6269/8417 7752/8420 7751/8403
f 7754/8422 5889/8423 5131/7070 5899/7069
f 7755/8407 7754/8406 5899/7069 5900/7066
f 7753/8405 5888/8421 5889/8423 7754/8406
f 10145/8424 5130/7237 5886/8387 10223/8425
f 10223/8425 5886/8387 5885/8385 10224/8426
f 5900/7066 5901/7064 7756/8408 7755/8407
f 7761/8427 7758/8428 7759/8429 7762/8430
f 7762/8430 7759/8429 7760/8431 7763/8432
f 7764/8433 7761/8427 7762/8430 7765/8434
f 7765/8434 7762/8430 7763/8432 7766/8435
f 6351/8436 5236/8437 6362/8438 7758/8439
f 7758/8428 6362/8438 6361/8440 7759/8429
f 7759/8429 6361/8440 6360/8441 7760/8431
f 7760/8431 6360/8441 5218/8442 5890/8443
f 7763/8432 7760/8431 5890/8443 5891/8444
f 7766/8435 7763/8432 5891/8444 5892/8445
f 6273/8446 7766/8435 5892/8445 5132/8447
f 6274/8448 7765/8434 7766/8435 6273/8446
f 6275/8449 7764/8433 7765/8434 6274/8448
f 5219/8450 6353/8451 7764/8433 6275/8449
f 6353/8451 6352/8452 7761/8427 7764/8433
f 6352/8452 6351/8436 7758/8439 7761/8427
f 7767/8453 7777/8454 7768/8455 7769/8456
f 7769/8456 7770/8457 7771/8458 7767/8453
f 7771/8458 7772/8459 7773/8460 7767/8453
f 7767/8453 7773/8460 7774/8461 7775/8462
f 7775/8462 7776/8463 7777/8454 7767/8453
f 7768/8464 6270/8465 5076/6826 5600/6825
f 7769/8456 7768/8455 5600/6825 5599/6823
f 7777/8454 6271/8466 6270/8465 7768/8455
f 7770/8467 5598/6821 5080/6764 5893/8468
f 7770/8457 5893/8468 5894/8469 7771/8458
f 5599/6823 5598/6821 7770/8467 7769/8456
f 5895/8470 5133/6771 5905/6850 7772/8471
f 7772/8459 5905/6850 5906/6848 7773/8460
f 5894/8469 5895/8470 7772/8471 7771/8458
f 7774/8472 5907/6847 5132/6846 5892/8445
f 7775/8462 7774/8461 5892/8445 5891/8444
f 7773/8460 5906/6848 5907/6847 7774/8461
f 5890/8443 5218/8442 6272/8473 7776/8474
f 7776/8463 6272/8473 6271/8466 7777/8454
f 5891/8444 5890/8443 7776/8474 7775/8462
f 5893/8468 5080/6764 5594/6767 7778/8475
f 5133/6771 5895/8470 7780/8476 5908/6772
f 5895/8470 5894/8469 7779/8477 7780/8476
f 5894/8469 5893/8468 7778/8475 7779/8477
f 9666/8478 9665/8479 7782/8480 7785/8481
f 9778/8482 9777/8483 7783/8484 7786/8485
f 9667/8486 9666/8478 7785/8481 7788/8487
f 9779/8488 9778/8482 7786/8485 7789/8489
f 9443/8490 9346/7249 5639/7252 7781/8491
f 9665/8479 9570/7247 5638/7248 7782/8480
f 9777/8483 9682/7245 5637/7246 7783/8484
f 10001/8492 9906/7243 5069/7084 5912/8493
f 10002/8494 10001/8492 5912/8493 5913/8495
f 10003/8496 10002/8494 5913/8495 5914/8497
f 9915/7280 10003/8496 5914/8497 5135/7281
f 9691/7276 9779/8488 7789/8489 5924/7277
f 9579/7272 9667/8486 7788/8487 5925/7273
f 9355/7268 9441/8498 7787/8499 5926/7269
f 9441/8498 9442/8500 7784/8501 7787/8499
f 9442/8500 9443/8490 7781/8491 7784/8501
f 7800/8502 7791/8503 7792/8504 7790/8505
f 7790/8505 7792/8504 7793/8506 7794/8507
f 7794/8507 7795/8508 7796/8509 7790/8505
f 7790/8505 7796/8509 7797/8510 7798/8511
f 7798/8511 7799/8512 7800/8502 7790/8505
f 10225/8513 10133/8514 5627/8515 7791/8516
f 7791/8503 5627/8515 5626/7082 7792/8504
f 10227/8517 10225/8513 7791/8516 7800/8502
f 7793/8518 5625/7081 5073/7080 6276/8519
f 7794/8507 7793/8506 6276/8519 6277/8520
f 7792/8504 5626/7082 5625/7081 7793/8506
f 6278/8521 5220/8522 5915/8523 7795/8524
f 7795/8508 5915/8523 5916/8525 7796/8509
f 6277/8520 6278/8521 7795/8524 7794/8507
f 7797/8526 5917/8527 5136/7111 5927/7110
f 7798/8511 7797/8510 5927/7110 5928/7105
f 7796/8509 5916/8525 5917/8527 7797/8510
f 10226/8528 10146/8529 5135/7281 5914/8497
f 10227/8530 10226/8528 5914/8497 5913/8495
f 5928/7105 5929/7103 7799/8512 7798/8511
f 7804/8531 7801/8532 7802/8533 7805/8534
f 7805/8534 7802/8533 7803/8535 7806/8536
f 7807/8537 7804/8531 7805/8534 7808/8538
f 7808/8538 7805/8534 7806/8536 7809/8539
f 6339/8540 5235/8541 6350/8542 7801/8543
f 7801/8532 6350/8542 6349/8544 7802/8533
f 7802/8533 6349/8544 6348/8545 7803/8535
f 7803/8535 6348/8545 5221/8546 5918/8547
f 7806/8536 7803/8535 5918/8547 5919/8548
f 7809/8539 7806/8536 5919/8548 5920/8549
f 6282/8550 7809/8539 5920/8549 5137/8551
f 6283/8552 7808/8538 7809/8539 6282/8550
f 6284/8553 7807/8537 7808/8538 6283/8552
f 5222/8554 6341/8555 7807/8537 6284/8553
f 6341/8555 6340/8556 7804/8531 7807/8537
f 6340/8556 6339/8540 7801/8543 7804/8531
f 7810/8557 7820/8558 7811/8559 7812/8560
f 7812/8560 7813/8561 7814/8562 7810/8557
f 7814/8562 7815/8563 7816/8564 7810/8557
f 7810/8557 7816/8564 7817/8565 7818/8566
f 7818/8566 7819/8567 7820/8558 7810/8557
f 7811/8568 6279/8569 5077/6857 5603/6856
f 7812/8560 7811/8559 5603/6856 5602/6854
f 7820/8558 6280/8570 6279/8569 7811/8559
f 5601/6852 5081/6774 5921/8571 7813/8572
f 7813/8561 5921/8571 5922/8573 7814/8562
f 5602/6854 5601/6852 7813/8572 7812/8560
f 5923/8574 5138/6782 5933/6883 7815/8575
f 7815/8563 5933/6883 5934/6880 7816/8564
f 5922/8573 5923/8574 7815/8575 7814/8562
f 7817/8576 5935/6878 5137/6877 5920/8549
f 7818/8566 7817/8565 5920/8549 5919/8548
f 7816/8564 5934/6880 5935/6878 7817/8565
f 5918/8547 5221/8546 6281/8577 7819/8578
f 7819/8567 6281/8577 6280/8570 7820/8558
f 5919/8548 5918/8547 7819/8578 7818/8566
f 7821/8579 5921/8571 5081/6774 5595/6777
f 5138/6782 5923/8574 7823/8580 5936/6783
f 5923/8574 5922/8573 7822/8581 7823/8580
f 7822/8581 5922/8573 5921/8571 7821/8579
f 9669/8582 9668/8583 7825/8584 7828/8585
f 9781/8586 7828/8585 7825/8584 9780/8587
f 9670/8588 7830/8589 7827/8590 9669/8591
f 9782/8592 7831/8593 7828/8585 9781/8586
f 9446/8594 9347/7294 5642/7297 7824/8595
f 9668/8583 9571/7292 5641/7293 7825/8584
f 9780/8596 9683/7291 5640/7290 7826/8597
f 10004/8598 9907/8599 5070/8600 5940/8601
f 10005/8602 10004/8598 5940/8601 5941/8603
f 10006/8604 7832/8605 7829/8606 10005/8607
f 9916/7325 5952/7324 7832/8605 10006/8604
f 9692/7321 5953/7320 7831/8593 9782/8592
f 9580/7319 5954/7318 7830/8589 9670/8588
f 9356/7317 5139/7316 5939/8608 9444/8609
f 9444/8609 5939/8608 5938/8610 9445/8611
f 9445/8612 9446/8594 7824/8595 7827/8613
f 7843/8614 7834/8615 7835/8616 7833/8617
f 7833/8617 7835/8616 7836/8618 7837/8619
f 7837/8619 7838/8620 7839/8621 7833/8617
f 7833/8617 7839/8621 7840/8622 7841/8623
f 7841/8623 7842/8624 7843/8614 7833/8617
f 10228/8625 10134/8626 5630/8627 7834/8628
f 7834/8615 5630/8627 5629/7124 7835/8616
f 10230/8629 10228/8625 7834/8628 7843/8614
f 7836/8630 5628/7123 5074/7122 6285/8631
f 7837/8619 7836/8618 6285/8631 6286/8632
f 7835/8616 5629/7124 5628/7123 7836/8618
f 6287/8633 5223/8634 5943/8635 7838/8636
f 7838/8620 5943/8635 5944/8637 7839/8621
f 6286/8632 6287/8633 7838/8636 7837/8619
f 7840/8638 5945/8639 5141/7153 5955/7152
f 7841/8623 7840/8622 5955/7152 5956/7148
f 7839/8621 5944/8637 5945/8639 7840/8622
f 10147/7146 5140/7145 5942/8640 10229/8641
f 10229/8641 5942/8640 5941/8642 10230/8643
f 5956/7148 5957/7147 7842/8624 7841/8623
f 7847/8644 7844/8645 7845/8646 7848/8647
f 7848/8647 7845/8646 7846/8648 7849/8649
f 7850/8650 7847/8644 7848/8647 7851/8651
f 7851/8651 7848/8647 7849/8649 7852/8652
f 6327/8653 5234/8654 6338/8655 7844/8656
f 7844/8645 6338/8655 6337/8657 7845/8646
f 7845/8646 6337/8657 6336/8658 7846/8648
f 7846/8648 6336/8658 5224/8659 5946/8660
f 7849/8649 7846/8648 5946/8660 5947/8661
f 7852/8652 7849/8649 5947/8661 5948/8662
f 6291/8663 7852/8652 5948/8662 5142/8664
f 6292/8665 7851/8651 7852/8652 6291/8663
f 6293/8666 7850/8650 7851/8651 6292/8665
f 6293/8666 5225/8667 6329/8668 7850/8650
f 6329/8668 6328/8669 7847/8644 7850/8650
f 6328/8669 6327/8653 7844/8656 7847/8644
f 7853/8670 7863/8671 7854/8672 7855/8673
f 7855/8673 7856/8674 7857/8675 7853/8670
f 7857/8675 7858/8676 7859/8677 7853/8670
f 7853/8670 7859/8677 7860/8678 7861/8679
f 7861/8679 7862/8680 7863/8671 7853/8670
f 7854/8681 6288/8682 5078/6890 5606/6889
f 7855/8673 7854/8672 5606/6889 5605/6887
f 7863/8671 6289/8683 6288/8682 7854/8672
f 5604/6885 5082/6784 5949/8684 7856/8685
f 7856/8674 5949/8684 5950/8686 7857/8675
f 5605/6887 5604/6885 7856/8685 7855/8673
f 5951/8687 5143/6794 5961/6914 7858/8688
f 7858/8676 5961/6914 5962/6912 7859/8677
f 5950/8686 5951/8687 7858/8688 7857/8675
f 7860/8689 5963/6911 5142/6910 5948/8662
f 7861/8679 7860/8678 5948/8662 5947/8661
f 7859/8677 5962/6912 5963/6911 7860/8678
f 5946/8660 5224/8659 6290/8690 7862/8691
f 7862/8680 6290/8690 6289/8683 7863/8671
f 5947/8661 5946/8660 7862/8691 7861/8679
f 7864/8692 5949/8684 5082/6784 5596/6787
f 5964/6795 5143/6794 5951/8687 7866/8693
f 7866/8693 5951/8687 5950/8686 7865/8694
f 7865/8694 5950/8686 5949/8684 7864/8692
f 7867/8695 5977/8696 5083/6797 5597/6796
f 5980/5594 5148/5584 5979/8697 7869/8698
f 7869/8698 5979/8697 5978/8699 7868/8700
f 7868/8700 5978/8699 5977/8696 7867/8695
f 7870/8701 7880/8702 7871/8703 7872/8704
f 7872/8704 7873/8705 7874/8706 7870/8701
f 7874/8706 7875/8707 7876/8708 7870/8701
f 7870/8701 7876/8708 7877/8709 7878/8710
f 7878/8710 7879/8711 7880/8702 7870/8701
f 7871/8712 6297/8713 5079/6921 5609/6920
f 7872/8704 7871/8703 5609/6920 5608/6918
f 7880/8702 6298/8714 6297/8713 7871/8703
f 5607/6917 5083/6797 5977/8696 7873/8715
f 7873/8705 5977/8696 5978/8699 7874/8706
f 5608/6918 5607/6917 7873/8715 7872/8704
f 7875/8716 5979/8697 5148/5584 5981/5583
f 7875/8707 5981/5583 5982/5581 7876/8708
f 7874/8706 5978/8699 5979/8697 7875/8707
f 7877/8717 5983/5580 5147/5579 5976/8718
f 7878/8710 7877/8709 5976/8718 5975/8719
f 7876/8708 5982/5581 5983/5580 7877/8709
f 5974/8720 5227/8721 6299/8722 7879/8723
f 7879/8711 6299/8722 6298/8714 7880/8702
f 5975/8719 5974/8720 7879/8723 7878/8710
f 7884/8724 7881/8725 7882/8726 7885/8727
f 7885/8727 7882/8726 7883/8728 7886/8729
f 7887/8730 7884/8724 7885/8727 7888/8731
f 7888/8731 7885/8727 7886/8729 7889/8732
f 6315/8733 5233/8734 6326/8735 7881/8736
f 7881/8725 6326/8735 6325/8737 7882/8726
f 7882/8726 6325/8737 6324/8738 7883/8728
f 7883/8728 6324/8738 5227/8721 5974/8720
f 7886/8729 7883/8728 5974/8720 5975/8719
f 7889/8732 7886/8729 5975/8719 5976/8718
f 6300/8739 7889/8732 5976/8718 5147/5579
f 6301/8740 7888/8731 7889/8732 6300/8739
f 6302/8741 7887/8730 7888/8731 6301/8740
f 5228/8742 6317/8743 7887/8730 6302/8741
f 6317/8743 6316/8744 7884/8724 7887/8730
f 6316/8744 6315/8733 7881/8736 7884/8724
f 7900/8745 7891/8746 7892/8747 7890/8748
f 7890/8748 7892/8747 7893/8749 7894/8750
f 7894/8750 7895/8751 7896/8752 7890/8748
f 7890/8748 7896/8752 7897/8753 7898/8754
f 7898/8754 7899/8755 7900/8745 7890/8748
f 10231/8756 5968/8757 5071/7167 10135/7166
f 7891/8746 5633/7170 5632/7165 7892/8747
f 10233/8758 5969/8759 5968/8757 10231/8756
f 7893/8760 5631/7164 5075/7163 6294/8761
f 7894/8750 7893/8749 6294/8761 6295/8762
f 7892/8747 5632/7165 5631/7164 7893/8749
f 6296/8763 5226/8764 5971/8765 7895/8766
f 7895/8751 5971/8765 5972/8767 7896/8752
f 6295/8762 6296/8763 7895/8766 7894/8750
f 7897/8768 5973/8769 5146/5527 5987/5526
f 7898/8754 7897/8753 5987/5526 5988/5522
f 7896/8752 5972/8767 5973/8769 7897/8753
f 10148/5520 5145/5519 5970/8770 10232/8771
f 10232/8771 5970/8770 5969/8759 10233/8758
f 5988/5522 5989/5521 7899/8755 7898/8754
f 9672/8772 7904/8773 7901/8774 9671/8775
f 9784/8776 7905/8777 7902/8778 9783/8779
f 9673/8780 7907/8781 7904/8773 9672/8772
f 9785/8782 7908/8783 7905/8777 9784/8776
f 9449/8784 5965/8785 5067/7337 9348/7336
f 9671/8775 7901/8774 5645/7335 9572/7334
f 9783/8779 7902/8778 5644/7333 9684/7332
f 10007/8786 7903/8787 5643/7331 9908/7330
f 10008/8788 7906/8789 7903/8787 10007/8786
f 10009/8790 7909/8791 7906/8789 10008/8788
f 9917/5489 5990/5488 7909/8791 10009/8790
f 9693/5485 5991/5484 7908/8783 9785/8782
f 9581/5483 5992/5482 7907/8781 9673/8780
f 9357/5481 5144/5480 5967/8792 9447/8793
f 9447/8793 5967/8792 5966/8794 9448/8795
f 9448/8795 5966/8794 5965/8785 9449/8784
f 7914/8796 7913/8797 7910/8798 7911/8799
f 7915/8800 7914/8796 7911/8799 7912/8801
f 7917/8802 7916/8803 7913/8797 7914/8796
f 7918/8804 7917/8802 7914/8796 7915/8800
f 7910/8805 5971/8765 5226/8764 6323/8806
f 7911/8799 7910/8798 6323/8806 6322/8807
f 7911/8799 6322/8807 6321/8808 7912/8801
f 7912/8801 6321/8808 5233/8734 6315/8733
f 7915/8800 7912/8801 6315/8733 6316/8744
f 7918/8804 7915/8800 6316/8744 6317/8743
f 5984/8809 7918/8804 6317/8743 5228/8742
f 5985/8810 7917/8802 7918/8804 5984/8809
f 5985/8810 5986/8811 7916/8803 7917/8802
f 5986/8811 5146/5527 5973/8769 7916/8803
f 7916/8803 5973/8769 5972/8767 7913/8797
f 7913/8797 5972/8767 5971/8765 7910/8798
f 7922/8812 7919/8813 7920/8814 7923/8815
f 7924/8816 7923/8815 7920/8814 7921/8817
f 7925/8818 7922/8812 7923/8815 7926/8819
f 7926/8819 7923/8815 7924/8816 7927/8820
f 6294/8761 5075/7163 5621/8821 7919/8822
f 7919/8813 5621/8821 5620/8823 7920/8814
f 7921/8817 7920/8814 5620/8823 5619/8824
f 6318/8825 7921/8817 5619/8824 5191/8826
f 6319/8827 7924/8816 7921/8817 6318/8825
f 7927/8820 7924/8816 6319/8827 6320/8828
f 6321/8808 7927/8820 6320/8828 5233/8734
f 6322/8807 7926/8819 7927/8820 6321/8808
f 6323/8806 7925/8818 7926/8819 6322/8807
f 5226/8764 6296/8763 7925/8818 6323/8806
f 6296/8763 6295/8762 7922/8812 7925/8818
f 6295/8762 6294/8761 7919/8822 7922/8812
f 7932/8829 7931/8830 7928/8831 7929/8832
f 7933/8833 7932/8829 7929/8832 7930/8834
f 7935/8835 7934/8836 7931/8830 7932/8829
f 7936/8837 7935/8835 7932/8829 7933/8833
f 7928/8838 6318/8825 5191/8826 6191/7008
f 7929/8832 7928/8831 6191/7008 6190/7007
f 7930/8834 7929/8832 6190/7007 6189/7006
f 6297/8713 7930/8834 6189/7006 5079/6921
f 6298/8714 7933/8833 7930/8834 6297/8713
f 6299/8722 7936/8837 7933/8833 6298/8714
f 5227/8721 6324/8738 7936/8837 6299/8722
f 6324/8738 6325/8737 7935/8835 7936/8837
f 6326/8735 7934/8836 7935/8835 6325/8737
f 5233/8734 6320/8828 7934/8836 6326/8735
f 6320/8828 6319/8827 7931/8830 7934/8836
f 7931/8830 6319/8827 6318/8825 7928/8831
f 7941/8839 7940/8840 7937/8841 7938/8842
f 7941/8839 7938/8842 7939/8843 7942/8844
f 7944/8845 7943/8846 7940/8840 7941/8839
f 7944/8845 7941/8839 7942/8844 7945/8847
f 7937/8848 5943/8635 5223/8634 6335/8849
f 7938/8842 7937/8841 6335/8849 6334/8850
f 7938/8842 6334/8850 6333/8851 7939/8843
f 7939/8843 6333/8851 5234/8654 6327/8653
f 7942/8844 7939/8843 6327/8653 6328/8669
f 7945/8847 7942/8844 6328/8669 6329/8668
f 5225/8667 5958/8852 7945/8847 6329/8668
f 5958/8852 5959/8853 7944/8845 7945/8847
f 5959/8853 5960/8854 7943/8846 7944/8845
f 5960/8854 5141/7153 5945/8639 7943/8846
f 7943/8846 5945/8639 5944/8637 7940/8840
f 7940/8840 5944/8637 5943/8635 7937/8841
f 7949/8855 7946/8856 7947/8857 7950/8858
f 7950/8858 7947/8857 7948/8859 7951/8860
f 7952/8861 7949/8855 7950/8858 7953/8862
f 7953/8862 7950/8858 7951/8860 7954/8863
f 6285/8631 5074/7122 5618/8864 7946/8865
f 7947/8857 7946/8856 5618/8864 5617/8866
f 7948/8859 7947/8857 5617/8866 5616/8867
f 6330/8868 7948/8859 5616/8867 5190/8869
f 6331/8870 7951/8860 7948/8859 6330/8868
f 7954/8863 7951/8860 6331/8870 6332/8871
f 6333/8851 7954/8863 6332/8871 5234/8654
f 6334/8850 7953/8862 7954/8863 6333/8851
f 6335/8849 7952/8861 7953/8862 6334/8850
f 5223/8634 6287/8633 7952/8861 6335/8849
f 6287/8633 6286/8632 7949/8855 7952/8861
f 6286/8632 6285/8631 7946/8865 7949/8855
f 7959/8872 7958/8873 7955/8874 7956/8875
f 7960/8876 7959/8872 7956/8875 7957/8877
f 7962/8878 7961/8879 7958/8873 7959/8872
f 7963/8880 7962/8878 7959/8872 7960/8876
f 7955/8881 6330/8868 5190/8869 6188/6987
f 7956/8875 7955/8874 6188/6987 6187/6986
f 7957/8877 7956/8875 6187/6986 6186/6985
f 6288/8682 7957/8877 6186/6985 5078/6890
f 6289/8683 7960/8876 7957/8877 6288/8682
f 6290/8690 7963/8880 7960/8876 6289/8683
f 5224/8659 6336/8658 7963/8880 6290/8690
f 6336/8658 6337/8657 7962/8878 7963/8880
f 6338/8655 7961/8879 7962/8878 6337/8657
f 5234/8654 6332/8871 7961/8879 6338/8655
f 6332/8871 6331/8870 7958/8873 7961/8879
f 6331/8870 6330/8868 7955/8881 7958/8873
f 7968/8882 7967/8883 7964/8884 7965/8885
f 7968/8882 7965/8885 7966/8886 7969/8887
f 7971/8888 7970/8889 7967/8883 7968/8882
f 7972/8890 7971/8888 7968/8882 7969/8887
f 7964/8891 5915/8523 5220/8522 6347/8892
f 7965/8885 7964/8884 6347/8892 6346/8893
f 7965/8885 6346/8893 6345/8894 7966/8886
f 7966/8886 6345/8894 5235/8541 6339/8540
f 6340/8556 7969/8887 7966/8886 6339/8540
f 6341/8555 7972/8890 7969/8887 6340/8556
f 5222/8554 5930/8895 7972/8890 6341/8555
f 5930/8895 5931/8896 7971/8888 7972/8890
f 5931/8896 5932/8897 7970/8889 7971/8888
f 5932/8897 5136/7111 5917/8527 7970/8889
f 7970/8889 5917/8527 5916/8525 7967/8883
f 7967/8883 5916/8525 5915/8523 7964/8884
f 7976/8898 7973/8899 7974/8900 7977/8901
f 7977/8901 7974/8900 7975/8902 7978/8903
f 7979/8904 7976/8898 7977/8901 7980/8905
f 7980/8905 7977/8901 7978/8903 7981/8906
f 6276/8519 5073/7080 5615/8907 7973/8908
f 7973/8899 5615/8907 5614/8909 7974/8900
f 7974/8900 5614/8909 5613/8910 7975/8902
f 7975/8902 5613/8910 5189/8911 6342/8912
f 7978/8903 7975/8902 6342/8912 6343/8913
f 7981/8906 7978/8903 6343/8913 6344/8914
f 6345/8894 7981/8906 6344/8914 5235/8541
f 6346/8893 7980/8905 7981/8906 6345/8894
f 6347/8892 7979/8904 7980/8905 6346/8893
f 5220/8522 6278/8521 7979/8904 6347/8892
f 6278/8521 6277/8520 7976/8898 7979/8904
f 6277/8520 6276/8519 7973/8908 7976/8898
f 7986/8915 7985/8916 7982/8917 7983/8918
f 7987/8919 7986/8915 7983/8918 7984/8920
f 7989/8921 7988/8922 7985/8916 7986/8915
f 7990/8923 7989/8921 7986/8915 7987/8919
f 7982/8924 6342/8912 5189/8911 6185/6966
f 7983/8918 7982/8917 6185/6966 6184/6965
f 7984/8920 7983/8918 6184/6965 6183/6964
f 6279/8569 7984/8920 6183/6964 5077/6857
f 6280/8570 7987/8919 7984/8920 6279/8569
f 6281/8577 7990/8923 7987/8919 6280/8570
f 5221/8546 6348/8545 7990/8923 6281/8577
f 6348/8545 6349/8544 7989/8921 7990/8923
f 6349/8544 6350/8542 7988/8922 7989/8921
f 6350/8542 5235/8541 6344/8914 7988/8922
f 7988/8922 6344/8914 6343/8913 7985/8916
f 6343/8913 6342/8912 7982/8924 7985/8916
f 7995/8925 7994/8926 7991/8927 7992/8928
f 7996/8929 7995/8925 7992/8928 7993/8930
f 7998/8931 7997/8932 7994/8926 7995/8925
f 7999/8933 7998/8931 7995/8925 7996/8929
f 7991/8934 5887/8419 5217/8418 6359/8935
f 7992/8928 7991/8927 6359/8935 6358/8936
f 7993/8930 7992/8928 6358/8936 6357/8937
f 6351/8436 7993/8930 6357/8937 5236/8437
f 7996/8929 7993/8930 6351/8436 6352/8452
f 7999/8933 7996/8929 6352/8452 6353/8451
f 5902/8938 7999/8933 6353/8451 5219/8450
f 5903/8939 7998/8931 7999/8933 5902/8938
f 5903/8939 5904/8940 7997/8932 7998/8931
f 5904/8940 5131/7070 5889/8423 7997/8932
f 7997/8932 5889/8423 5888/8421 7994/8926
f 7994/8926 5888/8421 5887/8419 7991/8927
f 8003/8941 8000/8942 8001/8943 8004/8944
f 8004/8944 8001/8943 8002/8945 8005/8946
f 8006/8947 8003/8941 8004/8944 8007/8948
f 8007/8948 8004/8944 8005/8946 8008/8949
f 6267/8415 5072/7041 5612/8950 8000/8951
f 8000/8942 5612/8950 5611/8952 8001/8943
f 8001/8943 5611/8952 5610/8953 8002/8945
f 6354/8954 8002/8945 5610/8953 5188/8955
f 6355/8956 8005/8946 8002/8945 6354/8954
f 6356/8957 8008/8949 8005/8946 6355/8956
f 5236/8437 6357/8937 8008/8949 6356/8957
f 6358/8936 8007/8948 8008/8949 6357/8937
f 6359/8935 8006/8947 8007/8948 6358/8936
f 5217/8418 6269/8417 8006/8947 6359/8935
f 6269/8417 6268/8416 8003/8941 8006/8947
f 6268/8416 6267/8415 8000/8951 8003/8941
f 8013/8958 8012/8959 8009/8960 8010/8961
f 8014/8962 8013/8958 8010/8961 8011/8963
f 8016/8964 8015/8965 8012/8959 8013/8958
f 8017/8966 8016/8964 8013/8958 8014/8962
f 8009/8967 6354/8954 5188/8955 6182/6945
f 8010/8961 8009/8960 6182/6945 6181/6944
f 8011/8963 8010/8961 6181/6944 6180/6943
f 6270/8465 8011/8963 6180/6943 5076/6826
f 6271/8466 8014/8962 8011/8963 6270/8465
f 6272/8473 8017/8966 8014/8962 6271/8466
f 5218/8442 6360/8441 8017/8966 6272/8473
f 6360/8441 6361/8440 8016/8964 8017/8966
f 6362/8438 8015/8965 8016/8964 6361/8440
f 5236/8437 6356/8957 8015/8965 6362/8438
f 8015/8965 6356/8957 6355/8956 8012/8959
f 8012/8959 6355/8956 6354/8954 8009/8960
f 8022/8968 8021/8969 8018/8970 8019/8971
f 8023/8972 8022/8968 8019/8971 8020/8973
f 8025/8974 8024/8975 8021/8969 8022/8968
f 8026/8976 8025/8974 8022/8968 8023/8972
f 8018/8977 5859/8305 5214/8304 6371/8978
f 8019/8971 8018/8970 6371/8978 6370/8979
f 8020/8973 8019/8971 6370/8979 6369/8980
f 8020/8973 6369/8980 5237/8323 6363/8322
f 8023/8972 8020/8973 6363/8322 6364/8338
f 8026/8976 8023/8972 6364/8338 6365/8337
f 5216/8336 5874/8981 8026/8976 6365/8337
f 5874/8981 5875/8982 8025/8974 8026/8976
f 5875/8982 5876/8983 8024/8975 8025/8974
f 5876/8983 5126/7031 5861/8309 8024/8975
f 8024/8975 5861/8309 5860/8307 8021/8969
f 8021/8969 5860/8307 5859/8305 8018/8970
f 8030/8984 8027/8985 8028/8986 8031/8987
f 8031/8987 8028/8986 8029/8988 8032/8989
f 8033/8990 8030/8984 8031/8987 8034/8991
f 8034/8991 8031/8987 8032/8989 8035/8992
f 6258/8301 5023/5716 5321/5714 8027/8993
f 8027/8985 5321/5714 5320/5713 8028/8986
f 8028/8986 5320/5713 5319/5711 8029/8988
f 8029/8988 5319/5711 5156/5712 6366/8994
f 6367/8995 8032/8989 8029/8988 6366/8994
f 6368/8996 8035/8992 8032/8989 6367/8995
f 6369/8980 8035/8992 6368/8996 5237/8323
f 6370/8979 8034/8991 8035/8992 6369/8980
f 6371/8978 8033/8990 8034/8991 6370/8979
f 5214/8304 6260/8303 8033/8990 6371/8978
f 6260/8303 6259/8302 8030/8984 8033/8990
f 6259/8302 6258/8301 8027/8993 8030/8984
f 8040/8997 8039/8998 8036/8999 8037/9000
f 8041/9001 8040/8997 8037/9000 8038/9002
f 8043/9003 8042/9004 8039/8998 8040/8997
f 8044/9005 8043/9003 8040/8997 8041/9001
f 6366/8994 5156/5712 6086/9006 8036/9007
f 8036/8999 6086/9006 6085/9008 8037/9000
f 8038/9002 8037/9000 6085/9008 6084/9009
f 6261/8351 8038/9002 6084/9009 5025/5652
f 6262/8352 8041/9001 8038/9002 6261/8351
f 6263/8359 8044/9005 8041/9001 6262/8352
f 5215/8328 6372/8327 8044/9005 6263/8359
f 6372/8327 6373/8326 8043/9003 8044/9005
f 6373/8326 6374/8324 8042/9004 8043/9003
f 5237/8323 6368/8996 8042/9004 6374/8324
f 6368/8996 6367/8995 8039/8998 8042/9004
f 6367/8995 6366/8994 8036/9007 8039/8998
f 8049/9010 8048/9011 8045/9012 8046/9013
f 8050/9014 8049/9010 8046/9013 8047/9015
f 8052/9016 8051/9017 8048/9011 8049/9010
f 8053/9018 8052/9016 8049/9010 8050/9014
f 8045/9019 5435/6080 5170/6081 6383/9020
f 8046/9013 8045/9012 6383/9020 6382/9021
f 8047/9015 8046/9013 6382/9021 6381/9022
f 6375/8190 8047/9015 6381/9022 5238/8191
f 6376/8200 8050/9014 8047/9015 6375/8190
f 6377/8199 8053/9018 8050/9014 6376/8200
f 5212/8172 6254/8171 8053/9018 6377/8199
f 6254/8171 6253/8170 8052/9016 8053/9018
f 6253/8170 6252/8169 8051/9017 8052/9016
f 6252/8169 5042/5995 5437/6083 8051/9017
f 8051/9017 5437/6083 5436/6082 8048/9011
f 8048/9011 5436/6082 5435/6080 8045/9012
f 8057/9023 8054/9024 8055/9025 8058/9026
f 8058/9026 8055/9025 8056/9027 8059/9028
f 8061/9029 8060/9030 8057/9023 8058/9026
f 8061/9029 8058/9026 8059/9028 8062/9031
f 6126/9032 5038/6232 6249/8235 8054/9033
f 8054/9024 6249/8235 6250/8233 8055/9025
f 8055/9025 6250/8233 6251/8231 8056/9027
f 8056/9027 6251/8231 5211/8230 6378/9034
f 8059/9028 8056/9027 6378/9034 6379/9035
f 8062/9031 8059/9028 6379/9035 6380/9036
f 6381/9022 8062/9031 6380/9036 5238/8191
f 6381/9022 6382/9021 8061/9029 8062/9031
f 6382/9021 6383/9020 8060/9030 8061/9029
f 6383/9020 5170/6081 6128/9037 8060/9030
f 8060/9030 6128/9037 6127/9038 8057/9023
f 8057/9023 6127/9038 6126/9032 8054/9024
f 8067/9039 8066/9040 8063/9041 8064/9042
f 8068/9043 8067/9039 8064/9042 8065/9044
f 8070/9045 8069/9046 8066/9040 8067/9039
f 8071/9047 8070/9045 8067/9039 8068/9043
f 8063/9048 6378/9034 5211/8230 5832/8229
f 8064/9042 8063/9041 5832/8229 5833/8228
f 8065/9044 8064/9042 5833/8228 5834/8227
f 6255/9049 8065/9044 5834/8227 5120/5324
f 6256/9050 8068/9043 8065/9044 6255/9049
f 6257/9051 8071/9047 8068/9043 6256/9050
f 6384/8194 8071/9047 6257/9051 5213/8196
f 6385/8193 8070/9045 8071/9047 6384/8194
f 6386/8192 8069/9046 8070/9045 6385/8193
f 5238/8191 6380/9036 8069/9046 6386/8192
f 8069/9046 6380/9036 6379/9035 8066/9040
f 8066/9040 6379/9035 6378/9034 8063/9041
f 8075/9052 8072/9053 8073/9054 8076/9055
f 8077/9056 8076/9055 8073/9054 8074/9057
f 8079/9058 8078/9059 8075/9052 8076/9055
f 8080/9060 8079/9058 8076/9055 8077/9056
f 6074/9061 5152/9062 6395/9063 8072/9064
f 8072/9053 6395/9063 6394/9065 8073/9054
f 8073/9054 6394/9065 6393/9066 8074/9057
f 8074/9057 6393/9066 5239/8098 6387/8097
f 8077/9056 8074/9057 6387/8097 6388/8113
f 6389/8112 8080/9060 8077/9056 6388/8113
f 5232/8111 6314/8128 8080/9060 6389/8112
f 6314/8128 6313/8127 8079/9058 8080/9060
f 6313/8127 6312/8126 8078/9059 8079/9058
f 6312/8126 5017/6690 6072/9067 8078/9059
f 8078/9059 6072/9067 6073/9068 8075/9052
f 6073/9068 6074/9061 8072/9064 8075/9052
f 8084/9069 8081/9070 8082/9071 8085/9072
f 8085/9072 8082/9071 8083/9073 8086/9074
f 8087/9075 8084/9069 8085/9072 8088/9076
f 8088/9076 8085/9072 8086/9074 8089/9077
f 5288/9078 5016/6513 6309/8087 8081/9079
f 8081/9070 6309/8087 6310/8085 8082/9071
f 8082/9071 6310/8085 6311/8083 8083/9073
f 8083/9073 6311/8083 5231/8082 6390/9080
f 8086/9074 8083/9073 6390/9080 6391/9081
f 8089/9077 8086/9074 6391/9081 6392/9082
f 6393/9066 8089/9077 6392/9082 5239/8098
f 6394/9065 8088/9076 8089/9077 6393/9066
f 6395/9063 8087/9075 8088/9076 6394/9065
f 5152/9062 5286/9083 8087/9075 6395/9063
f 5286/9083 5287/9084 8084/9069 8087/9075
f 5287/9084 5288/9078 8081/9079 8084/9069
f 8094/9085 8093/9086 8090/9087 8091/9088
f 8095/9089 8094/9085 8091/9088 8092/9090
f 8096/9091 8093/9086 8094/9085 8097/9092
f 8098/9093 8097/9092 8094/9085 8095/9089
f 8090/9094 6390/9080 5231/8082 6048/8081
f 8091/9088 8090/9087 6048/8081 6049/8080
f 8092/9090 8091/9088 6049/8080 6050/8078
f 8092/9090 6050/8078 5115/6125 6246/9095
f 6247/9096 8095/9089 8092/9090 6246/9095
f 6248/9097 8098/9093 8095/9089 6247/9096
f 6396/8102 8098/9093 6248/9097 5210/8103
f 6397/8101 8097/9092 8098/9093 6396/8102
f 6398/8099 8096/9091 8097/9092 6397/8101
f 5239/8098 6392/9082 8096/9091 6398/8099
f 6392/9082 6391/9081 8093/9086 8096/9091
f 8093/9086 6391/9081 6390/9080 8090/9087
f 8103/9098 8102/9099 8099/9100 8100/9101
f 8104/9102 8103/9098 8100/9101 8101/9103
f 8106/9104 8105/9105 8102/9099 8103/9098
f 8107/9106 8106/9104 8103/9098 8104/9102
f 8099/9107 5432/6059 5169/6060 6407/9108
f 8100/9101 8099/9100 6407/9108 6406/9109
f 8101/9103 8100/9101 6406/9109 6405/9110
f 6399/7979 8101/9103 6405/9110 5240/7980
f 6400/7994 8104/9102 8101/9103 6399/7979
f 6401/7993 8107/9106 8104/9102 6400/7994
f 5208/7992 6242/8009 8107/9106 6401/7993
f 6242/8009 6241/8008 8106/9104 8107/9106
f 6241/8008 6240/8007 8105/9105 8106/9104
f 6240/8007 5041/5964 5434/6062 8105/9105
f 8105/9105 5434/6062 5433/6061 8102/9099
f 8102/9099 5433/6061 5432/6059 8099/9100
f 8111/9111 8108/9112 8109/9113 8112/9114
f 8112/9114 8109/9113 8110/9115 8113/9116
f 8115/9117 8114/9118 8111/9111 8112/9114
f 8116/9119 8115/9117 8112/9114 8113/9116
f 8108/9120 6123/9121 5037/6193 6237/7968
f 8108/9112 6237/7968 6238/7966 8109/9113
f 8109/9113 6238/7966 6239/7964 8110/9115
f 8110/9115 6239/7964 5207/7963 6402/9122
f 8113/9116 8110/9115 6402/9122 6403/9123
f 6404/9124 8116/9119 8113/9116 6403/9123
f 5240/7980 6405/9110 8116/9119 6404/9124
f 6405/9110 6406/9109 8115/9117 8116/9119
f 6406/9109 6407/9108 8114/9118 8115/9117
f 6407/9108 5169/6060 6125/9125 8114/9118
f 8114/9118 6125/9125 6124/9126 8111/9111
f 8111/9111 6124/9126 6123/9121 8108/9112
f 8121/9127 8120/9128 8117/9129 8118/9130
f 8122/9131 8121/9127 8118/9130 8119/9132
f 8124/9133 8123/9134 8120/9128 8121/9127
f 8125/9135 8124/9133 8121/9127 8122/9131
f 8117/9136 6402/9122 5207/7963 5787/7962
f 8118/9130 8117/9129 5787/7962 5788/7961
f 8119/9132 8118/9130 5788/7961 5789/7960
f 6243/9137 8119/9132 5789/7960 5110/6242
f 6244/9138 8122/9131 8119/9132 6243/9137
f 6245/9139 8125/9135 8122/9131 6244/9138
f 5209/7985 6408/7983 8125/9135 6245/9139
f 6408/7983 6409/7982 8124/9133 8125/9135
f 6409/7982 6410/7981 8123/9134 8124/9133
f 6410/7981 5240/7980 6404/9124 8123/9134
f 8123/9134 6404/9124 6403/9123 8120/9128
f 8120/9128 6403/9123 6402/9122 8117/9129
f 8129/9140 8126/9141 8127/9142 8130/9143
f 8131/9144 8130/9143 8127/9142 8128/9145
f 8133/9146 8132/9147 8129/9140 8130/9143
f 8134/9148 8133/9146 8130/9143 8131/9144
f 5429/6039 5168/6038 6419/9149 8126/9150
f 8126/9141 6419/9149 6418/9151 8127/9142
f 8127/9142 6418/9151 6417/9152 8128/9145
f 8128/9145 6417/9152 5241/7865 6411/7864
f 8131/9144 8128/9145 6411/7864 6412/7880
f 6413/7879 8134/9148 8131/9144 6412/7880
f 5205/7878 6233/7895 8134/9148 6413/7879
f 6233/7895 6232/7894 8133/9146 8134/9148
f 6232/7894 6231/7893 8132/9147 8133/9146
f 6231/7893 5040/5933 5431/6041 8132/9147
f 8132/9147 5431/6041 5430/6040 8129/9140
f 5430/6040 5429/6039 8126/9150 8129/9140
f 8138/9153 8135/9154 8136/9155 8139/9156
f 8139/9156 8136/9155 8137/9157 8140/9158
f 8141/9159 8138/9153 8139/9156 8142/9160
f 8142/9160 8139/9156 8140/9158 8143/9161
f 6120/9162 5036/6154 6228/7854 8135/9163
f 8135/9154 6228/7854 6229/7852 8136/9155
f 8136/9155 6229/7852 6230/7850 8137/9157
f 8137/9157 6230/7850 5204/7849 6414/9164
f 8140/9158 8137/9157 6414/9164 6415/9165
f 8143/9161 8140/9158 6415/9165 6416/9166
f 6417/9152 8143/9161 6416/9166 5241/7865
f 6418/9151 8142/9160 8143/9161 6417/9152
f 6419/9149 8141/9159 8142/9160 6418/9151
f 5168/6038 6122/9167 8141/9159 6419/9149
f 6122/9167 6121/9168 8138/9153 8141/9159
f 6121/9168 6120/9162 8135/9163 8138/9153
f 8148/9169 8147/9170 8144/9171 8145/9172
f 8149/9173 8148/9169 8145/9172 8146/9174
f 8151/9175 8150/9176 8147/9170 8148/9169
f 8152/9177 8151/9175 8148/9169 8149/9173
f 8144/9178 6414/9164 5204/7849 5760/7848
f 8145/9172 8144/9171 5760/7848 5761/7847
f 8146/9174 8145/9172 5761/7847 5762/7846
f 6234/9179 8146/9174 5762/7846 5106/6203
f 8149/9173 8146/9174 6234/9179 6235/9180
f 6236/9181 8152/9177 8149/9173 6235/9180
f 6420/7869 8152/9177 6236/9181 5206/7870
f 6420/7869 6421/7868 8151/9175 8152/9177
f 6422/7866 8150/9176 8151/9175 6421/7868
f 5241/7865 6416/9166 8150/9176 6422/7866
f 8150/9176 6416/9166 6415/9165 8147/9170
f 8147/9170 6415/9165 6414/9164 8144/9171
f 8156/9182 8153/9183 8154/9184 8157/9185
f 8158/9186 8157/9185 8154/9184 8155/9187
f 8160/9188 8159/9189 8156/9182 8157/9185
f 8161/9190 8160/9188 8157/9185 8158/9186
f 5426/6018 5167/6017 6431/9191 8153/9192
f 8153/9183 6431/9191 6430/9193 8154/9184
f 8154/9184 6430/9193 6429/9194 8155/9187
f 8155/9187 6429/9194 5242/7751 6423/7750
f 8158/9186 8155/9187 6423/7750 6424/7766
f 6425/7765 8161/9190 8158/9186 6424/7766
f 5202/7764 6224/7781 8161/9190 6425/7765
f 6224/7781 6223/7780 8160/9188 8161/9190
f 6223/7780 6222/7779 8159/9189 8160/9188
f 6222/7779 5039/5902 5428/6020 8159/9189
f 8159/9189 5428/6020 5427/6019 8156/9182
f 5427/6019 5426/6018 8153/9192 8156/9182
f 8165/9195 8162/9196 8163/9197 8166/9198
f 8166/9198 8163/9197 8164/9199 8167/9200
f 8168/9201 8165/9195 8166/9198 8169/9202
f 8169/9202 8166/9198 8167/9200 8170/9203
f 6117/9204 5035/6115 6219/7740 8162/9205
f 8162/9196 6219/7740 6220/7738 8163/9197
f 8163/9197 6220/7738 6221/7736 8164/9199
f 8164/9199 6221/7736 5201/7735 6426/9206
f 8167/9200 8164/9199 6426/9206 6427/9207
f 8170/9203 8167/9200 6427/9207 6428/9208
f 6429/9194 8170/9203 6428/9208 5242/7751
f 6430/9193 8169/9202 8170/9203 6429/9194
f 6431/9191 8168/9201 8169/9202 6430/9193
f 5167/6017 6119/9209 8168/9201 6431/9191
f 8168/9201 6119/9209 6118/9210 8165/9195
f 8165/9195 6118/9210 6117/9204 8162/9196
f 8175/9211 8174/9212 8171/9213 8172/9214
f 8176/9215 8175/9211 8172/9214 8173/9216
f 8178/9217 8177/9218 8174/9212 8175/9211
f 8178/9217 8175/9211 8176/9215 8179/9219
f 8171/9220 6426/9206 5201/7735 5733/7734
f 8172/9214 8171/9213 5733/7734 5734/7733
f 8173/9216 8172/9214 5734/7733 5735/7732
f 8173/9216 5735/7732 5100/6164 6225/9221
f 8176/9215 8173/9216 6225/9221 6226/9222
f 8179/9219 8176/9215 6226/9222 6227/9223
f 6432/7755 8179/9219 6227/9223 5203/7756
f 6433/7754 8178/9217 8179/9219 6432/7755
f 6434/7752 8177/9218 8178/9217 6433/7754
f 5242/7751 6428/9208 8177/9218 6434/7752
f 8177/9218 6428/9208 6427/9207 8174/9212
f 8174/9212 6427/9207 6426/9206 8171/9213
f 8184/9224 8183/9225 8180/9226 8181/9227
f 8185/9228 8184/9224 8181/9227 8182/9229
f 8187/9230 8186/9231 8183/9225 8184/9224
f 8188/9232 8187/9230 8184/9224 8185/9228
f 8180/9233 5724/7663 5199/7664 6443/9234
f 8181/9227 8180/9226 6443/9234 6442/9235
f 8181/9227 6442/9235 6441/9236 8182/9229
f 8182/9229 6441/9236 5243/7679 6435/7678
f 6436/7689 8185/9228 8182/9229 6435/7678
f 6437/7688 8188/9232 8185/9228 6436/7689
f 5193/7619 5667/7618 8188/9232 6437/7688
f 5667/7618 5668/7617 8187/9230 8188/9232
f 5668/7617 5669/7616 8186/9231 8187/9230
f 5669/7616 5091/7598 5726/7666 8186/9231
f 8186/9231 5726/7666 5725/7665 8183/9225
f 8183/9225 5725/7665 5724/7663 8180/9226
f 8192/9237 8189/9238 8190/9239 8193/9240
f 8193/9240 8190/9239 8191/9241 8194/9242
f 8195/9243 8192/9237 8193/9240 8196/9244
f 8196/9244 8193/9240 8194/9242 8197/9245
f 6213/9246 5094/7490 5678/7528 8189/9247
f 8189/9238 5678/7528 5677/7526 8190/9239
f 8190/9239 5677/7526 5676/7524 8191/9241
f 8191/9241 5676/7524 5196/7523 6438/9248
f 8194/9242 8191/9241 6438/9248 6439/9249
f 8197/9245 8194/9242 6439/9249 6440/9250
f 6441/9236 8197/9245 6440/9250 5243/7679
f 6442/9235 8196/9244 8197/9245 6441/9236
f 6443/9234 8195/9243 8196/9244 6442/9235
f 6443/9234 5199/7664 6215/9251 8195/9243
f 8195/9243 6215/9251 6214/9252 8192/9237
f 8192/9237 6214/9252 6213/9246 8189/9238
f 8202/9253 8201/9254 8198/9255 8199/9256
f 8203/9257 8202/9253 8199/9256 8200/9258
f 8204/9259 8201/9254 8202/9253 8205/9260
f 8205/9260 8202/9253 8203/9257 8206/9261
f 8198/9262 6438/9248 5196/7523 6206/7522
f 8199/9256 8198/9255 6206/7522 6205/7521
f 8200/9258 8199/9256 6205/7521 6204/7520
f 8200/9258 6204/7520 5093/5631 6216/9263
f 8203/9257 8200/9258 6216/9263 6217/9264
f 8206/9261 8203/9257 6217/9264 6218/9265
f 6444/7683 8206/9261 6218/9265 5200/7684
f 6445/7682 8205/9260 8206/9261 6444/7683
f 6446/7680 8204/9259 8205/9260 6445/7682
f 5243/7679 6440/9250 8204/9259 6446/7680
f 6440/9250 6439/9249 8201/9254 8204/9259
f 8201/9254 6439/9249 6438/9248 8198/9255
f 8211/9266 8210/9267 8207/9268 8208/9269
f 8212/9270 8211/9266 8208/9269 8209/9271
f 8214/9272 8213/9273 8210/9267 8211/9266
f 8215/9274 8214/9272 8211/9266 8212/9270
f 8207/9275 5721/7642 5198/7643 6455/9276
f 8208/9269 8207/9268 6455/9276 6454/9277
f 8209/9271 8208/9269 6454/9277 6453/9278
f 6447/7658 8209/9271 6453/9278 5244/7659
f 6448/7668 8212/9270 8209/9271 6447/7658
f 6449/7667 8215/9274 8212/9270 6448/7668
f 5194/7592 5670/7591 8215/9274 6449/7667
f 5670/7591 5671/7590 8214/9272 8215/9274
f 5671/7590 5672/7589 8213/9273 8214/9272
f 5672/7589 5092/7570 5723/7645 8213/9273
f 8213/9273 5723/7645 5722/7644 8210/9267
f 8210/9267 5722/7644 5721/7642 8207/9268
f 8220/9279 8219/9280 8216/9281 8217/9282
f 8220/9279 8217/9282 8218/9283 8221/9284
f 8223/9285 8222/9286 8219/9280 8220/9279
f 8224/9287 8223/9285 8220/9279 8221/9284
f 8216/9288 6210/9289 5095/7455 5681/7498
f 8216/9281 5681/7498 5680/7497 8217/9282
f 8217/9282 5680/7497 5679/7495 8218/9283
f 8218/9283 5679/7495 5197/7494 6450/9290
f 8221/9284 8218/9283 6450/9290 6451/9291
f 6452/9292 8224/9287 8221/9284 6451/9291
f 5244/7659 6453/9278 8224/9287 6452/9292
f 6453/9278 6454/9277 8223/9285 8224/9287
f 6454/9277 6455/9276 8222/9286 8223/9285
f 6455/9276 5198/7643 6212/9293 8222/9286
f 8222/9286 6212/9293 6211/9294 8219/9280
f 8219/9280 6211/9294 6210/9289 8216/9281
f 8229/9295 8228/9296 8225/9297 8226/9298
f 8230/9299 8229/9295 8226/9298 8227/9300
f 8232/9301 8231/9302 8228/9296 8229/9295
f 8233/9303 8232/9301 8229/9295 8230/9299
f 8225/9304 6450/9290 5197/7494 6209/7493
f 8226/9298 8225/9297 6209/7493 6208/7492
f 8227/9300 8226/9298 6208/7492 6207/7491
f 6213/9246 8227/9300 6207/7491 5094/7490
f 6214/9252 8230/9299 8227/9300 6213/9246
f 6215/9251 8233/9303 8230/9299 6214/9252
f 5199/7664 6456/7662 8233/9303 6215/9251
f 6456/7662 6457/7661 8232/9301 8233/9303
f 6457/7661 6458/7660 8231/9302 8232/9301
f 6458/7660 5244/7659 6452/9292 8231/9302
f 8231/9302 6452/9292 6451/9291 8228/9296
f 8228/9296 6451/9291 6450/9290 8225/9297
f 8238/9305 8237/9306 8234/9307 8235/9308
f 8239/9309 8238/9305 8235/9308 8236/9310
f 8241/9311 8240/9312 8237/9306 8238/9305
f 8242/9313 8241/9311 8238/9305 8239/9309
f 8234/9314 5273/5341 5151/5342 6467/9315
f 8235/9308 8234/9307 6467/9315 6466/9316
f 8236/9310 8235/9308 6466/9316 6465/9317
f 6459/7637 8236/9310 6465/9317 5245/7638
f 6460/7647 8239/9309 8236/9310 6459/7637
f 6461/7646 8242/9313 8239/9309 6460/7647
f 5229/7564 6012/7563 8242/9313 6461/7646
f 6012/7563 6013/7562 8241/9311 8242/9313
f 6013/7562 6014/7561 8240/9312 8241/9311
f 6014/7561 5012/5346 5275/5344 8240/9312
f 8240/9312 5275/5344 5274/5343 8237/9306
f 8237/9306 5274/5343 5273/5341 8234/9307
f 8247/9318 8246/9319 8243/9320 8244/9321
f 8248/9322 8247/9318 8244/9321 8245/9323
f 8250/9324 8249/9325 8246/9319 8247/9318
f 8251/9326 8250/9324 8247/9318 8248/9322
f 8243/9327 6069/9328 5011/5314 6017/7463
f 8243/9320 6017/7463 6016/7462 8244/9321
f 8244/9321 6016/7462 6015/7460 8245/9323
f 6462/9329 8245/9323 6015/7460 5230/7459
f 6463/9330 8248/9322 8245/9323 6462/9329
f 6464/9331 8251/9326 8248/9322 6463/9330
f 5245/7638 6465/9317 8251/9326 6464/9331
f 6465/9317 6466/9316 8250/9324 8251/9326
f 6466/9316 6467/9315 8249/9325 8250/9324
f 6467/9315 5151/5342 6071/9332 8249/9325
f 8249/9325 6071/9332 6070/9333 8246/9319
f 8246/9319 6070/9333 6069/9328 8243/9320
f 8256/9334 8255/9335 8252/9336 8253/9337
f 8257/9338 8256/9334 8253/9337 8254/9339
f 8259/9340 8258/9341 8255/9335 8256/9334
f 8260/9342 8259/9340 8256/9334 8257/9338
f 8252/9343 6462/9329 5230/7459 6308/7458
f 8253/9337 8252/9336 6308/7458 6307/7457
f 8254/9339 8253/9337 6307/7457 6306/7456
f 6210/9289 8254/9339 6306/7456 5095/7455
f 6211/9294 8257/9338 8254/9339 6210/9289
f 6212/9293 8260/9342 8257/9338 6211/9294
f 5198/7643 6468/7641 8260/9342 6212/9293
f 6468/7641 6469/7640 8259/9340 8260/9342
f 6469/7640 6470/7639 8258/9341 8259/9340
f 6470/7639 5245/7638 6464/9331 8258/9341
f 8258/9341 6464/9331 6463/9330 8255/9335
f 8255/9335 6463/9330 6462/9329 8252/9336
f 8265/9344 8264/9345 8261/9346 8262/9347
f 8266/9348 8265/9344 8262/9347 8263/9349
f 8268/9350 8267/9351 8264/9345 8265/9344
f 8269/9352 8268/9350 8265/9344 8266/9348
f 8261/9353 5567/7158 5183/7157 6479/9354
f 8262/9347 8261/9346 6479/9354 6478/9355
f 8263/9349 8262/9347 6478/9355 6477/9356
f 6471/7001 8263/9349 6477/9356 5246/7002
f 6472/7011 8266/9348 8263/9349 6471/7001
f 6473/7010 8269/9352 8266/9348 6472/7011
f 5191/8826 5619/8824 8269/9352 6473/7010
f 5619/8824 5620/8823 8268/9350 8269/9352
f 5620/8823 5621/8821 8267/9351 8268/9350
f 5621/8821 5075/7163 5569/7162 8267/9351
f 8267/9351 5569/7162 5568/7160 8264/9345
f 8264/9345 5568/7160 5567/7158 8261/9346
f 8274/9357 8273/9358 8270/9359 8271/9360
f 8275/9361 8274/9357 8271/9360 8272/9362
f 8276/9363 8273/9358 8274/9357 8277/9364
f 8278/9365 8277/9364 8274/9357 8275/9361
f 8270/9366 6165/7154 5141/7153 5960/8854
f 8271/9360 8270/9359 5960/8854 5959/8853
f 8272/9362 8271/9360 5959/8853 5958/8852
f 6474/9367 8272/9362 5958/8852 5225/8667
f 6475/9368 8275/9361 8272/9362 6474/9367
f 6476/9369 8278/9365 8275/9361 6475/9368
f 5246/7002 6477/9356 8278/9365 6476/9369
f 6477/9356 6478/9355 8277/9364 8278/9365
f 6479/9354 8276/9363 8277/9364 6478/9355
f 5183/7157 6167/7156 8276/9363 6479/9354
f 6167/7156 6166/7155 8273/9358 8276/9363
f 6166/7155 6165/7154 8270/9366 8273/9358
f 8283/9370 8282/9371 8279/9372 8280/9373
f 8284/9374 8283/9370 8280/9373 8281/9375
f 8286/9376 8285/9377 8282/9371 8283/9370
f 8287/9378 8286/9376 8283/9370 8284/9374
f 8279/9379 6474/9367 5225/8667 6293/8666
f 8280/9373 8279/9372 6293/8666 6292/8665
f 8281/9375 8280/9373 6292/8665 6291/8663
f 6177/6909 8281/9375 6291/8663 5142/6910
f 6178/6913 8284/9374 8281/9375 6177/6909
f 6179/6926 8287/9378 8284/9374 6178/6913
f 5187/6925 6480/7005 8287/9378 6179/6926
f 6480/7005 6481/7004 8286/9376 8287/9378
f 6481/7004 6482/7003 8285/9377 8286/9376
f 6482/7003 5246/7002 6476/9369 8285/9377
f 8285/9377 6476/9369 6475/9368 8282/9371
f 8282/9371 6475/9368 6474/9367 8279/9372
f 8292/9380 8291/9381 8288/9382 8289/9383
f 8293/9384 8292/9380 8289/9383 8290/9385
f 8295/9386 8294/9387 8291/9381 8292/9380
f 8296/9388 8295/9386 8292/9380 8293/9384
f 8288/9389 5564/7117 5182/7116 6491/9390
f 8289/9383 8288/9382 6491/9390 6490/9391
f 8290/9385 8289/9383 6490/9391 6489/9392
f 6483/6980 8290/9385 6489/9392 5247/6981
f 6484/6990 8293/9384 8290/9385 6483/6980
f 6485/6989 8296/9388 8293/9384 6484/6990
f 5190/8869 5616/8867 8296/9388 6485/6989
f 5616/8867 5617/8866 8295/9386 8296/9388
f 5617/8866 5618/8864 8294/9387 8295/9386
f 5618/8864 5074/7122 5566/7121 8294/9387
f 8294/9387 5566/7121 5565/7119 8291/9381
f 8291/9381 5565/7119 5564/7117 8288/9382
f 8300/9393 8297/9394 8298/9395 8301/9396
f 8302/9397 8301/9396 8298/9395 8299/9398
f 8303/9399 8300/9393 8301/9396 8304/9400
f 8305/9401 8304/9400 8301/9396 8302/9397
f 6162/7112 5136/7111 5932/8897 8297/9402
f 8298/9403 8297/9402 5932/8897 5931/8896
f 8299/9404 8298/9403 5931/8896 5930/8895
f 6486/9405 8299/9404 5930/8895 5222/8554
f 6487/9406 8302/9397 8299/9398 6486/9407
f 6488/9408 8305/9401 8302/9397 6487/9406
f 5247/6981 6489/9392 8305/9401 6488/9408
f 6489/9392 6490/9391 8304/9400 8305/9401
f 6491/9390 8303/9399 8304/9400 6490/9391
f 5182/7116 6164/7115 8303/9399 6491/9390
f 6164/7115 6163/7114 8300/9393 8303/9399
f 6163/7114 6162/7113 8297/9394 8300/9393
f 8310/9409 8309/9410 8306/9411 8307/9412
f 8311/9413 8310/9409 8307/9412 8308/9414
f 8313/9415 8312/9416 8309/9410 8310/9409
f 8314/9417 8313/9415 8310/9409 8311/9413
f 8306/9418 6486/9405 5222/8554 6284/8553
f 8307/9419 8306/9418 6284/8553 6283/8552
f 8308/9420 8307/9419 6283/8552 6282/8550
f 6174/6876 8308/9420 6282/8550 5137/6877
f 6175/6881 8311/9413 8308/9414 6174/6882
f 6176/6895 8314/9417 8311/9413 6175/6881
f 5186/6894 6492/6984 8314/9417 6176/6895
f 6492/6984 6493/6983 8313/9415 8314/9417
f 6493/6983 6494/6982 8312/9416 8313/9415
f 6494/6982 5247/6981 6488/9408 8312/9416
f 8312/9416 6488/9408 6487/9406 8309/9410
f 8309/9410 6487/9406 6486/9407 8306/9411
f 8319/9421 8318/9422 8315/9423 8316/9424
f 8320/9425 8319/9421 8316/9424 8317/9426
f 8322/9427 8321/9428 8318/9422 8319/9421
f 8323/9429 8322/9427 8319/9421 8320/9425
f 8315/9430 5561/7075 5181/7074 6503/9431
f 8316/9424 8315/9423 6503/9431 6502/9432
f 8317/9426 8316/9424 6502/9432 6501/9433
f 6495/6959 8317/9426 6501/9433 5248/6960
f 6496/6969 8320/9425 8317/9426 6495/6959
f 6497/6968 8323/9429 8320/9425 6496/6969
f 5189/8911 5613/8910 8323/9429 6497/6968
f 5614/8909 8322/9427 8323/9429 5613/8910
f 5614/8909 5615/8907 8321/9428 8322/9427
f 5615/8907 5073/7080 5563/7079 8321/9428
f 8321/9428 5563/7079 5562/7077 8318/9422
f 8318/9422 5562/7077 5561/7075 8315/9423
f 8327/9434 8324/9435 8325/9436 8328/9437
f 8329/9438 8328/9437 8325/9436 8326/9439
f 8330/9440 8327/9434 8328/9437 8331/9441
f 8332/9442 8331/9441 8328/9437 8329/9438
f 6159/7071 5131/7070 5904/8940 8324/9443
f 8324/9435 5904/8940 5903/8939 8325/9436
f 8326/9439 8325/9436 5903/8939 5902/8938
f 6498/9444 8326/9439 5902/8938 5219/8450
f 6499/9445 8329/9438 8326/9439 6498/9444
f 6500/9446 8332/9442 8329/9438 6499/9445
f 5248/6960 6501/9433 8332/9442 6500/9446
f 6501/9433 6502/9432 8331/9441 8332/9442
f 6503/9431 8330/9440 8331/9441 6502/9432
f 5181/7074 6161/7073 8330/9440 6503/9431
f 6161/7073 6160/7072 8327/9434 8330/9440
f 6160/7072 6159/7071 8324/9443 8327/9434
f 8337/9447 8336/9448 8333/9449 8334/9450
f 8338/9451 8337/9447 8334/9450 8335/9452
f 8340/9453 8339/9454 8336/9448 8337/9447
f 8341/9455 8340/9453 8337/9447 8338/9451
f 8333/9456 6498/9444 5219/8450 6275/8449
f 8334/9450 8333/9449 6275/8449 6274/8448
f 8335/9452 8334/9450 6274/8448 6273/8446
f 6171/6845 8335/9452 6273/8446 5132/6846
f 6172/6849 8338/9451 8335/9452 6171/6845
f 6173/6862 8341/9455 8338/9451 6172/6849
f 5185/6861 6504/6963 8341/9455 6173/6862
f 6504/6963 6505/6962 8340/9453 8341/9455
f 6505/6962 6506/6961 8339/9454 8340/9453
f 6506/6961 5248/6960 6500/9446 8339/9454
f 8339/9454 6500/9446 6499/9445 8336/9448
f 8336/9448 6499/9445 6498/9444 8333/9449
f 8346/9457 8345/9458 8342/9459 8343/9460
f 8347/9461 8346/9457 8343/9460 8344/9462
f 8349/9463 8348/9464 8345/9458 8346/9457
f 8350/9465 8349/9463 8346/9457 8347/9461
f 8342/9466 5558/7036 5180/7035 6515/9467
f 8343/9460 8342/9459 6515/9467 6514/9468
f 8344/9462 8343/9460 6514/9468 6513/9469
f 6507/6938 8344/9462 6513/9469 5249/6939
f 6508/6948 8347/9461 8344/9462 6507/6938
f 6509/6947 8350/9465 8347/9461 6508/6948
f 5188/8955 5610/8953 8350/9465 6509/6947
f 5611/8952 8349/9463 8350/9465 5610/8953
f 5611/8952 5612/8950 8348/9464 8349/9463
f 5612/8950 5072/7041 5560/7040 8348/9464
f 8348/9464 5560/7040 5559/7038 8345/9458
f 8345/9458 5559/7038 5558/7036 8342/9459
f 8354/9470 8351/9471 8352/9472 8355/9473
f 8356/9474 8355/9473 8352/9472 8353/9475
f 8357/9476 8354/9470 8355/9473 8358/9477
f 8359/9478 8358/9477 8355/9473 8356/9474
f 6156/7032 5126/7031 5876/8983 8351/9479
f 8352/9472 8351/9471 5876/8983 5875/8982
f 8353/9475 8352/9472 5875/8982 5874/8981
f 6510/9480 8353/9475 5874/8981 5216/8336
f 6511/9481 8356/9474 8353/9475 6510/9480
f 6512/9482 8359/9478 8356/9474 6511/9481
f 5249/6939 6513/9469 8359/9478 6512/9482
f 6513/9469 6514/9468 8358/9477 8359/9478
f 6515/9467 8357/9476 8358/9477 6514/9468
f 5180/7035 6158/7034 8357/9476 6515/9467
f 6158/7034 6157/7033 8354/9470 8357/9476
f 6157/7033 6156/7032 8351/9479 8354/9470
f 8364/9483 8363/9484 8360/9485 8361/9486
f 8365/9487 8364/9483 8361/9486 8362/9488
f 8367/9489 8366/9490 8363/9484 8364/9483
f 8368/9491 8367/9489 8364/9483 8365/9487
f 8360/9492 6510/9480 5216/8336 6266/8335
f 8361/9486 8360/9485 6266/8335 6265/8334
f 8362/9488 8361/9486 6265/8334 6264/8332
f 6168/6814 8362/9488 6264/8332 5127/6815
f 6169/6818 8365/9487 8362/9488 6168/6814
f 6170/6831 8368/9491 8365/9487 6169/6818
f 5184/6830 6516/6942 8368/9491 6170/6831
f 6516/6942 6517/6941 8367/9489 8368/9491
f 6517/6941 6518/6940 8366/9490 8367/9489
f 6518/6940 5249/6939 6512/9482 8366/9490
f 8366/9490 6512/9482 6511/9481 8363/9484
f 8363/9484 6511/9481 6510/9480 8360/9485
f 8373/9493 8372/9494 8369/9495 8370/9496
f 8374/9497 8373/9493 8370/9496 8371/9498
f 8376/9499 8375/9500 8372/9494 8373/9493
f 8377/9501 8376/9499 8373/9493 8374/9497
f 5516/6629 5178/6630 6527/9502 8369/9503
f 8370/9496 8369/9495 6527/9502 6526/9504
f 8371/9498 8370/9496 6526/9504 6525/9505
f 6519/6645 8371/9498 6525/9505 5250/6646
f 6520/6655 8374/9497 8371/9498 6519/6645
f 6521/6654 8377/9501 8374/9497 6520/6655
f 5176/6579 6146/6578 8377/9501 6521/6654
f 6146/6578 6145/6577 8376/9499 8377/9501
f 6145/6577 6144/6576 8375/9500 8376/9499
f 6144/6576 5059/6556 5518/6632 8375/9500
f 8375/9500 5518/6632 5517/6631 8372/9494
f 5517/6631 5516/6629 8369/9503 8372/9494
f 8381/9506 8378/9507 8379/9508 8382/9509
f 8382/9509 8379/9508 8380/9510 8383/9511
f 8384/9512 8381/9506 8382/9509 8385/9513
f 8385/9513 8382/9509 8383/9511 8386/9514
f 6150/9515 5056/6713 6135/6748 8378/9516
f 8378/9507 6135/6748 6136/6746 8379/9508
f 8379/9508 6136/6746 6137/6744 8380/9510
f 8380/9510 6137/6744 5173/6743 6522/9517
f 8383/9511 8380/9510 6522/9517 6523/9518
f 8386/9514 8383/9511 6523/9518 6524/9519
f 5250/6646 6525/9505 8386/9514 6524/9519
f 6525/9505 6526/9504 8385/9513 8386/9514
f 6526/9504 6527/9502 8384/9512 8385/9513
f 5178/6630 6152/9520 8384/9512 6527/9502
f 6152/9520 6151/9521 8381/9506 8384/9512
f 6151/9521 6150/9515 8378/9516 8381/9506
f 8391/9522 8390/9523 8387/9524 8388/9525
f 8392/9526 8391/9522 8388/9525 8389/9527
f 8394/9528 8393/9529 8390/9523 8391/9522
f 8395/9530 8394/9528 8391/9522 8392/9526
f 8387/9531 6522/9517 5173/6743 5477/6742
f 8388/9525 8387/9524 5477/6742 5478/6741
f 8389/9527 8388/9525 5478/6741 5479/6740
f 6153/9532 8389/9527 5479/6740 5057/5662
f 6154/9533 8392/9526 8389/9527 6153/9532
f 6155/9534 8395/9530 8392/9526 6154/9533
f 5179/6651 6528/6649 8395/9530 6155/9534
f 6528/6649 6529/6648 8394/9528 8395/9530
f 6529/6648 6530/6647 8393/9529 8394/9528
f 6530/6647 5250/6646 6524/9519 8393/9529
f 8393/9529 6524/9519 6523/9518 8390/9523
f 8390/9523 6523/9518 6522/9517 8387/9524
f 8399/9535 8396/9536 8397/9537 8400/9538
f 8400/9538 8397/9537 8398/9539 8401/9540
f 8402/9541 8399/9535 8400/9538 8403/9542
f 8404/9543 8403/9542 8400/9538 8401/9540
f 5513/6609 5177/6608 6539/9544 8396/9545
f 8396/9536 6539/9544 6538/9546 8397/9537
f 8397/9537 6538/9546 6537/9547 8398/9539
f 8398/9539 6537/9547 5251/6624 6531/6623
f 8401/9540 8398/9539 6531/6623 6532/6634
f 6533/6633 8404/9543 8401/9540 6532/6634
f 5175/6550 6143/6549 8404/9543 6533/6633
f 6143/6549 6142/6548 8403/9542 8404/9543
f 6142/6548 6141/6546 8402/9541 8403/9542
f 5058/6525 5515/6611 8402/9541 6141/6546
f 5515/6611 5514/6610 8399/9535 8402/9541
f 5514/6610 5513/6609 8396/9545 8399/9535
f 8408/9548 8405/9549 8406/9550 8409/9551
f 8409/9551 8406/9550 8407/9552 8410/9553
f 8411/9554 8408/9548 8409/9551 8412/9555
f 8412/9555 8409/9551 8410/9553 8413/9556
f 6147/9557 5055/6680 6132/6722 8405/9558
f 8405/9549 6132/6722 6133/6720 8406/9550
f 8406/9550 6133/6720 6134/6718 8407/9552
f 8407/9552 6134/6718 5172/6717 6534/9559
f 8410/9553 8407/9552 6534/9559 6535/9560
f 8413/9556 8410/9553 6535/9560 6536/9561
f 6537/9547 8413/9556 6536/9561 5251/6624
f 6538/9546 8412/9555 8413/9556 6537/9547
f 6539/9544 8411/9554 8412/9555 6538/9546
f 5177/6608 6149/9562 8411/9554 6539/9544
f 6149/9562 6148/9563 8408/9548 8411/9554
f 6148/9563 6147/9557 8405/9558 8408/9548
f 8418/9564 8417/9565 8414/9566 8415/9567
f 8419/9568 8418/9564 8415/9567 8416/9569
f 8421/9570 8420/9571 8417/9565 8418/9564
f 8422/9572 8421/9570 8418/9564 8419/9568
f 8414/9573 6534/9559 5172/6717 5474/6716
f 8415/9567 8414/9566 5474/6716 5475/6715
f 8416/9569 8415/9567 5475/6715 5476/6714
f 6150/9515 8416/9569 5476/6714 5056/6713
f 6151/9521 8419/9568 8416/9569 6150/9515
f 6152/9520 8422/9572 8419/9568 6151/9521
f 5178/6630 6540/6628 8422/9572 6152/9520
f 6541/6627 8421/9570 8422/9572 6540/6628
f 6542/6625 8420/9571 8421/9570 6541/6627
f 5251/6624 6536/9561 8420/9571 6542/6625
f 6536/9561 6535/9560 8417/9565 8420/9571
f 8417/9565 6535/9560 6534/9559 8414/9566
f 8426/9574 8423/9575 8424/9576 8427/9577
f 8427/9577 8424/9576 8425/9578 8428/9579
f 8429/9580 8426/9574 8427/9577 8430/9581
f 8430/9581 8427/9577 8428/9579 8431/9582
f 5286/9083 5152/9062 6551/9583 8423/9584
f 8423/9575 6551/9583 6550/9585 8424/9576
f 8424/9576 6550/9585 6549/9586 8425/9578
f 8425/9578 6549/9586 5252/6603 6543/6602
f 8428/9579 8425/9578 6543/6602 6544/6613
f 8431/9582 8428/9579 6544/6613 6545/6612
f 5174/6519 6140/6518 8431/9582 6545/6612
f 6140/6518 6139/6516 8430/9581 8431/9582
f 6139/6516 6138/6514 8429/9580 8430/9581
f 5016/6513 5288/9078 8429/9580 6138/6514
f 5288/9078 5287/9084 8426/9574 8429/9580
f 5287/9084 5286/9083 8423/9584 8426/9574
f 8435/9587 8432/9588 8433/9589 8436/9590
f 8436/9590 8433/9589 8434/9591 8437/9592
f 8438/9593 8435/9587 8436/9590 8439/9594
f 8439/9594 8436/9590 8437/9592 8440/9595
f 6072/9067 5017/6690 6129/6689 8432/9596
f 8432/9588 6129/6689 6130/6687 8433/9589
f 8433/9589 6130/6687 6131/6685 8434/9591
f 8434/9591 6131/6685 5171/6684 6546/9597
f 8437/9592 8434/9591 6546/9597 6547/9598
f 8440/9595 8437/9592 6547/9598 6548/9599
f 6549/9586 8440/9595 6548/9599 5252/6603
f 6550/9585 8439/9594 8440/9595 6549/9586
f 6551/9583 8438/9593 8439/9594 6550/9585
f 5152/9062 6074/9061 8438/9593 6551/9583
f 6074/9061 6073/9068 8435/9587 8438/9593
f 6073/9068 6072/9067 8432/9596 8435/9587
f 8445/9600 8444/9601 8441/9602 8442/9603
f 8446/9604 8445/9600 8442/9603 8443/9605
f 8447/9606 8444/9601 8445/9600 8448/9607
f 8448/9607 8445/9600 8446/9604 8449/9608
f 8441/9609 6546/9597 5171/6684 5471/6683
f 8442/9603 8441/9602 5471/6683 5472/6682
f 8443/9605 8442/9603 5472/6682 5473/6681
f 6147/9557 8443/9605 5473/6681 5055/6680
f 8446/9604 8443/9605 6147/9557 6148/9563
f 8449/9608 8446/9604 6148/9563 6149/9562
f 6552/6607 8449/9608 6149/9562 5177/6608
f 6553/6606 8448/9607 8449/9608 6552/6607
f 6554/6604 8447/9606 8448/9607 6553/6606
f 5252/6603 6548/9599 8447/9606 6554/6604
f 6548/9599 6547/9598 8444/9601 8447/9606
f 8444/9601 6547/9598 6546/9597 8441/9602
f 8454/9610 8453/9611 8450/9612 8451/9613
f 8455/9614 8454/9610 8451/9613 8452/9615
f 8457/9616 8456/9617 8453/9611 8454/9610
f 8458/9618 8457/9616 8454/9610 8455/9614
f 8450/9619 5799/7984 5209/7985 6563/9620
f 8451/9613 8450/9612 6563/9620 6562/9621
f 8452/9615 8451/9613 6562/9621 6561/9622
f 6555/6075 8452/9615 6561/9622 5253/6076
f 6556/6085 8455/9614 8452/9615 6555/6075
f 6557/6084 8458/9618 8455/9614 6556/6085
f 5166/5989 6116/5988 8458/9618 6557/6084
f 6116/5988 6115/5986 8457/9616 8458/9618
f 6115/5986 6114/5985 8456/9617 8457/9616
f 6114/5985 5111/5984 5801/7987 8456/9617
f 8456/9617 5801/7987 5800/7986 8453/9611
f 8453/9611 5800/7986 5799/7984 8450/9612
f 8463/9623 8462/9624 8459/9625 8460/9626
f 8463/9623 8460/9626 8461/9627 8464/9628
f 8466/9629 8465/9630 8462/9624 8463/9623
f 8467/9631 8466/9629 8463/9623 8464/9628
f 8459/9632 6243/9137 5110/6242 6102/6241
f 8459/9625 6102/6241 6103/6240 8460/9626
f 8460/9626 6103/6240 6104/6238 8461/9627
f 8461/9627 6104/6238 5162/6237 6558/9633
f 8464/9628 8461/9627 6558/9633 6559/9634
f 6560/9635 8467/9631 8464/9628 6559/9634
f 5253/6076 6561/9622 8467/9631 6560/9635
f 6561/9622 6562/9621 8466/9629 8467/9631
f 6562/9621 6563/9620 8465/9630 8466/9629
f 6563/9620 5209/7985 6245/9139 8465/9630
f 8465/9630 6245/9139 6244/9138 8462/9624
f 8462/9624 6244/9138 6243/9137 8459/9625
f 8472/9636 8471/9637 8468/9638 8469/9639
f 8473/9640 8472/9636 8469/9639 8470/9641
f 8475/9642 8474/9643 8471/9637 8472/9636
f 8476/9644 8475/9642 8472/9636 8473/9640
f 8468/9645 6558/9633 5162/6237 5369/6236
f 8469/9639 8468/9638 5369/6236 5370/6234
f 8470/9641 8469/9639 5370/6234 5371/6233
f 6126/9032 8470/9641 5371/6233 5038/6232
f 6127/9038 8473/9640 8470/9641 6126/9032
f 6128/9037 8476/9644 8473/9640 6127/9038
f 5170/6081 6564/6079 8476/9644 6128/9037
f 6564/6079 6565/6078 8475/9642 8476/9644
f 6565/6078 6566/6077 8474/9643 8475/9642
f 6566/6077 5253/6076 6560/9635 8474/9643
f 8474/9643 6560/9635 6559/9634 8471/9637
f 8471/9637 6559/9634 6558/9633 8468/9638
f 8481/9646 8480/9647 8477/9648 8478/9649
f 8482/9650 8481/9646 8478/9649 8479/9651
f 8484/9652 8483/9653 8480/9647 8481/9646
f 8485/9654 8484/9652 8481/9646 8482/9650
f 5775/7871 5206/7870 6575/9655 8477/9656
f 8478/9649 8477/9648 6575/9655 6574/9657
f 8479/9651 8478/9649 6574/9657 6573/9658
f 6567/6054 8479/9651 6573/9658 5254/6055
f 6568/6064 8482/9650 8479/9651 6567/6054
f 6569/6063 8485/9654 8482/9650 6568/6064
f 5165/5958 6113/5957 8485/9654 6569/6063
f 6113/5957 6112/5955 8484/9652 8485/9654
f 6112/5955 6111/5954 8483/9653 8484/9652
f 6111/5954 5107/5953 5777/7873 8483/9653
f 8483/9653 5777/7873 5776/7872 8480/9647
f 8480/9647 5776/7872 5775/7871 8477/9648
f 8489/9659 8486/9660 8487/9661 8490/9662
f 8490/9662 8487/9661 8488/9663 8491/9664
f 8492/9665 8489/9659 8490/9662 8493/9666
f 8493/9666 8490/9662 8491/9664 8494/9667
f 6234/9179 5106/6203 6099/6202 8486/9668
f 8486/9660 6099/6202 6100/6200 8487/9661
f 8487/9661 6100/6200 6101/6198 8488/9663
f 8488/9663 6101/6198 5161/6197 6570/9669
f 8491/9664 8488/9663 6570/9669 6571/9670
f 6572/9671 8494/9667 8491/9664 6571/9670
f 5254/6055 6573/9658 8494/9667 6572/9671
f 6573/9658 6574/9657 8493/9666 8494/9667
f 6574/9657 6575/9655 8492/9665 8493/9666
f 5206/7870 6236/9181 8492/9665 6575/9655
f 6236/9181 6235/9180 8489/9659 8492/9665
f 6235/9180 6234/9179 8486/9668 8489/9659
f 8499/9672 8498/9673 8495/9674 8496/9675
f 8500/9676 8499/9672 8496/9675 8497/9677
f 8502/9678 8501/9679 8498/9673 8499/9672
f 8503/9680 8502/9678 8499/9672 8500/9676
f 8495/9681 6570/9669 5161/6197 5366/6196
f 8496/9675 8495/9674 5366/6196 5367/6195
f 8497/9677 8496/9675 5367/6195 5368/6194
f 6123/9121 8497/9677 5368/6194 5037/6193
f 6124/9126 8500/9676 8497/9677 6123/9121
f 6125/9125 8503/9680 8500/9676 6124/9126
f 5169/6060 6576/6058 8503/9680 6125/9125
f 6576/6058 6577/6057 8502/9678 8503/9680
f 6577/6057 6578/6056 8501/9679 8502/9678
f 6578/6056 5254/6055 6572/9671 8501/9679
f 8501/9679 6572/9671 6571/9670 8498/9673
f 8498/9673 6571/9670 6570/9669 8495/9674
f 8508/9682 8507/9683 8504/9684 8505/9685
f 8509/9686 8508/9682 8505/9685 8506/9687
f 8511/9688 8510/9689 8507/9683 8508/9682
f 8512/9690 8511/9688 8508/9682 8509/9686
f 5748/7757 5203/7756 6587/9691 8504/9692
f 8504/9684 6587/9691 6586/9693 8505/9685
f 8505/9685 6586/9693 6585/9694 8506/9687
f 8506/9687 6585/9694 5255/6033 6579/6032
f 6580/6043 8509/9686 8506/9687 6579/6032
f 6581/6042 8512/9690 8509/9686 6580/6043
f 5164/5927 6110/5926 8512/9690 6581/6042
f 6110/5926 6109/5924 8511/9688 8512/9690
f 6109/5924 6108/5923 8510/9689 8511/9688
f 6108/5923 5101/5922 5750/7759 8510/9689
f 5750/7759 5749/7758 8507/9683 8510/9689
f 5749/7758 5748/7757 8504/9692 8507/9683
f 8516/9695 8513/9696 8514/9697 8517/9698
f 8517/9698 8514/9697 8515/9699 8518/9700
f 8519/9701 8516/9695 8517/9698 8520/9702
f 8520/9702 8517/9698 8518/9700 8521/9703
f 6225/9221 5100/6164 6096/6163 8513/9704
f 8513/9696 6096/6163 6097/6161 8514/9697
f 8514/9697 6097/6161 6098/6159 8515/9699
f 8515/9699 6098/6159 5160/6158 6582/9705
f 8518/9700 8515/9699 6582/9705 6583/9706
f 8521/9703 8518/9700 6583/9706 6584/9707
f 6585/9694 8521/9703 6584/9707 5255/6033
f 6586/9693 8520/9702 8521/9703 6585/9694
f 6587/9691 8519/9701 8520/9702 6586/9693
f 5203/7756 6227/9223 8519/9701 6587/9691
f 6227/9223 6226/9222 8516/9695 8519/9701
f 6226/9222 6225/9221 8513/9704 8516/9695
f 8526/9708 8525/9709 8522/9710 8523/9711
f 8527/9712 8526/9708 8523/9711 8524/9713
f 8528/9714 8525/9709 8526/9708 8529/9715
f 8529/9715 8526/9708 8527/9712 8530/9716
f 8522/9717 6582/9705 5160/6158 5363/6157
f 8523/9711 8522/9710 5363/6157 5364/6156
f 8524/9713 8523/9711 5364/6156 5365/6155
f 8524/9713 5365/6155 5036/6154 6120/9162
f 8527/9712 8524/9713 6120/9162 6121/9168
f 8530/9716 8527/9712 6121/9168 6122/9167
f 6588/6037 8530/9716 6122/9167 5168/6038
f 6589/6036 8529/9715 8530/9716 6588/6037
f 6590/6034 8528/9714 8529/9715 6589/6036
f 5255/6033 6584/9707 8528/9714 6590/6034
f 6584/9707 6583/9706 8525/9709 8528/9714
f 6583/9706 6582/9705 8522/9717 8525/9709
f 8535/9718 8534/9719 8531/9720 8532/9721
f 8536/9722 8535/9718 8532/9721 8533/9723
f 8538/9724 8537/9725 8534/9719 8535/9718
f 8539/9726 8538/9724 8535/9718 8536/9722
f 8531/9727 5820/8104 5210/8103 6599/9728
f 8532/9721 8531/9720 6599/9728 6598/9729
f 8533/9723 8532/9721 6598/9729 6597/9730
f 6591/6011 8533/9723 6597/9730 5256/6012
f 6592/6022 8536/9722 8533/9723 6591/6011
f 6593/6021 8539/9726 8536/9722 6592/6022
f 5163/5896 6107/5895 8539/9726 6593/6021
f 6107/5895 6106/5893 8538/9724 8539/9726
f 6106/5893 6105/5892 8537/9725 8538/9724
f 6105/5892 5116/5891 5822/8106 8537/9725
f 8537/9725 5822/8106 5821/8105 8534/9719
f 8534/9719 5821/8105 5820/8104 8531/9720
f 8543/9731 8540/9732 8541/9733 8544/9734
f 8544/9734 8541/9733 8542/9735 8545/9736
f 8547/9737 8546/9738 8543/9731 8544/9734
f 8548/9739 8547/9737 8544/9734 8545/9736
f 6246/9095 5115/6125 6093/6124 8540/9740
f 8540/9732 6093/6124 6094/6122 8541/9733
f 8541/9733 6094/6122 6095/6120 8542/9735
f 8542/9735 6095/6120 5159/6119 6594/9741
f 8545/9736 8542/9735 6594/9741 6595/9742
f 6596/9743 8548/9739 8545/9736 6595/9742
f 5256/6012 6597/9730 8548/9739 6596/9743
f 6597/9730 6598/9729 8547/9737 8548/9739
f 6598/9729 6599/9728 8546/9738 8547/9737
f 5210/8103 6248/9097 8546/9738 6599/9728
f 8546/9738 6248/9097 6247/9096 8543/9731
f 6247/9096 6246/9095 8540/9740 8543/9731
f 8553/9744 8552/9745 8549/9746 8550/9747
f 8554/9748 8553/9744 8550/9747 8551/9749
f 8556/9750 8555/9751 8552/9745 8553/9744
f 8557/9752 8556/9750 8553/9744 8554/9748
f 8549/9753 6594/9741 5159/6119 5360/6118
f 8550/9747 8549/9746 5360/6118 5361/6117
f 8551/9749 8550/9747 5361/6117 5362/6116
f 6117/9204 8551/9749 5362/6116 5035/6115
f 6118/9210 8554/9748 8551/9749 6117/9204
f 6119/9209 8557/9752 8554/9748 6118/9210
f 6600/6016 8557/9752 6119/9209 5167/6017
f 6601/6015 8556/9750 8557/9752 6600/6016
f 6601/6015 6602/6013 8555/9751 8556/9750
f 6602/6013 5256/6012 6596/9743 8555/9751
f 8555/9751 6596/9743 6595/9742 8552/9745
f 8552/9745 6595/9742 6594/9741 8549/9746
f 8562/9754 8561/9755 8558/9756 8559/9757
f 8562/9754 8559/9757 8560/9758 8563/9759
f 8565/9760 8564/9761 8561/9755 8562/9754
f 8566/9762 8565/9760 8562/9754 8563/9759
f 8558/9763 5519/6650 5179/6651 6611/9764
f 8558/9756 6611/9764 6610/9765 8559/9757
f 8559/9757 6610/9765 6609/9766 8560/9758
f 6603/5706 8560/9758 6609/9766 5257/5707
f 8563/9759 8560/9758 6603/5706 6604/5721
f 6605/5720 8566/9762 8563/9759 6604/5721
f 5158/5719 6092/5739 8566/9762 6605/5720
f 6092/5739 6091/5737 8565/9760 8566/9762
f 6091/5737 6090/5736 8564/9761 8565/9760
f 6090/5736 5060/5735 5521/6653 8564/9761
f 8564/9761 5521/6653 5520/6652 8561/9755
f 8561/9755 5520/6652 5519/6650 8558/9756
f 8570/9767 8567/9768 8568/9769 8571/9770
f 8571/9770 8568/9769 8569/9771 8572/9772
f 8573/9773 8570/9767 8571/9770 8574/9774
f 8574/9774 8571/9770 8572/9772 8575/9775
f 6153/9532 5057/5662 6087/5661 8567/9776
f 8567/9768 6087/5661 6088/5659 8568/9769
f 8568/9769 6088/5659 6089/5657 8569/9771
f 8569/9771 6089/5657 5157/5656 6606/9777
f 8572/9772 8569/9771 6606/9777 6607/9778
f 8575/9775 8572/9772 6607/9778 6608/9779
f 5257/5707 6609/9766 8575/9775 6608/9779
f 6609/9766 6610/9765 8574/9774 8575/9775
f 6611/9764 8573/9773 8574/9774 6610/9765
f 5179/6651 6155/9534 8573/9773 6611/9764
f 6155/9534 6154/9533 8570/9767 8573/9773
f 6154/9533 6153/9532 8567/9776 8570/9767
f 8580/9780 8579/9781 8576/9782 8577/9783
f 8581/9784 8580/9780 8577/9783 8578/9785
f 8583/9786 8582/9787 8579/9781 8580/9780
f 8584/9788 8583/9786 8580/9780 8581/9784
f 8576/9789 6606/9777 5157/5656 5336/5655
f 8577/9783 8576/9782 5336/5655 5337/5654
f 8578/9785 8577/9783 5337/5654 5338/5653
f 6084/9009 8578/9785 5338/5653 5025/5652
f 6085/9008 8581/9784 8578/9785 6084/9009
f 6086/9006 8584/9788 8581/9784 6085/9008
f 5156/5712 6612/5710 8584/9788 6086/9006
f 6612/5710 6613/5709 8583/9786 8584/9788
f 6613/5709 6614/5708 8582/9787 8583/9786
f 6614/5708 5257/5707 6608/9779 8582/9787
f 8582/9787 6608/9779 6607/9778 8579/9781
f 8579/9781 6607/9778 6606/9777 8576/9782
f 8589/9790 8588/9791 8585/9792 8586/9793
f 8590/9794 8589/9790 8586/9793 8587/9795
f 8592/9796 8591/9797 8588/9791 8589/9790
f 8593/9798 8592/9796 8589/9790 8590/9794
f 8585/9799 5304/5532 5153/5531 6623/9800
f 8586/9793 8585/9792 6623/9800 6622/9801
f 8586/9793 6622/9801 6621/9802 8587/9795
f 6615/5554 8587/9795 6621/9802 5258/5555
f 6616/5565 8590/9794 8587/9795 6615/5554
f 6617/5564 8593/9798 8590/9794 6616/5565
f 5155/5419 6083/9803 8593/9798 6617/5564
f 6083/9803 6082/9804 8592/9796 8593/9798
f 6082/9804 6081/9805 8591/9797 8592/9796
f 6081/9805 5024/5537 5306/5536 8591/9797
f 8591/9797 5306/5536 5305/5534 8588/9791
f 8588/9791 5305/5534 5304/5532 8585/9792
f 8597/9806 8594/9807 8595/9808 8598/9809
f 8598/9809 8595/9808 8596/9810 8599/9811
f 8600/9812 8597/9806 8598/9809 8601/9813
f 8601/9813 8598/9809 8599/9811 8602/9814
f 8594/9815 6075/5528 5146/5527 5986/8811
f 8594/9807 5986/8811 5985/8810 8595/9808
f 8595/9808 5985/8810 5984/8809 8596/9810
f 8596/9810 5984/8809 5228/8742 6618/9816
f 8599/9811 8596/9810 6618/9816 6619/9817
f 8602/9814 8599/9811 6619/9817 6620/9818
f 6621/9802 8602/9814 6620/9818 5258/5555
f 6622/9801 8601/9813 8602/9814 6621/9802
f 6623/9800 8600/9812 8601/9813 6622/9801
f 5153/5531 6077/5530 8600/9812 6623/9800
f 6077/5530 6076/5529 8597/9806 8600/9812
f 6076/5529 6075/5528 8594/9815 8597/9806
f 8607/9819 8606/9820 8603/9821 8604/9822
f 8608/9823 8607/9819 8604/9822 8605/9824
f 8610/9825 8609/9826 8606/9820 8607/9819
f 8611/9827 8610/9825 8607/9819 8608/9823
f 6618/9816 5228/8742 6302/8741 8603/9828
f 8603/9821 6302/8741 6301/8740 8604/9822
f 8604/9822 6301/8740 6300/8739 8605/9824
f 6078/5578 8605/9824 6300/8739 5147/5579
f 6079/5582 8608/9823 8605/9824 6078/5578
f 6080/5591 8611/9827 8608/9823 6079/5582
f 5154/5560 6624/5559 8611/9827 6080/5591
f 6624/5559 6625/5558 8610/9825 8611/9827
f 6625/5558 6626/5556 8609/9826 8610/9825
f 5258/5555 6620/9818 8609/9826 6626/5556
f 8609/9826 6620/9818 6619/9817 8606/9820
f 6619/9817 6618/9816 8603/9828 8606/9820
f 8616/9829 8615/9830 8612/9831 8613/9832
f 8617/9833 8616/9829 8613/9832 8614/9834
f 8619/9835 8618/9836 8615/9830 8616/9829
f 8620/9837 8619/9835 8616/9829 8617/9833
f 5727/7685 5200/7684 6635/9838 8612/9839
f 8613/9832 8612/9831 6635/9838 6634/9840
f 8614/9834 8613/9832 6634/9840 6633/9841
f 8614/9834 6633/9841 5259/5414 6627/5413
f 8617/9833 8614/9834 6627/5413 6628/5429
f 6629/5428 8620/9837 8617/9833 6628/5429
f 5192/5427 5664/5447 8620/9837 6629/5428
f 5664/5447 5665/5445 8619/9835 8620/9837
f 5665/5445 5666/5444 8618/9836 8619/9835
f 5666/5444 5090/5443 5729/7687 8618/9836
f 8618/9836 5729/7687 5728/7686 8615/9830
f 8615/9830 5728/7686 5727/7685 8612/9831
f 8624/9842 8621/9843 8622/9844 8625/9845
f 8625/9845 8622/9844 8623/9846 8626/9847
f 8627/9848 8624/9842 8625/9845 8628/9849
f 8628/9849 8625/9845 8626/9847 8629/9850
f 6216/9263 5093/5631 5675/5630 8621/9851
f 8621/9843 5675/5630 5674/5628 8622/9844
f 8622/9844 5674/5628 5673/5626 8623/9846
f 8623/9846 5673/5626 5195/5625 6630/9852
f 8626/9847 8623/9846 6630/9852 6631/9853
f 6632/9854 8629/9850 8626/9847 6631/9853
f 5259/5414 6633/9841 8629/9850 6632/9854
f 6633/9841 6634/9840 8628/9849 8629/9850
f 6635/9838 8627/9848 8628/9849 6634/9840
f 5200/7684 6218/9265 8627/9848 6635/9838
f 6218/9265 6217/9264 8624/9842 8627/9848
f 6217/9264 6216/9263 8621/9851 8624/9842
f 8634/9855 8633/9856 8630/9857 8631/9858
f 8634/9855 8631/9858 8632/9859 8635/9860
f 8636/9861 8633/9856 8634/9855 8637/9862
f 8637/9862 8634/9855 8635/9860 8638/9863
f 8630/9864 6630/9852 5195/5625 6203/5624
f 8631/9858 8630/9857 6203/5624 6202/5623
f 8632/9859 8631/9858 6202/5623 6201/5622
f 8632/9859 6201/5622 5024/5537 6081/9805
f 8635/9860 8632/9859 6081/9805 6082/9804
f 8638/9863 8635/9860 6082/9804 6083/9803
f 6636/5418 8638/9863 6083/9803 5155/5419
f 6637/5417 8637/9862 8638/9863 6636/5418
f 6638/5415 8636/9861 8637/9862 6637/5417
f 5259/5414 6632/9854 8636/9861 6638/5415
f 6632/9854 6631/9853 8633/9856 8636/9861
f 8633/9856 6631/9853 6630/9852 8630/9857
f 8643/9865 8642/9866 8639/9867 8640/9868
f 8644/9869 8643/9865 8640/9868 8641/9870
f 8646/9871 8645/9872 8642/9866 8643/9865
f 8647/9873 8646/9871 8643/9865 8644/9869
f 8639/9874 5847/8195 5213/8196 6647/9875
f 8640/9868 8639/9867 6647/9875 6646/9876
f 8641/9870 8640/9868 6646/9876 6645/9877
f 6639/5336 8641/9870 6645/9877 5260/5337
f 6640/5351 8644/9869 8641/9870 6639/5336
f 6641/5350 8647/9873 8644/9869 6640/5351
f 5150/5349 6068/5369 8647/9873 6641/5350
f 6068/5369 6067/5367 8646/9871 8647/9873
f 6067/5367 6066/5366 8645/9872 8646/9871
f 6066/5366 5121/5365 5849/8198 8645/9872
f 8645/9872 5849/8198 5848/8197 8642/9866
f 8642/9866 5848/8197 5847/8195 8639/9867
f 8651/9878 8648/9879 8649/9880 8652/9881
f 8652/9881 8649/9880 8650/9882 8653/9883
f 8654/9884 8651/9878 8652/9881 8655/9885
f 8656/9886 8655/9885 8652/9881 8653/9883
f 8648/9887 6255/9049 5120/5324 6063/5323
f 8648/9879 6063/5323 6064/5321 8649/9880
f 8649/9880 6064/5321 6065/5319 8650/9882
f 8650/9882 6065/5319 5149/5318 6642/9888
f 8653/9883 8650/9882 6642/9888 6643/9889
f 6644/9890 8656/9886 8653/9883 6643/9889
f 5260/5337 6645/9877 8656/9886 6644/9890
f 6645/9877 6646/9876 8655/9885 8656/9886
f 6646/9876 6647/9875 8654/9884 8655/9885
f 5213/8196 6257/9051 8654/9884 6647/9875
f 6257/9051 6256/9050 8651/9878 8654/9884
f 8651/9878 6256/9050 6255/9049 8648/9879
f 8661/9891 8660/9892 8657/9893 8658/9894
f 8662/9895 8661/9891 8658/9894 8659/9896
f 8664/9897 8663/9898 8660/9892 8661/9891
f 8665/9899 8664/9897 8661/9891 8662/9895
f 8657/9900 6642/9888 5149/5318 5264/5317
f 8658/9894 8657/9893 5264/5317 5265/5316
f 8659/9896 8658/9894 5265/5316 5266/5315
f 6069/9328 8659/9896 5266/5315 5011/5314
f 6070/9333 8662/9895 8659/9896 6069/9328
f 6071/9332 8665/9899 8662/9895 6070/9333
f 5151/5342 6648/5340 8665/9899 6071/9332
f 6648/5340 6649/5339 8664/9897 8665/9899
f 6649/5339 6650/5338 8663/9898 8664/9897
f 6650/5338 5260/5337 6644/9890 8663/9898
f 8663/9898 6644/9890 6643/9889 8660/9892
f 8660/9892 6643/9889 6642/9888 8657/9893
f 9479/9901 9478/9902 8977/9903 8978/9904
f 9480/9905 9479/9901 8978/9904 8979/9906
f 9815/9907 8978/9904 8977/9903 9814/9908
f 9816/9909 8979/9906 8978/9904 9815/9907
f 9254/9910 9253/9911 8971/9912 8974/9913
f 9255/9914 9254/9910 8974/9913 8975/9915
f 9256/9916 9255/9914 8975/9915 8976/9917
f 9246/9918 9256/9916 8976/9917 8932/9919
f 9470/9920 9480/9905 8979/9906 8933/9921
f 9806/9922 8933/9921 8979/9906 9816/9909
f 10030/9923 8934/9924 8982/9925 10038/9926
f 10038/9926 8982/9925 8981/9927 10039/9928
f 10039/9928 8981/9927 8980/9929 10040/9930
f 10040/9930 8980/9929 8973/9931 10037/9932
f 9814/9908 8977/9903 8972/9933 9813/9934
f 9478/9935 8974/9913 8971/9912 9477/9936
f 9482/9937 9481/9938 8983/9939 8986/9940
f 9818/9941 9817/9942 8984/9943 8987/9944
f 9483/9945 9482/9937 8986/9940 8989/9946
f 9819/9947 9818/9941 8987/9944 8990/9948
f 9259/9949 9245/9950 8720/9951 8734/9952
f 9481/9938 9469/9953 8931/9954 8983/9939
f 9817/9942 9805/9955 8930/9956 8984/9943
f 10041/9957 10029/9958 8929/9959 8985/9960
f 10042/9961 10041/9957 8985/9960 8988/9962
f 10043/9963 10042/9961 8988/9962 8991/9964
f 10010/9965 10043/9963 8991/9964 8742/9966
f 9786/9967 9819/9947 8990/9948 8741/9968
f 9450/9969 9483/9945 8989/9946 8740/9970
f 9226/9971 9257/9972 8736/9973 8671/9974
f 9257/9972 9258/9975 8735/9976 8736/9973
f 9258/9975 9259/9949 8734/9952 8735/9976
f 9485/9977 9484/9978 8995/9979 8996/9980
f 9486/9981 9485/9977 8996/9980 8997/9982
f 9821/9983 9820/9984 8998/9985 8999/9986
f 9822/9987 9821/9983 8999/9986 9000/9988
f 9260/9989 9239/9990 8860/9991 8992/9992
f 9261/9993 9260/9989 8992/9992 8993/9994
f 9262/9995 9261/9993 8993/9994 8994/9996
f 9226/9997 9262/9995 8994/9996 8740/9998
f 9450/9999 9486/9981 8997/9982 8741/10000
f 9786/10001 9822/9987 9000/9988 8742/10002
f 10010/10003 10044/10004 8845/10005 8673/10006
f 10044/10007 9000/9988 8999/9986 10045/10008
f 10045/10009 10046/10010 8847/10011 8846/10012
f 10046/10010 10023/10013 8699/10014 8847/10011
f 9820/9984 9799/10015 8862/10016 8998/9985
f 9484/9978 9463/10017 8861/10018 8995/9979
f 9824/10019 9002/10020 9001/10021 9823/10022
f 9825/10023 9003/10024 9002/10020 9824/10019
f 9488/10025 9005/10026 9004/10027 9487/10028
f 9489/10029 9006/10030 9005/10026 9488/10025
f 10047/10031 8746/10032 8687/10033 10016/10034
f 10048/10035 8747/10036 8746/10032 10047/10031
f 10049/10037 8748/10038 8747/10036 10048/10035
f 10011/10039 8672/10040 8748/10038 10049/10037
f 9787/10041 8743/10042 9003/10024 9825/10023
f 9451/10043 8744/10044 9006/10030 9489/10029
f 9227/10045 8745/10046 9009/10047 9263/10048
f 9263/10048 9009/10047 9008/10049 9264/10050
f 9264/10050 9008/10049 9007/10051 9265/10052
f 9265/10052 9007/10051 8799/10053 9232/10054
f 9487/10028 9004/10027 8798/10055 9456/10056
f 9823/10022 9001/10021 8797/10057 9792/10058
f 9491/10059 9490/10060 9013/10061 9014/10062
f 9492/10063 9491/10059 9014/10062 9015/10064
f 9827/10065 9826/10066 9016/10067 9017/10068
f 9828/10069 9827/10065 9017/10068 9018/10070
f 9266/10071 9252/10072 8965/10073 9010/10074
f 9267/10075 9266/10071 9010/10074 9011/10076
f 9268/10077 9267/10075 9011/10076 9012/10078
f 9248/10079 9268/10077 9012/10078 8944/10080
f 9472/10081 9492/10063 9015/10064 8945/10082
f 9808/10083 9828/10069 9018/10070 8946/10084
f 10032/10085 10050/10086 8754/10087 8676/10088
f 10050/10086 10051/10089 8753/10090 8754/10087
f 10051/10089 10052/10091 8752/10092 8753/10090
f 10052/10091 10036/10093 8708/10094 8752/10092
f 9826/10066 9812/10095 8967/10096 9016/10067
f 9490/10060 9476/10097 8966/10098 9013/10061
f 9494/10099 9493/10100 9022/10101 9023/10102
f 9495/10103 9494/10099 9023/10102 9024/10104
f 9830/10105 9829/10106 9025/10107 9026/10108
f 9831/10109 9830/10105 9026/10108 9027/10110
f 9269/10111 9250/10112 8953/10113 9019/10114
f 9270/10115 9269/10111 9019/10114 9020/10116
f 9271/10117 9270/10115 9020/10116 9021/10118
f 9249/10119 9271/10117 9021/10118 8947/10120
f 9473/10121 9495/10103 9024/10104 8948/10122
f 9809/10123 9831/10109 9027/10110 8949/10124
f 10033/10125 10053/10126 8757/10127 8677/10128
f 10053/10126 10054/10129 8756/10130 8757/10127
f 10054/10129 10055/10131 8755/10132 8756/10130
f 10055/10131 10034/10133 8702/10134 8755/10132
f 9829/10106 9810/10135 8955/10136 9025/10107
f 9493/10100 9474/10137 8954/10138 9022/10101
f 9497/10139 9029/10140 9028/10141 9496/10142
f 9498/10143 9030/10144 9029/10140 9497/10139
f 9833/10145 9032/10146 9031/10147 9832/10148
f 9834/10149 9033/10150 9032/10146 9833/10145
f 9272/10151 8749/10152 8704/10153 9240/10154
f 9273/10155 8750/10156 8749/10152 9272/10151
f 9274/10157 8751/10158 8750/10156 9273/10155
f 9228/10159 8674/10160 8751/10158 9274/10157
f 9452/10161 8770/10162 9030/10144 9498/10143
f 9788/10163 8771/10164 9033/10150 9834/10149
f 10012/10165 8772/10166 9036/10167 10056/10168
f 10056/10168 9036/10167 9035/10169 10057/10170
f 10057/10171 10058/10172 8758/10173 8759/10174
f 10058/10172 10024/10175 8705/10176 8758/10173
f 9832/10148 9031/10147 8873/10177 9800/10178
f 9496/10142 9028/10141 8872/10179 9464/10180
f 9500/10181 9038/10182 9037/10183 9499/10184
f 9501/10185 9039/10186 9038/10182 9500/10181
f 9836/10187 9041/10188 9040/10189 9835/10190
f 9837/10191 9042/10192 9041/10188 9836/10187
f 9275/10193 8941/10194 8707/10195 9251/10196
f 9276/10197 8942/10198 8941/10194 9275/10193
f 9277/10199 8943/10200 8942/10198 9276/10197
f 9229/10201 8675/10202 8943/10200 9277/10199
f 9453/10203 8773/10204 9039/10186 9501/10185
f 9789/10205 8774/10206 9042/10192 9837/10191
f 10013/10207 8775/10208 9045/10209 10059/10210
f 10059/10210 9045/10209 9044/10211 10060/10212
f 10060/10212 9044/10211 9043/10213 10061/10214
f 10061/10214 9043/10213 8964/10215 10035/10216
f 9835/10190 9040/10189 8963/10217 9811/10218
f 9499/10184 9037/10183 8962/10219 9475/10220
f 9839/10221 9838/10222 9049/10223 9050/10224
f 9840/10225 9839/10221 9050/10224 9051/10226
f 9503/10227 9502/10228 9052/10229 9053/10230
f 9504/10231 9503/10227 9053/10230 9054/10232
f 10062/10233 10031/10234 8935/10235 9046/10236
f 10063/10237 10062/10233 9046/10236 9047/10238
f 10064/10239 10063/10237 9047/10238 9048/10240
f 10014/10241 10064/10239 9048/10240 8791/10242
f 9790/10243 9840/10225 9051/10226 8792/10244
f 9454/10245 9504/10231 9054/10232 8793/10246
f 9230/10247 9278/10248 8728/10249 8684/10250
f 9278/10248 9279/10251 8729/10252 8728/10249
f 9279/10251 9280/10253 8730/10254 8729/10252
f 9280/10253 9247/10255 8668/10256 8730/10254
f 9502/10228 9471/10257 8937/10258 9052/10229
f 9838/10222 9807/10259 8936/10260 9049/10223
f 9842/10261 9841/10262 9058/10263 9059/10264
f 9843/10265 9842/10261 9059/10264 9060/10266
f 9506/10267 9505/10268 9061/10269 9062/10270
f 9507/10271 9506/10267 9062/10270 9063/10272
f 10065/10273 10014/10241 8791/10242 9055/10274
f 10066/10275 10065/10273 9055/10274 9056/10276
f 10067/10277 10066/10275 9056/10276 9057/10278
f 10015/10279 10067/10277 9057/10278 8794/10280
f 9791/10281 9843/10265 9060/10266 8795/10282
f 9455/10283 9507/10271 9063/10272 8796/10284
f 9231/10285 9281/10286 8782/10287 8683/10288
f 9281/10286 9282/10289 8783/10290 8782/10287
f 9282/10289 9283/10291 8784/10292 8783/10290
f 9283/10291 9230/10247 8684/10250 8784/10292
f 9505/10268 9454/10245 8793/10246 9061/10269
f 9841/10262 9790/10243 8792/10244 9058/10263
f 9845/10293 9065/10294 9064/10295 9844/10296
f 9846/10297 9066/10298 9065/10294 9845/10293
f 9509/10299 9068/10300 9067/10301 9508/10302
f 9510/10303 9069/10304 9068/10300 9509/10299
f 10068/10305 8788/10306 8686/10307 10015/10308
f 10069/10309 8789/10310 8788/10306 10068/10305
f 10070/10311 10069/10312 9065/10294 9066/10298
f 10016/10313 10070/10311 9066/10298 8797/10314
f 9792/10058 8797/10057 9066/10298 9846/10297
f 9456/10056 8798/10055 9069/10304 9510/10303
f 9232/10054 8799/10053 9072/10315 9284/10316
f 9284/10316 9072/10315 9071/10317 9285/10318
f 9285/10318 9071/10317 9070/10319 9286/10320
f 9286/10320 9070/10319 8796/10321 9231/10322
f 9508/10323 9455/10283 8796/10284 9070/10319
f 9844/10324 9791/10281 8795/10282 9067/10325
f 9512/10326 9511/10327 9073/10328 9076/10329
f 9847/10330 9074/10331 9077/10332 9848/10333
f 9513/10334 9512/10326 9076/10329 9079/10335
f 9849/10336 9848/10333 9077/10332 9080/10337
f 9241/10338 8712/10339 8800/10340 9289/10341
f 9465/10342 8895/10343 9073/10328 9511/10327
f 9801/10344 8894/10345 9074/10331 9847/10330
f 10025/10346 8893/10347 9075/10348 10071/10349
f 10071/10349 9075/10348 9078/10350 10072/10351
f 10072/10351 9078/10350 9081/10352 10073/10353
f 10073/10353 9081/10352 8824/10354 10017/10355
f 9793/10356 9849/10336 9080/10337 8825/10357
f 9457/10358 9513/10334 9079/10335 8826/10359
f 9233/10360 9287/10361 8802/10362 8688/10363
f 9287/10361 9288/10364 8801/10365 8802/10362
f 9288/10364 9289/10341 8800/10340 8801/10365
f 9514/10366 9082/10367 9085/10368 9515/10369
f 9850/10370 9083/10371 9086/10372 9851/10373
f 9515/10369 9085/10368 9088/10374 9516/10375
f 9851/10373 9086/10372 9089/10376 9852/10377
f 9242/10378 8714/10379 8803/10380 9292/10381
f 9466/10382 8904/10383 9082/10367 9514/10366
f 9802/10384 8903/10385 9083/10371 9850/10370
f 10026/10386 8902/10387 9084/10388 10074/10389
f 10074/10389 9084/10388 9087/10390 10075/10391
f 10075/10391 9087/10390 9090/10392 10076/10393
f 10076/10393 9090/10392 8827/10394 10018/10395
f 9852/10377 9089/10376 8828/10396 9794/10397
f 9516/10375 9088/10374 8829/10398 9458/10399
f 9290/10400 8805/10401 8689/10402 9234/10403
f 9291/10404 8804/10405 8805/10401 9290/10400
f 9292/10381 8803/10380 8804/10405 9291/10404
f 9517/10406 9091/10407 9094/10408 9518/10409
f 9853/10410 9092/10411 9095/10412 9854/10413
f 9518/10409 9094/10408 9097/10414 9519/10415
f 9854/10413 9095/10412 9098/10416 9855/10417
f 9243/10418 8716/10419 8806/10420 9295/10421
f 9467/10422 8913/10423 9091/10424 9517/10425
f 9803/10426 8912/10427 9092/10428 9853/10429
f 10027/10430 8911/10431 9093/10432 10077/10433
f 10077/10434 9093/10435 9096/10436 10078/10437
f 10079/10438 10078/10437 9096/10436 9099/10439
f 10019/10440 10079/10438 9099/10439 8830/10441
f 9855/10417 9098/10416 8831/10442 9795/10443
f 9519/10415 9097/10414 8832/10444 9459/10445
f 9293/10446 8808/10447 8690/10448 9235/10449
f 9294/10450 8807/10451 8808/10447 9293/10446
f 9295/10452 8806/10453 8807/10451 9294/10450
f 9521/10454 9520/10455 9100/10456 9103/10457
f 9857/10458 9856/10459 9101/10460 9104/10461
f 9522/10462 9521/10454 9103/10457 9106/10463
f 9858/10464 9857/10458 9104/10461 9107/10465
f 9298/10466 9244/10467 8718/10468 8809/10469
f 9520/10455 9468/10470 8922/10471 9100/10456
f 9856/10459 9804/10472 8921/10473 9101/10460
f 10080/10474 10028/10475 8920/10476 9102/10477
f 10081/10478 10080/10474 9102/10477 9105/10479
f 10082/10480 10081/10478 9105/10479 9108/10481
f 10020/10482 10082/10480 9108/10481 8833/10483
f 9796/10484 9858/10464 9107/10465 8834/10485
f 9460/10486 9522/10462 9106/10463 8835/10487
f 9236/10488 9296/10489 8811/10490 8691/10491
f 9296/10489 9297/10492 8810/10493 8811/10490
f 9297/10492 9298/10466 8809/10469 8810/10493
f 9524/10494 9110/10495 9109/10496 9523/10497
f 9525/10498 9111/10499 9110/10495 9524/10494
f 9860/10500 9113/10501 9112/10502 9859/10503
f 9861/10504 9114/10505 9113/10501 9860/10500
f 9299/10506 9246/9918 8932/9919 9109/10507
f 9300/10508 9299/10506 9109/10507 9110/10495
f 9301/10509 8838/10510 8837/10511 9300/10512
f 9237/10513 8696/10514 8838/10510 9301/10509
f 9461/10515 8854/10516 9111/10499 9525/10498
f 9797/10517 8855/10518 9114/10505 9861/10504
f 10021/10519 8856/10520 9117/10521 10083/10522
f 10083/10522 9117/10521 9116/10523 10084/10524
f 10084/10524 9116/10523 9115/10525 10085/10526
f 10085/10526 9115/10525 8934/9924 10030/9923
f 9859/10503 9112/10502 8933/9921 9806/9922
f 9523/10527 9470/9920 8933/9921 9112/10502
f 9527/10528 9119/10529 9118/10530 9526/10531
f 9528/10532 9120/10533 9119/10529 9527/10528
f 9863/10534 9122/10535 9121/10536 9862/10537
f 9864/10538 9123/10539 9122/10535 9863/10534
f 9302/10540 8839/10541 8696/10514 9237/10513
f 9303/10542 8840/10543 8839/10541 9302/10540
f 9304/10544 8841/10545 8840/10543 9303/10542
f 9238/10546 9304/10547 9120/10548 8857/10549
f 9462/10550 8857/10549 9120/10548 9528/10532
f 9798/10551 8858/10552 9123/10539 9864/10538
f 10022/10553 8859/10554 9126/10555 10086/10556
f 10086/10556 9126/10555 9125/10557 10087/10558
f 10087/10558 9125/10557 9124/10559 10088/10560
f 10088/10560 9124/10559 8856/10520 10021/10519
f 9862/10537 9121/10536 8855/10518 9797/10517
f 9526/10531 9118/10530 8854/10516 9461/10515
f 9530/10561 9529/10562 9130/10563 9131/10564
f 9531/10565 9530/10561 9131/10564 9132/10566
f 9866/10567 9865/10568 9133/10569 9134/10570
f 9867/10571 9866/10567 9134/10570 9135/10572
f 9305/10573 9238/10546 8857/10549 9127/10574
f 9306/10575 9305/10573 9127/10574 9128/10576
f 9307/10577 9306/10575 9128/10576 9129/10578
f 9239/9990 9307/10577 9129/10578 8860/9991
f 9463/10017 9531/10565 9132/10566 8861/10018
f 9799/10015 9867/10571 9135/10572 8862/10016
f 10023/10013 10089/10579 8848/10580 8699/10014
f 10089/10579 10090/10581 8849/10582 8848/10580
f 10090/10581 10091/10583 8850/10584 8849/10582
f 10091/10583 10022/10585 8700/10586 8850/10584
f 9865/10568 9798/10587 8859/10588 9133/10569
f 9529/10562 9462/10589 8858/10590 9130/10563
f 9533/10591 9532/10592 9139/10593 9140/10594
f 9534/10595 9533/10591 9140/10594 9141/10596
f 9869/10597 9868/10598 9142/10599 9143/10600
f 9870/10601 9869/10597 9143/10600 9144/10602
f 9308/10603 9248/10079 8944/10080 9136/10604
f 9309/10605 9308/10603 9136/10604 9137/10606
f 9310/10607 9309/10605 9137/10606 9138/10608
f 9250/10112 9310/10607 9138/10608 8953/10113
f 9474/10137 9534/10595 9141/10596 8954/10138
f 9810/10135 9870/10601 9144/10602 8955/10136
f 10034/10133 10092/10609 8865/10610 8702/10134
f 10092/10609 10093/10611 8864/10612 8865/10610
f 10093/10611 10094/10613 8863/10614 8864/10612
f 10094/10613 10032/10085 8676/10088 8863/10614
f 9868/10598 9808/10083 8946/10084 9142/10599
f 9532/10592 9472/10081 8945/10082 9139/10593
f 9536/10615 9535/10616 9148/10617 9149/10618
f 9537/10619 9147/10620 9146/10621 9536/10622
f 9872/10623 9871/10624 9151/10625 9152/10626
f 9873/10627 9150/10628 9149/10629 9872/10630
f 9311/10631 9249/10119 8947/10120 9145/10632
f 9312/10633 9311/10631 9145/10632 9146/10634
f 9313/10635 8958/10636 8957/10637 9312/10638
f 9240/10154 8704/10153 8958/10636 9313/10635
f 9464/10180 8872/10179 9147/10620 9537/10619
f 9800/10178 8873/10177 9150/10628 9873/10627
f 10024/10639 8874/10640 9153/10641 10095/10642
f 10095/10642 9153/10641 9152/10643 10096/10644
f 10096/10645 10097/10646 8869/10647 8870/10648
f 10097/10646 10033/10125 8677/10128 8869/10647
f 9871/10624 9809/10123 8949/10124 9151/10625
f 9535/10616 9473/10121 8948/10122 9148/10617
f 9539/10649 9155/10650 9154/10651 9538/10652
f 9540/10653 9156/10654 9155/10650 9539/10649
f 9875/10655 9158/10656 9157/10657 9874/10658
f 9876/10659 9159/10660 9158/10656 9875/10655
f 9314/10661 8959/10662 8674/10160 9228/10159
f 9315/10663 8960/10664 8959/10662 9314/10661
f 9316/10665 8961/10666 8960/10664 9315/10663
f 9251/10196 8707/10195 8961/10666 9316/10665
f 9475/10220 8962/10219 9156/10654 9540/10653
f 9811/10218 8963/10217 9159/10660 9876/10659
f 10035/10216 8964/10215 9162/10667 10098/10668
f 10098/10668 9162/10667 9161/10669 10099/10670
f 10099/10670 9161/10669 9160/10671 10100/10672
f 10100/10672 9160/10671 8772/10166 10012/10165
f 9874/10658 9157/10657 8771/10164 9788/10163
f 9538/10652 9154/10651 8770/10162 9452/10161
f 9542/10673 9541/10674 9166/10675 9167/10676
f 9543/10677 9542/10673 9167/10676 9168/10678
f 9878/10679 9877/10680 9169/10681 9170/10682
f 9879/10683 9878/10679 9170/10682 9171/10684
f 9317/10685 9247/10686 8937/10687 9163/10688
f 9318/10689 9317/10685 9163/10688 9164/10690
f 9319/10691 9318/10689 9164/10690 9165/10692
f 9252/10072 9319/10691 9165/10692 8965/10073
f 9476/10097 9543/10677 9168/10678 8966/10098
f 9812/10095 9879/10683 9171/10684 8967/10096
f 10036/10093 10101/10693 8880/10694 8708/10094
f 10101/10693 10102/10695 8879/10696 8880/10694
f 10102/10695 10103/10697 8878/10698 8879/10696
f 10103/10697 10031/10699 8666/10700 8878/10698
f 9877/10680 9807/10701 8935/10702 9169/10681
f 9541/10674 9471/10703 8936/10704 9166/10675
f 9545/10705 9173/10706 9172/10707 9544/10708
f 9546/10709 9174/10710 9173/10706 9545/10705
f 9881/10711 9176/10712 9175/10713 9880/10714
f 9882/10715 9177/10716 9176/10712 9881/10711
f 9320/10717 8968/10718 8675/10202 9229/10201
f 9321/10719 8969/10720 8968/10718 9320/10717
f 9322/10721 8970/10722 8969/10720 9321/10719
f 9253/10723 8711/10724 8970/10722 9322/10721
f 9477/9936 8971/9912 9174/10710 9546/10709
f 9813/9934 8972/9933 9177/10716 9882/10715
f 10037/9932 8973/9931 9180/10725 10104/10726
f 10104/10726 9180/10725 9179/10727 10105/10728
f 10105/10728 9179/10727 9178/10729 10106/10730
f 10106/10730 9178/10729 8775/10208 10013/10207
f 9880/10714 9175/10713 8774/10206 9789/10205
f 9544/10708 9172/10707 8773/10204 9453/10203
f 9547/10731 9181/10732 9184/10733 9548/10734
f 9883/10735 9182/10736 9185/10737 9884/10738
f 9548/10734 9184/10733 9187/10739 9549/10740
f 9884/10738 9185/10737 9188/10741 9885/10742
f 9227/10743 8670/10744 8887/10745 9325/10746
f 9451/10747 8745/10748 9181/10732 9547/10731
f 9787/10749 8744/10750 9182/10736 9883/10735
f 10011/10751 8743/10752 9183/10753 10107/10754
f 10107/10754 9183/10753 9186/10755 10108/10756
f 10108/10756 9186/10755 9189/10757 10109/10758
f 10109/10758 9189/10757 8893/10347 10025/10346
f 9885/10742 9188/10741 8894/10345 9801/10344
f 9549/10740 9187/10739 8895/10343 9465/10342
f 9323/10759 8889/10760 8712/10339 9241/10338
f 9324/10761 8888/10762 8889/10760 9323/10759
f 9325/10746 8887/10745 8888/10762 9324/10761
f 9551/10763 9550/10764 9190/10765 9193/10766
f 9886/10767 9191/10768 9194/10769 9887/10770
f 9552/10771 9551/10763 9193/10766 9196/10772
f 9887/10770 9194/10769 9197/10773 9888/10774
f 9328/10775 9233/10360 8688/10363 8896/10776
f 9550/10764 9457/10358 8826/10359 9190/10765
f 9793/10356 8825/10357 9191/10768 9886/10767
f 10017/10355 8824/10354 9192/10777 10110/10778
f 10110/10778 9192/10777 9195/10779 10111/10780
f 10111/10780 9195/10779 9198/10781 10112/10782
f 10112/10782 9198/10781 8902/10387 10026/10386
f 9888/10774 9197/10773 8903/10385 9802/10384
f 9466/10382 9552/10771 9196/10772 8904/10383
f 9242/10378 9326/10783 8898/10784 8714/10379
f 9326/10783 9327/10785 8897/10786 8898/10784
f 9327/10785 9328/10775 8896/10776 8897/10786
f 9553/10787 9199/10788 9202/10789 9554/10790
f 9889/10791 9200/10792 9203/10793 9890/10794
f 9554/10790 9202/10789 9205/10795 9555/10796
f 9890/10794 9203/10793 9206/10797 9891/10798
f 9234/10403 8689/10402 8905/10799 9331/10800
f 9458/10399 8829/10398 9199/10788 9553/10787
f 9794/10397 8828/10396 9200/10792 9889/10791
f 10018/10395 8827/10394 9201/10801 10113/10802
f 10113/10802 9201/10801 9204/10803 10114/10804
f 10114/10804 9204/10803 9207/10805 10115/10806
f 10115/10806 9207/10805 8911/10431 10027/10430
f 9891/10798 9206/10797 8912/10427 9803/10426
f 9555/10796 9205/10795 8913/10423 9467/10422
f 9329/10807 8907/10808 8716/10419 9243/10418
f 9330/10809 8906/10810 8907/10808 9329/10807
f 9331/10800 8905/10799 8906/10810 9330/10809
f 9557/10811 9556/10812 9208/10813 9211/10814
f 9893/10815 9892/10816 9209/10817 9212/10818
f 9558/10819 9557/10811 9211/10814 9214/10820
f 9894/10821 9893/10815 9212/10818 9215/10822
f 9235/10449 8690/10448 8914/10823 9334/10824
f 9459/10445 8832/10444 9208/10813 9556/10812
f 9795/10443 8831/10442 9209/10817 9892/10816
f 10019/10440 8830/10441 9210/10825 10116/10826
f 10116/10826 9210/10825 9213/10827 10117/10828
f 10118/10829 10117/10828 9213/10827 9216/10830
f 10028/10475 10118/10829 9216/10830 8920/10476
f 9804/10472 9894/10821 9215/10822 8921/10473
f 9468/10470 9558/10819 9214/10820 8922/10471
f 9244/10467 9332/10831 8916/10832 8718/10468
f 9332/10831 9333/10833 8915/10834 8916/10832
f 9334/10824 8914/10823 8915/10834 9333/10833
f 9560/10835 9559/10836 9217/10837 9220/10838
f 9896/10839 9895/10840 9218/10841 9221/10842
f 9561/10843 9560/10835 9220/10838 9223/10844
f 9897/10845 9896/10839 9221/10842 9224/10846
f 9337/10847 9236/10488 8691/10491 8923/10848
f 9559/10836 9460/10486 8835/10487 9217/10837
f 9895/10840 9796/10484 8834/10485 9218/10841
f 10119/10849 10020/10482 8833/10483 9219/10850
f 10120/10851 10119/10849 9219/10850 9222/10852
f 10121/10853 10120/10851 9222/10852 9225/10854
f 10029/9958 10121/10853 9225/10854 8929/9959
f 9805/9955 9897/10845 9224/10846 8930/9956
f 9469/9953 9561/10843 9223/10844 8931/9954
f 9245/9950 9335/10855 8925/10856 8720/9951
f 9335/10855 9336/10857 8924/10858 8925/10856
f 9336/10857 9337/10847 8923/10848 8924/10858
f 8671/10859 5020/5501 5291/5682 8733/10860
f 8720/9951 5144/5480 5292/5479 8734/9952
f 8734/9952 5292/5479 5293/5504 8735/9976
f 8735/9976 5293/5504 5294/5502 8736/9973
f 8736/9973 5294/5502 5020/5501 8671/9974
f 5124/10861 5534/10862 8800/10340 8712/10339
f 5534/7213 5535/7211 8801/10365 8800/10340
f 8670/10744 5019/10863 5853/10864 8887/10745
f 8776/10865 5456/10866 5019/10863 8670/10744
f 5535/7211 5536/7209 8802/10362 8801/10365
f 8887/10745 5853/10864 5854/10867 8888/10762
f 8777/10868 5457/10869 5456/10866 8776/10865
f 5536/7209 5064/7208 8688/10363 8802/10362
f 5854/10867 5855/10870 8889/10760 8888/10762
f 5458/10871 5457/10869 8777/10868 8778/10872
f 8714/10379 5129/10873 5537/10874 8803/10380
f 5855/10870 5124/10861 8712/10339 8889/10760
f 8682/10875 5049/10876 5458/10871 8778/10872
f 8803/10380 5537/10874 5538/10877 8804/10405
f 8779/10878 5459/10879 5049/10876 8682/10875
f 5538/10877 5539/10880 8805/10401 8804/10405
f 8780/10881 5460/10882 5459/10879 8779/10878
f 8805/10401 5539/10880 5065/10883 8689/10402
f 8781/10884 5461/10885 5460/10882 8780/10881
f 8690/10448 5066/10886 5937/10887 8914/10823
f 8716/10419 5134/10888 5540/10889 8806/10420
f 8683/10890 5050/10891 5461/10885 8781/10884
f 8914/10823 5937/10887 5938/10892 8915/10834
f 8806/10453 5540/10893 5541/10894 8807/10451
f 5462/10895 5050/10891 8683/10890 8782/10287
f 5938/8610 5939/8608 8916/10832 8915/10834
f 8807/10451 5541/10894 5542/10896 8808/10447
f 5463/10897 5462/10895 8782/10287 8783/10290
f 5939/8608 5139/7316 8718/10468 8916/10832
f 8808/10447 5542/10896 5066/10886 8690/10448
f 5464/10898 5463/10897 8783/10290 8784/10292
f 5139/7316 5543/7315 8809/10469 8718/10468
f 5051/10899 5464/10898 8784/10292 8684/10250
f 5543/7315 5544/7340 8810/10493 8809/10469
f 8810/10493 5544/7340 5545/7338 8811/10490
f 8811/10490 5545/7338 5067/7337 8691/10491
f 6021/6380 5113/6379 8707/10195 8941/10194
f 6022/6382 6021/6380 8941/10194 8942/10198
f 6023/6384 6022/6382 8942/10198 8943/10200
f 5030/6386 6023/6384 8943/10200 8675/10202
f 8764/10900 5396/6259 5118/6258 8709/10901
f 8765/10902 5397/6261 5396/6259 8764/10900
f 8766/10903 5398/6263 5397/6261 8765/10902
f 8680/10904 5047/6265 5398/6263 8766/10903
f 5399/6299 5103/6298 8703/10905 8767/10906
f 8768/10907 5400/6301 5399/6299 8767/10906
f 8769/10908 5401/6303 5400/6301 8768/10907
f 8681/10909 5048/6305 5401/6303 8769/10908
f 5064/7208 5881/8379 8896/10776 8688/10363
f 5881/8379 5882/8396 8897/10786 8896/10776
f 5882/8396 5883/8394 8898/10784 8897/10786
f 5883/8394 5129/8393 8714/10379 8898/10784
f 6039/7811 5048/6305 8681/10909 8956/10910
f 6040/7813 6039/7811 8956/10910 8957/10911
f 6041/7816 6040/7813 8957/10911 8958/10636
f 5104/6339 6041/7816 8958/10636 8704/10153
f 5067/7337 5965/8785 8923/10848 8691/10491
f 6042/7926 5029/6346 8674/10160 8959/10662
f 5965/8785 5966/8794 8924/10858 8923/10848
f 6043/7928 6042/7926 8959/10662 8960/10664
f 8924/10858 5966/8794 5967/8792 8925/10856
f 6044/7930 6043/7928 8960/10664 8961/10666
f 8925/10856 5967/8792 5144/5480 8720/9951
f 5113/6379 6044/7930 8961/10666 8707/10195
f 5814/8041 5014/8040 8668/10912 8881/10913
f 5655/7354 5015/5267 8669/10914 8836/10915
f 5815/8043 5814/8041 8881/10913 8882/10916
f 5656/7356 5655/7354 8836/10915 8837/10917
f 8883/10918 5816/8045 5815/8043 8882/10916
f 8838/10510 5657/7359 5656/7356 8837/10511
f 8709/10901 5118/6258 5816/8045 8883/10918
f 8696/10514 5087/7361 5657/7359 8838/10510
f 8839/10541 5658/7387 5087/7361 8696/10514
f 8840/10543 5659/7389 5658/7387 8839/10541
f 8841/10545 5660/7391 5659/7389 8840/10543
f 8697/10919 5088/7392 5660/7391 8841/10545
f 5661/7418 5088/7392 8697/10919 8842/10920
f 5662/7420 5661/7418 8842/10920 8843/10921
f 8749/10152 5345/6340 5104/6339 8704/10153
f 6057/8249 5030/6386 8675/10202 8968/10718
f 5663/7422 5662/7420 8843/10921 8844/10922
f 5742/7702 5047/6265 8680/10904 8866/10923
f 8750/10156 5346/6342 5345/6340 8749/10152
f 8969/10720 6058/8251 6057/8249 8968/10718
f 5089/5677 5663/7422 8844/10922 8698/10924
f 5743/7704 5742/7702 8866/10923 8867/10925
f 8751/10158 5347/6344 5346/6342 8750/10156
f 8970/10722 6059/8253 6058/8251 8969/10720
f 5744/7706 5743/7704 8867/10925 8868/10926
f 8674/10160 5029/6346 5347/6344 8751/10158
f 8711/10724 5123/5260 6059/8253 8970/10722
f 5103/6298 5744/7706 8868/10926 8703/10905
f 5065/10883 5909/10927 8905/10799 8689/10402
f 8905/10799 5909/10927 5910/10928 8906/10810
f 8906/10810 5910/10928 5911/10929 8907/10808
f 8907/10808 5911/10929 5134/10888 8716/10419
f 8725/10930 5277/5261 5123/5260 8711/10724
f 8726/10931 5278/5263 5277/5261 8725/10930
f 8727/10932 5279/5265 5278/5263 8726/10931
f 8669/10914 5015/5267 5279/5265 8727/10932
f 5283/10933 5051/10899 8684/10250 8728/10249
f 5284/10934 5283/10933 8728/10249 8729/10252
f 5285/10935 5284/10934 8729/10252 8730/10254
f 5014/8040 5285/10935 8730/10254 8668/10912
f 8731/10936 5289/5678 5089/5677 8698/10924
f 8732/10937 5290/5680 5289/5678 8731/10936
f 8733/10860 5291/5682 5290/5680 8732/10937
f 9220/10838 9217/10837 9337/10847 9336/10857
f 9223/10844 9220/10838 9336/10857 9335/10855
f 8931/9954 9223/10844 9335/10855 9245/9950
f 9217/10837 8835/10487 9236/10488 9337/10847
f 9208/10813 9334/10824 9333/10833 9211/10814
f 9214/10820 9211/10814 9333/10833 9332/10831
f 8922/10471 9214/10820 9332/10831 9244/10467
f 8832/10444 9235/10449 9334/10824 9208/10813
f 9199/10788 9331/10800 9330/10809 9202/10789
f 9202/10789 9330/10809 9329/10807 9205/10795
f 9205/10795 9329/10807 9243/10418 8913/10423
f 8829/10398 9234/10403 9331/10800 9199/10788
f 9193/10766 9190/10765 9328/10775 9327/10785
f 9196/10772 9193/10766 9327/10785 9326/10783
f 8904/10383 9196/10772 9326/10783 9242/10378
f 9190/10765 8826/10359 9233/10360 9328/10775
f 9181/10732 9325/10746 9324/10761 9184/10733
f 9184/10733 9324/10761 9323/10759 9187/10739
f 9187/10739 9323/10759 9241/10338 8895/10343
f 8745/10748 9227/10045 9325/10746 9181/10732
f 8971/9912 9253/9911 9322/10721 9174/10710
f 9174/10710 9322/10721 9321/10719 9173/10706
f 9173/10706 9321/10719 9320/10717 9172/10707
f 9172/10707 9320/10717 9229/10201 8773/10204
f 8709/10901 8883/10918 9319/10691 9252/10072
f 8883/10918 8882/10916 9318/10689 9319/10691
f 8882/10916 8881/10913 9317/10685 9318/10689
f 8881/10913 8668/10912 9247/10255 9317/10685
f 8962/10219 9251/10196 9316/10665 9156/10654
f 9156/10654 9316/10665 9315/10663 9155/10650
f 9155/10650 9315/10663 9314/10661 9154/10651
f 9154/10651 9314/10661 9228/10159 8770/10162
f 8872/10179 9240/10154 9313/10635 9147/10620
f 9147/10620 9313/10635 9312/10638 9146/10621
f 8957/10911 8956/10910 9311/10631 9312/10638
f 8956/10910 8681/10909 9249/10119 9311/10631
f 8703/10905 8868/10926 9310/10607 9250/10112
f 8868/10926 8867/10925 9309/10605 9310/10607
f 8867/10925 8866/10923 9308/10603 9309/10605
f 8866/10923 8680/10904 9248/10079 9308/10603
f 8698/10924 8844/10922 9307/10577 9239/9990
f 8844/10922 8843/10921 9306/10575 9307/10577
f 8843/10921 8842/10920 9305/10573 9306/10575
f 8842/10920 8697/10919 9238/10546 9305/10573
f 8697/10919 8841/10545 9304/10544 9238/10546
f 9120/10533 9304/10547 9303/10542 9119/10529
f 9119/10529 9303/10542 9302/10540 9118/10530
f 9118/10530 9302/10540 9237/10513 8854/10516
f 8854/10516 9237/10513 9301/10509 9111/10499
f 9111/10499 9301/10509 9300/10512 9110/10495
f 8837/10917 8836/10915 9299/10506 9300/10512
f 8836/10915 8669/10914 9246/9918 9299/10506
f 9103/10457 9100/10456 9298/10466 9297/10492
f 9106/10463 9103/10457 9297/10492 9296/10489
f 8835/10487 9106/10463 9296/10489 9236/10488
f 9100/10456 8922/10471 9244/10467 9298/10466
f 9091/10407 9295/10452 9294/10450 9094/10408
f 9094/10408 9294/10450 9293/10446 9097/10414
f 9097/10414 9293/10446 9235/10449 8832/10444
f 8913/10423 9243/10418 9295/10421 9091/10424
f 9082/10367 9292/10381 9291/10404 9085/10368
f 9085/10368 9291/10404 9290/10400 9088/10374
f 9088/10374 9290/10400 9234/10403 8829/10398
f 8904/10383 9242/10378 9292/10381 9082/10367
f 9076/10329 9073/10328 9289/10341 9288/10364
f 9079/10335 9076/10329 9288/10364 9287/10361
f 8826/10359 9079/10335 9287/10361 9233/10360
f 8895/10343 9241/10338 9289/10341 9073/10328
f 8781/10884 9286/10320 9231/10322 8683/10890
f 8780/10881 9285/10318 9286/10320 8781/10884
f 8779/10878 9284/10316 9285/10318 8780/10881
f 8682/10875 9232/10054 9284/10316 8779/10878
f 9061/10269 8793/10246 9230/10247 9283/10291
f 9062/10270 9061/10269 9283/10291 9282/10289
f 9063/10272 9062/10270 9282/10289 9281/10286
f 8796/10284 9063/10272 9281/10286 9231/10322
f 9052/10229 8937/10258 9247/10686 9280/10253
f 9053/10230 9052/10229 9280/10253 9279/10251
f 9054/10232 9053/10230 9279/10251 9278/10248
f 8793/10246 9054/10232 9278/10248 9230/10247
f 8773/10204 9229/10201 9277/10199 9039/10186
f 9039/10186 9277/10199 9276/10197 9038/10182
f 9038/10182 9276/10197 9275/10193 9037/10183
f 9037/10183 9275/10193 9251/10196 8962/10219
f 8770/10162 9228/10159 9274/10157 9030/10144
f 9030/10144 9274/10157 9273/10155 9029/10140
f 9029/10140 9273/10155 9272/10151 9028/10141
f 9028/10141 9272/10151 9240/10154 8872/10179
f 8681/10909 8769/10908 9271/10117 9249/10119
f 8769/10908 8768/10907 9270/10115 9271/10117
f 8768/10907 8767/10906 9269/10111 9270/10115
f 8767/10906 8703/10905 9250/10112 9269/10111
f 8680/10904 8766/10903 9268/10077 9248/10079
f 8766/10903 8765/10902 9267/10075 9268/10077
f 8765/10902 8764/10900 9266/10071 9267/10075
f 8764/10900 8709/10901 9252/10072 9266/10071
f 8778/10872 9265/10052 9232/10054 8682/10875
f 8777/10868 9264/10050 9265/10052 8778/10872
f 8776/10865 9263/10048 9264/10050 8777/10868
f 8670/10744 9227/10743 9263/10048 8776/10865
f 8671/10859 8733/10860 9262/9995 9226/9971
f 8733/10860 8732/10937 9261/9993 9262/9995
f 8732/10937 8731/10936 9260/9989 9261/9993
f 8731/10936 8698/10924 9239/9990 9260/9989
f 8986/9940 8983/9939 9259/9949 9258/9975
f 8989/9946 8986/9940 9258/9975 9257/9972
f 8740/9998 8989/9946 9257/9972 9226/9997
f 8983/9939 8931/9954 9245/9950 9259/9949
f 8669/10914 8727/10932 9256/9916 9246/9918
f 8727/10932 8726/10931 9255/9914 9256/9916
f 8726/10931 8725/10930 9254/9910 9255/9914
f 8725/10930 8711/10724 9253/10723 9254/9910
f 7904/8773 9448/8795 9449/8784 7901/8774
f 7907/8781 9447/8793 9448/8795 7904/8773
f 5992/5482 9357/5481 9447/8793 7907/8781
f 7901/8774 9449/8784 9348/7336 5645/7335
f 5938/10892 5937/10887 9446/8594 9445/8611
f 7830/8589 9444/8609 9445/8611 7827/8590
f 5954/7318 9356/7317 9444/8609 7830/8589
f 5937/10887 5066/10886 9347/7294 9446/8594
f 5910/10928 5909/10927 9443/8490 9442/8500
f 5911/10929 5910/10928 9442/8500 9441/8498
f 5134/10888 5911/10929 9441/8498 9355/7268
f 5909/10927 5065/10883 9346/7249 9443/8490
f 7741/8365 9439/8397 9440/8378 7738/8366
f 7744/8373 9438/8395 9439/8397 7741/8365
f 5898/8391 9354/7228 9438/8395 7744/8373
f 7738/8366 9440/8378 9345/7207 5636/7206
f 5854/10867 5853/10864 9437/8272 9436/8282
f 5855/10870 5854/10867 9436/8282 9435/8280
f 5124/10861 5855/10870 9435/8280 9353/7186
f 5853/10864 5019/10863 9339/5780 9437/8272
f 6060/5286 7688/8241 9434/8252 9365/5259
f 7688/8241 7687/8239 9433/8250 9434/8252
f 7687/8239 7686/8238 9432/8248 9433/8250
f 7686/8238 5453/6388 9341/6385 9432/8248
f 7601/8031 9431/8046 9364/6257 6054/6284
f 7600/8029 9430/8044 9431/8046 7601/8031
f 7599/8028 9429/8042 9430/8044 7600/8029
f 5998/8058 9359/6439 9429/8042 7599/8028
f 6045/6404 7552/7918 9428/7929 9363/6378
f 7552/7918 7551/7916 9427/7927 9428/7929
f 7551/7916 7550/7915 9426/7925 9427/7927
f 7550/7915 5450/6348 9340/6345 9426/7925
f 5769/6364 7503/7803 9425/7815 9352/6338
f 7503/7803 7502/7801 9424/7814 9425/7815
f 7501/7800 9423/7812 9424/7814 7502/7801
f 6027/6307 9361/6306 9423/7812 7501/7800
f 7454/7694 9422/7707 9362/6297 6036/6324
f 7453/7692 9421/7705 9422/7707 7454/7694
f 7452/7691 9420/7703 9421/7705 7453/7692
f 6024/6267 9360/6266 9420/7703 7452/7691
f 7344/7410 9419/7423 9351/5676 5697/5695
f 7343/7408 9418/7421 9419/7423 7344/7410
f 7342/7407 9417/7419 9418/7421 7343/7408
f 5694/7395 9350/7393 9417/7419 7342/7407
f 7335/7379 9416/7390 9350/7393 5694/7395
f 7335/7379 7334/7377 9415/7388 9416/7390
f 7334/7377 7333/7376 9414/7386 9415/7388
f 7333/7376 5691/7363 9349/7360 9414/7386
f 5691/7363 7326/7347 9413/7358 9349/7360
f 7326/7347 7325/7345 9412/7357 9413/7358
f 7324/7344 9411/7355 9412/7357 7325/7345
f 5993/5269 9358/5268 9411/7355 7324/7344
f 7318/7303 9409/7341 9410/7314 7315/7304
f 7321/7311 9408/7339 9409/7341 7318/7303
f 5645/7335 9348/7336 9408/7339 7321/7311
f 7315/7304 9410/7314 9356/7317 5954/7318
f 5541/10894 5540/10893 9407/7300 9406/7298
f 5542/10896 5541/10894 9406/7298 9405/7295
f 5066/10886 5542/10896 9405/7295 9347/7294
f 5540/10889 5134/10888 9355/7268 9407/7267
f 5538/10877 5537/10874 9404/7227 9403/7253
f 5539/10880 5538/10877 9403/7253 9402/7250
f 5065/10883 5539/10880 9402/7250 9346/7249
f 5537/10874 5129/10873 9354/8392 9404/7227
f 7291/7172 9400/7212 9401/7214 7288/7173
f 7294/7180 9399/7210 9400/7212 7291/7172
f 5636/7206 9345/7207 9399/7210 7294/7180
f 5534/10862 5124/10861 9353/7186 9401/7214
f 5461/10885 5050/10891 9343/6472 9398/6499
f 5460/10882 5461/10885 9398/6499 9397/6497
f 5459/10879 5460/10882 9397/6497 9396/6495
f 5049/10876 5459/10879 9396/6495 9344/5788
f 5051/10899 9342/6434 9395/6475 5464/10898
f 5464/10898 9395/6475 9394/6473 5463/10897
f 5463/10897 9394/6473 9393/6469 5462/10895
f 5462/10895 9393/6469 9343/6472 5050/10891
f 5014/8040 9359/8039 9392/6437 5285/10935
f 5285/10935 9392/6437 9391/6435 5284/10934
f 5284/10934 9391/6435 9390/6431 5283/10933
f 5283/10933 9390/6431 9342/6434 5051/10899
f 5453/6388 7016/6370 9389/6383 9341/6385
f 7016/6370 7015/6368 9388/6381 9389/6383
f 7015/6368 7014/6367 9387/6377 9388/6381
f 7014/6367 6045/6404 9363/6378 9387/6377
f 5450/6348 7007/6330 9386/6343 9340/6345
f 7007/6330 7006/6328 9385/6341 9386/6343
f 7006/6328 7005/6327 9384/6337 9385/6341
f 7005/6327 5769/6364 9352/6338 9384/6337
f 6998/6289 9383/6304 9361/6306 6027/6307
f 6997/6287 9382/6302 9383/6304 6998/6289
f 6996/6286 9381/6300 9382/6302 6997/6287
f 6036/6324 9362/6297 9381/6300 6996/6286
f 6989/6249 9380/6264 9360/6266 6024/6267
f 6988/6247 9379/6262 9380/6264 6989/6249
f 6987/6246 9378/6260 9379/6262 6988/6247
f 6054/6284 9364/6257 9378/6260 6987/6246
f 5458/10871 5049/10876 9344/5788 9377/5786
f 5457/10869 5458/10871 9377/5786 9376/5784
f 5456/10866 5457/10869 9376/5784 9375/5781
f 5019/10863 5456/10866 9375/5781 9339/5780
f 6791/5668 9374/5683 9338/5500 5298/5499
f 6790/5666 9373/5681 9374/5683 6791/5668
f 6789/5665 9372/5679 9373/5681 6790/5666
f 5697/5695 9351/5676 9372/5679 6789/5665
f 6727/5467 9370/5505 9371/5478 6724/5468
f 6730/5475 9369/5503 9370/5505 6727/5467
f 5298/5499 9338/5500 9369/5503 6730/5475
f 6724/5468 9371/5478 9357/5481 5992/5482
f 6653/5251 9368/5266 9358/5268 5993/5269
f 6652/5249 9367/5264 9368/5266 6653/5251
f 6651/5248 9366/5262 9367/5264 6652/5249
f 6060/5286 9365/5259 9366/5262 6651/5248
f 8930/9956 9224/10846 9561/10843 9469/9953
f 9218/10841 8834/10485 9460/10486 9559/10836
f 9224/10846 9221/10842 9560/10835 9561/10843
f 9221/10842 9218/10841 9559/10836 9560/10835
f 8921/10473 9215/10822 9558/10819 9468/10470
f 8831/10442 9459/10445 9556/10812 9209/10817
f 9215/10822 9212/10818 9557/10811 9558/10819
f 9212/10818 9209/10817 9556/10812 9557/10811
f 9206/10797 9555/10796 9467/10422 8912/10427
f 8828/10396 9458/10399 9553/10787 9200/10792
f 9203/10793 9554/10790 9555/10796 9206/10797
f 9200/10792 9553/10787 9554/10790 9203/10793
f 8903/10385 9197/10773 9552/10771 9466/10382
f 9191/10768 8825/10357 9457/10358 9550/10764
f 9197/10773 9194/10769 9551/10763 9552/10771
f 9194/10769 9191/10768 9550/10764 9551/10763
f 9188/10741 9549/10740 9465/10342 8894/10345
f 8744/10750 9451/10043 9547/10731 9182/10736
f 9185/10737 9548/10734 9549/10740 9188/10741
f 9182/10736 9547/10731 9548/10734 9185/10737
f 9175/10713 9544/10708 9453/10203 8774/10206
f 8972/9933 9477/9936 9546/10709 9177/10716
f 9177/10716 9546/10709 9545/10705 9176/10712
f 9176/10712 9545/10705 9544/10708 9175/10713
f 9163/10688 8937/10687 9471/10257 9541/10674
f 8965/10073 9165/10692 9543/10677 9476/10097
f 9165/10692 9164/10690 9542/10673 9543/10677
f 9164/10690 9163/10688 9541/10674 9542/10673
f 9157/10657 9538/10652 9452/10161 8771/10164
f 8963/10217 9475/10220 9540/10653 9159/10660
f 9159/10660 9540/10653 9539/10649 9158/10656
f 9158/10656 9539/10649 9538/10652 9157/10657
f 9145/10632 8947/10120 9473/10121 9535/10616
f 8873/10177 9464/10180 9537/10619 9150/10628
f 9150/10628 9537/10619 9536/10622 9149/10629
f 9146/10634 9145/10632 9535/10616 9536/10622
f 9136/10604 8944/10080 9472/10081 9532/10592
f 8953/10113 9138/10608 9534/10595 9474/10137
f 9138/10608 9137/10606 9533/10591 9534/10595
f 9137/10606 9136/10604 9532/10592 9533/10591
f 9127/10574 8857/10549 9462/10550 9529/10562
f 8860/9991 9129/10578 9531/10565 9463/10017
f 9129/10578 9128/10576 9530/10561 9531/10565
f 9128/10576 9127/10574 9529/10562 9530/10561
f 9121/10536 9526/10531 9461/10515 8855/10518
f 8858/10590 9462/10589 9528/10532 9123/10539
f 9123/10539 9528/10532 9527/10528 9122/10535
f 9122/10535 9527/10528 9526/10531 9121/10536
f 9109/10507 8932/9919 9470/9920 9523/10497
f 8855/10518 9461/10515 9525/10498 9114/10505
f 9114/10505 9525/10498 9524/10494 9113/10501
f 9113/10501 9524/10494 9523/10497 9112/10502
f 8834/10485 9107/10465 9522/10462 9460/10486
f 9101/10460 8921/10473 9468/10470 9520/10455
f 9107/10465 9104/10461 9521/10454 9522/10462
f 9104/10461 9101/10460 9520/10455 9521/10454
f 9098/10416 9519/10415 9459/10445 8831/10442
f 8912/10427 9467/10422 9517/10425 9092/10428
f 9095/10412 9518/10409 9519/10415 9098/10416
f 9092/10411 9517/10406 9518/10409 9095/10412
f 9089/10376 9516/10375 9458/10399 8828/10396
f 8903/10385 9466/10382 9514/10366 9083/10371
f 9086/10372 9515/10369 9516/10375 9089/10376
f 9083/10371 9514/10366 9515/10369 9086/10372
f 8825/10357 9080/10337 9513/10334 9457/10358
f 8894/10345 9465/10342 9511/10327 9074/10331
f 9080/10337 9077/10332 9512/10326 9513/10334
f 9077/10332 9074/10331 9511/10327 9512/10326
f 9067/10325 8795/10282 9455/10283 9508/10302
f 8799/10053 9456/10056 9510/10303 9072/10315
f 9072/10315 9510/10303 9509/10299 9071/10317
f 9071/10317 9509/10299 9508/10302 9070/10319
f 9058/10263 8792/10244 9454/10245 9505/10268
f 8795/10282 9060/10266 9507/10271 9455/10283
f 9060/10266 9059/10264 9506/10267 9507/10271
f 9059/10264 9058/10263 9505/10268 9506/10267
f 9049/10223 8936/10260 9471/10703 9502/10228
f 8792/10244 9051/10226 9504/10231 9454/10245
f 9051/10226 9050/10224 9503/10227 9504/10231
f 9050/10224 9049/10223 9502/10228 9503/10227
f 9040/10189 9499/10184 9475/10220 8963/10217
f 8774/10206 9453/10203 9501/10185 9042/10192
f 9042/10192 9501/10185 9500/10181 9041/10188
f 9041/10188 9500/10181 9499/10184 9040/10189
f 9031/10147 9496/10142 9464/10180 8873/10177
f 8771/10164 9452/10161 9498/10143 9033/10150
f 9033/10150 9498/10143 9497/10139 9032/10146
f 9032/10146 9497/10139 9496/10142 9031/10147
f 9019/10114 8953/10113 9474/10137 9493/10100
f 8947/10120 9021/10118 9495/10103 9473/10121
f 9021/10118 9020/10116 9494/10099 9495/10103
f 9020/10116 9019/10114 9493/10100 9494/10099
f 9010/10074 8965/10073 9476/10097 9490/10060
f 8944/10080 9012/10078 9492/10063 9472/10081
f 9012/10078 9011/10076 9491/10059 9492/10063
f 9011/10076 9010/10074 9490/10060 9491/10059
f 9007/10051 9487/10028 9456/10056 8799/10053
f 8745/10748 9451/10747 9489/10029 9009/10047
f 9009/10047 9489/10029 9488/10025 9008/10049
f 9008/10049 9488/10025 9487/10028 9007/10051
f 8992/9992 8860/9991 9463/10017 9484/9978
f 8740/9998 8994/9996 9486/9981 9450/9969
f 8994/9996 8993/9994 9485/9977 9486/9981
f 8993/9994 8992/9992 9484/9978 9485/9977
f 8741/10000 8990/9948 9483/9945 9450/9999
f 8984/9943 8930/9956 9469/9953 9481/9938
f 8990/9948 8987/9944 9482/9937 9483/9945
f 8987/9944 8984/9943 9481/9938 9482/9937
f 8977/9903 9478/9902 9477/9936 8972/9933
f 8932/9919 8976/9917 9480/9905 9470/9920
f 8976/9917 8975/9915 9479/9901 9480/9905
f 8975/9915 8974/9913 9478/9935 9479/9901
f 5991/5484 9581/5483 9673/8780 7908/8783
f 7902/8778 9671/8775 9572/7334 5644/7333
f 7908/8783 9673/8780 9672/8772 7905/8777
f 7905/8777 9672/8772 9671/8775 7902/8778
f 5953/7320 9580/7319 9670/8588 7831/8593
f 7824/8595 5642/7297 9571/7292 9668/8583
f 7831/8593 9670/8588 9669/8591 7828/8585
f 7827/8613 7824/8595 9668/8583 9669/8591
f 5926/7269 7787/8499 9667/8486 9579/7272
f 7781/8491 5639/7252 9570/7247 9665/8479
f 7787/8499 7784/8501 9666/8478 9667/8486
f 7784/8501 7781/8491 9665/8479 9666/8478
f 5897/7232 9578/7231 9664/8372 7745/10938
f 7739/10939 9662/8367 9569/7205 5635/10940
f 7745/8375 9664/8372 9663/8364 7742/8376
f 7742/8376 9663/8364 9662/8367 7739/10939
f 5870/7187 7701/8281 9661/8268 9577/7190
f 7695/8273 5303/5783 9563/5778 9659/8261
f 7701/8281 7698/8283 9660/8260 9661/8268
f 7698/8283 7695/8273 9659/8261 9660/8260
f 7689/8244 5454/6390 9565/6387 9656/8237
f 6061/5284 7691/8247 9658/8240 9589/5285
f 7691/8247 7690/8245 9657/8236 9658/8240
f 7690/8245 7689/8244 9656/8237 9657/8236
f 5997/8056 9583/6441 9653/8027 7602/8034
f 7604/8037 9655/8032 9588/6283 6055/6282
f 7603/8035 9654/8030 9655/8032 7604/8037
f 7602/8034 9653/8027 9654/8030 7603/8035
f 7553/7921 5451/6350 9564/6347 9650/7914
f 6046/6402 7555/7924 9652/7917 9587/6403
f 7555/7924 7554/7922 9651/7913 9652/7917
f 7554/7922 7553/7921 9650/7914 9651/7913
f 6028/6309 9585/6308 9647/7799 7504/7806
f 5770/6362 7506/7810 9649/7804 9576/6363
f 7505/7807 9648/7802 9649/7804 7506/7810
f 7504/7806 9647/7799 9648/7802 7505/7807
f 6025/6269 9584/6268 9644/7690 7455/7697
f 7457/7700 9646/7695 9586/6323 6037/6322
f 7456/7698 9645/7693 9646/7695 7457/7700
f 7455/7697 9644/7690 9645/7693 7456/7698
f 5695/7397 9574/7394 9641/7406 7345/7413
f 7347/7416 9643/7411 9575/5694 5698/5693
f 7346/7414 9642/7409 9643/7411 7347/7416
f 7345/7413 9641/7406 9642/7409 7346/7414
f 7336/7382 5692/7365 9573/7362 9638/7375
f 5695/7397 7338/7385 9640/7378 9574/7394
f 7338/7385 7337/7383 9639/7374 9640/7378
f 7337/7383 7336/7382 9638/7375 9639/7374
f 5994/5272 9582/5270 9635/7343 7327/7350
f 5692/7365 7329/7353 9637/7346 9573/7362
f 7329/7353 7328/7351 9636/7342 9637/7346
f 7328/7351 7327/7350 9635/7343 9636/7342
f 5644/7333 9572/7334 9634/7310 7322/7313
f 7316/7308 9632/7305 9580/7319 5953/7320
f 7322/7313 9634/7310 9633/7302 7319/7307
f 7319/7307 9633/7302 9632/7305 7316/7308
f 5642/7297 7312/7296 9631/7263 9571/7292
f 7306/7270 5926/7269 9579/7272 9629/7271
f 7312/7296 7309/7299 9630/7255 9631/7263
f 7309/7299 7306/7301 9629/7256 9630/7255
f 5639/7252 7303/7251 9628/7223 9570/7247
f 7297/7230 5898/7229 9578/8390 9626/7216
f 7303/7251 7300/7254 9627/7215 9628/7223
f 7300/7254 7297/7230 9626/7216 9627/7215
f 5635/7204 9569/7205 9625/7179 7295/7182
f 7288/7188 5870/7187 9577/7190 9623/7174
f 7295/7182 9625/7179 9624/7171 7292/7183
f 7292/7183 9624/7171 9623/7174 7289/7192
f 5500/6471 9567/6468 9620/6484 7047/6500
f 5503/5789 7049/6496 9622/6487 9568/5790
f 7049/6496 7048/6498 9621/6483 9622/6487
f 7048/6498 7047/6500 9620/6484 9621/6483
f 5497/6433 9566/6430 9617/6451 7038/6476
f 7040/6470 9619/6456 9567/6468 5500/6471
f 7039/6474 9618/6454 9619/6456 7040/6470
f 7038/6476 9617/6451 9618/6454 7039/6474
f 5998/8058 9583/8057 9614/6411 7029/6438
f 7031/6432 9616/6416 9566/6430 5497/6433
f 7030/6436 9615/6414 9616/6416 7031/6432
f 7029/6438 9614/6411 9615/6414 7030/6436
f 7017/6373 6046/6402 9587/6403 9611/6366
f 5454/6390 7019/6376 9613/6369 9565/6387
f 7019/6376 7018/6374 9612/6365 9613/6369
f 7018/6374 7017/6373 9611/6366 9612/6365
f 7008/6333 5770/6362 9576/6363 9608/6326
f 5451/6350 7010/6336 9610/6329 9564/6347
f 7010/6336 7009/6334 9609/6325 9610/6329
f 7009/6334 7008/6333 9608/6326 9609/6325
f 6037/6322 9586/6323 9605/6285 6999/6292
f 7001/6295 9607/6290 9585/6308 6028/6309
f 7000/6293 9606/6288 9607/6290 7001/6295
f 6999/6292 9605/6285 9606/6288 7000/6293
f 6055/6282 9588/6283 9602/6245 6990/6252
f 6992/6255 9604/6250 9584/6268 6025/6269
f 6991/6253 9603/6248 9604/6250 6992/6255
f 6990/6252 9602/6245 9603/6248 6991/6253
f 6824/5787 5503/5789 9568/5790 9599/5763
f 5303/5783 6826/5782 9601/5766 9563/5778
f 6826/5782 6825/5785 9600/5762 9601/5766
f 6825/5785 6824/5787 9599/5763 9600/5762
f 5698/5693 9575/5694 9596/5664 6792/5671
f 6794/5674 9598/5669 9562/5498 5299/5497
f 6793/5672 9597/5667 9598/5669 6794/5674
f 6792/5671 9596/5664 9597/5667 6793/5672
f 5299/5497 9562/5498 9595/5474 6731/5477
f 6725/5472 9593/5469 9581/5483 5991/5484
f 6731/5477 9595/5474 9594/5466 6728/5471
f 6728/5471 9594/5466 9593/5469 6725/5472
f 6654/5255 6061/5284 9589/5285 9590/5247
f 6656/5258 9592/5252 9582/5270 5994/5272
f 6655/5256 9591/5250 9592/5252 6656/5258
f 6654/5255 9590/5247 9591/5250 6655/5256
f 5990/5488 9693/5485 9785/8782 7909/8791
f 7903/8787 9783/8779 9684/7332 5643/7331
f 7909/8791 9785/8782 9784/8776 7906/8789
f 7906/8789 9784/8776 9783/8779 7903/8787
f 5952/7324 9692/7321 9782/8592 7832/8605
f 7825/8584 5641/7293 9683/7291 9780/8587
f 7832/8605 9782/8592 9781/8586 7829/8606
f 7829/8606 9781/8586 9780/8587 7826/8597
f 5925/7273 7788/8487 9779/8488 9691/7276
f 7782/8480 5638/7248 9682/7245 9777/8483
f 7788/8487 7785/8481 9778/8482 9779/8488
f 7785/8481 7782/8480 9777/8483 9778/8482
f 5897/7232 7745/10938 9776/8374 9690/7233
f 7739/10939 5635/10940 9681/7203 9774/8369
f 7746/8389 9776/8388 9775/8377 7743/8371
f 7742/8376 7739/10939 9774/8369 9775/8377
f 5869/7191 7702/8269 9773/8270 9689/7193
f 7696/8262 5302/5779 9675/5776 9771/8265
f 7702/8269 7699/8263 9772/8264 9773/8270
f 7699/8263 7696/8262 9771/8265 9772/8264
f 7692/8259 5455/6394 9677/6389 9768/8243
f 6062/5282 7694/8255 9770/8246 9701/5283
f 7694/8255 7693/8257 9769/8242 9770/8246
f 7693/8257 7692/8259 9768/8243 9769/8242
f 5996/8054 9695/6443 9765/8033 7605/8052
f 7607/8048 9767/8038 9700/6281 6056/6280
f 7606/8050 9766/8036 9767/8038 7607/8048
f 7605/8052 9765/8033 9766/8036 7606/8050
f 7556/7936 5452/6354 9676/6349 9762/7920
f 6047/6400 7558/7932 9764/7923 9699/6401
f 7558/7932 7557/7934 9763/7919 9764/7923
f 7557/7934 7556/7936 9762/7920 9763/7919
f 6029/6313 9697/6310 9759/7805 7507/7822
f 5771/6360 7509/7818 9761/7809 9688/6361
f 7509/7818 7508/7820 9760/7808 9761/7809
f 7507/7822 9759/7805 9760/7808 7508/7820
f 6026/6273 9696/6270 9756/7696 7458/7713
f 7460/7709 9758/7701 9698/6321 6038/6320
f 7459/7711 9757/7699 9758/7701 7460/7709
f 7458/7713 9756/7696 9757/7699 7459/7711
f 5696/7401 9686/7396 9753/7412 7348/7429
f 7350/7425 9755/7417 9687/5692 5699/5691
f 7349/7427 9754/7415 9755/7417 7350/7425
f 7348/7429 9753/7412 9754/7415 7349/7427
f 7339/7405 5693/7369 9685/7364 9750/7381
f 5696/7401 7341/7400 9752/7384 9686/7396
f 7341/7400 7340/7403 9751/7380 9752/7384
f 7340/7403 7339/7405 9750/7381 9751/7380
f 7330/7373 5995/5276 9694/5271 9747/7349
f 5693/7369 7332/7368 9749/7352 9685/7364
f 7332/7368 7331/7371 9748/7348 9749/7352
f 7331/7371 7330/7373 9747/7349 9748/7348
f 5643/7331 9684/7332 9746/7312 7323/7329
f 7317/7323 9744/7309 9692/7321 5952/7324
f 7323/7329 9746/7312 9745/7306 7320/7327
f 7320/7327 9745/7306 9744/7309 7317/7323
f 5641/7293 7313/7264 9743/7265 9683/7291
f 7307/7274 5925/7273 9691/7276 9741/7275
f 7313/7264 7310/7258 9742/7259 9743/7265
f 7310/7258 7307/7257 9741/7260 9742/7259
f 5638/7248 7304/7224 9740/7225 9682/7245
f 7298/7217 5897/7232 9690/7233 9738/7220
f 7304/7224 7301/7218 9739/7219 9740/7225
f 7301/7218 7298/7217 9738/7220 9739/7219
f 5634/8381 9681/8380 9737/7181 7296/10941
f 7289/7192 5869/7191 9689/7193 9735/7176
f 7296/10941 9737/7181 9736/7184 7293/7178
f 7292/7183 7289/7192 9735/7176 9736/7184
f 5499/6467 9679/6466 9732/6478 7044/6485
f 5502/5791 7046/6488 9734/6481 9680/5792
f 7046/6488 7045/6486 9733/6477 9734/6481
f 7045/6486 7044/6485 9732/6478 9733/6477
f 5496/6429 9678/6428 9729/6445 7035/6452
f 7037/6455 9731/6450 9679/6466 5499/6467
f 7036/6453 9730/6448 9731/6450 7037/6455
f 7035/6452 9729/6445 9730/6448 7036/6453
f 5997/8056 9695/8055 9726/6405 7026/6412
f 7028/6415 9728/6410 9678/6428 5496/6429
f 7027/6413 9727/6408 9728/6410 7028/6415
f 7026/6412 9726/6405 9727/6408 7027/6413
f 7020/6398 6047/6400 9699/6401 9723/6372
f 5455/6394 7022/6393 9725/6375 9677/6389
f 7022/6393 7021/6396 9724/6371 9725/6375
f 7021/6396 7020/6398 9723/6372 9724/6371
f 7011/6358 5771/6360 9688/6361 9720/6332
f 5452/6354 7013/6353 9722/6335 9676/6349
f 7013/6353 7012/6356 9721/6331 9722/6335
f 7012/6356 7011/6358 9720/6332 9721/6331
f 6038/6320 9698/6321 9717/6291 7002/6318
f 7004/6312 9719/6296 9697/6310 6029/6313
f 7003/6316 9718/6294 9719/6296 7004/6312
f 7002/6318 9717/6291 9718/6294 7003/6316
f 6056/6280 9700/6281 9714/6251 6993/6278
f 6995/6272 9716/6256 9696/6270 6026/6273
f 6994/6276 9715/6254 9716/6256 6995/6272
f 6993/6278 9714/6251 9715/6254 6994/6276
f 6821/5764 5502/5791 9680/5792 9711/5757
f 5302/5779 6823/5767 9713/5760 9675/5776
f 6823/5767 6822/5765 9712/5756 9713/5760
f 6822/5765 6821/5764 9711/5757 9712/5756
f 5699/5691 9687/5692 9708/5670 6795/5689
f 6797/5685 9710/5675 9674/5496 5300/5495
f 6796/5687 9709/5673 9710/5675 6797/5685
f 6795/5689 9708/5670 9709/5673 6796/5687
f 5300/5495 9674/5496 9707/5476 6732/5493
f 6726/5487 9705/5473 9693/5485 5990/5488
f 6732/5493 9707/5476 9706/5470 6729/5491
f 6729/5491 9706/5470 9705/5473 6726/5487
f 6657/5280 6062/5282 9701/5283 9702/5254
f 5995/5276 6659/5275 9704/5257 9694/5271
f 6659/5275 6658/5278 9703/5253 9704/5257
f 6658/5278 6657/5280 9702/5254 9703/5253
f 8929/9959 9225/10854 9897/10845 9805/9955
f 9219/10850 8833/10483 9796/10484 9895/10840
f 9225/10854 9222/10852 9896/10839 9897/10845
f 9222/10852 9219/10850 9895/10840 9896/10839
f 8920/10476 9216/10830 9894/10821 9804/10472
f 8830/10441 9795/10443 9892/10816 9210/10825
f 9216/10830 9213/10827 9893/10815 9894/10821
f 9213/10827 9210/10825 9892/10816 9893/10815
f 9207/10805 9891/10798 9803/10426 8911/10431
f 8827/10394 9794/10397 9889/10791 9201/10801
f 9204/10803 9890/10794 9891/10798 9207/10805
f 9201/10801 9889/10791 9890/10794 9204/10803
f 9198/10781 9888/10774 9802/10384 8902/10387
f 8824/10354 9793/10356 9886/10767 9192/10777
f 9195/10779 9887/10770 9888/10774 9198/10781
f 9192/10777 9886/10767 9887/10770 9195/10779
f 9189/10757 9885/10742 9801/10344 8893/10347
f 8743/10752 9787/10041 9883/10735 9183/10753
f 9186/10755 9884/10738 9885/10742 9189/10757
f 9183/10753 9883/10735 9884/10738 9186/10755
f 9178/10729 9880/10714 9789/10205 8775/10208
f 8973/9931 9813/9934 9882/10715 9180/10725
f 9180/10725 9882/10715 9881/10711 9179/10727
f 9179/10727 9881/10711 9880/10714 9178/10729
f 9166/10675 8936/10704 9807/10259 9877/10680
f 8966/10098 9168/10678 9879/10683 9812/10095
f 9168/10678 9167/10676 9878/10679 9879/10683
f 9167/10676 9166/10675 9877/10680 9878/10679
f 9160/10671 9874/10658 9788/10163 8772/10166
f 8964/10215 9811/10218 9876/10659 9162/10667
f 9162/10667 9876/10659 9875/10655 9161/10669
f 9161/10669 9875/10655 9874/10658 9160/10671
f 9148/10617 8948/10122 9809/10123 9871/10624
f 8874/10640 9800/10178 9873/10627 9153/10641
f 9153/10641 9873/10627 9872/10630 9152/10643
f 9149/10618 9148/10617 9871/10624 9872/10630
f 9139/10593 8945/10082 9808/10083 9868/10598
f 8954/10138 9141/10596 9870/10601 9810/10135
f 9141/10596 9140/10594 9869/10597 9870/10601
f 9140/10594 9139/10593 9868/10598 9869/10597
f 9130/10563 8858/10590 9798/10551 9865/10568
f 8861/10018 9132/10566 9867/10571 9799/10015
f 9132/10566 9131/10564 9866/10567 9867/10571
f 9131/10564 9130/10563 9865/10568 9866/10567
f 9124/10559 9862/10537 9797/10517 8856/10520
f 8859/10588 9798/10587 9864/10538 9126/10555
f 9126/10555 9864/10538 9863/10534 9125/10557
f 9125/10557 9863/10534 9862/10537 9124/10559
f 9115/10525 9859/10503 9806/9922 8934/9924
f 8856/10520 9797/10517 9861/10504 9117/10521
f 9117/10521 9861/10504 9860/10500 9116/10523
f 9116/10523 9860/10500 9859/10503 9115/10525
f 8833/10483 9108/10481 9858/10464 9796/10484
f 9102/10477 8920/10476 9804/10472 9856/10459
f 9108/10481 9105/10479 9857/10458 9858/10464
f 9105/10479 9102/10477 9856/10459 9857/10458
f 9099/10439 9855/10417 9795/10443 8830/10441
f 8911/10431 9803/10426 9853/10429 9093/10432
f 9096/10436 9854/10413 9855/10417 9099/10439
f 9093/10435 9853/10410 9854/10413 9096/10436
f 9090/10392 9852/10377 9794/10397 8827/10394
f 8902/10387 9802/10384 9850/10370 9084/10388
f 9087/10390 9851/10373 9852/10377 9090/10392
f 9084/10388 9850/10370 9851/10373 9087/10390
f 8824/10354 9081/10352 9849/10336 9793/10356
f 8893/10347 9801/10344 9847/10330 9075/10348
f 9081/10352 9078/10350 9848/10333 9849/10336
f 9075/10348 9847/10330 9848/10333 9078/10350
f 9064/10295 8794/10942 9791/10281 9844/10296
f 8798/10055 9792/10058 9846/10297 9069/10304
f 9069/10304 9846/10297 9845/10293 9068/10300
f 9068/10300 9845/10293 9844/10296 9067/10301
f 9055/10274 8791/10242 9790/10243 9841/10262
f 8794/10280 9057/10278 9843/10265 9791/10281
f 9057/10278 9056/10276 9842/10261 9843/10265
f 9056/10276 9055/10274 9841/10262 9842/10261
f 9046/10236 8935/10235 9807/10701 9838/10222
f 8791/10242 9048/10240 9840/10225 9790/10243
f 9048/10240 9047/10238 9839/10221 9840/10225
f 9047/10238 9046/10236 9838/10222 9839/10221
f 9043/10213 9835/10190 9811/10218 8964/10215
f 8775/10208 9789/10205 9837/10191 9045/10209
f 9045/10209 9837/10191 9836/10187 9044/10211
f 9044/10211 9836/10187 9835/10190 9043/10213
f 9034/10943 9832/10148 9800/10178 8874/10640
f 8772/10166 9788/10163 9834/10149 9036/10167
f 9036/10167 9834/10149 9833/10145 9035/10169
f 9035/10169 9833/10145 9832/10148 9034/10943
f 9022/10101 8954/10138 9810/10135 9829/10106
f 8948/10122 9024/10104 9831/10109 9809/10123
f 9024/10104 9023/10102 9830/10105 9831/10109
f 9023/10102 9022/10101 9829/10106 9830/10105
f 9013/10061 8966/10098 9812/10095 9826/10066
f 8945/10082 9015/10064 9828/10069 9808/10083
f 9015/10064 9014/10062 9827/10065 9828/10069
f 9014/10062 9013/10061 9826/10066 9827/10065
f 9004/10027 9823/10022 9792/10058 8798/10055
f 8744/10750 9787/10749 9825/10023 9006/10030
f 9006/10030 9825/10023 9824/10019 9005/10026
f 9005/10026 9824/10019 9823/10022 9004/10027
f 8995/9979 8861/10018 9799/10015 9820/9984
f 8741/10000 8997/9982 9822/9987 9786/9967
f 8997/9982 8996/9980 9821/9983 9822/9987
f 8996/9980 8995/9979 9820/9984 9821/9983
f 8742/10002 8991/9964 9819/9947 9786/10001
f 8985/9960 8929/9959 9805/9955 9817/9942
f 8991/9964 8988/9962 9818/9941 9819/9947
f 8988/9962 8985/9960 9817/9942 9818/9941
f 8980/9929 9814/9908 9813/9934 8973/9931
f 8934/9924 9806/9922 9816/9909 8982/9925
f 8982/9925 9816/9909 9815/9907 8981/9927
f 8981/9927 9815/9907 9814/9908 8980/9929
f 5145/5519 9917/5489 10009/8790 5970/8770
f 5970/8770 10009/8790 10008/8788 5969/8759
f 5969/8759 10008/8788 10007/8786 5968/8757
f 5968/8757 10007/8786 9908/7330 5071/7167
f 5140/7145 9916/7325 10006/8604 5942/8640
f 5942/8640 10006/8604 10005/8607 5941/8642
f 7829/8606 7826/8597 10004/8598 10005/8607
f 7826/8597 5640/7290 9907/7289 10004/8598
f 5924/7277 7789/8489 10003/8496 9915/7280
f 7789/8489 7786/8485 10002/8494 10003/8496
f 7786/8485 7783/8484 10001/8492 10002/8494
f 7783/8484 5637/7246 9906/7243 10001/8492
f 5896/7234 7746/8389 10000/8386 9914/7236
f 7746/8389 7743/8371 9999/8384 10000/8386
f 7743/8371 7740/8370 9998/8382 9999/8384
f 7740/8370 5634/8381 9905/7202 9998/8382
f 5868/7194 7703/8271 9997/8278 9913/7196
f 7703/8271 7700/8267 9996/8276 9997/8278
f 7700/8267 7697/8266 9995/8274 9996/8276
f 7697/8266 5301/5777 9899/5775 9995/8274
f 5829/8218 5034/8217 9901/6391 9994/8258
f 5830/8220 5829/8218 9994/8258 9993/8256
f 5831/10944 5830/8220 9993/8256 9992/8254
f 5119/10945 5831/10944 9992/8254 9925/5281
f 5009/6418 9919/6417 9991/8051 5808/8070
f 5808/8070 9991/8051 9990/8049 5809/8072
f 5809/8072 9990/8049 9989/8047 5810/10946
f 5810/8075 9989/8047 9924/6279 5114/6098
f 5784/7951 5033/7950 9900/6351 9988/7935
f 5785/7952 5784/7951 9988/7935 9987/7933
f 5786/10947 5785/7952 9987/7933 9986/7931
f 5109/10948 5786/10947 9986/7931 9923/6399
f 5032/7835 9921/6314 9985/7821 5757/7836
f 5757/7836 9985/7821 9984/7819 5758/7838
f 5759/10949 5758/7838 9984/7819 9983/7817
f 5105/10950 5759/10949 9983/7817 9912/6359
f 5031/6107 9920/6274 9982/7712 5730/7725
f 5730/7725 9982/7712 9981/7710 5731/7727
f 5731/7727 9981/7710 9980/7708 5732/7730
f 5732/7730 9980/7708 9922/6319 5099/6139
f 5097/7512 9910/7398 9979/7428 5687/7513
f 5687/7513 9979/7428 9978/7426 5686/7515
f 5686/7515 9978/7426 9977/7424 5685/7518
f 5685/7518 9977/7424 9911/5690 5096/5609
f 5690/7479 5098/7478 9909/7366 9976/7404
f 5689/7481 5690/7479 9976/7404 9975/7402
f 5688/10951 5689/7481 9975/7402 9974/7399
f 5097/7512 5688/10951 9974/7399 9910/7398
f 6020/7444 5010/7443 9918/5273 9973/7372
f 6019/7445 6020/7444 9973/7372 9972/7370
f 6018/10952 6019/7445 9972/7370 9971/7367
f 5098/7478 6018/10952 9971/7367 9909/7366
f 5071/7167 9908/7330 9970/7328 5557/7168
f 5557/7168 9970/7328 9969/7326 5556/7150
f 5556/7150 9969/7326 9968/7322 5555/7144
f 5555/7144 9968/7322 9916/7325 5140/7145
f 5070/7126 9907/8599 9967/7287 5554/7127
f 5554/7127 9967/7287 9966/7288 5553/7129
f 7311/7262 7308/7261 9965/7284 9966/7288
f 7308/7278 5924/7277 9915/7280 9965/7279
f 5637/7246 7305/7226 9964/7241 9906/7243
f 5551/7085 9964/7244 9963/7242 5550/7087
f 7302/7222 7299/7221 9962/7235 9963/7242
f 7299/7221 5896/7234 9914/7236 9962/7235
f 5634/8381 7296/10941 9961/7201 9905/7202
f 7296/10941 7293/7178 9960/7199 9961/7201
f 7293/7178 7290/7177 9959/7195 9960/7199
f 7290/7177 5868/7194 9913/7196 9959/7195
f 5501/5793 7043/6482 9958/6493 9904/5769
f 7043/6482 7042/6480 9957/6491 9958/6493
f 7042/6480 7041/6479 9956/6489 9957/6491
f 7041/6479 5498/6465 9903/6464 9956/6489
f 7034/6449 9955/6462 9903/6464 5498/6465
f 7033/6447 9954/6460 9955/6462 7034/6449
f 7032/6446 9953/6458 9954/6460 7033/6447
f 5495/6427 9902/6426 9953/6458 7032/6446
f 7025/6409 9952/6424 9902/6426 5495/6427
f 7024/6407 9951/6422 9952/6424 7025/6409
f 7023/6406 9950/6420 9951/6422 7024/6407
f 5996/8054 9919/8053 9950/6420 7023/6406
f 5357/6219 5109/6218 9923/6399 9949/6397
f 5358/6221 5357/6219 9949/6397 9948/6395
f 5359/10953 5358/6221 9948/6395 9947/6392
f 5034/8217 5359/10953 9947/6392 9901/6391
f 5105/6178 9912/6359 9946/6357 5354/6179
f 5354/6179 9946/6357 9945/6355 5355/6181
f 5356/10954 5355/6181 9945/6355 9944/6352
f 5033/7950 5356/10954 9944/6352 9900/6351
f 5099/6139 9922/6319 9943/6317 5351/6140
f 5351/6140 9943/6317 9942/6315 5352/6142
f 5352/6142 9942/6315 9941/6311 5353/10955
f 5353/10955 9941/6311 9921/6314 5032/7835
f 5114/6098 9924/6279 9940/6277 5348/6099
f 5348/6099 9940/6277 9939/6275 5349/6101
f 5349/6101 9939/6275 9938/6271 5350/10956
f 5350/6106 9938/6271 9920/6274 5031/6107
f 5301/5777 6820/5761 9937/5774 9899/5775
f 6820/5761 6819/5759 9936/5772 9937/5774
f 6819/5759 6818/5758 9935/5768 9936/5772
f 6818/5758 5501/5793 9904/5769 9935/5768
f 5096/5609 9911/5690 9934/5688 5684/5610
f 5684/5610 9934/5688 9933/5686 5683/5612
f 5683/5612 9933/5686 9932/5684 5682/10957
f 5682/10957 9932/5684 9898/5494 5022/10958
f 5022/5541 9898/5494 9931/5492 5297/5542
f 5297/5542 9931/5492 9930/5490 5296/5524
f 5296/5524 9930/5490 9929/5486 5295/5518
f 5295/5518 9929/5486 9917/5489 5145/5519
f 5261/5301 5119/5300 9925/5281 9928/5279
f 5262/5302 5261/5301 9928/5279 9927/5277
f 5263/10959 5262/5302 9927/5277 9926/5274
f 5010/7443 5263/10959 9926/5274 9918/5273
f 8721/10960 8928/10961 10121/10853 10029/9958
f 8928/10961 8927/10962 10120/10851 10121/10853
f 8927/10962 8926/10963 10119/10849 10120/10851
f 8926/10963 8695/10964 10020/10482 10119/10849
f 8719/10965 8919/10966 10118/10829 10028/10475
f 8919/10966 8918/10967 10117/10828 10118/10829
f 8917/10968 10116/10826 10117/10828 8918/10967
f 8694/10969 10019/10440 10116/10826 8917/10968
f 8910/10970 10115/10806 10027/10430 8717/10971
f 8909/10972 10114/10804 10115/10806 8910/10970
f 8908/10973 10113/10802 10114/10804 8909/10972
f 8693/10974 10018/10395 10113/10802 8908/10973
f 8901/10975 10112/10782 10026/10386 8715/10976
f 8900/10977 10111/10780 10112/10782 8901/10975
f 8899/10978 10110/10778 10111/10780 8900/10977
f 8692/10979 10017/10355 10110/10778 8899/10978
f 8892/10980 10109/10758 10025/10346 8713/10981
f 8891/10982 10108/10756 10109/10758 8892/10980
f 8890/10983 10107/10754 10108/10756 8891/10982
f 8672/10040 10011/10039 10107/10754 8890/10983
f 8884/10984 10106/10730 10013/10207 8679/10985
f 8885/10986 10105/10728 10106/10730 8884/10984
f 8886/10987 10104/10726 10105/10728 8885/10986
f 8710/10988 10037/9932 10104/10726 8886/10987
f 9169/10681 8935/10702 10031/10234 10103/10697
f 9170/10682 9169/10681 10103/10697 10102/10695
f 9171/10684 9170/10682 10102/10695 10101/10693
f 8967/10096 9171/10684 10101/10693 10036/10093
f 8875/10989 10100/10672 10012/10165 8678/10990
f 8876/10991 10099/10670 10100/10672 8875/10989
f 8877/10992 10098/10668 10099/10670 8876/10991
f 8706/10993 10035/10216 10098/10668 8877/10992
f 9151/10625 8949/10124 10033/10125 10097/10646
f 9152/10626 9151/10625 10097/10646 10096/10644
f 8871/10994 10095/10642 10096/10644 8870/10648
f 8705/10176 10024/10175 10095/10642 8871/10994
f 9142/10599 8946/10084 10032/10085 10094/10613
f 9143/10600 9142/10599 10094/10613 10093/10611
f 9144/10602 9143/10600 10093/10611 10092/10609
f 8955/10136 9144/10602 10092/10609 10034/10133
f 9133/10569 8859/10588 10022/10553 10091/10583
f 9134/10570 9133/10569 10091/10583 10090/10581
f 9135/10572 9134/10570 10090/10581 10089/10579
f 8862/10016 9135/10572 10089/10579 10023/10013
f 8853/10995 10088/10560 10021/10519 8701/10996
f 8852/10997 10087/10558 10088/10560 8853/10995
f 8851/10998 10086/10556 10087/10558 8852/10997
f 8700/10586 10022/10585 10086/10556 8851/10998
f 8940/10999 10085/10526 10030/9923 8667/11000
f 8939/11001 10084/10524 10085/10526 8940/10999
f 8938/11002 10083/10522 10084/10524 8939/11001
f 8701/10996 10021/10519 10083/10522 8938/11002
f 8695/10964 8823/11003 10082/10480 10020/10482
f 8823/11003 8822/11004 10081/10478 10082/10480
f 8822/11004 8821/11005 10080/10474 10081/10478
f 8821/11005 8719/10965 10028/10475 10080/10474
f 8694/10969 8820/11006 10079/10438 10019/10440
f 8820/11006 8819/11007 10078/10437 10079/10438
f 8818/11008 10077/10434 10078/10437 8819/11007
f 8717/10971 10027/10430 10077/10433 8818/11009
f 8817/11010 10076/10393 10018/10395 8693/10974
f 8816/11011 10075/10391 10076/10393 8817/11010
f 8815/11012 10074/10389 10075/10391 8816/11011
f 8715/10976 10026/10386 10074/10389 8815/11012
f 8814/11013 10073/10353 10017/10355 8692/10979
f 8813/11014 10072/10351 10073/10353 8814/11013
f 8812/11015 10071/10349 10072/10351 8813/11014
f 8713/10981 10025/10346 10071/10349 8812/11015
f 8687/10033 8790/11016 10070/10311 10016/10034
f 8790/11016 8789/10310 10069/10309 10070/10311
f 9065/10294 10069/10312 10068/10305 9064/10295
f 9064/10295 10068/10305 10015/10308 8794/10942
f 8686/10307 8787/11017 10067/10277 10015/10308
f 8787/11017 8786/11018 10066/10275 10067/10277
f 8786/11018 8785/11019 10065/10273 10066/10275
f 8785/11019 8685/11020 10014/10241 10065/10273
f 8685/11020 8952/11021 10064/10239 10014/10241
f 8952/11021 8951/11022 10063/10237 10064/10239
f 8951/11022 8950/11023 10062/10233 10063/10237
f 8950/11023 8666/10700 10031/10699 10062/10233
f 8761/11024 10061/10214 10035/10216 8706/10993
f 8762/11025 10060/10212 10061/10214 8761/11024
f 8763/11026 10059/10210 10060/10212 8762/11025
f 8679/10985 10013/10207 10059/10210 8763/11026
f 9034/10943 8874/10640 10024/10639 10058/10172
f 9035/10169 9034/10943 10058/10172 10057/10170
f 8760/11027 10056/10168 10057/10170 8759/10174
f 8678/10990 10012/10165 10056/10168 8760/11027
f 9025/10107 8955/10136 10034/10133 10055/10131
f 9026/10108 9025/10107 10055/10131 10054/10129
f 9027/10110 9026/10108 10054/10129 10053/10126
f 8949/10124 9027/10110 10053/10126 10033/10125
f 9016/10067 8967/10096 10036/10093 10052/10091
f 9017/10068 9016/10067 10052/10091 10051/10089
f 9018/10070 9017/10068 10051/10089 10050/10086
f 8946/10084 9018/10070 10050/10086 10032/10085
f 8743/10752 10011/10751 10049/10037 9003/10024
f 9003/10024 10049/10037 10048/10035 9002/10020
f 9002/10020 10048/10035 10047/10031 9001/10021
f 9001/10021 10047/10031 10016/10034 8797/10057
f 8998/9985 8862/10016 10023/10013 10046/10010
f 8999/9986 8998/9985 10046/10010 10045/10008
f 8845/10005 10044/10004 10045/10008 8846/10012
f 8742/10002 9000/9988 10044/10007 10010/9965
f 8673/10006 8739/11028 10043/9963 10010/10003
f 8739/11028 8738/11029 10042/9961 10043/9963
f 8738/11029 8737/11030 10041/9957 10042/9961
f 8737/11030 8721/10960 10029/9958 10041/9957
f 8722/11031 10040/9930 10037/9932 8710/10988
f 8723/11032 10039/9928 10040/9930 8722/11031
f 8724/11033 10038/9926 10039/9928 8723/11032
f 8667/11000 10030/9923 10038/9926 8724/11033
f 7899/8755 10232/8771 10233/8758 7900/8745
f 5989/5521 10148/5520 10232/8771 7899/8755
f 7900/8745 10233/8758 10231/8756 7891/8746
f 7891/8746 10231/8756 10135/7166 5633/7170
f 7842/8624 10229/8641 10230/8643 7843/8614
f 5957/7147 10147/7146 10229/8641 7842/8624
f 5941/8603 5940/8601 10228/8625 10230/8643
f 5940/8601 5070/8600 10134/7125 10228/8625
f 7800/8502 7799/8512 10226/8528 10227/8517
f 7799/8512 5929/7103 10146/7102 10226/8528
f 5913/8495 5912/8493 10225/8513 10227/8530
f 5912/8493 5069/7084 10133/7083 10225/8513
f 7756/8408 10223/8425 10224/8426 7757/8398
f 5901/7064 10145/7063 10223/8425 7756/8408
f 5885/8385 5884/8383 10222/8409 10224/8426
f 5884/8383 5068/7045 10132/7044 10222/8409
f 7714/8284 7713/8294 10220/8310 10221/8299
f 7713/8294 5873/7025 10144/7024 10220/8310
f 5857/8277 5856/8275 10219/8295 10221/8312
f 5856/8275 5021/5745 10124/5744 10219/8295
f 5830/8220 5831/10944 10218/8221 10217/8219
f 5831/10944 5119/10945 10143/5299 10218/8221
f 7677/8205 7676/11034 10216/8215 10217/8225
f 7676/11034 5447/8202 10128/6225 10216/8215
f 5809/8072 5810/10946 10215/8074 10214/8073
f 7611/8063 10215/8077 10142/6097 5817/6104
f 7609/8060 10213/8071 10214/8073 7610/8061
f 6001/6534 10149/6533 10213/8071 7609/8060
f 5785/7952 5786/10947 10212/7954 10211/7953
f 5786/10947 5109/10948 10141/6217 10212/7954
f 7560/7938 10210/7948 10211/7953 7561/7939
f 7560/7938 5444/6187 10127/6186 10210/7948
f 5758/7838 5759/10949 10209/7840 10208/7839
f 5759/10949 5105/10950 10140/6177 10209/7840
f 7511/7824 10207/7837 10208/7839 7512/7825
f 5441/6148 10126/6147 10207/7837 7511/7824
f 7463/7716 10205/7728 10206/7729 7464/7718
f 7464/7718 10206/7729 10139/6138 5745/6145
f 7462/7715 10204/7726 10205/7728 7463/7716
f 5438/6109 10125/6108 10204/7726 7462/7715
f 7375/7502 10202/7516 10203/7517 7376/7504
f 7376/7504 10203/7517 10138/5608 5706/5615
f 7374/7501 10201/7514 10202/7516 7375/7502
f 5703/7484 10137/7483 10201/7514 7374/7501
f 5689/7481 5688/10951 10200/7482 10199/7480
f 5688/10951 5097/7512 10137/7511 10200/7482
f 7364/7467 7363/7466 10198/7476 10199/7487
f 7363/7466 5700/7449 10136/7448 10198/7476
f 6019/7445 6018/10952 10197/7447 10196/7446
f 6018/10952 5098/7478 10136/7477 10197/7447
f 7352/7431 10195/7441 10196/7446 7353/7432
f 7352/7431 5267/5308 10122/5307 10195/7441
f 7286/7142 10193/7169 10194/7149 7287/7132
f 5633/7170 10135/7166 10193/7169 7286/7142
f 7287/7132 10194/7149 10192/7143 7278/7133
f 7278/7133 10192/7143 10147/7146 5957/7147
f 7275/7100 10190/7128 10191/7130 7276/7090
f 5630/7131 10134/8626 10190/7128 7275/7100
f 5553/7286 5552/7285 10189/7108 10191/7130
f 5552/7282 5135/7281 10146/8529 10189/7101
f 7264/7061 10187/7086 10188/7088 7265/7051
f 5627/7089 10133/8514 10187/7086 7264/7061
f 5550/7240 5549/7238 10186/7062 10188/7088
f 5549/7238 5130/7237 10145/8424 10186/7062
f 7253/7022 10184/7047 10185/7049 7254/7012
f 5624/7050 10132/8410 10184/7047 7253/7022
f 5547/7200 5546/7198 10183/7023 10185/7049
f 5546/7198 5125/7197 10144/8311 10183/7023
f 5493/6492 5492/6490 10182/6588 10181/6587
f 5492/6490 5062/6463 10130/6559 10182/6588
f 7079/6572 10180/6586 10181/6587 7080/6573
f 5512/5753 10131/5752 10180/6586 7079/6572
f 7069/6544 10178/6561 10179/6563 7070/6545
f 7070/6545 10179/6563 10129/6528 5506/6531
f 7068/6543 10177/6560 10178/6561 7069/6544
f 5509/6562 10130/6589 10177/6560 7068/6543
f 7058/6510 10175/6530 10176/6532 7059/6511
f 7059/6511 10176/6532 10149/6533 6001/6534
f 7057/6509 10174/6529 10175/6530 7058/6510
f 5506/6531 10129/6528 10174/6529 7057/6509
f 5358/6221 5359/10953 10173/6224 10172/6220
f 5359/10953 5034/8217 10128/8216 10173/6224
f 6978/6206 6977/6205 10171/6216 10172/6229
f 6977/6205 5796/6223 10141/7955 10171/6216
f 5355/6181 5356/10954 10170/6185 10169/6182
f 5356/10954 5033/7950 10127/7949 10170/6185
f 6966/6167 10168/6180 10169/6182 6967/6168
f 5772/7842 10140/7841 10168/6180 6966/6167
f 5352/6142 5353/10955 10167/6146 10166/6143
f 5353/10955 5032/7835 10126/7834 10167/6146
f 6955/6128 10165/6141 10166/6143 6956/6129
f 5745/6145 10139/6138 10165/6141 6955/6128
f 5349/6101 5350/10956 10164/6105 10163/6102
f 6946/6090 10164/6112 10125/6108 5438/6109
f 6944/6087 10162/6100 10163/6102 6945/6088
f 5817/6104 10142/6097 10162/6100 6944/6087
f 5343/5773 5342/5771 10161/5751 10160/5749
f 5342/5771 5063/5770 10131/6585 10161/5751
f 6814/5730 10159/5747 10160/5749 6815/5731
f 5312/5750 10124/8296 10159/5747 6814/5730
f 5683/5612 5682/10957 10158/5616 10157/5613
f 5682/10957 5022/10958 10123/5540 10158/5616
f 6768/5598 10156/5611 10157/5613 6769/5599
f 5706/5615 10138/5608 10156/5611 6768/5598
f 6742/5516 10154/5543 10155/5523 6743/5506
f 5307/5618 10123/5617 10154/5543 6742/5516
f 6743/5506 10155/5523 10153/5517 6734/5507
f 6734/5507 10153/5517 10148/5520 5989/5521
f 5262/5302 5263/10959 10152/5306 10151/5303
f 5263/10959 5010/7443 10122/7442 10152/5306
f 6661/5288 10150/5298 10151/5303 6662/5289
f 6661/5288 5850/5305 10143/8222 10150/5298
f 7676/11034 7677/8205 7675/8208 7685/8204
f 5018/5375 6011/11035 6693/5391 6004/5376
f 5013/6668 5811/8134 7639/8138 5276/8137
