# Exported from MakeClothes (TM)
# author Rehman Polanski
# license AGPL3 (see also http://www.makehuman.org/doc/node/external_tools_license.html)
# homepage http://www.makehuman.org/
v -0.0375 7.2079 1.5356
v -0.0603 6.6844 1.5637
v -0.0446 7.2074 1.5293
v -0.0674 6.6875 1.5576
v -0.0578 7.1548 1.5465
v -0.0710 7.0817 1.5778
v -0.0755 6.9470 1.5879
v -0.0634 6.8152 1.5785
v -0.0649 7.1543 1.5402
v -0.0781 7.0831 1.5715
v -0.0826 6.9501 1.5817
v -0.0705 6.8183 1.5724
v -0.1189 6.8650 1.5541
v -0.0813 6.4592 1.6261
v -0.1254 6.8633 1.5504
v -0.0847 6.4494 1.6259
v -0.1230 6.8187 1.5735
v -0.1220 6.7515 1.5708
v -0.1163 6.6369 1.5997
v -0.1125 6.5513 1.6002
v -0.1295 6.8170 1.5698
v -0.1287 6.7515 1.5669
v -0.1229 6.6370 1.5958
v -0.1195 6.5505 1.5972
v -0.1211 6.5048 1.6020
v -0.1061 6.4605 1.6102
v -0.1144 6.5086 1.6046
v -0.1026 6.4704 1.6104
v 0.0085 7.1352 1.5532
v 0.0160 6.6797 1.6437
v 0.0179 7.1344 1.5512
v 0.0253 6.6811 1.6416
v 0.0208 7.0915 1.5778
v 0.0276 7.0327 1.6217
v 0.0307 6.9165 1.6565
v 0.0180 6.7975 1.6460
v 0.0301 7.0907 1.5758
v 0.0369 7.0337 1.6195
v 0.0401 6.9180 1.6544
v 0.0274 6.7990 1.6438
v -0.0183 6.9013 1.5937
v 0.0095 6.4849 1.6691
v -0.0250 6.8995 1.5900
v 0.0040 6.4770 1.6677
v -0.0225 6.8559 1.6141
v -0.0215 6.7884 1.6130
v -0.0125 6.6745 1.6391
v -0.0063 6.5561 1.6469
v -0.0292 6.8540 1.6104
v -0.0284 6.7883 1.6091
v -0.0194 6.6744 1.6352
v -0.0135 6.5552 1.6440
v -0.0176 6.5268 1.6465
v -0.0124 6.5023 1.6539
v -0.0103 6.5276 1.6495
v -0.0051 6.5031 1.6569
v -0.0224 6.9697 1.6037
v -0.0315 6.4718 1.6711
v -0.0156 6.9704 1.6075
v -0.0262 6.4638 1.6760
v -0.0304 6.9187 1.6229
v -0.0191 6.8450 1.6290
v -0.0363 6.7146 1.6500
v -0.0233 6.5837 1.6687
v -0.0236 6.9194 1.6268
v -0.0123 6.8477 1.6326
v -0.0295 6.7173 1.6536
v -0.0170 6.5855 1.6732
v -0.0068 6.5543 1.6730
v -0.0110 6.5103 1.6776
v -0.0131 6.5525 1.6685
v -0.0172 6.5085 1.6731
v 0.0262 7.2751 1.5448
v 0.0033 6.7308 1.6542
v 0.0191 7.2729 1.5387
v -0.0038 6.7325 1.6478
v 0.0059 7.2239 1.5732
v -0.0074 7.1541 1.6180
v -0.0119 7.0152 1.6480
v 0.0002 6.8728 1.6522
v -0.0012 7.2218 1.5670
v -0.0145 7.1541 1.6116
v -0.0190 7.0170 1.6416
v -0.0069 6.8746 1.6458
v 0.0504 6.9193 1.5545
v 0.0177 6.5058 1.6220
v 0.0571 6.9174 1.5508
v 0.0213 6.4962 1.6216
v 0.0546 6.8673 1.5739
v 0.0536 6.7917 1.5711
v 0.0477 6.6762 1.5986
v 0.0437 6.5800 1.5992
v 0.0613 6.8654 1.5701
v 0.0605 6.7918 1.5672
v 0.0546 6.6763 1.5947
v 0.0510 6.5791 1.5962
v 0.0526 6.5495 1.5987
v 0.0434 6.5067 1.6061
v 0.0457 6.5532 1.6013
v 0.0398 6.5163 1.6065
v 0.2380 6.8619 1.4849
v 0.1701 6.4999 1.4997
v 0.2346 6.8629 1.4918
v 0.1666 6.4928 1.5048
v 0.2398 6.8103 1.4931
v 0.2180 6.7498 1.4923
v 0.2037 6.6541 1.5094
v 0.1720 6.5772 1.5041
v 0.2364 6.8113 1.5000
v 0.2151 6.7525 1.4992
v 0.2007 6.6568 1.5162
v 0.1696 6.5788 1.5113
v 0.1624 6.5553 1.5183
v 0.1630 6.5156 1.5166
v 0.1649 6.5537 1.5111
v 0.1673 6.5209 1.5093
v 0.2764 6.9555 1.4038
v 0.1942 6.5054 1.4283
v 0.2730 6.9568 1.4106
v 0.1901 6.4987 1.4348
v 0.2782 6.9042 1.4131
v 0.2532 6.8447 1.4199
v 0.2394 6.7248 1.4213
v 0.2106 6.6135 1.4365
v 0.2748 6.9055 1.4199
v 0.2503 6.8478 1.4267
v 0.2365 6.7278 1.4281
v 0.2082 6.6153 1.4437
v 0.1967 6.5804 1.4475
v 0.1907 6.5413 1.4467
v 0.1993 6.5786 1.4403
v 0.1932 6.5394 1.4395
v 0.2106 7.1817 1.4393
v 0.2242 6.8143 1.4893
v 0.2071 7.1826 1.4461
v 0.2227 6.8073 1.4951
v 0.2249 7.1355 1.4518
v 0.2188 7.0698 1.4574
v 0.2282 6.9774 1.4833
v 0.2190 6.8922 1.4862
v 0.2214 7.1364 1.4586
v 0.2152 7.0724 1.4640
v 0.2247 6.9800 1.4899
v 0.2162 6.8941 1.4933
v 0.2102 6.8690 1.5028
v 0.2141 6.8296 1.5048
v 0.2129 6.8671 1.4957
v 0.2167 6.8349 1.4969
v 0.0313 6.8379 1.6246
v 0.0296 6.4638 1.6567
v 0.0245 6.8382 1.6285
v 0.0256 6.4565 1.6604
v 0.0393 6.7850 1.6414
v 0.0340 6.7109 1.6404
v 0.0327 6.6180 1.6627
v 0.0271 6.5226 1.6571
v 0.0325 6.7852 1.6452
v 0.0272 6.7131 1.6441
v 0.0260 6.6203 1.6665
v 0.0208 6.5238 1.6616
v 0.0116 6.5154 1.6632
v 0.0117 6.4773 1.6650
v 0.0179 6.5142 1.6587
v 0.0180 6.4829 1.6601
v 0.0793 6.8909 1.5813
v 0.0883 6.4659 1.6280
v 0.0725 6.8914 1.5852
v 0.0831 6.4597 1.6325
v 0.0873 6.8447 1.5986
v 0.0759 6.7790 1.6018
v 0.0931 6.6621 1.6178
v 0.0802 6.5569 1.6305
v 0.0805 6.8452 1.6025
v 0.0692 6.7812 1.6055
v 0.0864 6.6644 1.6215
v 0.0739 6.5583 1.6351
v 0.0637 6.5293 1.6338
v 0.0679 6.4954 1.6362
v 0.0700 6.5280 1.6292
v 0.0741 6.4941 1.6317
v 0.0953 7.0011 1.5465
v 0.1166 6.4807 1.6110
v 0.1009 7.0001 1.5411
v 0.1224 6.4817 1.6054
v 0.1066 6.9497 1.5633
v 0.1064 6.8743 1.5599
v 0.1167 6.7450 1.5875
v 0.1175 6.6108 1.5878
v 0.1121 6.9487 1.5579
v 0.1118 6.8752 1.5543
v 0.1223 6.7460 1.5818
v 0.1234 6.6117 1.5822
v 0.0837 6.9119 1.5753
v 0.0987 6.4489 1.6398
v 0.0893 6.9110 1.5699
v 0.1043 6.4498 1.6341
v 0.0950 6.8661 1.5921
v 0.0963 6.7990 1.5887
v 0.1033 6.6840 1.6162
v 0.0996 6.5646 1.6166
v 0.1005 6.8652 1.5867
v 0.1018 6.7999 1.5831
v 0.1089 6.6849 1.6106
v 0.1052 6.5655 1.6110
v -0.0033 7.2830 1.5426
v 0.0117 6.7203 1.6476
v 0.0023 7.2820 1.5372
v 0.0173 6.7230 1.6421
v 0.0080 7.2309 1.5736
v 0.0093 7.1442 1.6150
v 0.0163 7.0031 1.6504
v 0.0126 6.8628 1.6377
v 0.0135 7.2298 1.5682
v 0.0148 7.1452 1.6094
v 0.0219 7.0057 1.6449
v 0.0181 6.8654 1.6323
v 0.1388 6.9737 1.4922
v 0.1628 6.5107 1.5566
v 0.1441 6.9728 1.4867
v 0.1685 6.5116 1.5510
v 0.1496 6.9279 1.5090
v 0.1485 6.8608 1.5055
v 0.1604 6.7458 1.5331
v 0.1637 6.6264 1.5334
v 0.1550 6.9270 1.5035
v 0.1538 6.8617 1.4999
v 0.1658 6.7467 1.5275
v 0.1694 6.6273 1.5278
v 0.1645 7.1524 1.4962
v 0.1796 6.6894 1.5607
v 0.1701 7.1515 1.4908
v 0.1851 6.6903 1.5551
v 0.1758 7.1066 1.5130
v 0.1771 7.0395 1.5096
v 0.1842 6.9245 1.5372
v 0.1805 6.8051 1.5375
v 0.1814 7.1057 1.5076
v 0.1826 7.0404 1.5040
v 0.1897 6.9254 1.5316
v 0.1860 6.8060 1.5319
v 0.1402 6.9406 1.4437
v 0.1289 6.4764 1.5071
v 0.1470 6.9389 1.4374
v 0.1362 6.4765 1.5007
v 0.1554 6.8928 1.4584
v 0.1592 6.8281 1.4733
v 0.1583 6.7100 1.4847
v 0.1433 6.5937 1.4987
v 0.1621 6.8912 1.4522
v 0.1660 6.8282 1.4669
v 0.1653 6.7101 1.4782
v 0.1507 6.5937 1.4923
v 0.0853 7.2485 1.5210
v 0.0981 6.6739 1.6032
v 0.0924 7.2471 1.5147
v 0.1052 6.6769 1.5968
v 0.0955 7.2148 1.5424
v 0.1088 7.1359 1.5780
v 0.1078 6.9900 1.6043
v 0.1012 6.8320 1.6083
v 0.1026 7.2135 1.5362
v 0.1159 7.1369 1.5716
v 0.1149 6.9930 1.5980
v 0.1083 6.8350 1.6019
v 0.1714 7.1540 1.4650
v 0.1935 6.7249 1.5481
v 0.1783 7.1530 1.4588
v 0.2004 6.7257 1.5417
v 0.1911 7.1255 1.4871
v 0.2039 7.0779 1.5143
v 0.2082 6.9603 1.5256
v 0.1965 6.8431 1.5397
v 0.1979 7.1244 1.4809
v 0.2107 7.0787 1.5079
v 0.2151 6.9610 1.5192
v 0.2034 6.8438 1.5332
v 0.1939 7.0376 1.4477
v 0.2037 6.5736 1.5113
v 0.2008 7.0362 1.4415
v 0.2106 6.5739 1.5049
v 0.2123 6.9905 1.4626
v 0.2234 6.9257 1.4776
v 0.2246 6.8079 1.4889
v 0.2098 6.6914 1.5029
v 0.2192 6.9890 1.4563
v 0.2303 6.9261 1.4712
v 0.2315 6.8083 1.4825
v 0.2167 6.6918 1.4965
v 0.1201 7.2503 1.4896
v 0.1429 6.7988 1.5890
v 0.1272 7.2487 1.4834
v 0.1500 6.7991 1.5826
v 0.1404 7.2211 1.5134
v 0.1537 7.1716 1.5428
v 0.1581 7.0473 1.5582
v 0.1461 6.9238 1.5764
v 0.1475 7.2195 1.5072
v 0.1608 7.1719 1.5363
v 0.1652 7.0476 1.5518
v 0.1532 6.9241 1.5700
v 0.1338 7.0900 1.5124
v 0.1566 6.5694 1.5759
v 0.1409 7.0889 1.5062
v 0.1637 6.5703 1.5694
v 0.1541 7.0382 1.5272
v 0.1673 6.9662 1.5421
v 0.1718 6.8340 1.5534
v 0.1597 6.7022 1.5675
v 0.1612 7.0371 1.5209
v 0.1744 6.9670 1.5356
v 0.1789 6.8348 1.5470
v 0.1668 6.7031 1.5610
v 0.1148 7.1615 1.5214
v 0.0927 6.7276 1.6165
v 0.1238 7.1578 1.5168
v 0.1019 6.7268 1.6114
v 0.1432 7.1144 1.5420
v 0.1451 7.0721 1.5822
v 0.1299 6.9561 1.6058
v 0.1088 6.8435 1.6149
v 0.1522 7.1107 1.5374
v 0.1543 7.0702 1.5773
v 0.1391 6.9553 1.6007
v 0.1180 6.8428 1.6098
v 0.1972 6.9009 1.4766
v 0.1336 6.4989 1.5486
v 0.2035 6.8987 1.4729
v 0.1364 6.4888 1.5484
v 0.1975 6.8544 1.4960
v 0.1888 6.7877 1.4933
v 0.1786 6.6736 1.5221
v 0.1741 6.5880 1.5227
v 0.2038 6.8522 1.4923
v 0.1953 6.7872 1.4894
v 0.1853 6.6731 1.5182
v 0.1815 6.5866 1.5197
v 0.1794 6.5409 1.5245
v 0.1600 6.4981 1.5327
v 0.1727 6.5453 1.5270
v 0.1571 6.5082 1.5329
v 0.1175 7.1040 1.5538
v 0.1277 6.6810 1.6128
v 0.1243 7.1034 1.5500
v 0.1326 6.6730 1.6119
v 0.1255 7.0586 1.5731
v 0.1297 6.9916 1.5704
v 0.1330 6.8769 1.5993
v 0.1329 6.7574 1.5991
v 0.1323 7.0580 1.5693
v 0.1364 6.9928 1.5663
v 0.1397 6.8780 1.5952
v 0.1401 6.7577 1.5959
v 0.1466 6.7308 1.5922
v 0.1444 6.6923 1.6004
v 0.1394 6.7304 1.5954
v 0.1372 6.6990 1.6027
v 0.0634 6.8924 1.5746
v 0.0357 6.4510 1.6423
v 0.0701 6.8907 1.5709
v 0.0412 6.4419 1.6409
v 0.0676 6.8461 1.5940
v 0.0666 6.7789 1.5913
v 0.0576 6.6639 1.6149
v 0.0514 6.5455 1.6199
v 0.0743 6.8444 1.5903
v 0.0735 6.7789 1.5874
v 0.0645 6.6640 1.6109
v 0.0587 6.5447 1.6169
v 0.0627 6.5163 1.6185
v 0.0575 6.4784 1.6266
v 0.0555 6.5171 1.6215
v 0.0503 6.4792 1.6296
v 0.0495 6.9928 1.5821
v 0.0586 6.5654 1.6476
v 0.0428 6.9935 1.5859
v 0.0533 6.5594 1.6524
v 0.0575 6.9475 1.6014
v 0.0462 6.8820 1.6074
v 0.0634 6.7659 1.6284
v 0.0504 6.6495 1.6471
v 0.0507 6.9481 1.6052
v 0.0394 6.8844 1.6110
v 0.0566 6.7683 1.6320
v 0.0441 6.6511 1.6516
v 0.0339 6.6289 1.6507
v 0.0381 6.5952 1.6547
v 0.0402 6.6274 1.6462
v 0.0444 6.5937 1.6502
v 0.0278 7.2892 1.5279
v 0.0612 6.7470 1.6314
v 0.0186 7.2888 1.5307
v 0.0519 6.7479 1.6340
v 0.0374 7.2392 1.5621
v 0.0443 7.1701 1.6105
v 0.0458 7.0302 1.6436
v 0.0583 6.8887 1.6328
v 0.0282 7.2388 1.5649
v 0.0350 7.1719 1.6130
v 0.0365 7.0312 1.6462
v 0.0490 6.8897 1.6354
v 0.0526 7.2361 1.5485
v 0.0754 6.6426 1.6314
v 0.0597 7.2342 1.5423
v 0.0825 6.6449 1.6250
v 0.0729 7.1776 1.5649
v 0.0861 7.1005 1.6036
v 0.0906 6.9503 1.6364
v 0.0786 6.7955 1.6323
v 0.0800 7.1757 1.5587
v 0.0932 7.1008 1.5972
v 0.0977 6.9526 1.6301
v 0.0857 6.7978 1.6259
v 0.1335 6.8741 1.5541
v 0.0988 6.4683 1.6261
v 0.1403 6.8724 1.5504
v 0.1026 6.4584 1.6259
v 0.1377 6.8278 1.5735
v 0.1350 6.7605 1.5708
v 0.1326 6.6460 1.5997
v 0.1332 6.5604 1.6002
v 0.1445 6.8261 1.5698
v 0.1418 6.7606 1.5669
v 0.1396 6.6461 1.5958
v 0.1409 6.5596 1.5972
v 0.1426 6.5139 1.6020
v 0.1261 6.4696 1.6102
v 0.1353 6.5177 1.6046
v 0.1223 6.4795 1.6104
v -0.2088 6.9232 1.4645
v -0.1704 6.5562 1.4879
v -0.2054 6.9241 1.4714
v -0.1678 6.5490 1.4931
v -0.2162 6.8724 1.4738
v -0.2010 6.8098 1.4746
v -0.1969 6.7138 1.4938
v -0.1761 6.6336 1.4904
v -0.2127 6.8734 1.4807
v -0.1977 6.8125 1.4813
v -0.1936 6.7165 1.5006
v -0.1734 6.6352 1.4976
v -0.1639 6.6114 1.5052
v -0.1622 6.5719 1.5043
v -0.1665 6.6098 1.4980
v -0.1657 6.5772 1.4969
v -0.2195 6.9764 1.4247
v -0.1899 6.5200 1.4492
v -0.2160 6.9773 1.4316
v -0.1865 6.5129 1.4557
v -0.2268 6.9256 1.4340
v -0.2085 6.8638 1.4409
v -0.2110 6.7430 1.4423
v -0.1844 6.6292 1.4575
v -0.2233 6.9265 1.4409
v -0.2053 6.8665 1.4476
v -0.2078 6.7457 1.4491
v -0.1819 6.6308 1.4647
v -0.1743 6.5949 1.4685
v -0.1825 6.5553 1.4676
v -0.1769 6.5933 1.4612
v -0.1852 6.5538 1.4604
v -0.2429 7.1752 1.4040
v -0.2381 6.8136 1.4791
v -0.2394 7.1769 1.4108
v -0.2357 6.8070 1.4848
v -0.2630 7.1294 1.4359
v -0.2612 7.0669 1.4474
v -0.2600 6.9735 1.4734
v -0.2415 6.8917 1.4760
v -0.2595 7.1311 1.4426
v -0.2579 7.0704 1.4539
v -0.2567 6.9770 1.4799
v -0.2388 6.8942 1.4830
v -0.2300 6.8709 1.4922
v -0.2295 6.8311 1.4943
v -0.2326 6.8684 1.4852
v -0.2328 6.8356 1.4865
v -0.0053 6.9418 1.6081
v -0.0076 6.5614 1.6409
v 0.0015 6.9420 1.6120
v -0.0036 6.5541 1.6446
v -0.0132 6.8888 1.6249
v -0.0079 6.8147 1.6239
v -0.0067 6.7086 1.6477
v -0.0011 6.6264 1.6406
v -0.0065 6.8890 1.6288
v -0.0012 6.8169 1.6277
v 0.0001 6.7108 1.6515
v 0.0053 6.6277 1.6452
v 0.0144 6.6130 1.6474
v 0.0102 6.5749 1.6492
v 0.0081 6.6118 1.6429
v 0.0040 6.5806 1.6443
v -0.0630 6.9857 1.5829
v -0.0720 6.4720 1.6295
v -0.0562 6.9863 1.5868
v -0.0668 6.4638 1.6341
v -0.0709 6.9340 1.5999
v -0.0596 6.8601 1.6028
v -0.0768 6.7289 1.6181
v -0.0638 6.5973 1.6312
v -0.0642 6.9345 1.6038
v -0.0528 6.8626 1.6065
v -0.0701 6.7314 1.6219
v -0.0575 6.5989 1.6358
v -0.0473 6.5544 1.6350
v -0.0515 6.5103 1.6377
v -0.0536 6.5527 1.6304
v -0.0578 6.5087 1.6331
v -0.1113 6.9443 1.5465
v -0.1263 6.4813 1.6110
v -0.1168 6.9434 1.5411
v -0.1319 6.4822 1.6054
v -0.1226 6.8986 1.5633
v -0.1239 6.8315 1.5599
v -0.1309 6.7165 1.5875
v -0.1272 6.5970 1.5878
v -0.1281 6.8977 1.5579
v -0.1294 6.8323 1.5543
v -0.1365 6.7174 1.5818
v -0.1327 6.5979 1.5822
v -0.0729 6.9879 1.5753
v -0.0880 6.4675 1.6398
v -0.0785 6.9869 1.5699
v -0.0935 6.4685 1.6341
v -0.0842 6.9365 1.5921
v -0.0855 6.8610 1.5887
v -0.0926 6.7318 1.6162
v -0.0888 6.5975 1.6166
v -0.0897 6.9355 1.5867
v -0.0910 6.8620 1.5831
v -0.0981 6.7328 1.6106
v -0.0944 6.5985 1.6110
v -0.0195 7.3128 1.5229
v -0.0346 6.6459 1.6518
v -0.0251 7.2986 1.5408
v -0.0401 6.6484 1.6463
v -0.0308 7.2521 1.5556
v -0.0321 7.1495 1.6062
v -0.0392 6.9852 1.6468
v -0.0354 6.8155 1.6376
v -0.0363 7.2379 1.5735
v -0.0376 7.1502 1.6006
v -0.0447 6.9878 1.6413
v -0.0410 6.8180 1.6320
v -0.1566 7.0322 1.4922
v -0.1839 6.5693 1.5566
v -0.1620 7.0314 1.4867
v -0.1895 6.5701 1.5510
v -0.1675 6.9865 1.5090
v -0.1656 6.9194 1.5055
v -0.1791 6.8044 1.5331
v -0.1848 6.6850 1.5334
v -0.1729 6.9856 1.5035
v -0.1709 6.9203 1.4999
v -0.1846 6.8053 1.5275
v -0.1904 6.6858 1.5278
v -0.1673 7.2049 1.4911
v -0.1818 6.6867 1.5555
v -0.1726 7.2039 1.4857
v -0.1871 6.6877 1.5499
v -0.1781 7.1537 1.5079
v -0.1794 7.0786 1.5044
v -0.1862 6.9499 1.5320
v -0.1826 6.8162 1.5323
v -0.1835 7.1527 1.5025
v -0.1847 7.0796 1.4988
v -0.1916 6.9509 1.5264
v -0.1880 6.8172 1.5267
v -0.2231 7.1737 1.4280
v -0.2376 6.7107 1.4925
v -0.2284 7.1728 1.4226
v -0.2429 6.7116 1.4869
v -0.2339 7.1279 1.4448
v -0.2352 7.0608 1.4414
v -0.2420 6.9459 1.4689
v -0.2384 6.8264 1.4693
v -0.2393 7.1271 1.4394
v -0.2405 7.0617 1.4358
v -0.2474 6.9467 1.4633
v -0.2438 6.8273 1.4637
v -0.1088 6.9141 1.4295
v -0.1360 6.4509 1.4929
v -0.1155 6.9131 1.4232
v -0.1429 6.4517 1.4865
v -0.1279 6.8680 1.4442
v -0.1368 6.8039 1.4591
v -0.1405 6.6863 1.4705
v -0.1391 6.5691 1.4845
v -0.1346 6.8670 1.4380
v -0.1434 6.8047 1.4527
v -0.1470 6.6870 1.4640
v -0.1459 6.5698 1.4781
v -0.0441 7.2585 1.5419
v -0.0670 6.7725 1.6107
v -0.0513 7.2574 1.5357
v -0.0741 6.7733 1.6042
v -0.0644 7.2221 1.5594
v -0.0777 7.1688 1.5673
v -0.0822 7.0379 1.5882
v -0.0701 6.9057 1.6023
v -0.0716 7.2209 1.5532
v -0.0848 7.1697 1.5608
v -0.0893 7.0388 1.5817
v -0.0772 6.9066 1.5958
v -0.1648 7.2354 1.4650
v -0.1869 6.7552 1.5481
v -0.1717 7.2343 1.4588
v -0.1937 6.7560 1.5417
v -0.1844 7.2035 1.4871
v -0.1972 7.1485 1.5047
v -0.2016 7.0186 1.5256
v -0.1899 6.8874 1.5397
v -0.1913 7.2024 1.4809
v -0.2041 7.1493 1.4983
v -0.2084 7.0194 1.5192
v -0.1967 6.8882 1.5332
v -0.1529 7.0589 1.4660
v -0.1750 6.5958 1.5294
v -0.1598 7.0579 1.4597
v -0.1818 6.5965 1.5230
v -0.1725 7.0128 1.4807
v -0.1853 6.9487 1.4956
v -0.1897 6.8311 1.5069
v -0.1780 6.7139 1.5210
v -0.1794 7.0118 1.4745
v -0.1922 6.9495 1.4892
v -0.1965 6.8318 1.5005
v -0.1849 6.7146 1.5146
v -0.1100 7.2409 1.4916
v -0.1321 6.6178 1.5890
v -0.1169 7.2387 1.4854
v -0.1390 6.6182 1.5825
v -0.1296 7.2159 1.5140
v -0.1425 7.1520 1.5331
v -0.1468 6.9755 1.5581
v -0.1351 6.7977 1.5764
v -0.1365 7.2137 1.5078
v -0.1493 7.1524 1.5266
v -0.1536 6.9760 1.5517
v -0.1420 6.7981 1.5699
v -0.1189 7.0284 1.5124
v -0.1410 6.5653 1.5759
v -0.1258 7.0274 1.5062
v -0.1478 6.5660 1.5694
v -0.1385 6.9823 1.5272
v -0.1513 6.9182 1.5421
v -0.1557 6.8006 1.5534
v -0.1440 6.6834 1.5675
v -0.1454 6.9813 1.5209
v -0.1582 6.9190 1.5356
v -0.1625 6.8013 1.5470
v -0.1509 6.6841 1.5610
v -0.2215 7.1622 1.3730
v -0.2436 6.6991 1.4364
v -0.2284 7.1612 1.3667
v -0.2504 6.6998 1.4300
v -0.2411 7.1161 1.3877
v -0.2539 7.0520 1.4026
v -0.2583 6.9344 1.4140
v -0.2466 6.8172 1.4280
v -0.2480 7.1151 1.3815
v -0.2608 7.0528 1.3962
v -0.2651 6.9351 1.4075
v -0.2535 6.8179 1.4216
v -0.1864 6.8646 1.4766
v -0.1108 6.4650 1.5486
v -0.1926 6.8622 1.4729
v -0.1133 6.4547 1.5484
v -0.1849 6.8181 1.4960
v -0.1729 6.7519 1.4933
v -0.1601 6.6380 1.5221
v -0.1547 6.5525 1.5227
v -0.1912 6.8157 1.4923
v -0.1794 6.7512 1.4894
v -0.1668 6.6373 1.5182
v -0.1620 6.5508 1.5197
v -0.1583 6.5052 1.5245
v -0.1372 6.4631 1.5327
v -0.1517 6.5098 1.5270
v -0.1347 6.4734 1.5329
v -0.2288 6.9869 1.4355
v -0.2035 6.5655 1.5014
v -0.2353 6.9852 1.4318
v -0.2105 6.5646 1.4985
v -0.2328 6.9406 1.4549
v -0.2319 6.8734 1.4522
v -0.2261 6.7588 1.4811
v -0.2155 6.6801 1.4789
v -0.2393 6.9389 1.4512
v -0.2385 6.8735 1.4483
v -0.2328 6.7589 1.4772
v -0.2226 6.6792 1.4759
v -0.2113 6.6429 1.4876
v -0.2073 6.6047 1.4951
v -0.2043 6.6437 1.4905
v -0.2003 6.6055 1.4980
v -0.1099 7.1040 1.5538
v -0.1200 6.6810 1.6128
v -0.1166 7.1034 1.5500
v -0.1249 6.6730 1.6119
v -0.1178 7.0586 1.5731
v -0.1220 6.9916 1.5704
v -0.1253 6.8769 1.5993
v -0.1252 6.7574 1.5991
v -0.1246 7.0580 1.5693
v -0.1288 6.9928 1.5663
v -0.1321 6.8780 1.5952
v -0.1324 6.7577 1.5959
v -0.1389 6.7308 1.5922
v -0.1367 6.6923 1.6004
v -0.1317 6.7304 1.5954
v -0.1296 6.6990 1.6027
v -0.0896 6.9130 1.5745
v -0.0619 6.4598 1.6436
v -0.0964 6.9114 1.5708
v -0.0674 6.4507 1.6422
v -0.0938 6.8667 1.5939
v -0.0929 6.7995 1.5912
v -0.0839 6.6846 1.6148
v -0.0777 6.5661 1.6198
v -0.1006 6.8651 1.5902
v -0.0997 6.7996 1.5873
v -0.0907 6.6846 1.6108
v -0.0849 6.5654 1.6168
v -0.0889 6.5251 1.6198
v -0.0837 6.4872 1.6279
v -0.0817 6.5259 1.6228
v -0.0765 6.4880 1.6309
v -0.2615 6.9782 1.4174
v -0.1930 6.5245 1.4421
v -0.2582 6.9793 1.4243
v -0.1894 6.5176 1.4486
v -0.2650 6.9273 1.4267
v -0.2428 6.8664 1.4336
v -0.2367 6.7459 1.4350
v -0.2026 6.6338 1.4503
v -0.2617 6.9284 1.4336
v -0.2399 6.8693 1.4404
v -0.2338 6.7487 1.4418
v -0.2002 6.6355 1.4576
v -0.1829 6.6004 1.4614
v -0.1886 6.5601 1.4606
v -0.1852 6.5987 1.4542
v -0.1910 6.5584 1.4534
v -0.2658 7.1905 1.3617
v -0.2381 6.8671 1.4360
v -0.2623 7.1922 1.3684
v -0.2357 6.8605 1.4418
v -0.2746 7.1569 1.3878
v -0.2612 7.1204 1.4044
v -0.2600 7.0270 1.4304
v -0.2415 6.9451 1.4329
v -0.2711 7.1586 1.3945
v -0.2579 7.1239 1.4109
v -0.2567 7.0305 1.4369
v -0.2388 6.9477 1.4400
v -0.2300 6.9243 1.4492
v -0.2295 6.8846 1.4513
v -0.2326 6.9218 1.4422
v -0.2328 6.8891 1.4435
v -0.0319 6.9909 1.5819
v -0.0409 6.4797 1.6507
v -0.0251 6.9916 1.5857
v -0.0357 6.4717 1.6556
v -0.0399 6.9399 1.6012
v -0.0285 6.8663 1.6072
v -0.0457 6.7358 1.6282
v -0.0328 6.6050 1.6469
v -0.0331 6.9407 1.6050
v -0.0218 6.8690 1.6108
v -0.0390 6.7385 1.6318
v -0.0265 6.6068 1.6514
v -0.0163 6.5622 1.6526
v -0.0205 6.5183 1.6572
v -0.0226 6.5604 1.6481
v -0.0267 6.5165 1.6527
v -0.0634 7.2815 1.5285
v -0.0406 6.7370 1.6366
v -0.0563 7.2794 1.5224
v -0.0335 6.7388 1.6302
v -0.0431 7.2310 1.5601
v -0.0299 7.1604 1.6004
v -0.0254 7.0225 1.6360
v -0.0374 6.8790 1.6346
v -0.0360 7.2289 1.5540
v -0.0228 7.1603 1.5940
v -0.0183 7.0243 1.6295
v -0.0303 6.8808 1.6282
v -0.0203 7.2921 1.5275
v -0.0432 6.7333 1.6325
v -0.0274 7.2903 1.5213
v -0.0503 6.7355 1.6261
v -0.0406 7.2371 1.5659
v -0.0539 7.1644 1.6047
v -0.0584 7.0212 1.6288
v -0.0463 6.8773 1.6334
v -0.0477 7.2353 1.5597
v -0.0610 7.1648 1.5983
v -0.0655 7.0234 1.6224
v -0.0534 6.8794 1.6270
v 0.6137 7.9567 0.9734
v 0.6742 7.6367 0.9799
v 0.6194 7.9573 0.9666
v 0.6797 7.6386 0.9731
v 0.6387 7.9260 0.9809
v 0.6580 7.8823 0.9871
v 0.6712 7.8013 0.9841
v 0.6689 7.7186 0.9852
v 0.6444 7.9267 0.9741
v 0.6635 7.8842 0.9803
v 0.6767 7.8032 0.9773
v 0.6744 7.7205 0.9784
v 0.4235 7.1770 1.1530
v 0.4307 6.8801 1.1279
v 0.4270 7.1777 1.1462
v 0.4351 6.8813 1.1215
v 0.4369 7.1429 1.1563
v 0.4334 7.0988 1.1400
v 0.4424 7.0160 1.1413
v 0.4306 6.9626 1.1282
v 0.4404 7.1436 1.1494
v 0.4370 7.1008 1.1333
v 0.4460 7.0179 1.1346
v 0.4351 6.9638 1.1219
v 0.4312 6.9355 1.1294
v 0.4312 6.9080 1.1293
v 0.4267 6.9343 1.1358
v 0.4267 6.9068 1.1357
v 0.4866 7.1611 0.9866
v 0.4833 6.8464 0.9474
v 0.4901 7.1618 0.9797
v 0.4877 6.8474 0.9411
v 0.4998 7.1269 0.9899
v 0.4966 7.0829 0.9736
v 0.5057 7.0001 0.9749
v 0.4963 6.9202 0.9537
v 0.5033 7.1276 0.9830
v 0.5000 7.0848 0.9668
v 0.5092 7.0020 0.9682
v 0.5008 6.9212 0.9474
v 0.5028 6.8919 0.9587
v 0.4993 6.8648 0.9568
v 0.5072 6.8930 0.9524
v 0.5037 6.8658 0.9505
v 0.5307 7.3159 0.9774
v 0.5274 7.0012 0.9382
v 0.5341 7.3166 0.9705
v 0.5308 7.0031 0.9314
v 0.5439 7.2817 0.9807
v 0.5407 7.2377 0.9644
v 0.5498 7.1548 0.9657
v 0.5404 7.0750 0.9445
v 0.5473 7.2824 0.9738
v 0.5441 7.2396 0.9576
v 0.5532 7.1568 0.9590
v 0.5439 7.0769 0.9378
v 0.5526 7.0491 0.9382
v 0.5491 7.0219 0.9363
v 0.5491 7.0472 0.9450
v 0.5457 7.0200 0.9430
v 0.4448 7.1391 1.0467
v 0.4415 6.8244 1.0074
v 0.4482 7.1398 1.0398
v 0.4458 6.8255 1.0011
v 0.4580 7.1049 1.0499
v 0.4548 7.0609 1.0336
v 0.4639 6.9780 1.0350
v 0.4545 6.8981 1.0138
v 0.4614 7.1056 1.0430
v 0.4582 7.0628 1.0269
v 0.4673 6.9799 1.0282
v 0.4589 6.8993 1.0075
v 0.4661 6.8712 1.0109
v 0.4626 6.8440 1.0090
v 0.4617 6.8701 1.0173
v 0.4582 6.8429 1.0153
v 0.4827 7.2893 1.1254
v 0.4703 6.9974 1.1153
v 0.4862 7.2900 1.1185
v 0.4730 6.9915 1.1112
v 0.4961 7.2552 1.1286
v 0.4926 7.2111 1.1123
v 0.4881 7.1260 1.1137
v 0.4839 7.0687 1.0976
v 0.4996 7.2559 1.1218
v 0.4962 7.2131 1.1056
v 0.4915 7.1279 1.1070
v 0.4882 7.0699 1.0912
v 0.4914 7.0389 1.0842
v 0.4826 7.0055 1.0893
v 0.4872 7.0398 1.0907
v 0.4799 7.0115 1.0935
v 0.5068 7.4533 1.1777
v 0.5139 7.1563 1.1526
v 0.5103 7.4540 1.1709
v 0.5184 7.1575 1.1462
v 0.5202 7.4191 1.1810
v 0.5167 7.3751 1.1647
v 0.5257 7.2922 1.1660
v 0.5139 7.2389 1.1529
v 0.5237 7.4199 1.1741
v 0.5202 7.3770 1.1580
v 0.5292 7.2941 1.1593
v 0.5183 7.2400 1.1465
v 0.5144 7.2117 1.1541
v 0.5144 7.1842 1.1540
v 0.5100 7.2106 1.1605
v 0.5100 7.1831 1.1604
v 0.5592 7.3607 0.9270
v 0.5559 7.0460 0.8877
v 0.5626 7.3614 0.9201
v 0.5603 7.0471 0.8814
v 0.5724 7.3265 0.9302
v 0.5692 7.2825 0.9139
v 0.5783 7.1997 0.9153
v 0.5689 7.1198 0.8941
v 0.5758 7.3272 0.9233
v 0.5726 7.2844 0.9072
v 0.5817 7.2016 0.9085
v 0.5733 7.1208 0.8878
v 0.5753 7.0916 0.8991
v 0.5719 7.0644 0.8972
v 0.5798 7.0926 0.8928
v 0.5763 7.0654 0.8909
v 0.6066 7.5199 0.8795
v 0.6033 7.2052 0.8402
v 0.6100 7.5206 0.8726
v 0.6067 7.2071 0.8335
v 0.6198 7.4857 0.8827
v 0.6165 7.4417 0.8664
v 0.6257 7.3588 0.8678
v 0.6163 7.2790 0.8466
v 0.6232 7.4864 0.8758
v 0.6200 7.4436 0.8597
v 0.6291 7.3608 0.8610
v 0.6197 7.2809 0.8399
v 0.6285 7.2531 0.8403
v 0.6250 7.2259 0.8384
v 0.6250 7.2512 0.8470
v 0.6215 7.2240 0.8451
v 0.5173 7.3690 1.0164
v 0.5140 7.0544 0.9771
v 0.5208 7.3697 1.0095
v 0.5184 7.0555 0.9708
v 0.5306 7.3349 1.0196
v 0.5273 7.2909 1.0033
v 0.5365 7.2080 1.0046
v 0.5271 7.1281 0.9835
v 0.5340 7.3356 1.0127
v 0.5308 7.2928 0.9966
v 0.5399 7.2099 0.9979
v 0.5314 7.1292 0.9771
v 0.5386 7.1012 0.9806
v 0.5351 7.0740 0.9787
v 0.5343 7.1001 0.9870
v 0.5308 7.0729 0.9850
v 0.5559 7.4778 0.9618
v 0.5526 7.1631 0.9225
v 0.5593 7.4785 0.9549
v 0.5570 7.1642 0.9162
v 0.5691 7.4437 0.9650
v 0.5659 7.3996 0.9487
v 0.5750 7.3168 0.9501
v 0.5656 7.2369 0.9289
v 0.5726 7.4444 0.9581
v 0.5693 7.4016 0.9420
v 0.5785 7.3187 0.9433
v 0.5700 7.2380 0.9226
v 0.5772 7.2099 0.9260
v 0.5737 7.1827 0.9241
v 0.5728 7.2088 0.9324
v 0.5694 7.1816 0.9304
v 0.5299 7.5120 1.1849
v 0.5374 7.1932 1.1554
v 0.5264 7.5113 1.1918
v 0.5351 7.1871 1.1610
v 0.5433 7.4779 1.1881
v 0.5317 7.4322 1.1876
v 0.5480 7.3508 1.1748
v 0.5377 7.2682 1.1764
v 0.5398 7.4772 1.1950
v 0.5283 7.4327 1.1946
v 0.5445 7.3513 1.1818
v 0.5350 7.2680 1.1838
v 0.5239 7.2408 1.1833
v 0.5267 7.2138 1.1778
v 0.5266 7.2409 1.1759
v 0.5293 7.2140 1.1705
v 0.5841 7.5788 1.0869
v 0.5692 7.2865 1.0768
v 0.5877 7.5796 1.0800
v 0.5718 7.2805 1.0726
v 0.5810 7.5419 1.0901
v 0.5777 7.4979 1.0738
v 0.5869 7.4151 1.0752
v 0.5827 7.3578 1.0591
v 0.5844 7.5426 1.0832
v 0.5812 7.4999 1.0671
v 0.5903 7.4170 1.0684
v 0.5870 7.3590 1.0527
v 0.5902 7.3279 1.0457
v 0.5814 7.2946 1.0508
v 0.5860 7.3289 1.0522
v 0.5787 7.3005 1.0550
v 0.5286 7.5464 1.1498
v 0.5357 7.2494 1.1246
v 0.5321 7.5471 1.1429
v 0.5402 7.2506 1.1182
v 0.5420 7.5122 1.1530
v 0.5385 7.4682 1.1367
v 0.5475 7.3853 1.1380
v 0.5357 7.3320 1.1249
v 0.5455 7.5130 1.1461
v 0.5420 7.4701 1.1300
v 0.5510 7.3872 1.1313
v 0.5401 7.3331 1.1186
v 0.5362 7.3048 1.1261
v 0.5362 7.2773 1.1260
v 0.5318 7.3037 1.1325
v 0.5318 7.2762 1.1324
v 0.5511 7.5432 1.1576
v 0.5568 7.2479 1.1251
v 0.5546 7.5439 1.1507
v 0.5597 7.2429 1.1203
v 0.5645 7.5091 1.1609
v 0.5610 7.4650 1.1446
v 0.5700 7.3822 1.1459
v 0.5600 7.3022 1.1247
v 0.5680 7.5098 1.1540
v 0.5645 7.4670 1.1378
v 0.5735 7.3841 1.1392
v 0.5643 7.3035 1.1183
v 0.5655 7.2865 1.1071
v 0.5650 7.2589 1.1081
v 0.5612 7.2852 1.1135
v 0.5608 7.2625 1.1150
v 0.5749 7.5900 1.1218
v 0.5670 7.2685 1.0932
v 0.5784 7.5907 1.1149
v 0.5706 7.2637 1.0872
v 0.5883 7.5558 1.1251
v 0.5848 7.5118 1.1088
v 0.5883 7.4293 1.1074
v 0.5685 7.3463 1.0889
v 0.5919 7.5565 1.1182
v 0.5884 7.5137 1.1020
v 0.5919 7.4312 1.1007
v 0.5727 7.3476 1.0825
v 0.5770 7.3209 1.0741
v 0.5766 7.2933 1.0751
v 0.5728 7.3197 1.0805
v 0.5724 7.2921 1.0814
v 0.6537 7.9077 0.9570
v 0.6504 7.5930 0.9178
v 0.6571 7.9084 0.9501
v 0.6548 7.5940 0.9115
v 0.6669 7.8735 0.9603
v 0.6637 7.8295 0.9440
v 0.6728 7.7466 0.9453
v 0.6634 7.6667 0.9241
v 0.6703 7.8742 0.9534
v 0.6671 7.8314 0.9372
v 0.6763 7.7486 0.9386
v 0.6679 7.6678 0.9178
v 0.6699 7.6385 0.9291
v 0.6664 7.6113 0.9272
v 0.6743 7.6396 0.9228
v 0.6708 7.6124 0.9209
v 0.6368 7.7503 0.8704
v 0.6334 7.4356 0.8312
v 0.6402 7.7510 0.8635
v 0.6369 7.4376 0.8244
v 0.6500 7.7162 0.8736
v 0.6467 7.6721 0.8574
v 0.6559 7.5893 0.8587
v 0.6465 7.5094 0.8375
v 0.6534 7.7169 0.8668
v 0.6502 7.6741 0.8506
v 0.6593 7.5912 0.8520
v 0.6499 7.5113 0.8308
v 0.6586 7.4836 0.8312
v 0.6552 7.4564 0.8293
v 0.6552 7.4816 0.8380
v 0.6517 7.4544 0.8360
v 0.5713 7.5527 1.0577
v 0.5680 7.2380 1.0184
v 0.5747 7.5534 1.0508
v 0.5723 7.2391 1.0121
v 0.5845 7.5185 1.0609
v 0.5813 7.4745 1.0446
v 0.5904 7.3917 1.0460
v 0.5810 7.3118 1.0248
v 0.5879 7.5192 1.0540
v 0.5847 7.4764 1.0379
v 0.5938 7.3936 1.0392
v 0.5853 7.3129 1.0185
v 0.5925 7.2848 1.0219
v 0.5891 7.2576 1.0200
v 0.5882 7.2837 1.0283
v 0.5847 7.2565 1.0263
v 0.6217 7.8399 1.0032
v 0.6184 7.5252 0.9640
v 0.6251 7.8406 0.9964
v 0.6227 7.5263 0.9577
v 0.6349 7.8057 1.0065
v 0.6316 7.7617 0.9902
v 0.6408 7.6788 0.9915
v 0.6314 7.5989 0.9704
v 0.6383 7.8064 0.9996
v 0.6351 7.7636 0.9835
v 0.6442 7.6808 0.9848
v 0.6358 7.6000 0.9640
v 0.6430 7.5720 0.9675
v 0.6395 7.5448 0.9656
v 0.6386 7.5709 0.9738
v 0.6351 7.5437 0.9719
v 0.4150 7.0864 1.0657
v 0.4378 6.7619 1.0653
v 0.4188 7.0864 1.0584
v 0.4415 6.7632 1.0580
v 0.4303 7.0533 1.0689
v 0.4287 7.0076 1.0590
v 0.4413 6.9258 1.0665
v 0.4345 6.8438 1.0573
v 0.4341 7.0533 1.0616
v 0.4324 7.0089 1.0517
v 0.4451 6.9271 1.0592
v 0.4382 6.8451 1.0500
v 0.5183 7.5065 1.0741
v 0.5566 7.1835 1.0738
v 0.5221 7.5067 1.0668
v 0.5602 7.1849 1.0664
v 0.5351 7.4742 1.0773
v 0.5357 7.4285 1.0675
v 0.5522 7.3474 1.0749
v 0.5493 7.2651 1.0657
v 0.5389 7.4744 1.0700
v 0.5394 7.4300 1.0601
v 0.5559 7.3489 1.0676
v 0.5530 7.2666 1.0584
v 0.4787 7.3323 1.0217
v 0.5169 7.0092 1.0214
v 0.4825 7.3325 1.0144
v 0.5206 7.0107 1.0140
v 0.4955 7.3000 1.0249
v 0.4961 7.2543 1.0151
v 0.5126 7.1732 1.0225
v 0.5097 7.0909 1.0133
v 0.4993 7.3002 1.0176
v 0.4998 7.2558 1.0077
v 0.5163 7.1747 1.0152
v 0.5134 7.0924 1.0060
v 0.5279 7.3307 0.8293
v 0.5661 7.0077 0.8289
v 0.5316 7.3310 0.8219
v 0.5698 7.0092 0.8216
v 0.5447 7.2984 0.8325
v 0.5453 7.2528 0.8226
v 0.5618 7.1717 0.8301
v 0.5589 7.0894 0.8209
v 0.5485 7.2987 0.8251
v 0.5489 7.2542 0.8153
v 0.5655 7.1731 0.8227
v 0.5626 7.0908 0.8135
v 0.4426 7.2319 1.1250
v 0.4805 6.9088 1.1247
v 0.4465 7.2321 1.1177
v 0.4843 6.9103 1.1173
v 0.4597 7.1996 1.1282
v 0.4601 7.1539 1.1183
v 0.4767 7.0728 1.1258
v 0.4734 6.9905 1.1166
v 0.4636 7.1999 1.1209
v 0.4639 7.1554 1.1110
v 0.4805 7.0743 1.1185
v 0.4772 6.9920 1.1093
v 0.4057 7.0883 0.9683
v 0.4440 6.7653 0.9679
v 0.4095 7.0885 0.9609
v 0.4477 6.7667 0.9606
v 0.4226 7.0560 0.9715
v 0.4231 7.0103 0.9616
v 0.4397 6.9292 0.9690
v 0.4368 6.8469 0.9599
v 0.4263 7.0562 0.9641
v 0.4268 7.0118 0.9543
v 0.4434 6.9307 0.9617
v 0.4404 6.8484 0.9525
v 0.4760 7.4656 1.1791
v 0.5138 7.1426 1.1787
v 0.4798 7.4659 1.1717
v 0.5176 7.1440 1.1714
v 0.4931 7.4334 1.1823
v 0.4935 7.3877 1.1724
v 0.5101 7.3066 1.1799
v 0.5068 7.2243 1.1707
v 0.4970 7.4337 1.1749
v 0.4973 7.3892 1.1651
v 0.5139 7.3081 1.1725
v 0.5105 7.2257 1.1634
v 0.4766 7.3925 1.0910
v 0.5148 7.0695 1.0906
v 0.4803 7.3927 1.0836
v 0.5185 7.0710 1.0833
v 0.4934 7.3602 1.0942
v 0.4940 7.3145 1.0843
v 0.5105 7.2334 1.0918
v 0.5076 7.1512 1.0826
v 0.4972 7.3604 1.0868
v 0.4976 7.3160 1.0770
v 0.5142 7.2349 1.0844
v 0.5113 7.1526 1.0753
v 0.5229 7.3156 0.8580
v 0.5611 6.9926 0.8576
v 0.5266 7.3158 0.8506
v 0.5648 6.9940 0.8503
v 0.5397 7.2833 0.8612
v 0.5402 7.2376 0.8513
v 0.5568 7.1565 0.8587
v 0.5539 7.0742 0.8496
v 0.5434 7.2835 0.8538
v 0.5439 7.2391 0.8439
v 0.5605 7.1580 0.8514
v 0.5576 7.0757 0.8422
v 0.5576 7.4509 0.8187
v 0.5959 7.1279 0.8184
v 0.5614 7.4512 0.8114
v 0.5995 7.1294 0.8110
v 0.5744 7.4186 0.8219
v 0.5750 7.3730 0.8121
v 0.5915 7.2919 0.8195
v 0.5886 7.2096 0.8103
v 0.5782 7.4189 0.8146
v 0.5787 7.3744 0.8047
v 0.5952 7.2933 0.8122
v 0.5923 7.2111 0.8030
v 0.5644 7.5858 1.0171
v 0.6027 7.2627 1.0168
v 0.5682 7.5860 1.0098
v 0.6064 7.2642 1.0094
v 0.5812 7.5535 1.0203
v 0.5818 7.5078 1.0105
v 0.5983 7.4267 1.0179
v 0.5954 7.3444 1.0087
v 0.5850 7.5537 1.0130
v 0.5855 7.5092 1.0031
v 0.6020 7.4282 1.0106
v 0.5991 7.3459 1.0014
v 0.4994 7.3226 0.9722
v 0.5377 6.9996 0.9718
v 0.5032 7.3229 0.9648
v 0.5413 7.0011 0.9645
v 0.5162 7.2903 0.9754
v 0.5168 7.2447 0.9655
v 0.5333 7.1636 0.9730
v 0.5304 7.0813 0.9638
v 0.5200 7.2906 0.9680
v 0.5205 7.2461 0.9582
v 0.5370 7.1650 0.9656
v 0.5341 7.0828 0.9564
v 0.4869 7.2533 0.9504
v 0.5251 6.9303 0.9500
v 0.4907 7.2536 0.9430
v 0.5288 6.9318 0.9427
v 0.5037 7.2210 0.9536
v 0.5043 7.1754 0.9437
v 0.5208 7.0943 0.9512
v 0.5179 7.0120 0.9420
v 0.5075 7.2213 0.9462
v 0.5080 7.1768 0.9364
v 0.5245 7.0957 0.9438
v 0.5216 7.0135 0.9347
v 0.4810 7.5122 1.1960
v 0.5188 7.1891 1.1957
v 0.4849 7.5125 1.1887
v 0.5226 7.1906 1.1883
v 0.4981 7.4800 1.1992
v 0.4985 7.4343 1.1894
v 0.5151 7.3532 1.1968
v 0.5118 7.2708 1.1876
v 0.5020 7.4802 1.1919
v 0.5023 7.4357 1.1820
v 0.5189 7.3547 1.1895
v 0.5156 7.2723 1.1803
v 0.5454 7.5711 1.1193
v 0.5832 7.2480 1.1189
v 0.5493 7.5713 1.1119
v 0.5870 7.2495 1.1116
v 0.5625 7.5388 1.1225
v 0.5629 7.4931 1.1126
v 0.5795 7.4120 1.1200
v 0.5762 7.3297 1.1109
v 0.5664 7.5391 1.1151
v 0.5667 7.4946 1.1053
v 0.5833 7.4135 1.1127
v 0.5800 7.3311 1.1035
v 0.6151 7.7842 0.9663
v 0.6534 7.4612 0.9659
v 0.6189 7.7844 0.9589
v 0.6571 7.4627 0.9586
v 0.6320 7.7519 0.9695
v 0.6325 7.7062 0.9596
v 0.6491 7.6251 0.9671
v 0.6462 7.5428 0.9579
v 0.6357 7.7521 0.9621
v 0.6362 7.7077 0.9523
v 0.6528 7.6266 0.9597
v 0.6498 7.5443 0.9506
v 0.6399 7.8801 0.9060
v 0.6782 7.5571 0.9056
v 0.6437 7.8804 0.8986
v 0.6818 7.5586 0.8983
v 0.6567 7.8478 0.9092
v 0.6573 7.8022 0.8993
v 0.6738 7.7211 0.9067
v 0.6709 7.6388 0.8976
v 0.6605 7.8481 0.9018
v 0.6610 7.8036 0.8920
v 0.6775 7.7225 0.8994
v 0.6746 7.6402 0.8902
v 0.5818 7.7613 1.0314
v 0.6201 7.4383 1.0311
v 0.5856 7.7615 1.0241
v 0.6238 7.4397 1.0237
v 0.5987 7.7290 1.0346
v 0.5992 7.6833 1.0248
v 0.6158 7.6022 1.0322
v 0.6129 7.5199 1.0230
v 0.6024 7.7292 1.0273
v 0.6029 7.6848 1.0174
v 0.6195 7.6037 1.0249
v 0.6165 7.5214 1.0157
v 0.6313 7.7119 0.8277
v 0.6695 7.3889 0.8273
v 0.6350 7.7121 0.8203
v 0.6732 7.3904 0.8200
v 0.6481 7.6796 0.8309
v 0.6486 7.6339 0.8210
v 0.6652 7.5528 0.8285
v 0.6623 7.4706 0.8193
v 0.6518 7.6799 0.8235
v 0.6523 7.6354 0.8137
v 0.6689 7.5543 0.8211
v 0.6660 7.4720 0.8120
v 0.4867 7.1922 0.9071
v 0.4857 6.8667 0.9164
v 0.4956 7.1917 0.9019
v 0.4947 6.8675 0.9113
v 0.5008 7.1578 0.9186
v 0.5082 7.1115 0.9273
v 0.5083 7.0294 0.9248
v 0.4918 6.9484 0.9228
v 0.5097 7.1573 0.9135
v 0.5171 7.1122 0.9221
v 0.5173 7.0301 0.9197
v 0.5008 6.9491 0.9176
v 0.5834 7.6149 0.9601
v 0.6159 7.2911 0.9701
v 0.5915 7.6152 0.9544
v 0.6239 7.2926 0.9644
v 0.6026 7.5823 0.9708
v 0.6157 7.5371 0.9789
v 0.6236 7.4554 0.9766
v 0.6149 7.3731 0.9759
v 0.6106 7.5826 0.9650
v 0.6237 7.5386 0.9732
v 0.6316 7.4569 0.9709
v 0.6229 7.3746 0.9702
v 0.3834 7.0256 1.0757
v 0.3824 6.7002 1.0850
v 0.3923 7.0251 1.0705
v 0.3914 6.7009 1.0799
v 0.3975 6.9912 1.0873
v 0.4049 6.9449 1.0959
v 0.4050 6.8628 1.0935
v 0.3885 6.7818 1.0914
v 0.4064 6.9907 1.0821
v 0.4138 6.9457 1.0908
v 0.4140 6.8636 1.0883
v 0.3975 6.7826 1.0863
v 0.5724 7.6511 0.8890
v 0.6492 7.3346 0.8954
v 0.5780 7.6520 0.8821
v 0.6546 7.3368 0.8886
v 0.5989 7.6218 0.8965
v 0.6205 7.5791 0.9026
v 0.6377 7.4989 0.8996
v 0.6397 7.4162 0.9007
v 0.6045 7.6227 0.8897
v 0.6258 7.5813 0.8958
v 0.6431 7.5011 0.8928
v 0.6451 7.4183 0.8939
v 0.5087 7.2298 0.8817
v 0.5233 6.9047 0.8910
v 0.5177 7.2298 0.8765
v 0.5322 6.9059 0.8859
v 0.5245 7.1961 0.8932
v 0.5340 7.1502 0.9019
v 0.5381 7.0683 0.8994
v 0.5255 6.9865 0.8974
v 0.5334 7.1961 0.8881
v 0.5429 7.1514 0.8967
v 0.5470 7.0694 0.8943
v 0.5344 6.9877 0.8922
v 0.5163 7.4325 1.0265
v 0.5487 7.1087 1.0365
v 0.5243 7.4328 1.0208
v 0.5567 7.1102 1.0308
v 0.5354 7.3999 1.0371
v 0.5486 7.3547 1.0453
v 0.5564 7.2730 1.0430
v 0.5477 7.1907 1.0423
v 0.5435 7.4002 1.0314
v 0.5566 7.3562 1.0396
v 0.5644 7.2745 1.0373
v 0.5557 7.1922 1.0365
v 0.4365 7.1267 0.9861
v 0.4355 6.8012 0.9955
v 0.4454 7.1262 0.9810
v 0.4444 6.8020 0.9903
v 0.4506 7.0923 0.9977
v 0.4579 7.0460 1.0064
v 0.4581 6.9639 1.0039
v 0.4416 6.8829 1.0019
v 0.4595 7.0918 0.9926
v 0.4669 7.0467 1.0012
v 0.4670 6.9646 0.9988
v 0.4505 6.8836 0.9967
v 0.5036 7.1286 0.9382
v 0.4625 6.8165 0.9013
v 0.5039 7.1294 0.9305
v 0.4639 6.8175 0.8937
v 0.5146 7.0937 0.9350
v 0.5017 7.0506 0.9213
v 0.5048 6.9673 0.9177
v 0.4820 6.8890 0.9020
v 0.5148 7.0944 0.9273
v 0.5021 7.0526 0.9138
v 0.5052 6.9693 0.9102
v 0.4834 6.8901 0.8944
v 0.4879 6.8603 0.9034
v 0.4821 6.8335 0.9030
v 0.4893 6.8613 0.8958
v 0.4835 6.8345 0.8953
v 0.5066 7.1850 0.8890
v 0.4654 6.8728 0.8521
v 0.5068 7.1857 0.8813
v 0.4658 6.8748 0.8446
v 0.5175 7.1500 0.8858
v 0.5047 7.1069 0.8721
v 0.5078 7.0237 0.8685
v 0.4849 6.9454 0.8528
v 0.5177 7.1508 0.8781
v 0.5050 7.1089 0.8646
v 0.5081 7.0257 0.8610
v 0.4853 6.9473 0.8453
v 0.4914 6.9191 0.8415
v 0.4856 6.8923 0.8411
v 0.4910 6.9172 0.8491
v 0.4852 6.8903 0.8486
v 0.4163 6.9953 1.1367
v 0.3630 6.6812 1.0998
v 0.4165 6.9961 1.1290
v 0.3644 6.6823 1.0922
v 0.4274 6.9604 1.1335
v 0.4140 6.9172 1.1198
v 0.4054 6.8320 1.1162
v 0.3825 6.7537 1.1005
v 0.4276 6.9612 1.1258
v 0.4144 6.9192 1.1123
v 0.4058 6.8340 1.1087
v 0.3838 6.7548 1.0929
v 0.3899 6.7263 1.0926
v 0.3841 6.6994 1.0921
v 0.3886 6.7252 1.1002
v 0.3827 6.6983 1.0997
v 0.4497 7.0342 1.0527
v 0.4085 6.7220 1.0158
v 0.4499 7.0349 1.0450
v 0.4099 6.7231 1.0082
v 0.4606 6.9992 1.0495
v 0.4478 6.9561 1.0358
v 0.4509 6.8729 1.0322
v 0.4280 6.7946 1.0165
v 0.4608 6.9999 1.0418
v 0.4482 6.9581 1.0283
v 0.4513 6.8749 1.0247
v 0.4294 6.7956 1.0089
v 0.4354 6.7671 1.0086
v 0.4296 6.7402 1.0081
v 0.4340 6.7660 1.0162
v 0.4282 6.7392 1.0158
v 0.5949 7.6195 0.9153
v 0.6274 7.2957 0.9253
v 0.6030 7.6198 0.9096
v 0.6354 7.2972 0.9196
v 0.6141 7.5869 0.9259
v 0.6273 7.5417 0.9341
v 0.6351 7.4600 0.9318
v 0.6264 7.3777 0.9311
v 0.6221 7.5872 0.9202
v 0.6353 7.5432 0.9284
v 0.6431 7.4615 0.9261
v 0.6344 7.3792 0.9253
v 0.6037 7.6288 0.8324
v 0.6362 7.3050 0.8424
v 0.6117 7.6291 0.8267
v 0.6442 7.3065 0.8367
v 0.6228 7.5962 0.8430
v 0.6360 7.5510 0.8512
v 0.6439 7.4693 0.8489
v 0.6352 7.3870 0.8482
v 0.6309 7.5965 0.8373
v 0.6440 7.5525 0.8455
v 0.6518 7.4708 0.8432
v 0.6432 7.3885 0.8424
v 0.4542 7.5093 1.2062
v 0.4862 7.1854 1.2162
v 0.4625 7.5096 1.2005
v 0.4944 7.1869 1.2105
v 0.4738 7.4767 1.2169
v 0.4871 7.4316 1.2251
v 0.4948 7.3498 1.2228
v 0.4855 7.2674 1.2220
v 0.4820 7.4771 1.2112
v 0.4953 7.4331 1.2194
v 0.5029 7.3514 1.2171
v 0.4937 7.2690 1.2163
v 0.5255 7.5714 1.1245
v 0.5575 7.2475 1.1345
v 0.5338 7.5718 1.1188
v 0.5657 7.2491 1.1288
v 0.5451 7.5389 1.1352
v 0.5584 7.4937 1.1434
v 0.5661 7.4120 1.1411
v 0.5568 7.3296 1.1403
v 0.5533 7.5392 1.1295
v 0.5666 7.4953 1.1377
v 0.5743 7.4135 1.1354
v 0.5650 7.3311 1.1346
v 0.6343 8.0189 0.9076
v 0.7111 7.7025 0.9140
v 0.6399 8.0199 0.9008
v 0.7165 7.7046 0.9072
v 0.6609 7.9896 0.9151
v 0.6824 7.9469 0.9212
v 0.6997 7.8667 0.9182
v 0.7017 7.7840 0.9193
v 0.6665 7.9906 0.9083
v 0.6878 7.9491 0.9144
v 0.7051 7.8689 0.9114
v 0.7071 7.7861 0.9125
v 0.6343 7.9873 0.8717
v 0.7111 7.6709 0.8782
v 0.6399 7.9882 0.8649
v 0.7165 7.6730 0.8713
v 0.6609 7.9580 0.8792
v 0.6824 7.9153 0.8853
v 0.6997 7.8351 0.8824
v 0.7017 7.7524 0.8834
v 0.6665 7.9589 0.8724
v 0.6878 7.9175 0.8785
v 0.7051 7.8373 0.8756
v 0.7071 7.7545 0.8766
v 0.5684 7.8357 1.0248
v 0.6289 7.5158 1.0312
v 0.5740 7.8364 1.0179
v 0.6343 7.5176 1.0244
v 0.5934 7.8051 1.0323
v 0.6127 7.7614 1.0384
v 0.6258 7.6804 1.0354
v 0.6236 7.5976 1.0365
v 0.5990 7.8057 1.0254
v 0.6182 7.7632 1.0316
v 0.6313 7.6823 1.0286
v 0.6291 7.5995 1.0297
v 0.5684 7.8922 1.0003
v 0.6289 7.5723 1.0068
v 0.5740 7.8929 0.9935
v 0.6343 7.5741 1.0000
v 0.5934 7.8616 1.0078
v 0.6127 7.8179 1.0140
v 0.6258 7.7369 1.0110
v 0.6236 7.6541 1.0121
v 0.5990 7.8622 1.0010
v 0.6182 7.8197 1.0072
v 0.6313 7.7388 1.0042
v 0.6291 7.6560 1.0053
v 0.4866 7.2176 0.9688
v 0.4833 6.9029 0.9295
v 0.4901 7.2183 0.9619
v 0.4877 6.9039 0.9232
v 0.4998 7.1834 0.9720
v 0.4966 7.1394 0.9557
v 0.5057 7.0565 0.9571
v 0.4963 6.9767 0.9359
v 0.5033 7.1841 0.9651
v 0.5000 7.1413 0.9490
v 0.5092 7.0585 0.9503
v 0.5008 6.9777 0.9296
v 0.5028 6.9484 0.9409
v 0.4993 6.9212 0.9390
v 0.5072 6.9495 0.9346
v 0.5037 6.9223 0.9327
v 0.4827 7.3475 1.1031
v 0.4703 7.0555 1.0931
v 0.4862 7.3482 1.0962
v 0.4730 7.0496 1.0889
v 0.4961 7.3133 1.1064
v 0.4926 7.2693 1.0901
v 0.4881 7.1841 1.0914
v 0.4839 7.1268 1.0753
v 0.4996 7.3140 1.0995
v 0.4962 7.2712 1.0833
v 0.4915 7.1861 1.0847
v 0.4882 7.1280 1.0689
v 0.4914 7.0970 1.0620
v 0.4826 7.0636 1.0670
v 0.4872 7.0979 1.0684
v 0.4799 7.0696 1.0712
v 0.5068 7.5098 1.1599
v 0.5139 7.2128 1.1347
v 0.5103 7.5105 1.1530
v 0.5184 7.2140 1.1284
v 0.5202 7.4756 1.1631
v 0.5167 7.4316 1.1468
v 0.5257 7.3487 1.1482
v 0.5139 7.2954 1.1351
v 0.5237 7.4764 1.1563
v 0.5202 7.4335 1.1401
v 0.5292 7.3506 1.1415
v 0.5183 7.2965 1.1287
v 0.5144 7.2682 1.1363
v 0.5144 7.2407 1.1362
v 0.5100 7.2671 1.1426
v 0.5100 7.2396 1.1425
v 0.5559 7.5398 0.9219
v 0.5526 7.2251 0.8827
v 0.5593 7.5405 0.9151
v 0.5570 7.2262 0.8764
v 0.5691 7.5057 0.9252
v 0.5659 7.4617 0.9089
v 0.5750 7.3788 0.9102
v 0.5656 7.2989 0.8891
v 0.5726 7.5064 0.9183
v 0.5693 7.4636 0.9022
v 0.5785 7.3807 0.9035
v 0.5700 7.3000 0.8827
v 0.5772 7.2719 0.8862
v 0.5737 7.2447 0.8843
v 0.5728 7.2709 0.8925
v 0.5694 7.2437 0.8906
v 0.5677 7.6336 1.0455
v 0.5691 7.3440 1.0355
v 0.5712 7.6343 1.0386
v 0.5718 7.3380 1.0313
v 0.5810 7.5994 1.0488
v 0.5777 7.5554 1.0325
v 0.5868 7.4726 1.0338
v 0.5827 7.4153 1.0177
v 0.5844 7.6001 1.0419
v 0.5812 7.5574 1.0257
v 0.5903 7.4745 1.0271
v 0.5869 7.4165 1.0113
v 0.5902 7.3854 1.0043
v 0.5814 7.3521 1.0094
v 0.5860 7.3864 1.0108
v 0.5787 7.3580 1.0136
v 0.5511 7.5577 1.1398
v 0.5568 7.2623 1.1073
v 0.5546 7.5584 1.1329
v 0.5597 7.2574 1.1025
v 0.5645 7.5236 1.1430
v 0.5610 7.4795 1.1267
v 0.5700 7.3966 1.1281
v 0.5600 7.3166 1.1069
v 0.5680 7.5243 1.1361
v 0.5645 7.4814 1.1200
v 0.5735 7.3986 1.1213
v 0.5643 7.3179 1.1005
v 0.5655 7.3010 1.0893
v 0.5650 7.2733 1.0902
v 0.5612 7.2997 1.0957
v 0.5608 7.2770 1.0972
v 0.6537 7.9642 0.9392
v 0.6504 7.6495 0.8999
v 0.6571 7.9649 0.9323
v 0.6548 7.6505 0.8936
v 0.6669 7.9300 0.9424
v 0.6637 7.8860 0.9261
v 0.6728 7.8031 0.9275
v 0.6634 7.7232 0.9063
v 0.6703 7.9307 0.9355
v 0.6671 7.8879 0.9194
v 0.6763 7.8051 0.9207
v 0.6679 7.7243 0.9000
v 0.6699 7.6950 0.9113
v 0.6664 7.6678 0.9093
v 0.6743 7.6961 0.9050
v 0.6708 7.6689 0.9030
v 0.6368 7.8068 0.8526
v 0.6334 7.4921 0.8133
v 0.6402 7.8075 0.8457
v 0.6369 7.4941 0.8066
v 0.6500 7.7727 0.8558
v 0.6467 7.7286 0.8395
v 0.6559 7.6458 0.8409
v 0.6465 7.5659 0.8197
v 0.6534 7.7734 0.8489
v 0.6502 7.7306 0.8328
v 0.6593 7.6477 0.8341
v 0.6499 7.5678 0.8130
v 0.6586 7.5401 0.8134
v 0.6552 7.5129 0.8114
v 0.6552 7.5381 0.8201
v 0.6517 7.5109 0.8182
v 0.6217 7.8998 1.0017
v 0.6184 7.5852 0.9625
v 0.6251 7.9005 0.9949
v 0.6227 7.5862 0.9562
v 0.6349 7.8657 1.0050
v 0.6316 7.8217 0.9887
v 0.6408 7.7388 0.9900
v 0.6314 7.6589 0.9689
v 0.6383 7.8664 0.9981
v 0.6351 7.8236 0.9820
v 0.6442 7.7407 0.9833
v 0.6358 7.6600 0.9625
v 0.6430 7.6319 0.9660
v 0.6395 7.6048 0.9641
v 0.6386 7.6309 0.9723
v 0.6351 7.6037 0.9704
v 0.4150 7.1429 1.0479
v 0.4378 6.8184 1.0475
v 0.4188 7.1429 1.0405
v 0.4415 6.8197 1.0402
v 0.4303 7.1098 1.0511
v 0.4287 7.0641 1.0412
v 0.4413 6.9823 1.0487
v 0.4345 6.9003 1.0395
v 0.4341 7.1098 1.0437
v 0.4324 7.0654 1.0339
v 0.4451 6.9836 1.0413
v 0.4382 6.9016 1.0321
v 0.5183 7.5630 1.0563
v 0.5566 7.2400 1.0559
v 0.5221 7.5632 1.0489
v 0.5602 7.2414 1.0486
v 0.5351 7.5307 1.0595
v 0.5357 7.4850 1.0496
v 0.5522 7.4039 1.0571
v 0.5493 7.3216 1.0479
v 0.5389 7.5309 1.0521
v 0.5394 7.4865 1.0423
v 0.5559 7.4054 1.0497
v 0.5530 7.3231 1.0405
v 0.5644 7.6423 0.9938
v 0.6027 7.3192 0.9934
v 0.5682 7.6425 0.9864
v 0.6064 7.3207 0.9861
v 0.5812 7.6100 0.9970
v 0.5818 7.5643 0.9871
v 0.5983 7.4832 0.9946
v 0.5954 7.4009 0.9854
v 0.5850 7.6102 0.9896
v 0.5855 7.5657 0.9798
v 0.6020 7.4847 0.9872
v 0.5991 7.4024 0.9781
v 0.5724 7.7076 0.8711
v 0.6492 7.3911 0.8776
v 0.5780 7.7085 0.8643
v 0.6546 7.3933 0.8708
v 0.5989 7.6783 0.8786
v 0.6205 7.6356 0.8848
v 0.6377 7.5554 0.8818
v 0.6397 7.4727 0.8829
v 0.6045 7.6792 0.8718
v 0.6258 7.6378 0.8780
v 0.6431 7.5576 0.8750
v 0.6451 7.4748 0.8761
v 0.5163 7.4890 1.0087
v 0.5487 7.1652 1.0186
v 0.5243 7.4893 1.0029
v 0.5567 7.1667 1.0129
v 0.5354 7.4564 1.0193
v 0.5486 7.4112 1.0275
v 0.5564 7.3295 1.0252
v 0.5477 7.2472 1.0244
v 0.5435 7.4567 1.0136
v 0.5566 7.4127 1.0218
v 0.5644 7.3310 1.0195
v 0.5557 7.2487 1.0187
v 0.5036 7.1851 0.9204
v 0.4625 6.8730 0.8835
v 0.5039 7.1859 0.9127
v 0.4639 6.8740 0.8759
v 0.5146 7.1502 0.9172
v 0.5017 7.1071 0.9035
v 0.5048 7.0238 0.8999
v 0.4820 6.9455 0.8842
v 0.5148 7.1509 0.9095
v 0.5021 7.1090 0.8959
v 0.5052 7.0258 0.8923
v 0.4834 6.9465 0.8766
v 0.4879 6.9168 0.8856
v 0.4821 6.8900 0.8851
v 0.4893 6.9178 0.8780
v 0.4835 6.8910 0.8775
v 0.4163 7.0523 1.1189
v 0.3630 6.7382 1.0820
v 0.4165 7.0531 1.1112
v 0.3643 6.7393 1.0743
v 0.4151 7.0153 1.1157
v 0.4023 6.9723 1.1020
v 0.4054 6.8890 1.0984
v 0.3825 6.8107 1.0827
v 0.4153 7.0161 1.1080
v 0.4027 6.9742 1.0944
v 0.4058 6.8910 1.0908
v 0.3838 6.8118 1.0751
v 0.3898 6.7833 1.0748
v 0.3840 6.7564 1.0743
v 0.3885 6.7822 1.0824
v 0.3827 6.7553 1.0819
v 0.6037 7.6853 0.8146
v 0.6362 7.3615 0.8245
v 0.6117 7.6856 0.8088
v 0.6442 7.3630 0.8188
v 0.6228 7.6527 0.8252
v 0.6360 7.6075 0.8334
v 0.6439 7.5258 0.8311
v 0.6352 7.4435 0.8303
v 0.6309 7.6530 0.8195
v 0.6440 7.6090 0.8277
v 0.6518 7.5273 0.8254
v 0.6432 7.4450 0.8246
v 0.4542 7.5658 1.1884
v 0.4862 7.2419 1.1984
v 0.4625 7.5661 1.1827
v 0.4944 7.2434 1.1927
v 0.4738 7.5332 1.1991
v 0.4871 7.4881 1.2072
v 0.4948 7.4063 1.2049
v 0.4855 7.3239 1.2042
v 0.4820 7.5335 1.1933
v 0.4953 7.4896 1.2015
v 0.5029 7.4079 1.1992
v 0.4937 7.3255 1.1984
v -0.6236 7.9654 0.9539
v -0.6667 7.6426 0.9603
v -0.6292 7.9657 0.9470
v -0.6722 7.6442 0.9535
v -0.6469 7.9334 0.9614
v -0.6638 7.8887 0.9675
v -0.6725 7.8072 0.9645
v -0.6658 7.7247 0.9656
v -0.6526 7.9338 0.9546
v -0.6694 7.8903 0.9607
v -0.6781 7.8087 0.9577
v -0.6714 7.7262 0.9588
v -0.4985 7.1615 0.9762
v -0.4782 6.8474 0.9369
v -0.5020 7.1620 0.9693
v -0.4826 6.8482 0.9306
v -0.5098 7.1266 0.9794
v -0.5042 7.0829 0.9631
v -0.5089 6.9996 0.9645
v -0.4952 6.9204 0.9433
v -0.5133 7.1271 0.9725
v -0.5078 7.0846 0.9564
v -0.5124 7.0014 0.9577
v -0.4996 6.9212 0.9370
v -0.5001 6.8918 0.9483
v -0.4951 6.8649 0.9463
v -0.5046 6.8926 0.9420
v -0.4996 6.8657 0.9400
v -0.5425 7.3146 0.9701
v -0.5222 7.0006 0.9309
v -0.5460 7.3151 0.9632
v -0.5258 7.0023 0.9241
v -0.5539 7.2798 0.9733
v -0.5483 7.2360 0.9570
v -0.5529 7.1528 0.9584
v -0.5392 7.0735 0.9372
v -0.5574 7.2803 0.9665
v -0.5518 7.2377 0.9503
v -0.5565 7.1545 0.9517
v -0.5428 7.0752 0.9305
v -0.5500 7.0471 0.9309
v -0.5450 7.0201 0.9290
v -0.5464 7.0453 0.9376
v -0.5415 7.0184 0.9357
v -0.4567 7.1394 1.0362
v -0.4363 6.8254 0.9970
v -0.4601 7.1400 1.0293
v -0.4407 6.8263 0.9906
v -0.4680 7.1046 1.0395
v -0.4624 7.0608 1.0232
v -0.4670 6.9776 1.0245
v -0.4533 6.8983 1.0034
v -0.4715 7.1051 1.0326
v -0.4659 7.0626 1.0165
v -0.4706 6.9793 1.0178
v -0.4577 6.8992 0.9970
v -0.4634 6.8708 1.0005
v -0.4585 6.8439 0.9985
v -0.4590 6.8699 1.0068
v -0.4541 6.8430 1.0049
v -0.4802 7.2883 1.1150
v -0.4659 6.9991 1.1049
v -0.4836 7.2889 1.1081
v -0.4682 6.9930 1.1007
v -0.4915 7.2535 1.1182
v -0.4859 7.2097 1.1019
v -0.4906 7.1265 1.1032
v -0.4833 7.0695 1.0871
v -0.4950 7.2540 1.1113
v -0.4895 7.2115 1.0952
v -0.4941 7.1283 1.0965
v -0.4876 7.0705 1.0808
v -0.4892 7.0393 1.0738
v -0.4786 7.0065 1.0789
v -0.4850 7.0405 1.0803
v -0.4762 7.0126 1.0831
v -0.5152 7.4547 1.1673
v -0.4956 7.1566 1.1421
v -0.5187 7.4552 1.1604
v -0.5000 7.1575 1.1358
v -0.5148 7.4185 1.1705
v -0.5091 7.3747 1.1542
v -0.5138 7.2915 1.1556
v -0.4997 7.2390 1.1425
v -0.5182 7.4190 1.1636
v -0.5127 7.3765 1.1475
v -0.5173 7.2933 1.1488
v -0.5040 7.2399 1.1361
v -0.4988 7.2118 1.1437
v -0.4975 7.1844 1.1436
v -0.4944 7.2109 1.1500
v -0.4931 7.1835 1.1499
v -0.5710 7.3611 0.9165
v -0.5507 7.0470 0.8773
v -0.5745 7.3616 0.9096
v -0.5552 7.0478 0.8710
v -0.5824 7.3262 0.9198
v -0.5768 7.2825 0.9035
v -0.5814 7.1992 0.9048
v -0.5677 7.1200 0.8837
v -0.5859 7.3268 0.9129
v -0.5803 7.2842 0.8968
v -0.5850 7.2010 0.8981
v -0.5722 7.1208 0.8773
v -0.5726 7.0915 0.8887
v -0.5677 7.0645 0.8867
v -0.5771 7.0923 0.8824
v -0.5722 7.0653 0.8804
v -0.6184 7.5164 0.8759
v -0.5981 7.2023 0.8367
v -0.6219 7.5169 0.8691
v -0.6016 7.2041 0.8300
v -0.6298 7.4816 0.8792
v -0.6241 7.4378 0.8629
v -0.6288 7.3545 0.8642
v -0.6151 7.2753 0.8431
v -0.6332 7.4821 0.8723
v -0.6277 7.4395 0.8562
v -0.6323 7.3563 0.8575
v -0.6186 7.2770 0.8363
v -0.6258 7.2488 0.8368
v -0.6209 7.2219 0.8348
v -0.6223 7.2471 0.8435
v -0.6174 7.2201 0.8415
v -0.5292 7.3694 1.0132
v -0.5089 7.0554 0.9740
v -0.5327 7.3699 1.0063
v -0.5133 7.0563 0.9676
v -0.5406 7.3346 1.0164
v -0.5349 7.2908 1.0001
v -0.5396 7.2076 1.0015
v -0.5259 7.1283 0.9803
v -0.5440 7.3351 1.0096
v -0.5385 7.2926 0.9934
v -0.5431 7.2093 0.9948
v -0.5303 7.1292 0.9740
v -0.5360 7.1008 0.9775
v -0.5310 7.0738 0.9755
v -0.5316 7.0999 0.9838
v -0.5266 7.0730 0.9819
v -0.5895 7.5321 0.9513
v -0.5691 7.2181 0.9121
v -0.5929 7.5326 0.9444
v -0.5736 7.2189 0.9058
v -0.6008 7.4973 0.9546
v -0.5952 7.4535 0.9383
v -0.5998 7.3703 0.9396
v -0.5861 7.2910 0.9185
v -0.6043 7.4978 0.9477
v -0.5987 7.4552 0.9315
v -0.6034 7.3720 0.9329
v -0.5906 7.2919 0.9121
v -0.5962 7.2635 0.9156
v -0.5913 7.2365 0.9136
v -0.5918 7.2626 0.9219
v -0.5869 7.2356 0.9200
v -0.5392 7.5857 1.1653
v -0.5182 7.2657 1.1358
v -0.5356 7.5852 1.1721
v -0.5156 7.2598 1.1414
v -0.5507 7.5509 1.1685
v -0.5367 7.5059 1.1680
v -0.5485 7.4237 1.1552
v -0.5338 7.3419 1.1568
v -0.5471 7.5504 1.1754
v -0.5332 7.5066 1.1750
v -0.5450 7.4245 1.1622
v -0.5311 7.3418 1.1641
v -0.5185 7.3152 1.1636
v -0.5087 7.2869 1.1582
v -0.5212 7.3153 1.1563
v -0.5113 7.2869 1.1509
v -0.5790 7.5769 1.0764
v -0.5648 7.2876 1.0664
v -0.5825 7.5774 1.0695
v -0.5671 7.2815 1.0622
v -0.5904 7.5421 1.0797
v -0.5848 7.4983 1.0634
v -0.5894 7.4151 1.0647
v -0.5821 7.3581 1.0486
v -0.5939 7.5426 1.0728
v -0.5883 7.5000 1.0566
v -0.5930 7.4168 1.0580
v -0.5865 7.3590 1.0422
v -0.5880 7.3279 1.0353
v -0.5774 7.2951 1.0404
v -0.5839 7.3290 1.0417
v -0.5751 7.3011 1.0445
v -0.5246 7.5466 1.1393
v -0.5168 7.2499 1.1141
v -0.5281 7.5471 1.1324
v -0.5212 7.2508 1.1078
v -0.5360 7.5118 1.1425
v -0.5304 7.4680 1.1262
v -0.5350 7.3848 1.1276
v -0.5209 7.3322 1.1145
v -0.5395 7.5123 1.1357
v -0.5339 7.4697 1.1195
v -0.5386 7.3865 1.1209
v -0.5252 7.3331 1.1081
v -0.5200 7.3051 1.1157
v -0.5187 7.2777 1.1156
v -0.5157 7.3042 1.1220
v -0.5143 7.2767 1.1219
v -0.5469 7.5972 1.1431
v -0.5377 7.3021 1.1107
v -0.5504 7.5977 1.1362
v -0.5404 7.2970 1.1059
v -0.5583 7.5624 1.1464
v -0.5527 7.5186 1.1301
v -0.5573 7.4354 1.1314
v -0.5436 7.3561 1.1102
v -0.5617 7.5629 1.1395
v -0.5562 7.5204 1.1233
v -0.5609 7.4371 1.1247
v -0.5479 7.3572 1.1038
v -0.5482 7.3402 1.0926
v -0.5463 7.3127 1.0936
v -0.5439 7.3392 1.0990
v -0.5424 7.3165 1.1005
v -0.5705 7.6232 1.1114
v -0.5615 7.3045 1.0828
v -0.5740 7.6237 1.1045
v -0.5648 7.2995 1.0767
v -0.5819 7.5884 1.1146
v -0.5763 7.5446 1.0983
v -0.5756 7.4621 1.0969
v -0.5672 7.3821 1.0785
v -0.5853 7.5889 1.1077
v -0.5798 7.5463 1.0916
v -0.5791 7.4638 1.0902
v -0.5715 7.3831 1.0721
v -0.5743 7.3563 1.0636
v -0.5724 7.3287 1.0646
v -0.5701 7.3553 1.0700
v -0.5682 7.3277 1.0710
v -0.6755 7.9080 0.9466
v -0.6552 7.5940 0.9073
v -0.6790 7.9086 0.9397
v -0.6597 7.5948 0.9010
v -0.6868 7.8732 0.9498
v -0.6812 7.8294 0.9335
v -0.6859 7.7462 0.9348
v -0.6722 7.6670 0.9137
v -0.6903 7.8737 0.9429
v -0.6848 7.8312 0.9268
v -0.6894 7.7480 0.9281
v -0.6767 7.6678 0.9074
v -0.6771 7.6384 0.9187
v -0.6721 7.6115 0.9167
v -0.6816 7.6392 0.9124
v -0.6766 7.6123 0.9104
v -0.6486 7.7507 0.8600
v -0.6283 7.4367 0.8207
v -0.6521 7.7512 0.8531
v -0.6318 7.4384 0.8140
v -0.6599 7.7159 0.8632
v -0.6543 7.6721 0.8469
v -0.6590 7.5889 0.8482
v -0.6453 7.5096 0.8271
v -0.6634 7.7164 0.8563
v -0.6579 7.6738 0.8402
v -0.6625 7.5906 0.8415
v -0.6488 7.5113 0.8204
v -0.6560 7.4832 0.8208
v -0.6511 7.4562 0.8188
v -0.6525 7.4814 0.8275
v -0.6475 7.4545 0.8256
v -0.5831 7.5531 1.0587
v -0.5628 7.2390 1.0195
v -0.5866 7.5536 1.0518
v -0.5672 7.2399 1.0131
v -0.5945 7.5183 1.0620
v -0.5889 7.4745 1.0457
v -0.5935 7.3913 1.0470
v -0.5798 7.3120 1.0258
v -0.5979 7.5188 1.0551
v -0.5924 7.4762 1.0389
v -0.5971 7.3930 1.0403
v -0.5842 7.3129 1.0195
v -0.5899 7.2845 1.0230
v -0.5850 7.2575 1.0210
v -0.5855 7.2836 1.0293
v -0.5806 7.2566 1.0274
v -0.6335 7.8615 1.0137
v -0.6132 7.5474 0.9745
v -0.6370 7.8620 1.0068
v -0.6176 7.5483 0.9682
v -0.6449 7.8266 1.0170
v -0.6393 7.7829 1.0007
v -0.6439 7.6996 1.0020
v -0.6302 7.6204 0.9809
v -0.6483 7.8271 1.0101
v -0.6428 7.7846 0.9939
v -0.6474 7.7014 0.9953
v -0.6346 7.6212 0.9745
v -0.6403 7.5928 0.9780
v -0.6354 7.5658 0.9761
v -0.6359 7.5920 0.9843
v -0.6309 7.5650 0.9824
v -0.4251 7.0871 1.0553
v -0.4302 6.7619 1.0549
v -0.4288 7.0870 1.0479
v -0.4340 6.7630 1.0476
v -0.4385 7.0533 1.0585
v -0.4344 7.0078 1.0486
v -0.4426 6.9254 1.0560
v -0.4313 6.8439 1.0469
v -0.4423 7.0531 1.0511
v -0.4382 7.0089 1.0413
v -0.4464 6.9265 1.0487
v -0.4352 6.8450 1.0395
v -0.5283 7.5076 1.0637
v -0.5490 7.1830 1.0633
v -0.5321 7.5076 1.0563
v -0.5528 7.1843 1.0560
v -0.5433 7.4745 1.0669
v -0.5414 7.4288 1.0570
v -0.5536 7.3470 1.0645
v -0.5462 7.2649 1.0553
v -0.5471 7.4745 1.0595
v -0.5452 7.4301 1.0497
v -0.5573 7.3482 1.0571
v -0.5500 7.2662 1.0479
v -0.4887 7.3334 1.0113
v -0.5094 7.0088 1.0109
v -0.4924 7.3334 1.0039
v -0.5131 7.0101 1.0036
v -0.5037 7.3002 1.0145
v -0.5018 7.2546 1.0046
v -0.5139 7.1727 1.0121
v -0.5066 7.0907 1.0029
v -0.5075 7.3003 1.0071
v -0.5056 7.2559 0.9973
v -0.5177 7.1740 1.0047
v -0.5103 7.0920 0.9955
v -0.5378 7.3327 0.8270
v -0.5586 7.0081 0.8267
v -0.5416 7.3327 0.8197
v -0.5623 7.0093 0.8193
v -0.5529 7.2995 0.8302
v -0.5510 7.2539 0.8204
v -0.5631 7.1720 0.8278
v -0.5558 7.0900 0.8186
v -0.5567 7.2995 0.8229
v -0.5547 7.2551 0.8130
v -0.5669 7.1733 0.8205
v -0.5595 7.0913 0.8113
v -0.4398 7.2330 1.1146
v -0.4605 6.9084 1.1142
v -0.4436 7.2331 1.1072
v -0.4643 6.9097 1.1069
v -0.4548 7.1999 1.1178
v -0.4529 7.1542 1.1079
v -0.4651 7.0724 1.1153
v -0.4577 6.9903 1.1062
v -0.4586 7.1999 1.1104
v -0.4567 7.1555 1.1006
v -0.4688 7.0736 1.1080
v -0.4615 6.9916 1.0988
v -0.4157 7.0894 0.9578
v -0.4365 6.7648 0.9575
v -0.4195 7.0894 0.9505
v -0.4402 6.7661 0.9501
v -0.4308 7.0563 0.9610
v -0.4289 7.0106 0.9511
v -0.4410 6.9288 0.9586
v -0.4336 6.8467 0.9494
v -0.4346 7.0563 0.9537
v -0.4326 7.0119 0.9438
v -0.4447 6.9300 0.9513
v -0.4374 6.8480 0.9421
v -0.4832 7.4668 1.1687
v -0.5035 7.1421 1.1683
v -0.4871 7.4668 1.1613
v -0.5074 7.1434 1.1610
v -0.4986 7.4337 1.1719
v -0.4965 7.3880 1.1620
v -0.5087 7.3061 1.1694
v -0.5009 7.2241 1.1603
v -0.5025 7.4337 1.1645
v -0.5003 7.3893 1.1546
v -0.5125 7.3074 1.1621
v -0.5048 7.2254 1.1529
v -0.4865 7.3936 1.0805
v -0.5073 7.0690 1.0802
v -0.4903 7.3937 1.0732
v -0.5110 7.0703 1.0728
v -0.5016 7.3605 1.0837
v -0.4997 7.3148 1.0739
v -0.5118 7.2330 1.0813
v -0.5045 7.1510 1.0721
v -0.5054 7.3605 1.0764
v -0.5034 7.3161 1.0665
v -0.5156 7.2342 1.0740
v -0.5082 7.1522 1.0648
v -0.5328 7.3566 0.8714
v -0.5536 7.0320 0.8710
v -0.5366 7.3566 0.8640
v -0.5573 7.0332 0.8637
v -0.5479 7.3234 0.8746
v -0.5460 7.2778 0.8647
v -0.5581 7.1959 0.8722
v -0.5507 7.1139 0.8630
v -0.5517 7.3234 0.8672
v -0.5497 7.2790 0.8574
v -0.5619 7.1972 0.8648
v -0.5545 7.1152 0.8557
v -0.5676 7.4457 0.8072
v -0.5883 7.1211 0.8068
v -0.5714 7.4457 0.7998
v -0.5921 7.1223 0.7995
v -0.5826 7.4125 0.8104
v -0.5807 7.3669 0.8005
v -0.5929 7.2850 0.8080
v -0.5855 7.2030 0.7988
v -0.5864 7.4125 0.8030
v -0.5845 7.3681 0.7932
v -0.5966 7.2863 0.8006
v -0.5893 7.2043 0.7915
v -0.5744 7.5877 1.0003
v -0.5951 7.2631 1.0000
v -0.5782 7.5877 0.9930
v -0.5989 7.2644 0.9926
v -0.5894 7.5545 1.0035
v -0.5875 7.5089 0.9937
v -0.5997 7.4270 1.0011
v -0.5923 7.3450 0.9919
v -0.5932 7.5546 0.9962
v -0.5913 7.5102 0.9863
v -0.6034 7.4283 0.9938
v -0.5961 7.3463 0.9846
v -0.5094 7.3843 0.9569
v -0.5301 7.0597 0.9565
v -0.5131 7.3843 0.9495
v -0.5339 7.0610 0.9492
v -0.5244 7.3512 0.9601
v -0.5225 7.3055 0.9502
v -0.5346 7.2236 0.9576
v -0.5273 7.1416 0.9485
v -0.5282 7.3512 0.9527
v -0.5263 7.3068 0.9429
v -0.5384 7.2249 0.9503
v -0.5310 7.1429 0.9411
v -0.5469 7.3517 0.9494
v -0.5676 7.0271 0.9490
v -0.5507 7.3518 0.9420
v -0.5714 7.0284 0.9417
v -0.5620 7.3186 0.9526
v -0.5601 7.2729 0.9427
v -0.5722 7.1911 0.9502
v -0.5648 7.1091 0.9410
v -0.5657 7.3186 0.9452
v -0.5638 7.2742 0.9354
v -0.5759 7.1923 0.9428
v -0.5686 7.1103 0.9337
v -0.4882 7.5510 1.1856
v -0.5086 7.2264 1.1852
v -0.4921 7.5511 1.1782
v -0.5124 7.2277 1.1779
v -0.5036 7.5179 1.1888
v -0.5015 7.4722 1.1789
v -0.5137 7.3904 1.1864
v -0.5059 7.3083 1.1772
v -0.5075 7.5180 1.1814
v -0.5054 7.4735 1.1716
v -0.5176 7.3917 1.1790
v -0.5098 7.3096 1.1699
v -0.5399 7.6259 1.0948
v -0.5606 7.3013 1.0944
v -0.5437 7.6259 1.0874
v -0.5644 7.3025 1.0871
v -0.5549 7.5927 1.0980
v -0.5530 7.5471 1.0881
v -0.5652 7.4652 1.0956
v -0.5578 7.3832 1.0864
v -0.5587 7.5927 1.0906
v -0.5568 7.5483 1.0808
v -0.5689 7.4665 1.0882
v -0.5616 7.3845 1.0790
v -0.6251 7.7853 0.9559
v -0.6458 7.4607 0.9555
v -0.6289 7.7854 0.9485
v -0.6496 7.4620 0.9482
v -0.6402 7.7522 0.9591
v -0.6383 7.7065 0.9492
v -0.6504 7.6247 0.9566
v -0.6430 7.5427 0.9475
v -0.6440 7.7522 0.9517
v -0.6420 7.7078 0.9418
v -0.6541 7.6259 0.9493
v -0.6468 7.5439 0.9401
v -0.6597 7.8813 0.8955
v -0.6804 7.5567 0.8952
v -0.6634 7.8813 0.8882
v -0.6841 7.5579 0.8878
v -0.6747 7.8481 0.8987
v -0.6728 7.8025 0.8888
v -0.6849 7.7206 0.8963
v -0.6776 7.6386 0.8871
v -0.6785 7.8481 0.8914
v -0.6766 7.8037 0.8815
v -0.6887 7.7219 0.8890
v -0.6813 7.6399 0.8798
v -0.5918 7.7624 1.0210
v -0.6126 7.4378 1.0206
v -0.5956 7.7624 1.0136
v -0.6163 7.4391 1.0133
v -0.6069 7.7293 1.0242
v -0.6050 7.6836 1.0143
v -0.6171 7.6017 1.0218
v -0.6097 7.5197 1.0126
v -0.6107 7.7293 1.0168
v -0.6087 7.6849 1.0070
v -0.6208 7.6030 1.0144
v -0.6135 7.5210 1.0052
v -0.6412 7.6830 0.8329
v -0.6620 7.3584 0.8326
v -0.6450 7.6830 0.8256
v -0.6657 7.3596 0.8252
v -0.6563 7.6498 0.8361
v -0.6544 7.6042 0.8263
v -0.6665 7.5223 0.8337
v -0.6591 7.4403 0.8245
v -0.6601 7.6498 0.8288
v -0.6581 7.6054 0.8189
v -0.6703 7.5236 0.8264
v -0.6629 7.4416 0.8172
v -0.4968 7.1928 0.8966
v -0.4783 6.8679 0.9060
v -0.5057 7.1918 0.8914
v -0.4872 6.8681 0.9008
v -0.5091 7.1576 0.9082
v -0.5139 7.1110 0.9168
v -0.5096 7.0290 0.9144
v -0.4887 6.9490 0.9123
v -0.5179 7.1567 0.9030
v -0.5229 7.1113 0.9117
v -0.5186 7.0293 0.9092
v -0.4977 6.9493 0.9072
v -0.5693 7.6159 0.9403
v -0.5842 7.2908 0.9503
v -0.5773 7.6157 0.9346
v -0.5922 7.2919 0.9446
v -0.5866 7.5823 0.9510
v -0.5973 7.5365 0.9592
v -0.6007 7.4544 0.9569
v -0.5876 7.3727 0.9561
v -0.5947 7.5821 0.9453
v -0.6054 7.5375 0.9535
v -0.6088 7.4555 0.9512
v -0.5957 7.3738 0.9504
v -0.3935 7.0262 1.0653
v -0.3749 6.7013 1.0746
v -0.4024 7.0252 1.0601
v -0.3839 6.7016 1.0695
v -0.4058 6.9911 1.0768
v -0.4106 6.9445 1.0855
v -0.4063 6.8625 1.0830
v -0.3854 6.7825 1.0810
v -0.4146 6.9901 1.0717
v -0.4195 6.9447 1.0803
v -0.4153 6.8628 1.0779
v -0.3944 6.7827 1.0758
v -0.5936 7.6536 0.8785
v -0.6532 7.3335 0.8850
v -0.5992 7.6542 0.8717
v -0.6587 7.3353 0.8782
v -0.6185 7.6229 0.8860
v -0.6377 7.5791 0.8922
v -0.6506 7.4981 0.8892
v -0.6482 7.4154 0.8903
v -0.6242 7.6235 0.8792
v -0.6432 7.5810 0.8854
v -0.6561 7.5000 0.8824
v -0.6536 7.4172 0.8835
v -0.5645 7.3428 0.8388
v -0.5615 7.0174 0.8482
v -0.5734 7.3423 0.8337
v -0.5704 7.0180 0.8430
v -0.5784 7.3083 0.8504
v -0.5854 7.2620 0.8590
v -0.5851 7.1799 0.8566
v -0.5681 7.0990 0.8545
v -0.5873 7.3078 0.8452
v -0.5944 7.2627 0.8539
v -0.5940 7.1806 0.8514
v -0.5770 7.0996 0.8494
v -0.5263 7.4339 1.0160
v -0.5412 7.1089 1.0260
v -0.5343 7.4338 1.0103
v -0.5492 7.1099 1.0203
v -0.5436 7.4003 1.0267
v -0.5543 7.3545 1.0349
v -0.5577 7.2725 1.0326
v -0.5446 7.1908 1.0318
v -0.5517 7.4002 1.0210
v -0.5624 7.3556 1.0292
v -0.5658 7.2736 1.0269
v -0.5527 7.1918 1.0261
v -0.4466 7.1272 0.9757
v -0.4280 6.8024 0.9850
v -0.4554 7.1263 0.9705
v -0.4370 6.8026 0.9799
v -0.4588 7.0921 0.9873
v -0.4636 7.0455 0.9959
v -0.4593 6.9635 0.9935
v -0.4385 6.8835 0.9914
v -0.4676 7.0912 0.9821
v -0.4726 7.0458 0.9908
v -0.4683 6.9638 0.9883
v -0.4474 6.8838 0.9863
v -0.5154 7.1278 0.9278
v -0.4575 6.8183 0.8909
v -0.5157 7.1285 0.9201
v -0.4589 6.8193 0.8832
v -0.5245 7.0923 0.9246
v -0.5093 7.0500 0.9109
v -0.5079 6.9667 0.9073
v -0.4808 6.8897 0.8916
v -0.5247 7.0930 0.9169
v -0.5098 7.0519 0.9033
v -0.5084 6.9686 0.8997
v -0.4823 6.8907 0.8839
v -0.4853 6.8607 0.8930
v -0.4780 6.8342 0.8925
v -0.4867 6.8617 0.8854
v -0.4794 6.8352 0.8849
v -0.5183 7.1841 0.8786
v -0.4604 6.8746 0.8417
v -0.5186 7.1849 0.8709
v -0.4608 6.8766 0.8341
v -0.5274 7.1486 0.8754
v -0.5122 7.1063 0.8617
v -0.5108 7.0230 0.8581
v -0.4837 6.9460 0.8424
v -0.5276 7.1494 0.8677
v -0.5127 7.1082 0.8541
v -0.5113 7.0250 0.8505
v -0.4842 6.9480 0.8348
v -0.4888 6.9195 0.8311
v -0.4816 6.8930 0.8306
v -0.4883 6.9175 0.8387
v -0.4811 6.8910 0.8382
v -0.4159 6.9932 1.1263
v -0.3580 6.6838 1.0894
v -0.4162 6.9940 1.1186
v -0.3593 6.6848 1.0817
v -0.4250 6.9577 1.1231
v -0.4098 6.9154 1.1094
v -0.4084 6.8321 1.1058
v -0.3813 6.7552 1.0901
v -0.4252 6.9585 1.1153
v -0.4103 6.9174 1.1018
v -0.4089 6.8341 1.0982
v -0.3827 6.7562 1.0824
v -0.3872 6.7274 1.0821
v -0.3799 6.7009 1.0817
v -0.3858 6.7263 1.0898
v -0.3786 6.6998 1.0893
v -0.4615 7.0333 1.0423
v -0.4035 6.7238 1.0054
v -0.4617 7.0341 1.0346
v -0.4049 6.7248 0.9978
v -0.4705 6.9978 1.0391
v -0.4554 6.9555 1.0254
v -0.4539 6.8722 1.0218
v -0.4269 6.7952 1.0061
v -0.4708 6.9986 1.0314
v -0.4558 6.9574 1.0178
v -0.4544 6.8742 1.0142
v -0.4283 6.7962 0.9985
v -0.4327 6.7674 0.9982
v -0.4255 6.7409 0.9977
v -0.4313 6.7664 1.0058
v -0.4241 6.7399 1.0053
v -0.5966 7.6207 0.8898
v -0.6115 7.2957 0.8998
v -0.6046 7.6206 0.8841
v -0.6196 7.2967 0.8941
v -0.6140 7.5871 0.9005
v -0.6247 7.5413 0.9087
v -0.6281 7.4593 0.9064
v -0.6150 7.3776 0.9056
v -0.6220 7.5870 0.8948
v -0.6327 7.5424 0.9030
v -0.6361 7.4604 0.9007
v -0.6230 7.3786 0.8999
v -0.6137 7.6294 0.8283
v -0.6286 7.3044 0.8383
v -0.6217 7.6293 0.8226
v -0.6367 7.3054 0.8326
v -0.6311 7.5958 0.8390
v -0.6418 7.5500 0.8471
v -0.6452 7.4680 0.8448
v -0.6321 7.3862 0.8441
v -0.6391 7.5957 0.8332
v -0.6498 7.5511 0.8414
v -0.6532 7.4690 0.8391
v -0.6401 7.3873 0.8384
v -0.5206 7.5893 1.1141
v -0.5355 7.2642 1.1241
v -0.5286 7.5891 1.1084
v -0.5436 7.2653 1.1184
v -0.5379 7.5557 1.1247
v -0.5486 7.5098 1.1329
v -0.5521 7.4278 1.1306
v -0.5389 7.3461 1.1298
v -0.5460 7.5555 1.1190
v -0.5567 7.5109 1.1272
v -0.5601 7.4289 1.1249
v -0.5470 7.3472 1.1241
v -0.6441 8.0469 0.8971
v -0.7037 7.7268 0.9036
v -0.6497 8.0475 0.8903
v -0.7091 7.7286 0.8968
v -0.6690 8.0162 0.9046
v -0.6882 7.9724 0.9108
v -0.7011 7.8914 0.9078
v -0.6986 7.8087 0.9089
v -0.6746 8.0168 0.8978
v -0.6937 7.9743 0.9040
v -0.7066 7.8933 0.9010
v -0.7041 7.8105 0.9021
v -0.6441 8.0000 0.8384
v -0.7037 7.6798 0.8448
v -0.6497 8.0006 0.8315
v -0.7091 7.6817 0.8380
v -0.6690 7.9693 0.8459
v -0.6882 7.9255 0.8520
v -0.7011 7.8445 0.8490
v -0.6986 7.7617 0.8501
v -0.6746 7.9699 0.8391
v -0.6937 7.9274 0.8452
v -0.7066 7.8463 0.8422
v -0.7041 7.7636 0.8433
v -0.5782 7.8416 1.0486
v -0.6213 7.5189 1.0551
v -0.5839 7.8420 1.0418
v -0.6269 7.5204 1.0483
v -0.6015 7.8097 1.0561
v -0.6185 7.7650 1.0623
v -0.6272 7.6834 1.0593
v -0.6205 7.6009 1.0604
v -0.6072 7.8100 1.0493
v -0.6240 7.7666 1.0555
v -0.6328 7.6850 1.0525
v -0.6261 7.6025 1.0536
v -0.5782 7.9326 1.0308
v -0.6213 7.6098 1.0372
v -0.5839 7.9330 1.0240
v -0.6269 7.6114 1.0304
v -0.6015 7.9007 1.0383
v -0.6185 7.8560 1.0444
v -0.6272 7.7744 1.0415
v -0.6205 7.6919 1.0425
v -0.6072 7.9010 1.0315
v -0.6240 7.8575 1.0376
v -0.6328 7.7760 1.0347
v -0.6261 7.6935 1.0357
v -0.4985 7.2180 0.9583
v -0.4782 6.9039 0.9191
v -0.5020 7.2185 0.9514
v -0.4826 6.9047 0.9128
v -0.5098 7.1831 0.9616
v -0.5042 7.1394 0.9453
v -0.5089 7.0561 0.9466
v -0.4952 6.9769 0.9255
v -0.5133 7.1836 0.9547
v -0.5078 7.1411 0.9386
v -0.5124 7.0579 0.9399
v -0.4996 6.9777 0.9191
v -0.5001 6.9483 0.9305
v -0.4951 6.9214 0.9285
v -0.5046 6.9491 0.9241
v -0.4996 6.9222 0.9222
v -0.4802 7.3448 1.0971
v -0.4659 7.0556 1.0871
v -0.4836 7.3454 1.0902
v -0.4682 7.0495 1.0829
v -0.4915 7.3100 1.1004
v -0.4859 7.2662 1.0841
v -0.4906 7.1830 1.0854
v -0.4833 7.1260 1.0693
v -0.4950 7.3105 1.0935
v -0.4895 7.2680 1.0773
v -0.4941 7.1848 1.0787
v -0.4876 7.1270 1.0629
v -0.4892 7.0958 1.0560
v -0.4786 7.0630 1.0611
v -0.4850 7.0970 1.0624
v -0.4762 7.0691 1.0652
v -0.5034 7.5100 1.1495
v -0.4956 7.2133 1.1243
v -0.5069 7.5105 1.1426
v -0.5000 7.2142 1.1179
v -0.5148 7.4752 1.1527
v -0.5091 7.4314 1.1364
v -0.5138 7.3482 1.1377
v -0.4996 7.2956 1.1246
v -0.5182 7.4757 1.1458
v -0.5127 7.4331 1.1297
v -0.5173 7.3499 1.1310
v -0.5040 7.2965 1.1183
v -0.4988 7.2685 1.1258
v -0.4975 7.2411 1.1257
v -0.4944 7.2676 1.1322
v -0.4931 7.2401 1.1321
v -0.6105 7.6099 0.9335
v -0.6094 7.2952 0.8942
v -0.6140 7.6106 0.9266
v -0.6138 7.2963 0.8879
v -0.6240 7.5758 0.9367
v -0.6211 7.5318 0.9204
v -0.6308 7.4490 0.9218
v -0.6219 7.3690 0.9006
v -0.6274 7.5765 0.9298
v -0.6245 7.5337 0.9137
v -0.6342 7.4509 0.9150
v -0.6263 7.3701 0.8943
v -0.6337 7.3421 0.8978
v -0.6304 7.3149 0.8958
v -0.6293 7.3410 0.9041
v -0.6261 7.3138 0.9021
v -0.5790 7.6334 1.0586
v -0.5648 7.3441 1.0485
v -0.5825 7.6339 1.0517
v -0.5671 7.3380 1.0443
v -0.5904 7.5986 1.0618
v -0.5848 7.5548 1.0455
v -0.5894 7.4716 1.0469
v -0.5821 7.4146 1.0308
v -0.5939 7.5991 1.0549
v -0.5883 7.5565 1.0388
v -0.5930 7.4733 1.0401
v -0.5865 7.4155 1.0244
v -0.5880 7.3844 1.0174
v -0.5774 7.3516 1.0225
v -0.5839 7.3855 1.0239
v -0.5751 7.3576 1.0267
v -0.5469 7.6224 1.1354
v -0.5377 7.3273 1.1029
v -0.5504 7.6229 1.1285
v -0.5404 7.3222 1.0981
v -0.5583 7.5876 1.1386
v -0.5527 7.5438 1.1223
v -0.5573 7.4606 1.1237
v -0.5436 7.3813 1.1025
v -0.5617 7.5881 1.1318
v -0.5562 7.5455 1.1156
v -0.5609 7.4623 1.1170
v -0.5479 7.3823 1.0961
v -0.5482 7.3654 1.0849
v -0.5463 7.3378 1.0859
v -0.5439 7.3643 1.0913
v -0.5424 7.3417 1.0928
v -0.6656 7.9645 0.9287
v -0.6452 7.6505 0.8895
v -0.6690 7.9651 0.9218
v -0.6497 7.6513 0.8832
v -0.6769 7.9297 0.9320
v -0.6713 7.8859 0.9157
v -0.6759 7.8027 0.9170
v -0.6622 7.7234 0.8958
v -0.6804 7.9302 0.9251
v -0.6748 7.8877 0.9089
v -0.6795 7.8045 0.9103
v -0.6667 7.7243 0.8895
v -0.6671 7.6949 0.9008
v -0.6622 7.6680 0.8989
v -0.6716 7.6957 0.8945
v -0.6667 7.6688 0.8926
v -0.6486 7.8072 0.8421
v -0.6283 7.4932 0.8029
v -0.6521 7.8077 0.8352
v -0.6318 7.4949 0.7961
v -0.6599 7.7724 0.8454
v -0.6543 7.7286 0.8291
v -0.6590 7.6454 0.8304
v -0.6453 7.5661 0.8092
v -0.6634 7.7729 0.8385
v -0.6579 7.7303 0.8223
v -0.6625 7.6471 0.8237
v -0.6488 7.5678 0.8025
v -0.6560 7.5397 0.8029
v -0.6511 7.5127 0.8010
v -0.6525 7.5379 0.8097
v -0.6475 7.5110 0.8077
v -0.6465 7.9145 0.9959
v -0.6262 7.6004 0.9567
v -0.6500 7.9150 0.9890
v -0.6306 7.6013 0.9504
v -0.6579 7.8796 0.9992
v -0.6523 7.8359 0.9829
v -0.6569 7.7526 0.9842
v -0.6432 7.6734 0.9631
v -0.6613 7.8802 0.9923
v -0.6558 7.8376 0.9762
v -0.6604 7.7544 0.9775
v -0.6476 7.6742 0.9567
v -0.6533 7.6458 0.9602
v -0.6484 7.6188 0.9583
v -0.6489 7.6450 0.9665
v -0.6439 7.6180 0.9646
v -0.4251 7.1436 1.0374
v -0.4302 6.8184 1.0371
v -0.4288 7.1435 1.0301
v -0.4340 6.8195 1.0297
v -0.4385 7.1098 1.0406
v -0.4344 7.0643 1.0308
v -0.4426 6.9819 1.0382
v -0.4313 6.9004 1.0290
v -0.4423 7.1096 1.0333
v -0.4382 7.0654 1.0234
v -0.4464 6.9830 1.0309
v -0.4352 6.9015 1.0217
v -0.5283 7.5641 1.0458
v -0.5490 7.2395 1.0455
v -0.5321 7.5641 1.0385
v -0.5528 7.2408 1.0381
v -0.5433 7.5310 1.0490
v -0.5414 7.4853 1.0392
v -0.5536 7.4034 1.0466
v -0.5462 7.3214 1.0374
v -0.5471 7.5310 1.0417
v -0.5452 7.4866 1.0318
v -0.5573 7.4047 1.0393
v -0.5500 7.3227 1.0301
v -0.5744 7.6409 0.9759
v -0.5951 7.3163 0.9756
v -0.5782 7.6410 0.9686
v -0.5989 7.3176 0.9682
v -0.5894 7.6078 0.9791
v -0.5875 7.5621 0.9693
v -0.5997 7.4803 0.9767
v -0.5923 7.3983 0.9675
v -0.5932 7.6078 0.9718
v -0.5913 7.5634 0.9619
v -0.6034 7.4815 0.9694
v -0.5961 7.3995 0.9602
v -0.6114 7.6952 0.8530
v -0.6710 7.3751 0.8595
v -0.6170 7.6959 0.8462
v -0.6765 7.3770 0.8527
v -0.6363 7.6645 0.8606
v -0.6555 7.6208 0.8667
v -0.6684 7.5398 0.8637
v -0.6659 7.4570 0.8648
v -0.6420 7.6652 0.8537
v -0.6610 7.6226 0.8599
v -0.6739 7.5416 0.8569
v -0.6714 7.4589 0.8580
v -0.5263 7.4904 0.9982
v -0.5412 7.1653 1.0082
v -0.5343 7.4903 0.9925
v -0.5492 7.1664 1.0025
v -0.5436 7.4568 1.0089
v -0.5543 7.4110 1.0170
v -0.5577 7.3290 1.0147
v -0.5446 7.2472 1.0140
v -0.5517 7.4567 1.0031
v -0.5624 7.4121 1.0113
v -0.5658 7.3300 1.0090
v -0.5527 7.2483 1.0083
v -0.5154 7.1843 0.9099
v -0.4575 6.8748 0.8730
v -0.5157 7.1850 0.9022
v -0.4589 6.8758 0.8654
v -0.5245 7.1488 0.9067
v -0.5093 7.1064 0.8930
v -0.5079 7.0232 0.8895
v -0.4808 6.9462 0.8737
v -0.5247 7.1495 0.8990
v -0.5098 7.1084 0.8855
v -0.5084 7.0251 0.8819
v -0.4823 6.9472 0.8661
v -0.4853 6.9172 0.8752
v -0.4780 6.8907 0.8747
v -0.4867 6.9182 0.8675
v -0.4794 6.8917 0.8670
v -0.4159 7.0497 1.1084
v -0.3580 6.7403 1.0715
v -0.4162 7.0505 1.1007
v -0.3593 6.7413 1.0639
v -0.4250 7.0142 1.1052
v -0.4098 6.9719 1.0915
v -0.4084 6.8886 1.0879
v -0.3813 6.8117 1.0722
v -0.4252 7.0150 1.0975
v -0.4103 6.9739 1.0840
v -0.4089 6.8906 1.0804
v -0.3827 6.8127 1.0646
v -0.3872 6.7839 1.0643
v -0.3799 6.7574 1.0638
v -0.3858 6.7828 1.0719
v -0.3786 6.7563 1.0714
v -0.6137 7.6843 0.7966
v -0.6286 7.3592 0.8066
v -0.6217 7.6841 0.7909
v -0.6367 7.3603 0.8009
v -0.6311 7.6507 0.8073
v -0.6418 7.6049 0.8154
v -0.6452 7.5228 0.8131
v -0.6321 7.4411 0.8124
v -0.6391 7.6505 0.8015
v -0.6498 7.6059 0.8097
v -0.6532 7.5239 0.8074
v -0.6401 7.4422 0.8067
v -0.1183 6.9473 1.4904
v -0.0807 6.5520 1.5139
v -0.1248 6.9463 1.4865
v -0.0842 6.5427 1.5126
v -0.1224 6.9004 1.5041
v -0.1215 6.8372 1.4935
v -0.1157 6.7243 1.5086
v -0.1119 6.6432 1.4991
v -0.1289 6.8994 1.5003
v -0.1281 6.8379 1.4897
v -0.1224 6.7250 1.5048
v -0.1189 6.6429 1.4961
v -0.1205 6.5989 1.4954
v -0.1055 6.5557 1.4983
v -0.1138 6.6020 1.4984
v -0.1020 6.5650 1.4997
v -0.0210 7.1561 1.5360
v -0.0136 6.7599 1.5720
v -0.0117 7.1557 1.5339
v -0.0042 6.7615 1.5700
v -0.0088 7.1159 1.5552
v -0.0020 7.0603 1.5918
v 0.0011 6.9576 1.6125
v -0.0115 6.8589 1.5881
v 0.0006 7.1155 1.5532
v 0.0074 7.0615 1.5896
v 0.0105 6.9592 1.6106
v -0.0022 6.8604 1.5861
v -0.0388 6.9795 1.5443
v -0.0110 6.5736 1.5699
v -0.0455 6.9783 1.5404
v -0.0165 6.5663 1.5676
v -0.0430 6.9333 1.5591
v -0.0420 6.8697 1.5500
v -0.0330 6.7577 1.5625
v -0.0268 6.6445 1.5563
v -0.0497 6.9321 1.5553
v -0.0489 6.8702 1.5462
v -0.0399 6.7582 1.5587
v -0.0340 6.6441 1.5533
v -0.0381 6.6168 1.5524
v -0.0328 6.5924 1.5569
v -0.0308 6.6171 1.5555
v -0.0256 6.5927 1.5599
v 0.0162 6.9771 1.5528
v 0.0071 6.5473 1.5674
v 0.0229 6.9771 1.5567
v 0.0124 6.5398 1.5714
v 0.0082 6.9312 1.5665
v 0.0195 6.8682 1.5648
v 0.0023 6.7551 1.5719
v 0.0153 6.6420 1.5768
v 0.0150 6.9312 1.5704
v 0.0263 6.8699 1.5687
v 0.0091 6.7568 1.5758
v 0.0216 6.6428 1.5814
v 0.0318 6.6165 1.5779
v 0.0276 6.5788 1.5778
v 0.0255 6.6157 1.5733
v 0.0213 6.5779 1.5732
v 0.0181 7.2991 1.5334
v 0.0207 6.8220 1.5884
v 0.0110 7.2980 1.5271
v 0.0135 6.8242 1.5822
v 0.0003 7.2503 1.5565
v -0.0094 7.1835 1.5940
v -0.0073 7.0614 1.6102
v 0.0111 6.9416 1.6004
v -0.0067 7.2492 1.5502
v -0.0165 7.1841 1.5876
v -0.0146 7.0636 1.6040
v 0.0039 6.9438 1.5942
v 0.0384 6.9440 1.4904
v 0.0057 6.5853 1.5139
v 0.0451 6.9430 1.4865
v 0.0092 6.5773 1.5126
v 0.0426 6.8972 1.5041
v 0.0416 6.8340 1.4935
v 0.0357 6.7325 1.5086
v 0.0317 6.6513 1.4991
v 0.0493 6.8962 1.5003
v 0.0484 6.8347 1.4897
v 0.0425 6.7331 1.5048
v 0.0390 6.6510 1.4961
v 0.0406 6.6257 1.4954
v 0.0313 6.5885 1.4983
v 0.0337 6.6285 1.4984
v 0.0277 6.5965 1.4997
v -0.6170 8.0733 1.0923
v -0.6648 8.0733 0.9332
v -0.6721 8.0733 0.8296
v -0.0763 6.5098 1.5566
v -0.1293 6.5290 1.4720
v -0.1804 6.5866 1.3338
v -0.2328 6.6594 1.2156
v -0.2900 6.7485 1.0697
v -0.3251 6.8235 0.9332
v -0.3455 6.8666 0.8661
v -0.0000 6.7689 1.6129
v -0.0970 7.2479 1.5182
v -0.0931 7.1088 1.5525
v -0.0894 6.9698 1.5780
v -0.0809 6.7716 1.5728
v -0.2106 7.2462 1.4313
v -0.2094 7.1077 1.4612
v -0.1832 6.9692 1.4815
v -0.1508 6.7786 1.4857
v -0.3865 7.5079 1.3421
v -0.3374 7.3715 1.3593
v -0.2789 7.2470 1.3558
v -0.2767 7.1091 1.3531
v -0.2442 6.9713 1.3547
v -0.2066 6.8358 1.3582
v -0.4748 7.6572 1.2478
v -0.4616 7.5079 1.2437
v -0.4561 7.3715 1.2394
v -0.4233 7.2465 1.2330
v -0.3827 7.1088 1.2295
v -0.3238 6.9712 1.2261
v -0.2723 6.8681 1.2226
v -0.5914 7.7988 1.0923
v -0.5487 7.6571 1.0919
v -0.5538 7.5079 1.0889
v -0.5284 7.3715 1.0861
v -0.4892 7.2464 1.0836
v -0.4465 7.1088 1.0808
v -0.4065 6.9712 1.0780
v -0.3474 6.8670 1.0752
v -0.6581 7.7988 0.9332
v -0.6443 7.6572 0.9332
v -0.6068 7.5079 0.9332
v -0.5736 7.3715 0.9332
v -0.5351 7.2464 0.9332
v -0.4883 7.1088 0.9332
v -0.4367 6.9712 0.9332
v -0.3592 6.8670 0.9332
v -0.6678 7.7988 0.7967
v -0.6399 7.6572 0.7761
v -0.6026 7.5079 0.7639
v -0.5650 7.3715 0.7639
v -0.5166 7.2465 0.7639
v -0.4712 7.1088 0.7883
v -0.4287 6.9712 0.8052
v -0.3936 6.9150 0.8193
v -0.6267 7.9245 1.0923
v -0.6733 7.9245 0.9332
v -0.6833 7.9245 0.8096
v -0.0000 6.5201 1.6025
v 0.6142 8.0733 1.0923
v 0.6620 8.0733 0.9328
v 0.6693 8.0733 0.8296
v 0.0761 6.5098 1.5566
v 0.1291 6.5290 1.4720
v 0.1802 6.5866 1.3338
v 0.2326 6.6594 1.2156
v 0.2871 6.7485 1.0697
v 0.3223 6.8235 0.9328
v 0.3427 6.8666 0.8661
v -0.0000 7.2473 1.5439
v -0.0000 7.1082 1.5824
v -0.0000 6.9692 1.6078
v 0.0968 7.2479 1.5182
v 0.0929 7.1088 1.5525
v 0.0892 6.9698 1.5698
v 0.0807 6.7716 1.5647
v 0.2104 7.2462 1.4313
v 0.2092 7.1077 1.4612
v 0.1830 6.9692 1.4815
v 0.1506 6.7786 1.4857
v 0.3863 7.5079 1.3421
v 0.3372 7.3715 1.3593
v 0.2787 7.2470 1.3558
v 0.2765 7.1091 1.3531
v 0.2440 6.9713 1.3547
v 0.2064 6.8358 1.3582
v 0.4746 7.6572 1.2478
v 0.4614 7.5079 1.2437
v 0.4559 7.3715 1.2394
v 0.4231 7.2465 1.2330
v 0.3825 7.1088 1.2295
v 0.3236 6.9712 1.2261
v 0.2721 6.8681 1.2226
v 0.5886 7.7988 1.0923
v 0.5459 7.6571 1.0919
v 0.5510 7.5079 1.0889
v 0.5256 7.3715 1.0861
v 0.4864 7.2464 1.0836
v 0.4436 7.1088 1.0808
v 0.4037 6.9712 1.0780
v 0.3446 6.8670 1.0752
v 0.6553 7.7988 0.9328
v 0.6386 7.6572 0.9328
v 0.6018 7.5079 0.9328
v 0.5688 7.3715 0.9328
v 0.5324 7.2464 0.9328
v 0.4871 7.1088 0.9328
v 0.4339 6.9712 0.9328
v 0.3564 6.8670 0.9328
v 0.6650 7.7988 0.7967
v 0.6342 7.6572 0.7761
v 0.5976 7.5079 0.7639
v 0.5740 7.3715 0.7732
v 0.5256 7.2465 0.7642
v 0.4817 7.1088 0.7797
v 0.4259 6.9712 0.8052
v 0.3908 6.9150 0.8193
v 0.6239 7.9245 1.0923
v 0.6705 7.9245 0.9328
v 0.6805 7.9245 0.8096
v 0.6137 7.9627 0.9774
v 0.6207 7.6371 0.9838
v 0.6194 7.9624 0.9705
v 0.6264 7.6381 0.9770
v 0.6334 7.9284 0.9849
v 0.6452 7.8820 0.9910
v 0.6448 7.8000 0.9880
v 0.6290 7.7188 0.9891
v 0.6390 7.9281 0.9780
v 0.6509 7.8830 0.9842
v 0.6505 7.8009 0.9812
v 0.6347 7.7197 0.9823
v 0.2155 6.8866 1.4211
v 0.1866 6.5753 1.3925
v 0.2120 6.8861 1.4280
v 0.1839 6.5683 1.3967
v 0.2228 6.8424 1.4232
v 0.2076 6.7898 1.4151
v 0.2035 6.7061 1.4206
v 0.1802 6.6396 1.4059
v 0.2194 6.8420 1.4300
v 0.2044 6.7909 1.4221
v 0.2003 6.7071 1.4276
v 0.1777 6.6397 1.4132
v 0.1730 6.6184 1.4173
v 0.1779 6.5854 1.4110
v 0.1757 6.6183 1.4100
v 0.1816 6.5913 1.4044
v 0.2398 6.9528 1.3484
v 0.2070 6.5651 1.3190
v 0.2363 6.9526 1.3553
v 0.2037 6.5582 1.3245
v 0.2472 6.9087 1.3517
v 0.2288 6.8557 1.3512
v 0.2281 6.7538 1.3383
v 0.2116 6.6559 1.3400
v 0.2437 6.9086 1.3586
v 0.2256 6.8570 1.3582
v 0.2249 6.7551 1.3454
v 0.2090 6.6562 1.3473
v 0.2014 6.6255 1.3468
v 0.1996 6.5923 1.3414
v 0.2041 6.6251 1.3395
v 0.2023 6.5919 1.3340
v 0.3675 7.0625 1.2361
v 0.3199 6.7766 1.2261
v 0.3711 7.0627 1.2293
v 0.3216 6.7703 1.2219
v 0.3751 7.0267 1.2394
v 0.3644 6.9838 1.2231
v 0.3596 6.9006 1.2244
v 0.3457 6.8447 1.2083
v 0.3787 7.0268 1.2325
v 0.3682 6.9851 1.2164
v 0.3634 6.9019 1.2177
v 0.3502 6.8452 1.2019
v 0.3482 6.8141 1.1950
v 0.3337 6.7826 1.2001
v 0.3442 6.8157 1.2015
v 0.3320 6.7889 1.2043
v 0.4273 7.1456 1.1638
v 0.3855 6.8515 1.1387
v 0.4309 7.1457 1.1569
v 0.3901 6.8519 1.1323
v 0.4350 7.1097 1.1671
v 0.4242 7.0668 1.1508
v 0.4195 6.9836 1.1521
v 0.3990 6.9329 1.1390
v 0.4385 7.1098 1.1602
v 0.4280 7.0682 1.1441
v 0.4233 6.9849 1.1454
v 0.4036 6.9334 1.1326
v 0.3951 6.9061 1.1402
v 0.3906 6.8789 1.1401
v 0.3905 6.9057 1.1466
v 0.3860 6.8785 1.1465
v 0.2829 6.9178 1.3013
v 0.2477 6.6098 1.2689
v 0.2863 6.9179 1.2944
v 0.2498 6.6044 1.2641
v 0.2900 6.8819 1.3046
v 0.2759 6.8391 1.2883
v 0.2705 6.7401 1.2896
v 0.2595 6.6628 1.2684
v 0.2934 6.8821 1.2977
v 0.2794 6.8404 1.2815
v 0.2740 6.7414 1.2829
v 0.2637 6.6634 1.2620
v 0.2622 6.6465 1.2508
v 0.2573 6.6193 1.2518
v 0.2579 6.6459 1.2572
v 0.2539 6.6236 1.2587
v 0.3277 6.9601 1.2514
v 0.2740 6.6444 1.2227
v 0.3312 6.9602 1.2445
v 0.2766 6.6390 1.2167
v 0.3351 6.9242 1.2546
v 0.3247 6.8814 1.2383
v 0.3148 6.7994 1.2369
v 0.2977 6.7209 1.2185
v 0.3386 6.9244 1.2477
v 0.3284 6.8827 1.2316
v 0.3185 6.8008 1.2302
v 0.3020 6.7214 1.2121
v 0.2917 6.6944 1.2036
v 0.2870 6.6673 1.2046
v 0.2875 6.6939 1.2100
v 0.2828 6.6667 1.2110
v 0.4925 7.1606 0.9981
v 0.4374 6.8508 0.9588
v 0.4960 7.1608 0.9912
v 0.4419 6.8511 0.9525
v 0.4999 7.1248 1.0013
v 0.4894 7.0819 0.9850
v 0.4848 6.9987 0.9864
v 0.4624 6.9214 0.9652
v 0.5034 7.1249 0.9944
v 0.4932 7.0832 0.9783
v 0.4885 7.0000 0.9796
v 0.4669 6.9217 0.9589
v 0.4641 6.8925 0.9702
v 0.4562 6.8663 0.9683
v 0.4686 6.8928 0.9639
v 0.4607 6.8666 0.9619
v 0.5365 7.3138 0.9920
v 0.4814 7.0040 0.9528
v 0.5400 7.3139 0.9851
v 0.4851 7.0053 0.9460
v 0.5439 7.2779 0.9953
v 0.5335 7.2351 0.9790
v 0.5288 7.1518 0.9803
v 0.5064 7.0746 0.9591
v 0.5474 7.2781 0.9884
v 0.5372 7.2364 0.9722
v 0.5325 7.1532 0.9736
v 0.5101 7.0759 0.9524
v 0.5141 7.0471 0.9528
v 0.5062 7.0209 0.9509
v 0.5104 7.0458 0.9596
v 0.5025 7.0195 0.9576
v 0.4506 7.1386 1.0581
v 0.3955 6.8288 1.0189
v 0.4541 7.1388 1.0513
v 0.4000 6.8292 1.0126
v 0.4580 7.1028 1.0614
v 0.4476 7.0599 1.0451
v 0.4430 6.9767 1.0464
v 0.4205 6.8994 1.0253
v 0.4615 7.1029 1.0545
v 0.4513 7.0612 1.0384
v 0.4467 6.9780 1.0397
v 0.4250 6.8998 1.0189
v 0.4275 6.8709 1.0224
v 0.4196 6.8447 1.0204
v 0.4230 6.8705 1.0287
v 0.4151 6.8443 1.0268
v 0.4025 7.1719 1.2125
v 0.3459 6.8621 1.1733
v 0.4061 7.1720 1.2056
v 0.3505 6.8624 1.1669
v 0.4101 7.1360 1.2158
v 0.3993 7.0932 1.1995
v 0.3946 7.0099 1.2008
v 0.3716 6.9327 1.1796
v 0.4137 7.1362 1.2089
v 0.4032 7.0945 1.1927
v 0.3984 7.0113 1.1941
v 0.3762 6.9330 1.1733
v 0.3787 6.9042 1.1768
v 0.3706 6.8779 1.1748
v 0.3741 6.9038 1.1831
v 0.3660 6.8776 1.1812
v 0.2106 7.2065 1.4198
v 0.2242 6.8902 1.4260
v 0.2071 7.2063 1.4266
v 0.2227 6.8834 1.4309
v 0.2249 7.1659 1.4267
v 0.2188 7.1097 1.4245
v 0.2282 7.0283 1.4393
v 0.2190 6.9562 1.4322
v 0.2214 7.1657 1.4336
v 0.2152 7.1110 1.4314
v 0.2247 7.0296 1.4461
v 0.2162 6.9568 1.4394
v 0.2102 6.9343 1.4458
v 0.2141 6.9009 1.4432
v 0.2129 6.9337 1.4386
v 0.2167 6.9064 1.4360
v 0.3036 7.2295 1.3405
v 0.2734 6.8943 1.3437
v 0.3001 7.2299 1.3473
v 0.2705 6.8889 1.3499
v 0.3124 7.1927 1.3474
v 0.2959 7.1467 1.3513
v 0.3020 7.0587 1.3472
v 0.2824 6.9744 1.3570
v 0.3089 7.1931 1.3543
v 0.2926 7.1484 1.3582
v 0.2987 7.0604 1.3540
v 0.2798 6.9754 1.3643
v 0.2659 6.9484 1.3664
v 0.2654 6.9195 1.3637
v 0.2685 6.9475 1.3591
v 0.2680 6.9186 1.3565
v 0.4870 7.2878 1.1369
v 0.4267 7.0019 1.1268
v 0.4906 7.2879 1.1300
v 0.4284 6.9955 1.1226
v 0.4946 7.2519 1.1401
v 0.4839 7.2090 1.1238
v 0.4654 7.1258 1.1252
v 0.4518 7.0700 1.1090
v 0.4982 7.2520 1.1332
v 0.4877 7.2103 1.1171
v 0.4691 7.1271 1.1184
v 0.4562 7.0704 1.1027
v 0.4543 7.0393 1.0957
v 0.4401 7.0078 1.1008
v 0.4503 7.0409 1.1022
v 0.4385 7.0141 1.1050
v 0.5106 7.4527 1.1892
v 0.4688 7.1586 1.1640
v 0.5142 7.4528 1.1823
v 0.4733 7.1591 1.1577
v 0.5182 7.4168 1.1924
v 0.5075 7.3739 1.1761
v 0.5027 7.2907 1.1775
v 0.4823 7.2400 1.1644
v 0.5218 7.4169 1.1856
v 0.5113 7.3753 1.1694
v 0.5065 7.2920 1.1708
v 0.4869 7.2405 1.1580
v 0.4783 7.2132 1.1656
v 0.4738 7.1861 1.1655
v 0.4738 7.2128 1.1719
v 0.4693 7.1856 1.1718
v 0.3445 7.3216 1.3307
v 0.3152 7.0260 1.3286
v 0.3479 7.3212 1.3238
v 0.3175 7.0203 1.3244
v 0.3533 7.2866 1.3376
v 0.3448 7.2419 1.3258
v 0.3437 7.1591 1.3358
v 0.3248 7.0792 1.3227
v 0.3568 7.2862 1.3307
v 0.3484 7.2427 1.3190
v 0.3473 7.1599 1.3289
v 0.3291 7.0793 1.3163
v 0.3282 7.0613 1.3068
v 0.3245 7.0342 1.3106
v 0.3239 7.0612 1.3133
v 0.3209 7.0390 1.3171
v 0.4524 7.3538 1.2681
v 0.4069 7.0381 1.2395
v 0.4560 7.3539 1.2612
v 0.4097 7.0327 1.2335
v 0.4600 7.3179 1.2714
v 0.4493 7.2750 1.2551
v 0.4392 7.1931 1.2537
v 0.4215 7.1145 1.2352
v 0.4636 7.3180 1.2645
v 0.4531 7.2764 1.2483
v 0.4430 7.1944 1.2470
v 0.4260 7.1151 1.2288
v 0.4258 7.0881 1.2204
v 0.4208 7.0609 1.2214
v 0.4214 7.0876 1.2268
v 0.4163 7.0604 1.2277
v 0.5650 7.3602 0.9384
v 0.5099 7.0504 0.8992
v 0.5685 7.3604 0.9316
v 0.5145 7.0507 0.8929
v 0.5724 7.3244 0.9417
v 0.5620 7.2815 0.9254
v 0.5574 7.1983 0.9267
v 0.5349 7.1210 0.9056
v 0.5759 7.3245 0.9348
v 0.5657 7.2828 0.9187
v 0.5611 7.1996 0.9200
v 0.5395 7.1213 0.8993
v 0.5366 7.0921 0.9106
v 0.5287 7.0659 0.9086
v 0.5412 7.0924 0.9043
v 0.5333 7.0662 0.9023
v 0.6124 7.5181 0.8954
v 0.5573 7.2082 0.8562
v 0.6159 7.5182 0.8886
v 0.5610 7.2096 0.8495
v 0.6198 7.4822 0.8987
v 0.6093 7.4393 0.8824
v 0.6047 7.3561 0.8837
v 0.5823 7.2788 0.8626
v 0.6233 7.4823 0.8918
v 0.6130 7.4406 0.8757
v 0.6084 7.3574 0.8770
v 0.5860 7.2802 0.8558
v 0.5900 7.2514 0.8563
v 0.5821 7.2251 0.8543
v 0.5863 7.2500 0.8630
v 0.5784 7.2238 0.8610
v 0.5232 7.3686 1.0278
v 0.4681 7.0588 0.9886
v 0.5267 7.3687 1.0209
v 0.4726 7.0592 0.9822
v 0.5306 7.3327 1.0311
v 0.5202 7.2899 1.0148
v 0.5155 7.2066 1.0161
v 0.4931 7.1294 0.9949
v 0.5341 7.3329 1.0242
v 0.5239 7.2912 1.0080
v 0.5192 7.2080 1.0094
v 0.4976 7.1298 0.9886
v 0.5001 7.1009 0.9921
v 0.4921 7.0747 0.9901
v 0.4956 7.1005 0.9984
v 0.4877 7.0743 0.9965
v 0.5618 7.4774 0.9732
v 0.5067 7.1676 0.9340
v 0.5653 7.4775 0.9663
v 0.5112 7.1679 0.9277
v 0.5692 7.4415 0.9765
v 0.5587 7.3986 0.9602
v 0.5541 7.3154 0.9615
v 0.5317 7.2382 0.9404
v 0.5727 7.4416 0.9696
v 0.5624 7.4000 0.9535
v 0.5578 7.3167 0.9548
v 0.5362 7.2385 0.9340
v 0.5386 7.2097 0.9375
v 0.5307 7.1834 0.9356
v 0.5341 7.2093 0.9438
v 0.5262 7.1830 0.9419
v 0.4654 7.4628 1.2627
v 0.4256 7.2085 1.2426
v 0.4618 7.4627 1.2696
v 0.4229 7.2030 1.2469
v 0.4730 7.4270 1.2659
v 0.4573 7.3839 1.2593
v 0.4530 7.3159 1.2670
v 0.4315 7.2613 1.2542
v 0.4694 7.4269 1.2728
v 0.4539 7.3850 1.2663
v 0.4497 7.3170 1.2741
v 0.4288 7.2616 1.2615
v 0.4189 7.2445 1.2662
v 0.4171 7.2174 1.2607
v 0.4216 7.2441 1.2589
v 0.4208 7.2219 1.2540
v 0.5361 7.5103 1.1964
v 0.4910 7.1946 1.1669
v 0.5325 7.5101 1.2032
v 0.4877 7.1890 1.1725
v 0.5437 7.4744 1.1996
v 0.5247 7.4312 1.1991
v 0.5274 7.3483 1.1863
v 0.5036 7.2685 1.1879
v 0.5401 7.4743 1.2065
v 0.5214 7.4323 1.2061
v 0.5240 7.3493 1.1933
v 0.5010 7.2688 1.1952
v 0.4855 7.2437 1.1947
v 0.4838 7.2167 1.1893
v 0.4882 7.2435 1.1874
v 0.4864 7.2164 1.1820
v 0.5885 7.5127 1.1262
v 0.5256 7.2268 1.1161
v 0.5921 7.5128 1.1193
v 0.5272 7.2205 1.1119
v 0.5793 7.4768 1.1294
v 0.5689 7.4340 1.1131
v 0.5642 7.3507 1.1145
v 0.5507 7.2949 1.0984
v 0.5828 7.4770 1.1225
v 0.5726 7.4353 1.1064
v 0.5679 7.3521 1.1077
v 0.5551 7.2954 1.0920
v 0.5532 7.2642 1.0850
v 0.5390 7.2328 1.0901
v 0.5492 7.2658 1.0915
v 0.5373 7.2391 1.0943
v 0.5324 7.5458 1.1612
v 0.4906 7.2517 1.1360
v 0.5360 7.5459 1.1543
v 0.4951 7.2522 1.1297
v 0.5400 7.5099 1.1645
v 0.5293 7.4670 1.1482
v 0.5245 7.3838 1.1495
v 0.5041 7.3331 1.1364
v 0.5436 7.5100 1.1576
v 0.5331 7.4684 1.1414
v 0.5283 7.3851 1.1428
v 0.5087 7.3336 1.1300
v 0.5002 7.3063 1.1376
v 0.4956 7.2792 1.1375
v 0.4956 7.3059 1.1439
v 0.4911 7.2787 1.1438
v 0.5561 7.5428 1.1691
v 0.5130 7.2506 1.1366
v 0.5597 7.5429 1.1622
v 0.5152 7.2452 1.1318
v 0.5637 7.5069 1.1723
v 0.5530 7.4641 1.1560
v 0.5482 7.3808 1.1574
v 0.5252 7.3036 1.1362
v 0.5673 7.5071 1.1654
v 0.5568 7.4654 1.1493
v 0.5520 7.3822 1.1506
v 0.5297 7.3041 1.1298
v 0.5280 7.2872 1.1186
v 0.5230 7.2601 1.1195
v 0.5236 7.2867 1.1250
v 0.5194 7.2644 1.1265
v 0.5810 7.5882 1.1333
v 0.5202 7.2725 1.1047
v 0.5846 7.5884 1.1264
v 0.5229 7.2671 1.0986
v 0.5886 7.5524 1.1365
v 0.5779 7.5095 1.1202
v 0.5677 7.4276 1.1188
v 0.5345 7.3490 1.1004
v 0.5922 7.5525 1.1296
v 0.5817 7.5108 1.1135
v 0.5715 7.4289 1.1121
v 0.5389 7.3495 1.0940
v 0.5387 7.3225 1.0855
v 0.5338 7.2954 1.0865
v 0.5343 7.3220 1.0919
v 0.5294 7.2949 1.0929
v 0.6596 7.9072 0.9685
v 0.6045 7.5974 0.9292
v 0.6631 7.9073 0.9616
v 0.6090 7.5977 0.9229
v 0.6670 7.8713 0.9717
v 0.6565 7.8285 0.9554
v 0.6519 7.7452 0.9568
v 0.6295 7.6680 0.9356
v 0.6705 7.8715 0.9648
v 0.6602 7.8298 0.9487
v 0.6556 7.7466 0.9500
v 0.6340 7.6683 0.9293
v 0.6312 7.6391 0.9406
v 0.6233 7.6128 0.9386
v 0.6357 7.6394 0.9343
v 0.6278 7.6131 0.9323
v 0.6426 7.7499 0.8819
v 0.5875 7.4401 0.8426
v 0.6461 7.7500 0.8750
v 0.5912 7.4414 0.8359
v 0.6500 7.7141 0.8851
v 0.6395 7.6712 0.8688
v 0.6349 7.5879 0.8702
v 0.6125 7.5107 0.8490
v 0.6535 7.7142 0.8782
v 0.6432 7.6725 0.8621
v 0.6386 7.5893 0.8634
v 0.6162 7.5120 0.8423
v 0.6202 7.4832 0.8427
v 0.6123 7.4570 0.8407
v 0.6165 7.4819 0.8494
v 0.6086 7.4556 0.8475
v 0.5771 7.5523 1.0806
v 0.5220 7.2424 1.0414
v 0.5806 7.5524 1.0737
v 0.5265 7.2428 1.0350
v 0.5845 7.5164 1.0839
v 0.5741 7.4735 1.0676
v 0.5694 7.3903 1.0689
v 0.5470 7.3130 1.0477
v 0.5880 7.5165 1.0770
v 0.5778 7.4749 1.0608
v 0.5732 7.3916 1.0622
v 0.5515 7.3134 1.0414
v 0.5540 7.2846 1.0449
v 0.5461 7.2583 1.0429
v 0.5495 7.2842 1.0512
v 0.5416 7.2579 1.0493
v 0.6275 7.8429 1.0085
v 0.5724 7.5331 0.9692
v 0.6310 7.8430 1.0016
v 0.5769 7.5334 0.9629
v 0.6349 7.8071 1.0117
v 0.6245 7.7642 0.9954
v 0.6198 7.6809 0.9968
v 0.5974 7.6037 0.9756
v 0.6384 7.8072 1.0048
v 0.6282 7.7655 0.9887
v 0.6236 7.6823 0.9900
v 0.6019 7.6040 0.9693
v 0.6044 7.5752 0.9728
v 0.5965 7.5489 0.9708
v 0.5999 7.5748 0.9791
v 0.5920 7.5486 0.9771
v 0.0133 6.8514 1.5572
v 0.0116 6.5666 1.5499
v 0.0066 6.8511 1.5611
v 0.0076 6.5607 1.5527
v 0.0213 6.8094 1.5683
v 0.0160 6.7540 1.5595
v 0.0148 6.6814 1.5720
v 0.0091 6.6106 1.5564
v 0.0145 6.8090 1.5721
v 0.0093 6.7552 1.5635
v 0.0080 6.6825 1.5759
v 0.0028 6.6110 1.5610
v -0.0064 6.6044 1.5617
v -0.0063 6.5756 1.5595
v -0.0000 6.6041 1.5570
v 0.0000 6.5805 1.5552
v 0.0713 6.9860 1.5182
v 0.0804 6.5759 1.5328
v 0.0645 6.9860 1.5221
v 0.0751 6.5695 1.5369
v 0.0793 6.9401 1.5320
v 0.0680 6.8771 1.5302
v 0.0852 6.7640 1.5374
v 0.0722 6.6623 1.5422
v 0.0725 6.9401 1.5358
v 0.0612 6.8788 1.5341
v 0.0784 6.7657 1.5412
v 0.0659 6.6631 1.5468
v 0.0557 6.6356 1.5433
v 0.0599 6.6031 1.5433
v 0.0620 6.6348 1.5387
v 0.0662 6.6023 1.5386
v 0.1101 6.9153 1.4873
v 0.1314 6.5165 1.4966
v 0.1157 6.9153 1.4819
v 0.1372 6.5180 1.4912
v 0.1214 6.8744 1.4986
v 0.1212 6.8184 1.4873
v 0.1315 6.7177 1.5010
v 0.1323 6.6171 1.4873
v 0.1269 6.8744 1.4931
v 0.1266 6.8199 1.4818
v 0.1371 6.7193 1.4956
v 0.1382 6.6186 1.4819
v 0.2440 7.1787 1.3443
v 0.2585 6.8539 1.3536
v 0.2493 7.1787 1.3388
v 0.2638 6.8551 1.3481
v 0.2549 7.1454 1.3555
v 0.2561 7.0998 1.3442
v 0.2629 7.0178 1.3580
v 0.2593 6.9358 1.3443
v 0.2602 7.1454 1.3501
v 0.2615 7.1010 1.3388
v 0.2683 7.0190 1.3525
v 0.2647 6.9371 1.3388
v 0.0900 6.9243 1.5175
v 0.1050 6.5255 1.5268
v 0.0955 6.9243 1.5120
v 0.1105 6.5270 1.5213
v 0.1012 6.8835 1.5287
v 0.1025 6.8274 1.5174
v 0.1096 6.7268 1.5312
v 0.1059 6.6262 1.5175
v 0.1068 6.8835 1.5233
v 0.1081 6.8290 1.5120
v 0.1151 6.7283 1.5257
v 0.1114 6.6277 1.5120
v 0.0030 7.3121 1.5329
v 0.0181 6.7244 1.5818
v 0.0086 7.3121 1.5274
v 0.0236 6.7281 1.5766
v 0.0143 7.2533 1.5585
v 0.0156 7.1578 1.5910
v 0.0227 7.0086 1.6122
v 0.0189 6.8699 1.5859
v 0.0198 7.2533 1.5531
v 0.0211 7.1600 1.5856
v 0.0282 7.0124 1.6070
v 0.0245 6.8736 1.5808
v 0.3033 7.2618 1.3433
v 0.3178 6.9372 1.3303
v 0.3086 7.2622 1.3378
v 0.3231 6.9388 1.3249
v 0.3141 7.2279 1.3522
v 0.3154 7.1831 1.3378
v 0.3222 7.1004 1.3459
v 0.3186 7.0196 1.3266
v 0.3195 7.2282 1.3468
v 0.3207 7.1847 1.3324
v 0.3276 7.1020 1.3406
v 0.3240 7.0212 1.3212
v 0.1619 6.9439 1.4364
v 0.1860 6.5451 1.4457
v 0.1673 6.9439 1.4310
v 0.1917 6.5466 1.4403
v 0.1728 6.9030 1.4477
v 0.1717 6.8470 1.4364
v 0.1836 6.7464 1.4501
v 0.1869 6.6457 1.4364
v 0.1782 6.9030 1.4422
v 0.1770 6.8485 1.4309
v 0.1890 6.7479 1.4447
v 0.1926 6.6472 1.4310
v 0.1645 7.1712 1.4723
v 0.1796 6.7723 1.4816
v 0.1701 7.1712 1.4669
v 0.1851 6.7739 1.4762
v 0.1758 7.1303 1.4836
v 0.1771 7.0743 1.4723
v 0.1842 6.9736 1.4860
v 0.1805 6.8730 1.4723
v 0.1814 7.1303 1.4781
v 0.1826 7.0758 1.4668
v 0.1897 6.9751 1.4806
v 0.1860 6.8745 1.4669
v 0.2297 7.2196 1.4077
v 0.2442 6.8948 1.4170
v 0.2351 7.2196 1.4022
v 0.2496 6.8960 1.4116
v 0.2406 7.1863 1.4190
v 0.2419 7.1407 1.4076
v 0.2487 7.0587 1.4214
v 0.2451 6.9768 1.4077
v 0.2460 7.1863 1.4135
v 0.2472 7.1419 1.4022
v 0.2540 7.0600 1.4160
v 0.2504 6.9780 1.4022
v 0.4153 7.0874 1.0772
v 0.3843 6.7637 1.0768
v 0.4191 7.0869 1.0698
v 0.3882 6.7643 1.0695
v 0.4249 7.0523 1.0804
v 0.4158 7.0075 1.0705
v 0.4148 6.9248 1.0779
v 0.3946 6.8450 1.0688
v 0.4287 7.0517 1.0730
v 0.4197 7.0082 1.0632
v 0.4187 6.9254 1.0706
v 0.3985 6.8456 1.0614
v 0.5185 7.5001 1.0727
v 0.5031 7.1752 1.0724
v 0.5223 7.4997 1.0654
v 0.5069 7.1760 1.0650
v 0.5298 7.4654 1.0759
v 0.5228 7.4203 1.0661
v 0.5258 7.3376 1.0735
v 0.5094 7.2569 1.0643
v 0.5336 7.4650 1.0686
v 0.5267 7.4211 1.0587
v 0.5297 7.3384 1.0662
v 0.5132 7.2577 1.0570
v 0.3258 7.0324 1.2714
v 0.2860 6.7086 1.2710
v 0.3294 7.0318 1.2640
v 0.2896 6.7092 1.2637
v 0.3351 6.9972 1.2746
v 0.3263 6.9525 1.2647
v 0.3143 6.8697 1.2722
v 0.2955 6.7899 1.2630
v 0.3387 6.9966 1.2672
v 0.3300 6.9531 1.2574
v 0.3180 6.8704 1.2648
v 0.2991 6.7906 1.2557
v 0.3769 6.9953 1.1572
v 0.3343 6.6715 1.1568
v 0.3807 6.9947 1.1498
v 0.3380 6.6722 1.1495
v 0.3865 6.9602 1.1604
v 0.3774 6.9154 1.1505
v 0.3636 6.8327 1.1579
v 0.3441 6.7529 1.1487
v 0.3902 6.9596 1.1530
v 0.3813 6.9161 1.1431
v 0.3674 6.8333 1.1506
v 0.3479 6.7535 1.1414
v 0.4789 7.3345 1.0332
v 0.4634 7.0095 1.0328
v 0.4827 7.3341 1.0258
v 0.4673 7.0104 1.0255
v 0.4902 7.2998 1.0364
v 0.4832 7.2547 1.0265
v 0.4862 7.1720 1.0340
v 0.4697 7.0913 1.0248
v 0.4939 7.2994 1.0290
v 0.4871 7.2555 1.0192
v 0.4900 7.1728 1.0266
v 0.4736 7.0921 1.0174
v 0.5281 7.3375 0.8391
v 0.5126 7.0126 0.8387
v 0.5318 7.3371 0.8317
v 0.5165 7.0135 0.8314
v 0.5394 7.3029 0.8423
v 0.5324 7.2577 0.8324
v 0.5353 7.1750 0.8399
v 0.5189 7.0944 0.8307
v 0.5431 7.3025 0.8349
v 0.5363 7.2586 0.8251
v 0.5392 7.1759 0.8325
v 0.5228 7.0952 0.8234
v 0.4428 7.2341 1.1365
v 0.4270 6.9092 1.1361
v 0.4467 7.2337 1.1291
v 0.4309 6.9100 1.1288
v 0.4544 7.1995 1.1397
v 0.4473 7.1543 1.1298
v 0.4503 7.0716 1.1373
v 0.4334 6.9909 1.1281
v 0.4583 7.1991 1.1323
v 0.4512 7.1551 1.1225
v 0.4543 7.0724 1.1299
v 0.4374 6.9918 1.1207
v 0.4060 7.0905 0.9797
v 0.3905 6.7656 0.9794
v 0.4097 7.0901 0.9724
v 0.3944 6.7664 0.9720
v 0.4172 7.0558 0.9829
v 0.4103 7.0107 0.9731
v 0.4132 6.9280 0.9805
v 0.3968 6.8473 0.9713
v 0.4210 7.0555 0.9756
v 0.4142 7.0115 0.9657
v 0.4171 6.9288 0.9732
v 0.4007 6.8481 0.9640
v 0.4762 7.4678 1.1906
v 0.4603 7.1429 1.1902
v 0.4801 7.4675 1.1832
v 0.4643 7.1438 1.1829
v 0.4878 7.4332 1.1938
v 0.4806 7.3881 1.1839
v 0.4837 7.3054 1.1913
v 0.4668 7.2247 1.1822
v 0.4916 7.4328 1.1864
v 0.4846 7.3889 1.1766
v 0.4876 7.3062 1.1840
v 0.4708 7.2255 1.1748
v 0.4768 7.3947 1.0996
v 0.4613 7.0698 1.0993
v 0.4805 7.3943 1.0923
v 0.4652 7.0706 1.0919
v 0.4881 7.3601 1.1028
v 0.4811 7.3149 1.0929
v 0.4840 7.2322 1.1004
v 0.4676 7.1515 1.0912
v 0.4918 7.3597 1.0955
v 0.4850 7.3158 1.0856
v 0.4879 7.2331 1.0931
v 0.4715 7.1524 1.0839
v 0.3837 7.3673 1.3110
v 0.3678 7.0424 1.3107
v 0.3875 7.3669 1.3037
v 0.3718 7.0432 1.3033
v 0.3953 7.3327 1.3142
v 0.3881 7.2875 1.3044
v 0.3911 7.2048 1.3118
v 0.3743 7.1241 1.3026
v 0.3991 7.3323 1.3069
v 0.3921 7.2883 1.2970
v 0.3951 7.2056 1.3045
v 0.3783 7.1250 1.2953
v 0.4159 7.4293 1.2825
v 0.4000 7.1043 1.2822
v 0.4197 7.4289 1.2752
v 0.4040 7.1052 1.2748
v 0.4274 7.3946 1.2857
v 0.4203 7.3495 1.2759
v 0.4233 7.2668 1.2833
v 0.4065 7.1861 1.2741
v 0.4313 7.3942 1.2784
v 0.4243 7.3503 1.2685
v 0.4273 7.2676 1.2760
v 0.4104 7.1869 1.2668
v 0.5231 7.3187 0.8672
v 0.5076 6.9938 0.8668
v 0.5268 7.3183 0.8598
v 0.5115 6.9946 0.8595
v 0.5343 7.2841 0.8704
v 0.5274 7.2389 0.8605
v 0.5303 7.1562 0.8680
v 0.5139 7.0755 0.8588
v 0.5381 7.2837 0.8630
v 0.5313 7.2397 0.8532
v 0.5342 7.1570 0.8606
v 0.5178 7.0764 0.8515
v 0.5578 7.4503 0.8090
v 0.5424 7.1254 0.8087
v 0.5616 7.4500 0.8017
v 0.5462 7.1263 0.8013
v 0.5691 7.4157 0.8122
v 0.5621 7.3706 0.8023
v 0.5651 7.2879 0.8098
v 0.5487 7.2072 0.8006
v 0.5729 7.4153 0.8049
v 0.5660 7.3714 0.7950
v 0.5690 7.2887 0.8025
v 0.5525 7.2080 0.7933
v 0.5646 7.5886 1.0187
v 0.5492 7.2637 1.0183
v 0.5684 7.5882 1.0114
v 0.5530 7.2646 1.0110
v 0.5759 7.5540 1.0219
v 0.5690 7.5088 1.0120
v 0.5719 7.4261 1.0195
v 0.5555 7.3455 1.0103
v 0.5797 7.5536 1.0145
v 0.5728 7.5097 1.0047
v 0.5758 7.4270 1.0122
v 0.5593 7.3463 1.0030
v 0.4996 7.3248 0.9836
v 0.4841 6.9999 0.9833
v 0.5034 7.3244 0.9763
v 0.4880 7.0008 0.9759
v 0.5109 7.2902 0.9868
v 0.5039 7.2451 0.9770
v 0.5069 7.1624 0.9844
v 0.4905 7.0817 0.9752
v 0.5147 7.2898 0.9795
v 0.5078 7.2459 0.9696
v 0.5108 7.1632 0.9771
v 0.4943 7.0825 0.9679
v 0.4871 7.2555 0.9619
v 0.4716 6.9306 0.9615
v 0.4909 7.2551 0.9545
v 0.4755 6.9315 0.9542
v 0.4984 7.2209 0.9651
v 0.4914 7.1757 0.9552
v 0.4944 7.0930 0.9626
v 0.4779 7.0124 0.9535
v 0.5021 7.2205 0.9577
v 0.4953 7.1766 0.9478
v 0.4982 7.0939 0.9553
v 0.4818 7.0132 0.9461
v 0.4812 7.5144 1.2075
v 0.4653 7.1895 1.2071
v 0.4851 7.5140 1.2001
v 0.4693 7.1903 1.1998
v 0.4928 7.4798 1.2107
v 0.4856 7.4346 1.2008
v 0.4887 7.3519 1.2083
v 0.4718 7.2712 1.1991
v 0.4966 7.4794 1.2033
v 0.4896 7.4355 1.1935
v 0.4926 7.3528 1.2009
v 0.4758 7.2721 1.1918
v 0.5456 7.5733 1.1307
v 0.5297 7.2483 1.1304
v 0.5495 7.5729 1.1234
v 0.5337 7.2492 1.1230
v 0.5572 7.5386 1.1339
v 0.5500 7.4935 1.1241
v 0.5531 7.4108 1.1315
v 0.5362 7.3301 1.1223
v 0.5611 7.5382 1.1266
v 0.5540 7.4943 1.1167
v 0.5570 7.4116 1.1242
v 0.5402 7.3309 1.1150
v 0.2601 6.9700 1.3343
v 0.2506 6.5798 1.3340
v 0.2637 6.9696 1.3270
v 0.2544 6.5806 1.3266
v 0.2710 6.9353 1.3375
v 0.2605 6.8249 1.3277
v 0.2623 6.7422 1.3351
v 0.2568 6.6615 1.3259
v 0.2746 6.9349 1.3302
v 0.2642 6.8257 1.3203
v 0.2659 6.7430 1.3278
v 0.2606 6.6623 1.3186
v 0.6154 7.7864 0.9778
v 0.5999 7.4615 0.9774
v 0.6191 7.7860 0.9704
v 0.6038 7.4623 0.9701
v 0.6266 7.7518 0.9810
v 0.6197 7.7066 0.9711
v 0.6226 7.6239 0.9785
v 0.6062 7.5432 0.9694
v 0.6304 7.7514 0.9736
v 0.6236 7.7075 0.9638
v 0.6265 7.6247 0.9712
v 0.6101 7.5441 0.9620
v 0.6401 7.8823 0.9174
v 0.6247 7.5574 0.9171
v 0.6439 7.8819 0.9101
v 0.6285 7.5583 0.9097
v 0.6514 7.8477 0.9206
v 0.6444 7.8025 0.9108
v 0.6474 7.7198 0.9182
v 0.6310 7.6392 0.9090
v 0.6552 7.8473 0.9133
v 0.6483 7.8034 0.9034
v 0.6513 7.7207 0.9109
v 0.6348 7.6400 0.9017
v 0.5821 7.7635 1.0429
v 0.5666 7.4386 1.0425
v 0.5858 7.7631 1.0355
v 0.5705 7.4394 1.0352
v 0.5933 7.7288 1.0461
v 0.5864 7.6837 1.0362
v 0.5893 7.6010 1.0437
v 0.5729 7.5203 1.0345
v 0.5971 7.7284 1.0387
v 0.5903 7.6845 1.0289
v 0.5932 7.6018 1.0363
v 0.5768 7.5211 1.0271
v 0.6315 7.7150 0.8247
v 0.6160 7.3901 0.8244
v 0.6352 7.7146 0.8174
v 0.6199 7.3910 0.8170
v 0.6427 7.6804 0.8279
v 0.6358 7.6352 0.8180
v 0.6387 7.5525 0.8255
v 0.6223 7.4719 0.8163
v 0.6465 7.6800 0.8206
v 0.6397 7.6361 0.8107
v 0.6426 7.5534 0.8182
v 0.6262 7.4727 0.8090
v 0.1895 6.9100 1.3825
v 0.1863 6.5098 1.3908
v 0.1964 6.9093 1.3761
v 0.1937 6.5106 1.3845
v 0.2054 6.8675 1.3916
v 0.2102 6.8108 1.3989
v 0.2115 6.7096 1.3962
v 0.1986 6.6097 1.3963
v 0.2122 6.8669 1.3853
v 0.2171 6.8117 1.3926
v 0.2186 6.7105 1.3899
v 0.2060 6.6106 1.3901
v 0.0805 7.2063 1.5129
v 0.0933 6.8356 1.5440
v 0.0877 7.2063 1.5065
v 0.1004 6.8384 1.5380
v 0.0908 7.1823 1.5312
v 0.1040 7.1280 1.5595
v 0.1031 7.0331 1.5728
v 0.0964 6.9338 1.5629
v 0.0979 7.1823 1.5249
v 0.1111 7.1295 1.5532
v 0.1102 7.0359 1.5668
v 0.1035 6.9366 1.5569
v 0.1714 7.2108 1.4422
v 0.1935 6.7649 1.4739
v 0.1783 7.2108 1.4359
v 0.2004 6.7667 1.4676
v 0.1911 7.1784 1.4607
v 0.2039 7.1260 1.4820
v 0.2082 7.0056 1.4794
v 0.1965 6.8852 1.4795
v 0.1979 7.1784 1.4544
v 0.2107 7.1278 1.4757
v 0.2151 7.0074 1.4731
v 0.2034 6.8871 1.4732
v 0.2060 7.0641 1.4083
v 0.2157 6.6645 1.4167
v 0.2128 7.0638 1.4020
v 0.2226 6.6657 1.4104
v 0.2243 7.0224 1.4175
v 0.2354 6.9658 1.4247
v 0.2366 6.8650 1.4221
v 0.2219 6.7650 1.4222
v 0.2312 7.0220 1.4112
v 0.2423 6.9670 1.4184
v 0.2435 6.8662 1.4158
v 0.2288 6.7662 1.4159
v 0.1201 7.2271 1.4693
v 0.1429 6.7824 1.5177
v 0.1272 7.2266 1.4630
v 0.1500 6.7838 1.5114
v 0.1404 7.1954 1.4896
v 0.1537 7.1437 1.5132
v 0.1581 7.0233 1.5148
v 0.1461 6.9030 1.5191
v 0.1475 7.1950 1.4833
v 0.1608 7.1450 1.5069
v 0.1652 7.0246 1.5084
v 0.1532 6.9044 1.5128
v 0.1338 7.0434 1.4708
v 0.1566 6.6446 1.4791
v 0.1409 7.0434 1.4645
v 0.1637 6.6461 1.4728
v 0.1541 7.0026 1.4800
v 0.1673 6.9466 1.4872
v 0.1718 6.8459 1.4846
v 0.1597 6.7453 1.4847
v 0.1612 7.0026 1.4737
v 0.1744 6.9481 1.4809
v 0.1789 6.8474 1.4783
v 0.1668 6.7468 1.4784
v 0.2317 7.2958 1.3577
v 0.2538 6.9240 1.3660
v 0.2386 7.2958 1.3514
v 0.2606 6.9254 1.3597
v 0.2513 7.2577 1.3669
v 0.2641 7.2054 1.3741
v 0.2685 7.1116 1.3715
v 0.2568 7.0178 1.3716
v 0.2582 7.2577 1.3606
v 0.2710 7.2069 1.3678
v 0.2753 7.1131 1.3652
v 0.2637 7.0192 1.3653
v 0.1029 7.2585 1.4992
v 0.0808 6.8564 1.5423
v 0.1119 7.2558 1.4942
v 0.0900 6.8565 1.5371
v 0.1312 7.2134 1.5141
v 0.1331 7.1696 1.5489
v 0.1180 7.0623 1.5586
v 0.0968 6.9604 1.5543
v 0.1402 7.2107 1.5091
v 0.1423 7.1686 1.5438
v 0.1272 7.0624 1.5534
v 0.1060 6.9604 1.5492
v 0.3232 6.9781 1.1842
v 0.2746 6.6550 1.1935
v 0.3319 6.9766 1.1790
v 0.2832 6.6547 1.1884
v 0.3331 6.9423 1.1958
v 0.3350 6.8955 1.2044
v 0.3145 6.8139 1.2019
v 0.2896 6.7354 1.1999
v 0.3419 6.9408 1.1906
v 0.3439 6.8952 1.1993
v 0.3231 6.8136 1.1968
v 0.2982 6.7351 1.1948
v 0.2666 6.9977 1.2935
v 0.2337 6.5959 1.3028
v 0.2750 6.9961 1.2883
v 0.2426 6.5955 1.2977
v 0.2762 6.9619 1.3050
v 0.2740 6.9150 1.3137
v 0.2640 6.7547 1.3112
v 0.2492 6.6762 1.3092
v 0.2847 6.9603 1.2999
v 0.2825 6.9147 1.3085
v 0.2724 6.7544 1.3061
v 0.2581 6.6759 1.3040
v 0.4872 7.1927 0.9185
v 0.4327 6.8718 0.9279
v 0.4959 7.1907 0.9134
v 0.4416 6.8711 0.9227
v 0.4955 7.1564 0.9301
v 0.4951 7.1095 0.9387
v 0.4817 7.0285 0.9363
v 0.4521 6.9513 0.9342
v 0.5042 7.1544 0.9249
v 0.5041 7.1088 0.9336
v 0.4907 7.0278 0.9311
v 0.4611 6.9506 0.9291
v 0.5838 7.6192 0.9654
v 0.5625 7.2945 0.9754
v 0.5917 7.6181 0.9597
v 0.5706 7.2946 0.9697
v 0.5973 7.5839 0.9761
v 0.6028 7.5371 0.9843
v 0.5971 7.4552 0.9820
v 0.5750 7.3755 0.9812
v 0.6053 7.5828 0.9703
v 0.6109 7.5373 0.9785
v 0.6052 7.4554 0.9762
v 0.5831 7.3757 0.9755
v 0.3839 7.0261 1.0872
v 0.3294 6.7053 1.0965
v 0.3926 7.0242 1.0820
v 0.3383 6.7046 1.0914
v 0.3922 6.9899 1.0987
v 0.3918 6.9430 1.1074
v 0.3784 6.8620 1.1049
v 0.3488 6.7848 1.1029
v 0.4009 6.9879 1.0936
v 0.4007 6.9422 1.1022
v 0.3874 6.8613 1.0998
v 0.3578 6.7841 1.0977
v 0.5721 7.6565 0.9109
v 0.5958 7.3317 0.9174
v 0.5778 7.6565 0.9041
v 0.6014 7.3330 0.9106
v 0.5935 7.6232 0.9184
v 0.6077 7.5776 0.9246
v 0.6115 7.4957 0.9216
v 0.5998 7.4137 0.9227
v 0.5991 7.6232 0.9116
v 0.6133 7.5789 0.9178
v 0.6172 7.4969 0.9148
v 0.6055 7.4149 0.9159
v 0.1709 6.8808 1.4119
v 0.1400 6.5291 1.4354
v 0.1774 6.8799 1.4080
v 0.1437 6.5208 1.4341
v 0.1749 6.8391 1.4256
v 0.1716 6.7829 1.4150
v 0.1707 6.6824 1.4301
v 0.1732 6.6103 1.4206
v 0.1814 6.8382 1.4218
v 0.1782 6.7835 1.4112
v 0.1774 6.6830 1.4263
v 0.1806 6.6100 1.4176
v 0.1823 6.5708 1.4169
v 0.1664 6.5324 1.4198
v 0.1752 6.5737 1.4199
v 0.1627 6.5407 1.4212
v 0.2479 7.0079 1.3812
v 0.2226 6.7115 1.3968
v 0.2544 7.0072 1.3774
v 0.2296 6.7112 1.3938
v 0.2519 6.9740 1.3950
v 0.2510 6.9282 1.3844
v 0.2452 6.8464 1.3995
v 0.2346 6.7926 1.3880
v 0.2584 6.9733 1.3911
v 0.2576 6.9287 1.3805
v 0.2519 6.8469 1.3956
v 0.2416 6.7924 1.3850
v 0.2304 6.7661 1.3923
v 0.2264 6.7391 1.3952
v 0.2234 6.7664 1.3953
v 0.2194 6.7394 1.3982
v 0.1175 7.1089 1.5218
v 0.1277 6.7445 1.5303
v 0.1243 7.1089 1.5179
v 0.1326 6.7379 1.5285
v 0.1255 7.0680 1.5355
v 0.1297 7.0120 1.5249
v 0.1330 6.9113 1.5400
v 0.1329 6.8107 1.5258
v 0.1323 7.0680 1.5316
v 0.1364 7.0135 1.5210
v 0.1397 6.9129 1.5362
v 0.1401 6.8115 1.5227
v 0.1466 6.7893 1.5159
v 0.1444 6.7557 1.5194
v 0.1394 6.7885 1.5190
v 0.1372 6.7611 1.5225
v 0.0942 6.9796 1.5157
v 0.0664 6.5512 1.5307
v 0.1009 6.9786 1.5118
v 0.0719 6.5429 1.5283
v 0.0984 6.9327 1.5294
v 0.0974 6.8695 1.5188
v 0.0884 6.7570 1.5286
v 0.0822 6.6442 1.5197
v 0.1051 6.9317 1.5255
v 0.1042 6.8702 1.5149
v 0.0952 6.7577 1.5247
v 0.0894 6.6439 1.5166
v 0.0934 6.6168 1.5148
v 0.0882 6.5796 1.5184
v 0.0862 6.6170 1.5179
v 0.0810 6.5799 1.5214
v 0.5092 7.2314 0.8931
v 0.4700 6.9083 0.9025
v 0.5180 7.2299 0.8880
v 0.4790 6.9080 0.8973
v 0.5192 7.1956 0.9047
v 0.5210 7.1488 0.9133
v 0.5116 7.0672 0.9109
v 0.4857 6.9887 0.9088
v 0.5280 7.1941 0.8995
v 0.5300 7.1485 0.9082
v 0.5205 7.0669 0.9057
v 0.4946 6.9884 0.9037
v 0.5166 7.4381 1.0443
v 0.4953 7.1134 1.0542
v 0.5246 7.4371 1.0385
v 0.5034 7.1136 1.0485
v 0.5301 7.4028 1.0549
v 0.5357 7.3560 1.0631
v 0.5299 7.2741 1.0608
v 0.5078 7.1944 1.0600
v 0.5381 7.4017 1.0492
v 0.5438 7.3562 1.0574
v 0.5380 7.2743 1.0551
v 0.5159 7.1946 1.0543
v 0.3917 7.1906 1.1866
v 0.3515 6.8675 1.1960
v 0.4007 7.1890 1.1814
v 0.3607 6.8672 1.1908
v 0.4019 7.1548 1.1982
v 0.4038 7.1079 1.2068
v 0.3941 7.0264 1.2044
v 0.3675 6.9478 1.2023
v 0.4109 7.1532 1.1930
v 0.4130 7.1076 1.2017
v 0.4033 7.0261 1.1992
v 0.3767 6.9475 1.1972
v 0.4370 7.1272 0.9976
v 0.3824 6.8063 1.0070
v 0.4457 7.1252 0.9924
v 0.3913 6.8056 1.0018
v 0.4452 7.0909 1.0092
v 0.4448 7.0440 1.0178
v 0.4315 6.9630 1.0154
v 0.4019 6.8858 1.0133
v 0.4539 7.0889 1.0040
v 0.4538 7.0433 1.0127
v 0.4404 6.9623 1.0102
v 0.4108 6.8851 1.0082
v 0.5091 7.1245 0.9497
v 0.4171 6.8234 0.9128
v 0.5094 7.1252 0.9420
v 0.4186 6.8241 0.9052
v 0.5141 7.0882 0.9465
v 0.4944 7.0478 0.9328
v 0.4837 6.9652 0.9292
v 0.4482 6.8917 0.9135
v 0.5145 7.0889 0.9388
v 0.4951 7.0497 0.9252
v 0.4844 6.9671 0.9216
v 0.4498 6.8925 0.9059
v 0.4494 6.8624 0.9149
v 0.4393 6.8369 0.9144
v 0.4510 6.8632 0.9073
v 0.4408 6.8377 0.9068
v 0.5119 7.1808 0.9005
v 0.4199 6.8797 0.8636
v 0.5123 7.1815 0.8928
v 0.4206 6.8816 0.8560
v 0.5170 7.1445 0.8973
v 0.4972 7.1041 0.8836
v 0.4866 7.0215 0.8800
v 0.4511 6.9480 0.8643
v 0.5173 7.1452 0.8896
v 0.4979 7.1060 0.8760
v 0.4873 7.0234 0.8724
v 0.4518 6.9499 0.8567
v 0.4532 6.9211 0.8530
v 0.4430 6.8956 0.8525
v 0.4525 6.9192 0.8606
v 0.4423 6.8937 0.8601
v 0.4218 6.9899 1.1482
v 0.3176 6.6888 1.1113
v 0.4222 6.9906 1.1405
v 0.3190 6.6897 1.1036
v 0.4270 6.9536 1.1450
v 0.4067 6.9133 1.1313
v 0.3842 6.8307 1.1277
v 0.3487 6.7572 1.1120
v 0.4273 6.9544 1.1373
v 0.4074 6.9151 1.1237
v 0.3849 6.8325 1.1201
v 0.3502 6.7581 1.1044
v 0.3515 6.7289 1.1041
v 0.3413 6.7034 1.1036
v 0.3500 6.7280 1.1117
v 0.3398 6.7025 1.1112
v 0.4551 7.0300 1.0642
v 0.3631 6.7289 1.0273
v 0.4555 7.0307 1.0565
v 0.3646 6.7297 1.0197
v 0.4601 6.9937 1.0610
v 0.4404 6.9533 1.0473
v 0.4297 6.8707 1.0437
v 0.3943 6.7973 1.0280
v 0.4605 6.9944 1.0533
v 0.4411 6.9552 1.0397
v 0.4304 6.8726 1.0361
v 0.3958 6.7981 1.0204
v 0.3970 6.7690 1.0201
v 0.3869 6.7434 1.0196
v 0.3955 6.7681 1.0277
v 0.3854 6.7426 1.0272
v 0.5953 7.6210 0.9277
v 0.5740 7.2962 0.9377
v 0.6033 7.6199 0.9220
v 0.5821 7.2964 0.9320
v 0.6088 7.5856 0.9384
v 0.6144 7.5389 0.9466
v 0.6086 7.4570 0.9443
v 0.5865 7.3772 0.9435
v 0.6168 7.5846 0.9327
v 0.6225 7.5391 0.9409
v 0.6167 7.4572 0.9386
v 0.5946 7.3774 0.9378
v 0.6040 7.6319 0.8439
v 0.5827 7.3071 0.8538
v 0.6120 7.6308 0.8381
v 0.5909 7.3073 0.8481
v 0.6176 7.5965 0.8545
v 0.6231 7.5498 0.8627
v 0.6174 7.4679 0.8604
v 0.5953 7.3881 0.8596
v 0.6255 7.5955 0.8488
v 0.6312 7.5500 0.8570
v 0.6255 7.4681 0.8547
v 0.6034 7.3883 0.8539
v 0.4546 7.5124 1.2283
v 0.4327 7.1876 1.2383
v 0.4628 7.5113 1.2226
v 0.4411 7.1878 1.2326
v 0.4685 7.4770 1.2390
v 0.4742 7.4303 1.2472
v 0.4683 7.3484 1.2449
v 0.4456 7.2686 1.2441
v 0.4767 7.4760 1.2333
v 0.4825 7.4305 1.2415
v 0.4766 7.3486 1.2392
v 0.4539 7.2688 1.2384
v 0.5259 7.5745 1.1360
v 0.5040 7.2498 1.1460
v 0.5341 7.5735 1.1303
v 0.5124 7.2500 1.1403
v 0.5398 7.5392 1.1466
v 0.5455 7.4924 1.1548
v 0.5396 7.4105 1.1525
v 0.5169 7.3308 1.1518
v 0.5480 7.5381 1.1409
v 0.5538 7.4926 1.1491
v 0.5479 7.4107 1.1468
v 0.5252 7.3310 1.1460
v 0.6340 8.0253 0.9190
v 0.6577 7.7006 0.9255
v 0.6397 8.0253 0.9122
v 0.6634 7.7018 0.9187
v 0.6554 7.9921 0.9266
v 0.6696 7.9464 0.9327
v 0.6734 7.8645 0.9297
v 0.6618 7.7825 0.9308
v 0.6611 7.9921 0.9197
v 0.6753 7.9477 0.9259
v 0.6791 7.8657 0.9229
v 0.6675 7.7838 0.9240
v 0.6340 7.9886 0.8901
v 0.6577 7.6639 0.8966
v 0.6397 7.9886 0.8833
v 0.6634 7.6651 0.8898
v 0.6554 7.9554 0.8976
v 0.6696 7.9097 0.9038
v 0.6734 7.8278 0.9008
v 0.6618 7.7458 0.9019
v 0.6611 7.9554 0.8908
v 0.6753 7.9110 0.8970
v 0.6791 7.8290 0.8940
v 0.6675 7.7471 0.8951
v 0.5684 7.8410 1.0362
v 0.5753 7.5154 1.0427
v 0.5741 7.8407 1.0294
v 0.5811 7.5164 1.0359
v 0.5880 7.8067 1.0437
v 0.5999 7.7604 1.0499
v 0.5995 7.6783 1.0469
v 0.5836 7.5971 1.0480
v 0.5937 7.8064 1.0369
v 0.6056 7.7613 1.0431
v 0.6052 7.6792 1.0401
v 0.5894 7.5980 1.0412
v 0.5684 7.9357 1.0301
v 0.5753 7.6102 1.0366
v 0.5741 7.9354 1.0233
v 0.5811 7.6111 1.0298
v 0.5880 7.9014 1.0377
v 0.5999 7.8551 1.0438
v 0.5995 7.7730 1.0408
v 0.5836 7.6918 1.0419
v 0.5937 7.9011 1.0308
v 0.6056 7.8560 1.0370
v 0.6052 7.7740 1.0340
v 0.5894 7.6927 1.0351
v 0.2600 6.9331 1.3733
v 0.2286 6.6174 1.3438
v 0.2566 6.9330 1.3802
v 0.2252 6.6118 1.3494
v 0.2674 6.8972 1.3765
v 0.2491 6.8541 1.3760
v 0.2516 6.7711 1.3632
v 0.2255 6.6914 1.3648
v 0.2639 6.8971 1.3834
v 0.2458 6.8552 1.3830
v 0.2484 6.7722 1.3702
v 0.2229 6.6916 1.3722
v 0.2144 6.6666 1.3717
v 0.2212 6.6395 1.3662
v 0.2170 6.6663 1.3643
v 0.2239 6.6393 1.3589
v 0.4925 7.2171 0.9802
v 0.4374 6.9073 0.9410
v 0.4960 7.2173 0.9734
v 0.4419 6.9076 0.9347
v 0.4999 7.1813 0.9835
v 0.4894 7.1384 0.9672
v 0.4848 7.0551 0.9685
v 0.4624 6.9779 0.9474
v 0.5034 7.1814 0.9766
v 0.4932 7.1397 0.9605
v 0.4885 7.0565 0.9618
v 0.4669 6.9782 0.9411
v 0.4641 6.9490 0.9524
v 0.4562 6.9228 0.9504
v 0.4686 6.9493 0.9461
v 0.4607 6.9231 0.9441
v 0.4203 7.2305 1.1979
v 0.3638 6.9207 1.1587
v 0.4239 7.2306 1.1910
v 0.3684 6.9210 1.1523
v 0.4279 7.1946 1.2011
v 0.4172 7.1517 1.1848
v 0.4125 7.0685 1.1862
v 0.3894 6.9913 1.1650
v 0.4315 7.1947 1.1943
v 0.4210 7.1531 1.1781
v 0.4163 7.0698 1.1795
v 0.3941 6.9916 1.1587
v 0.3966 6.9628 1.1622
v 0.3885 6.9365 1.1602
v 0.3920 6.9624 1.1685
v 0.3839 6.9361 1.1666
v 0.2724 7.2316 1.3823
v 0.2447 6.9752 1.3886
v 0.2690 7.2320 1.3892
v 0.2424 6.9700 1.3935
v 0.2813 7.1966 1.3893
v 0.2679 7.1525 1.3871
v 0.2666 7.0855 1.4019
v 0.2482 7.0291 1.3947
v 0.2778 7.1970 1.3961
v 0.2646 7.1541 1.3940
v 0.2633 7.0872 1.4087
v 0.2455 7.0300 1.4020
v 0.2366 7.0130 1.4084
v 0.2361 6.9855 1.4058
v 0.2393 7.0120 1.4012
v 0.2395 6.9895 1.3986
v 0.4870 7.3443 1.1190
v 0.4267 7.0583 1.1090
v 0.4906 7.3444 1.1121
v 0.4284 7.0520 1.1048
v 0.4946 7.3084 1.1223
v 0.4839 7.2655 1.1060
v 0.4654 7.1823 1.1073
v 0.4518 7.1264 1.0912
v 0.4982 7.3085 1.1154
v 0.4877 7.2668 1.0992
v 0.4691 7.1836 1.1006
v 0.4562 7.1269 1.0848
v 0.4543 7.0958 1.0779
v 0.4401 7.0643 1.0830
v 0.4503 7.0974 1.0844
v 0.4385 7.0706 1.0872
v 0.5106 7.5092 1.1714
v 0.4688 7.2151 1.1462
v 0.5142 7.5093 1.1645
v 0.4733 7.2156 1.1398
v 0.5182 7.4733 1.1746
v 0.5075 7.4304 1.1583
v 0.5027 7.3472 1.1596
v 0.4823 7.2965 1.1465
v 0.5218 7.4734 1.1677
v 0.5113 7.4318 1.1516
v 0.5065 7.3485 1.1529
v 0.4869 7.2970 1.1402
v 0.4783 7.2697 1.1477
v 0.4738 7.2426 1.1476
v 0.4738 7.2693 1.1541
v 0.4693 7.2421 1.1540
v 0.5618 7.5339 0.9554
v 0.5067 7.2241 0.9162
v 0.5653 7.5340 0.9485
v 0.5112 7.2244 0.9098
v 0.5692 7.4980 0.9586
v 0.5587 7.4551 0.9423
v 0.5541 7.3719 0.9437
v 0.5317 7.2947 0.9225
v 0.5727 7.4981 0.9518
v 0.5624 7.4565 0.9356
v 0.5578 7.3732 0.9370
v 0.5362 7.2950 0.9162
v 0.5386 7.2661 0.9197
v 0.5307 7.2399 0.9177
v 0.5341 7.2658 0.9260
v 0.5262 7.2395 0.9241
v 0.5719 7.6328 1.0651
v 0.5256 7.3469 1.0550
v 0.5754 7.6329 1.0582
v 0.5272 7.3406 1.0508
v 0.5793 7.5969 1.0683
v 0.5689 7.5541 1.0520
v 0.5642 7.4708 1.0534
v 0.5507 7.4150 1.0373
v 0.5828 7.5971 1.0615
v 0.5726 7.5554 1.0453
v 0.5679 7.4722 1.0467
v 0.5551 7.4155 1.0309
v 0.5532 7.3843 1.0239
v 0.5390 7.3529 1.0290
v 0.5492 7.3859 1.0304
v 0.5373 7.3592 1.0332
v 0.5561 7.5573 1.1512
v 0.5130 7.2650 1.1188
v 0.5597 7.5574 1.1443
v 0.5152 7.2596 1.1140
v 0.5637 7.5214 1.1545
v 0.5530 7.4785 1.1382
v 0.5482 7.3953 1.1395
v 0.5252 7.3180 1.1184
v 0.5673 7.5215 1.1476
v 0.5568 7.4798 1.1314
v 0.5520 7.3966 1.1328
v 0.5297 7.3186 1.1119
v 0.5280 7.3017 1.1007
v 0.5230 7.2745 1.1017
v 0.5236 7.3011 1.1071
v 0.5194 7.2788 1.1087
v 0.6596 7.9637 0.9506
v 0.6045 7.6539 0.9114
v 0.6631 7.9638 0.9437
v 0.6090 7.6542 0.9051
v 0.6670 7.9278 0.9539
v 0.6565 7.8850 0.9376
v 0.6519 7.8017 0.9389
v 0.6295 7.7245 0.9178
v 0.6705 7.9280 0.9470
v 0.6602 7.8863 0.9308
v 0.6556 7.8031 0.9322
v 0.6340 7.7248 0.9114
v 0.6312 7.6956 0.9228
v 0.6233 7.6693 0.9208
v 0.6357 7.6959 0.9164
v 0.6278 7.6696 0.9145
v 0.6426 7.8064 0.8640
v 0.5875 7.4966 0.8248
v 0.6461 7.8065 0.8571
v 0.5912 7.4979 0.8181
v 0.6500 7.7705 0.8673
v 0.6395 7.7277 0.8510
v 0.6349 7.6444 0.8523
v 0.6125 7.5672 0.8311
v 0.6535 7.7707 0.8604
v 0.6432 7.7290 0.8442
v 0.6386 7.6458 0.8456
v 0.6162 7.5685 0.8244
v 0.6202 7.5397 0.8248
v 0.6123 7.5135 0.8229
v 0.6165 7.5384 0.8316
v 0.6086 7.5121 0.8296
v 0.6275 7.8994 1.0132
v 0.5724 7.5896 0.9740
v 0.6310 7.8995 1.0063
v 0.5769 7.5899 0.9676
v 0.6349 7.8635 1.0164
v 0.6245 7.8207 1.0002
v 0.6198 7.7374 1.0015
v 0.5974 7.6602 0.9803
v 0.6384 7.8637 1.0096
v 0.6282 7.8220 0.9934
v 0.6236 7.7388 0.9948
v 0.6019 7.6605 0.9740
v 0.6044 7.6317 0.9775
v 0.5965 7.6054 0.9755
v 0.5999 7.6313 0.9838
v 0.5920 7.6051 0.9819
v 0.3788 7.2168 1.2385
v 0.3768 6.8917 1.2478
v 0.3843 7.2165 1.2330
v 0.3824 6.8927 1.2424
v 0.3883 7.1830 1.2497
v 0.3872 7.1374 1.2384
v 0.3900 7.0552 1.2522
v 0.3820 6.9735 1.2385
v 0.3938 7.1827 1.2443
v 0.3928 7.1383 1.2330
v 0.3956 7.0561 1.2468
v 0.3875 6.9745 1.2330
v 0.4153 7.1439 1.0593
v 0.3843 6.8202 1.0590
v 0.4191 7.1434 1.0520
v 0.3882 6.8208 1.0516
v 0.4249 7.1088 1.0625
v 0.4158 7.0640 1.0527
v 0.4148 6.9813 1.0601
v 0.3946 6.9015 1.0509
v 0.4287 7.1082 1.0552
v 0.4197 7.0647 1.0453
v 0.4187 6.9819 1.0528
v 0.3985 6.9021 1.0436
v 0.5185 7.5449 1.0794
v 0.5031 7.2200 1.0790
v 0.5223 7.5445 1.0720
v 0.5069 7.2209 1.0717
v 0.5298 7.5103 1.0826
v 0.5228 7.4652 1.0727
v 0.5258 7.3825 1.0802
v 0.5094 7.3018 1.0710
v 0.5336 7.5099 1.0752
v 0.5267 7.4660 1.0654
v 0.5297 7.3833 1.0728
v 0.5132 7.3026 1.0637
v 0.3454 7.0889 1.2864
v 0.3136 6.7651 1.2861
v 0.3492 7.0883 1.2791
v 0.3176 6.7657 1.2787
v 0.3552 7.0537 1.2896
v 0.3459 7.0090 1.2798
v 0.3448 6.9262 1.2872
v 0.3240 6.8464 1.2780
v 0.3591 7.0531 1.2823
v 0.3499 7.0096 1.2724
v 0.3489 6.9269 1.2799
v 0.3281 6.8471 1.2707
v 0.3945 7.4238 1.2932
v 0.3786 7.0989 1.2928
v 0.3983 7.4234 1.2858
v 0.3826 7.0997 1.2855
v 0.4060 7.3892 1.2964
v 0.3989 7.3440 1.2865
v 0.4019 7.2613 1.2940
v 0.3851 7.1806 1.2848
v 0.4099 7.3888 1.2890
v 0.4029 7.3448 1.2792
v 0.4059 7.2621 1.2866
v 0.3890 7.1815 1.2775
v 0.5646 7.6437 0.9965
v 0.5492 7.3188 0.9961
v 0.5684 7.6434 0.9891
v 0.5530 7.3197 0.9888
v 0.5759 7.6091 0.9997
v 0.5690 7.5640 0.9898
v 0.5719 7.4813 0.9973
v 0.5555 7.4006 0.9881
v 0.5797 7.6087 0.9923
v 0.5728 7.5648 0.9825
v 0.5758 7.4821 0.9899
v 0.5593 7.4014 0.9807
v 0.3232 7.0346 1.1663
v 0.2746 6.6731 1.1757
v 0.3319 7.0331 1.1612
v 0.2832 6.6728 1.1706
v 0.3331 6.9988 1.1779
v 0.3350 6.9520 1.1866
v 0.3145 6.8320 1.1841
v 0.2896 6.7535 1.1821
v 0.3419 6.9973 1.1728
v 0.3439 6.9517 1.1814
v 0.3231 6.8317 1.1790
v 0.2982 6.7531 1.1769
v 0.5721 7.7140 0.8826
v 0.5958 7.3892 0.8890
v 0.5778 7.7140 0.8758
v 0.6014 7.3905 0.8822
v 0.5935 7.6807 0.8901
v 0.6077 7.6351 0.8962
v 0.6115 7.5532 0.8933
v 0.5998 7.4712 0.8943
v 0.5991 7.6807 0.8833
v 0.6133 7.6364 0.8894
v 0.6172 7.5544 0.8865
v 0.6055 7.4724 0.8875
v 0.5166 7.4921 1.0201
v 0.4953 7.1673 1.0301
v 0.5246 7.4910 1.0144
v 0.5034 7.1675 1.0244
v 0.5301 7.4567 1.0308
v 0.5357 7.4100 1.0389
v 0.5299 7.3281 1.0367
v 0.5078 7.2483 1.0359
v 0.5381 7.4557 1.0250
v 0.5438 7.4102 1.0332
v 0.5380 7.3283 1.0309
v 0.5159 7.2485 1.0302
v 0.5091 7.1810 0.9319
v 0.4171 6.8799 0.8949
v 0.5094 7.1817 0.9241
v 0.4186 6.8806 0.8873
v 0.5141 7.1447 0.9286
v 0.4944 7.1043 0.9150
v 0.4837 7.0217 0.9114
v 0.4482 6.9482 0.8956
v 0.5145 7.1454 0.9209
v 0.4951 7.1062 0.9074
v 0.4844 7.0236 0.9038
v 0.4498 6.9490 0.8880
v 0.4494 6.9189 0.8971
v 0.4393 6.8934 0.8966
v 0.4510 6.9197 0.8894
v 0.4408 6.8942 0.8889
v 0.4218 7.0464 1.1303
v 0.3176 6.7453 1.0934
v 0.4222 7.0471 1.1226
v 0.3190 6.7462 1.0858
v 0.4146 7.0101 1.1271
v 0.3948 6.9698 1.1134
v 0.3842 6.8872 1.1099
v 0.3487 6.8137 1.0941
v 0.4149 7.0109 1.1194
v 0.3956 6.9716 1.1059
v 0.3849 6.8890 1.1023
v 0.3502 6.8145 1.0865
v 0.3515 6.7854 1.0862
v 0.3413 6.7599 1.0857
v 0.3500 6.7845 1.0938
v 0.3398 6.7590 1.0934
v 0.6040 7.6883 0.8260
v 0.5827 7.3636 0.8360
v 0.6120 7.6873 0.8203
v 0.5909 7.3638 0.8303
v 0.6176 7.6530 0.8367
v 0.6231 7.6063 0.8448
v 0.6174 7.5244 0.8426
v 0.5953 7.4446 0.8418
v 0.6255 7.6520 0.8309
v 0.6312 7.6065 0.8391
v 0.6255 7.5246 0.8368
v 0.6034 7.4448 0.8361
v 0.4546 7.5689 1.1999
v 0.4327 7.2441 1.2098
v 0.4628 7.5678 1.1941
v 0.4411 7.2443 1.2041
v 0.4685 7.5335 1.2105
v 0.4742 7.4868 1.2187
v 0.4683 7.4049 1.2164
v 0.4456 7.3251 1.2156
v 0.4767 7.5325 1.2048
v 0.4825 7.4870 1.2130
v 0.4766 7.4051 1.2107
v 0.4539 7.3253 1.2099
v 0.0520 6.9701 1.5404
v 0.0610 6.6011 1.5550
v 0.0452 6.9701 1.5443
v 0.0558 6.5953 1.5590
v 0.0600 6.9292 1.5541
v 0.0486 6.8732 1.5524
v 0.0658 6.7726 1.5595
v 0.0529 6.6719 1.5644
v 0.0532 6.9292 1.5580
v 0.0419 6.8747 1.5563
v 0.0591 6.7741 1.5634
v 0.0466 6.6726 1.5690
v 0.0364 6.6541 1.5655
v 0.0405 6.6252 1.5654
v 0.0427 6.6535 1.5609
v 0.0468 6.6246 1.5608
v 0.0463 7.3115 1.5081
v 0.0796 6.7447 1.5574
v 0.0371 7.3105 1.5108
v 0.0704 6.7452 1.5602
v 0.0559 7.2543 1.5371
v 0.0627 7.1751 1.5782
v 0.0642 7.0276 1.5973
v 0.0767 6.8872 1.5727
v 0.0467 7.2534 1.5398
v 0.0535 7.1763 1.5808
v 0.0550 7.0280 1.6000
v 0.0675 6.8877 1.5754
v 0.0397 7.1585 1.5356
v 0.0626 6.7613 1.5637
v 0.0468 7.1581 1.5293
v 0.0697 6.7637 1.5576
v 0.0600 7.1183 1.5465
v 0.0733 7.0628 1.5778
v 0.0778 6.9606 1.5967
v 0.0657 6.8606 1.5785
v 0.0671 7.1179 1.5402
v 0.0804 7.0639 1.5715
v 0.0849 6.9630 1.5906
v 0.0728 6.8629 1.5724
v 0.1335 6.8824 1.4904
v 0.0988 6.5307 1.5139
v 0.1403 6.8815 1.4865
v 0.1026 6.5224 1.5126
v 0.1377 6.8407 1.5041
v 0.1350 6.7845 1.4935
v 0.1326 6.6840 1.5086
v 0.1332 6.6118 1.4991
v 0.1445 6.8398 1.5003
v 0.1418 6.7851 1.4897
v 0.1396 6.6846 1.5048
v 0.1409 6.6116 1.4961
v 0.1426 6.5724 1.4954
v 0.1261 6.5340 1.4983
v 0.1353 6.5752 1.4984
v 0.1223 6.5423 1.4997
v -0.6110 7.9646 0.9708
v -0.6179 7.6390 0.9772
v -0.6166 7.9643 0.9640
v -0.6237 7.6399 0.9704
v -0.6306 7.9302 0.9783
v -0.6424 7.8839 0.9844
v -0.6421 7.8019 0.9815
v -0.6262 7.7206 0.9825
v -0.6363 7.9300 0.9715
v -0.6482 7.8849 0.9776
v -0.6478 7.8028 0.9747
v -0.6320 7.7216 0.9757
v -0.2088 6.9468 1.4089
v -0.1704 6.6345 1.3888
v -0.2054 6.9466 1.4158
v -0.1678 6.6277 1.3932
v -0.2162 6.9028 1.4122
v -0.2010 6.8499 1.4055
v -0.1969 6.7664 1.4133
v -0.1761 6.6994 1.4005
v -0.2127 6.9026 1.4191
v -0.1977 6.8512 1.4125
v -0.1936 6.7677 1.4203
v -0.1734 6.6997 1.4078
v -0.1639 6.6786 1.4125
v -0.1622 6.6454 1.4070
v -0.1665 6.6782 1.4051
v -0.1657 6.6510 1.4003
v -0.2332 6.9528 1.3696
v -0.2036 6.5651 1.3401
v -0.2297 6.9526 1.3765
v -0.2002 6.5582 1.3457
v -0.2405 6.9087 1.3728
v -0.2222 6.8557 1.3723
v -0.2247 6.7538 1.3595
v -0.1981 6.6559 1.3611
v -0.2370 6.9086 1.3797
v -0.2190 6.8570 1.3793
v -0.2215 6.7551 1.3665
v -0.1956 6.6562 1.3685
v -0.1880 6.6255 1.3680
v -0.1961 6.5923 1.3625
v -0.1906 6.6251 1.3606
v -0.1989 6.5919 1.3552
v -0.3620 7.0625 1.2361
v -0.3144 6.7766 1.2261
v -0.3656 7.0627 1.2293
v -0.3161 6.7703 1.2219
v -0.3696 7.0267 1.2394
v -0.3589 6.9838 1.2231
v -0.3541 6.9006 1.2244
v -0.3402 6.8447 1.2083
v -0.3732 7.0268 1.2325
v -0.3627 6.9851 1.2164
v -0.3579 6.9019 1.2177
v -0.3447 6.8452 1.2019
v -0.3427 6.8141 1.1950
v -0.3282 6.7826 1.2001
v -0.3387 6.8157 1.2015
v -0.3265 6.7889 1.2043
v -0.4122 7.0929 1.1654
v -0.3714 6.7989 1.1403
v -0.4157 7.0931 1.1585
v -0.3759 6.7993 1.1339
v -0.4196 7.0571 1.1687
v -0.4091 7.0142 1.1524
v -0.4045 6.9310 1.1537
v -0.3846 6.8803 1.1406
v -0.4231 7.0572 1.1618
v -0.4129 7.0155 1.1456
v -0.4082 6.9323 1.1470
v -0.3891 6.8807 1.1342
v -0.3808 6.8535 1.1418
v -0.3764 6.8263 1.1417
v -0.3763 6.8530 1.1482
v -0.3719 6.8259 1.1481
v -0.2851 6.9178 1.3013
v -0.2506 6.6115 1.2689
v -0.2886 6.9179 1.2944
v -0.2527 6.6061 1.2641
v -0.2925 6.8819 1.3046
v -0.2771 6.8250 1.2883
v -0.2719 6.7417 1.2896
v -0.2627 6.6645 1.2684
v -0.2960 6.8821 1.2977
v -0.2808 6.8263 1.2815
v -0.2755 6.7431 1.2829
v -0.2672 6.6650 1.2620
v -0.2655 6.6481 1.2508
v -0.2605 6.6210 1.2518
v -0.2611 6.6476 1.2572
v -0.2570 6.6253 1.2587
v -0.3207 6.9601 1.2514
v -0.2657 6.6444 1.2227
v -0.3242 6.9602 1.2445
v -0.2683 6.6390 1.2167
v -0.3281 6.9242 1.2546
v -0.3176 6.8814 1.2383
v -0.2960 6.7994 1.2369
v -0.2794 6.7209 1.2185
v -0.3315 6.9244 1.2477
v -0.3213 6.8827 1.2316
v -0.2995 6.8008 1.2302
v -0.2836 6.7214 1.2121
v -0.2835 6.6944 1.2036
v -0.2787 6.6673 1.2046
v -0.2793 6.6939 1.2100
v -0.2745 6.6667 1.2110
v -0.4897 7.1606 0.9981
v -0.4346 6.8508 0.9588
v -0.4932 7.1608 0.9912
v -0.4392 6.8511 0.9525
v -0.4971 7.1248 1.0013
v -0.4867 7.0819 0.9850
v -0.4820 6.9987 0.9864
v -0.4596 6.9214 0.9652
v -0.5006 7.1249 0.9944
v -0.4904 7.0832 0.9783
v -0.4858 7.0000 0.9796
v -0.4642 6.9217 0.9589
v -0.4613 6.8925 0.9702
v -0.4534 6.8663 0.9683
v -0.4659 6.8928 0.9639
v -0.4580 6.8666 0.9619
v -0.5337 7.3138 0.9969
v -0.4786 7.0040 0.9577
v -0.5372 7.3139 0.9900
v -0.4824 7.0053 0.9510
v -0.5411 7.2779 1.0002
v -0.5307 7.2351 0.9839
v -0.5261 7.1518 0.9852
v -0.5036 7.0746 0.9640
v -0.5446 7.2781 0.9933
v -0.5344 7.2364 0.9771
v -0.5298 7.1532 0.9785
v -0.5074 7.0759 0.9573
v -0.5114 7.0471 0.9577
v -0.5035 7.0209 0.9558
v -0.5077 7.0458 0.9645
v -0.4998 7.0195 0.9625
v -0.4479 7.1386 1.0581
v -0.3928 6.8288 1.0189
v -0.4514 7.1388 1.0513
v -0.3973 6.8292 1.0126
v -0.4553 7.1028 1.0614
v -0.4448 7.0599 1.0451
v -0.4402 6.9767 1.0464
v -0.4178 6.8994 1.0253
v -0.4588 7.1029 1.0545
v -0.4486 7.0612 1.0384
v -0.4439 6.9780 1.0397
v -0.4223 6.8998 1.0189
v -0.4247 6.8709 1.0224
v -0.4168 6.8447 1.0204
v -0.4203 6.8705 1.0287
v -0.4124 6.8443 1.0268
v -0.3970 7.1719 1.2125
v -0.3329 6.8621 1.1733
v -0.4006 7.1720 1.2056
v -0.3374 6.8624 1.1669
v -0.4046 7.1360 1.2158
v -0.3939 7.0932 1.1995
v -0.3891 7.0099 1.2008
v -0.3661 6.9327 1.1796
v -0.4082 7.1362 1.2089
v -0.3977 7.0945 1.1927
v -0.3929 7.0113 1.1941
v -0.3707 6.9330 1.1733
v -0.3733 6.9042 1.1768
v -0.3569 6.8779 1.1748
v -0.3686 6.9038 1.1831
v -0.3524 6.8776 1.1812
v -0.2429 7.2056 1.3840
v -0.2381 6.8907 1.4158
v -0.2394 7.2061 1.3909
v -0.2357 6.8843 1.4207
v -0.2630 7.1626 1.4102
v -0.2612 7.1084 1.4143
v -0.2600 7.0262 1.4290
v -0.2415 6.9569 1.4219
v -0.2595 7.1631 1.4170
v -0.2579 7.1104 1.4211
v -0.2567 7.0282 1.4359
v -0.2388 6.9580 1.4291
v -0.2300 6.9371 1.4356
v -0.2295 6.9033 1.4329
v -0.2326 6.9359 1.4283
v -0.2328 6.9082 1.4258
v -0.2970 7.2211 1.3405
v -0.2667 6.9025 1.3437
v -0.2935 7.2215 1.3473
v -0.2638 6.8973 1.3499
v -0.3058 7.1861 1.3474
v -0.2893 7.1423 1.3513
v -0.2953 7.0587 1.3472
v -0.2758 6.9786 1.3570
v -0.3023 7.1865 1.3543
v -0.2860 7.1440 1.3582
v -0.2920 7.0603 1.3540
v -0.2731 6.9795 1.3643
v -0.2593 6.9539 1.3664
v -0.2587 6.9264 1.3637
v -0.2619 6.9530 1.3591
v -0.2614 6.9255 1.3565
v -0.4703 7.2878 1.1369
v -0.4240 7.0019 1.1268
v -0.4738 7.2879 1.1300
v -0.4256 6.9955 1.1226
v -0.4777 7.2519 1.1401
v -0.4673 7.2090 1.1238
v -0.4626 7.1258 1.1252
v -0.4491 7.0700 1.1090
v -0.4812 7.2520 1.1332
v -0.4710 7.2103 1.1171
v -0.4663 7.1271 1.1184
v -0.4535 7.0704 1.1027
v -0.4515 7.0393 1.0957
v -0.4374 7.0078 1.1008
v -0.4476 7.0409 1.1022
v -0.4357 7.0141 1.1050
v -0.5051 7.4527 1.1892
v -0.4525 7.1586 1.1640
v -0.5087 7.4528 1.1823
v -0.4570 7.1591 1.1577
v -0.5007 7.4168 1.1924
v -0.4902 7.3739 1.1761
v -0.4856 7.2907 1.1775
v -0.4657 7.2400 1.1644
v -0.5042 7.4169 1.1856
v -0.4939 7.3753 1.1694
v -0.4893 7.2920 1.1708
v -0.4702 7.2405 1.1580
v -0.4619 7.2132 1.1656
v -0.4575 7.1861 1.1655
v -0.4574 7.2128 1.1719
v -0.4530 7.1856 1.1718
v -0.3504 7.2768 1.3168
v -0.3201 6.9812 1.3147
v -0.3540 7.2763 1.3099
v -0.3225 6.9755 1.3104
v -0.3595 7.2418 1.3237
v -0.3507 7.1971 1.3119
v -0.3496 7.1143 1.3218
v -0.3300 7.0344 1.3088
v -0.3631 7.2413 1.3168
v -0.3545 7.1979 1.3051
v -0.3533 7.1151 1.3150
v -0.3345 7.0345 1.3023
v -0.3336 7.0165 1.2929
v -0.3297 6.9894 1.2967
v -0.3291 7.0164 1.2994
v -0.3260 6.9942 1.3032
v -0.4469 7.3538 1.2681
v -0.4014 7.0381 1.2395
v -0.4505 7.3539 1.2612
v -0.4042 7.0327 1.2335
v -0.4545 7.3179 1.2714
v -0.4438 7.2750 1.2551
v -0.4337 7.1931 1.2537
v -0.4160 7.1145 1.2352
v -0.4581 7.3180 1.2645
v -0.4476 7.2764 1.2483
v -0.4375 7.1944 1.2470
v -0.4205 7.1151 1.2288
v -0.4204 7.0881 1.2204
v -0.4153 7.0609 1.2214
v -0.4159 7.0876 1.2268
v -0.4108 7.0604 1.2277
v -0.5623 7.3602 0.9384
v -0.5072 7.0504 0.8992
v -0.5658 7.3604 0.9316
v -0.5117 7.0507 0.8929
v -0.5697 7.3244 0.9417
v -0.5592 7.2815 0.9254
v -0.5546 7.1983 0.9267
v -0.5322 7.1210 0.9056
v -0.5732 7.3245 0.9348
v -0.5630 7.2828 0.9187
v -0.5583 7.1996 0.9200
v -0.5367 7.1213 0.8993
v -0.5339 7.0921 0.9106
v -0.5260 7.0659 0.9086
v -0.5384 7.0924 0.9043
v -0.5305 7.0662 0.9023
v -0.6096 7.5179 0.8997
v -0.5545 7.2080 0.8605
v -0.6131 7.5180 0.8929
v -0.5582 7.2094 0.8538
v -0.6170 7.4820 0.9030
v -0.6066 7.4391 0.8867
v -0.6019 7.3559 0.8880
v -0.5795 7.2786 0.8669
v -0.6205 7.4821 0.8961
v -0.6103 7.4405 0.8800
v -0.6057 7.3572 0.8813
v -0.5832 7.2800 0.8601
v -0.5873 7.2512 0.8606
v -0.5794 7.2249 0.8586
v -0.5836 7.2498 0.8673
v -0.5756 7.2236 0.8653
v -0.5204 7.3686 1.0351
v -0.4653 7.0588 0.9959
v -0.5239 7.3687 1.0282
v -0.4698 7.0592 0.9895
v -0.5278 7.3327 1.0384
v -0.5174 7.2899 1.0221
v -0.5128 7.2066 1.0234
v -0.4903 7.1294 1.0022
v -0.5313 7.3329 1.0315
v -0.5211 7.2912 1.0153
v -0.5165 7.2080 1.0167
v -0.4948 7.1298 0.9959
v -0.4973 7.1009 0.9994
v -0.4894 7.0747 0.9974
v -0.4928 7.1005 1.0057
v -0.4849 7.0743 1.0038
v -0.5807 7.5313 0.9732
v -0.5256 7.2215 0.9340
v -0.5842 7.5314 0.9663
v -0.5301 7.2218 0.9277
v -0.5881 7.4954 0.9765
v -0.5776 7.4526 0.9602
v -0.5730 7.3693 0.9615
v -0.5506 7.2921 0.9404
v -0.5916 7.4956 0.9696
v -0.5814 7.4539 0.9535
v -0.5767 7.3707 0.9548
v -0.5551 7.2924 0.9340
v -0.5576 7.2636 0.9375
v -0.5497 7.2373 0.9356
v -0.5531 7.2632 0.9438
v -0.5452 7.2370 0.9419
v -0.4599 7.4586 1.2627
v -0.4201 7.2043 1.2426
v -0.4563 7.4585 1.2696
v -0.4175 7.1988 1.2469
v -0.4675 7.4227 1.2659
v -0.4518 7.3797 1.2593
v -0.4476 7.3117 1.2670
v -0.4260 7.2571 1.2542
v -0.4639 7.4226 1.2728
v -0.4484 7.3808 1.2663
v -0.4442 7.3128 1.2741
v -0.4233 7.2574 1.2615
v -0.4134 7.2402 1.2662
v -0.4117 7.2132 1.2607
v -0.4161 7.2399 1.2589
v -0.4153 7.2177 1.2540
v -0.5306 7.5817 1.1964
v -0.4742 7.2660 1.1669
v -0.5270 7.5815 1.2032
v -0.4710 7.2604 1.1725
v -0.5382 7.5458 1.1996
v -0.5192 7.5026 1.1991
v -0.5219 7.4197 1.1863
v -0.4981 7.3399 1.1879
v -0.5346 7.5457 1.2065
v -0.5159 7.5037 1.2061
v -0.5185 7.4207 1.1933
v -0.4955 7.3402 1.1952
v -0.4800 7.3151 1.1947
v -0.4671 7.2881 1.1893
v -0.4827 7.3149 1.1874
v -0.4697 7.2878 1.1820
v -0.5692 7.5763 1.0983
v -0.5228 7.2904 1.0883
v -0.5726 7.5764 1.0914
v -0.5245 7.2841 1.0841
v -0.5766 7.5404 1.1016
v -0.5661 7.4976 1.0853
v -0.5615 7.4143 1.0866
v -0.5479 7.3585 1.0705
v -0.5801 7.5406 1.0947
v -0.5698 7.4989 1.0785
v -0.5652 7.4157 1.0799
v -0.5523 7.3590 1.0641
v -0.5504 7.3278 1.0572
v -0.5362 7.2964 1.0623
v -0.5464 7.3294 1.0637
v -0.5346 7.3027 1.0665
v -0.5145 7.5458 1.1612
v -0.4738 7.2517 1.1360
v -0.5180 7.5459 1.1543
v -0.4782 7.2522 1.1297
v -0.5219 7.5099 1.1645
v -0.5115 7.4670 1.1482
v -0.5068 7.3838 1.1495
v -0.4869 7.3331 1.1364
v -0.5254 7.5100 1.1576
v -0.5152 7.4684 1.1414
v -0.5105 7.3851 1.1428
v -0.4914 7.3336 1.1300
v -0.4831 7.3063 1.1376
v -0.4787 7.2792 1.1375
v -0.4787 7.3059 1.1439
v -0.4743 7.2787 1.1438
v -0.5376 7.5965 1.1691
v -0.4957 7.3042 1.1366
v -0.5411 7.5966 1.1622
v -0.4977 7.2989 1.1318
v -0.5450 7.5606 1.1723
v -0.5346 7.5177 1.1560
v -0.5299 7.4345 1.1574
v -0.5075 7.3573 1.1362
v -0.5485 7.5607 1.1654
v -0.5383 7.5191 1.1493
v -0.5336 7.4358 1.1506
v -0.5119 7.3578 1.1298
v -0.5103 7.3409 1.1186
v -0.5053 7.3137 1.1195
v -0.5059 7.3404 1.1250
v -0.5019 7.3180 1.1265
v -0.5618 7.6062 1.0752
v -0.5175 7.2905 1.0466
v -0.5653 7.6063 1.0683
v -0.5202 7.2851 1.0406
v -0.5692 7.5703 1.0784
v -0.5588 7.5275 1.0621
v -0.5489 7.4455 1.0608
v -0.5317 7.3670 1.0423
v -0.5727 7.5705 1.0715
v -0.5625 7.5288 1.0554
v -0.5526 7.4469 1.0540
v -0.5361 7.3675 1.0359
v -0.5359 7.3405 1.0274
v -0.5310 7.3133 1.0284
v -0.5316 7.3400 1.0338
v -0.5266 7.3128 1.0348
v -0.6667 7.9093 0.9640
v -0.6116 7.5994 0.9248
v -0.6702 7.9094 0.9572
v -0.6162 7.5997 0.9185
v -0.6741 7.8734 0.9673
v -0.6637 7.8305 0.9510
v -0.6591 7.7473 0.9523
v -0.6366 7.6700 0.9312
v -0.6776 7.8735 0.9604
v -0.6674 7.8318 0.9443
v -0.6628 7.7486 0.9456
v -0.6412 7.6703 0.9249
v -0.6383 7.6411 0.9362
v -0.6304 7.6149 0.9342
v -0.6429 7.6414 0.9299
v -0.6350 7.6152 0.9279
v -0.6398 7.7499 0.8819
v -0.5847 7.4401 0.8426
v -0.6433 7.7500 0.8750
v -0.5884 7.4414 0.8359
v -0.6472 7.7141 0.8851
v -0.6368 7.6712 0.8688
v -0.6321 7.5879 0.8702
v -0.6097 7.5107 0.8490
v -0.6507 7.7142 0.8782
v -0.6405 7.6725 0.8621
v -0.6358 7.5893 0.8634
v -0.6134 7.5120 0.8423
v -0.6174 7.4832 0.8427
v -0.6095 7.4570 0.8407
v -0.6137 7.4819 0.8494
v -0.6058 7.4556 0.8475
v -0.5744 7.5523 1.0806
v -0.5193 7.2424 1.0414
v -0.5779 7.5524 1.0737
v -0.5237 7.2428 1.0350
v -0.5818 7.5164 1.0839
v -0.5713 7.4735 1.0676
v -0.5667 7.3903 1.0689
v -0.5443 7.3130 1.0477
v -0.5853 7.5165 1.0770
v -0.5750 7.4749 1.0608
v -0.5704 7.3916 1.0622
v -0.5488 7.3134 1.0414
v -0.5512 7.2846 1.0449
v -0.5433 7.2583 1.0429
v -0.5468 7.2842 1.0512
v -0.5389 7.2579 1.0493
v -0.6248 7.8885 1.0297
v -0.5697 7.5787 0.9905
v -0.6283 7.8886 1.0228
v -0.5742 7.5790 0.9841
v -0.6322 7.8526 1.0330
v -0.6217 7.8098 1.0167
v -0.6171 7.7265 1.0180
v -0.5947 7.6493 0.9968
v -0.6357 7.8528 1.0261
v -0.6254 7.8111 1.0099
v -0.6208 7.7279 1.0113
v -0.5992 7.6496 0.9905
v -0.6017 7.6208 0.9940
v -0.5937 7.5945 0.9920
v -0.5972 7.6204 1.0003
v -0.5892 7.5942 0.9984
v -0.0168 6.9411 1.5541
v -0.0192 6.6157 1.5467
v -0.0100 6.9407 1.5579
v -0.0151 6.6090 1.5496
v -0.0248 6.8939 1.5651
v -0.0195 6.8316 1.5564
v -0.0182 6.7386 1.5688
v -0.0126 6.6705 1.5532
v -0.0180 6.8935 1.5690
v -0.0127 6.8329 1.5603
v -0.0115 6.7399 1.5728
v -0.0063 6.6708 1.5579
v 0.0029 6.6582 1.5586
v -0.0013 6.6258 1.5563
v -0.0034 6.6578 1.5539
v -0.0076 6.6313 1.5521
v -0.0456 6.9420 1.5182
v -0.0546 6.5007 1.5328
v -0.0388 6.9420 1.5221
v -0.0494 6.4933 1.5369
v -0.0536 6.8960 1.5320
v -0.0422 6.8331 1.5302
v -0.0594 6.7199 1.5374
v -0.0464 6.6068 1.5422
v -0.0468 6.8960 1.5358
v -0.0355 6.8348 1.5341
v -0.0527 6.7216 1.5412
v -0.0402 6.6076 1.5468
v -0.0300 6.5699 1.5433
v -0.0341 6.5322 1.5433
v -0.0363 6.5691 1.5387
v -0.0404 6.5314 1.5386
v -0.1046 6.9153 1.4873
v -0.1197 6.5165 1.4966
v -0.1102 6.9153 1.4819
v -0.1252 6.5180 1.4912
v -0.1159 6.8744 1.4986
v -0.1172 6.8184 1.4873
v -0.1243 6.7177 1.5010
v -0.1205 6.6171 1.4873
v -0.1214 6.8744 1.4931
v -0.1227 6.8199 1.4818
v -0.1298 6.7193 1.4956
v -0.1261 6.6186 1.4819
v -0.2373 7.1787 1.3443
v -0.2518 6.8539 1.3536
v -0.2427 7.1787 1.3388
v -0.2572 6.8551 1.3481
v -0.2482 7.1454 1.3555
v -0.2495 7.0998 1.3442
v -0.2563 7.0178 1.3580
v -0.2527 6.9358 1.3443
v -0.2536 7.1454 1.3501
v -0.2548 7.1010 1.3388
v -0.2616 7.0190 1.3525
v -0.2580 6.9371 1.3388
v -0.0811 6.9842 1.5175
v -0.0962 6.5359 1.5268
v -0.0867 6.9842 1.5120
v -0.1017 6.5377 1.5213
v -0.0924 6.9383 1.5287
v -0.0937 6.8753 1.5174
v -0.1008 6.7622 1.5312
v -0.0970 6.6491 1.5175
v -0.0979 6.9383 1.5233
v -0.0992 6.8770 1.5120
v -0.1063 6.7639 1.5257
v -0.1026 6.6508 1.5120
v -0.0009 7.3281 1.5130
v -0.0159 6.8371 1.5860
v -0.0064 7.3152 1.5296
v -0.0215 6.8398 1.5808
v -0.0121 7.2800 1.5404
v -0.0134 7.1993 1.5821
v -0.0205 7.0769 1.6089
v -0.0168 6.9589 1.5858
v -0.0177 7.2670 1.5569
v -0.0190 7.2007 1.5766
v -0.0261 7.0796 1.6036
v -0.0223 6.9616 1.5805
v -0.3108 7.2324 1.3337
v -0.3259 6.9076 1.3430
v -0.3164 7.2324 1.3282
v -0.3314 6.9088 1.3375
v -0.3221 7.1991 1.3449
v -0.3234 7.1535 1.3336
v -0.3305 7.0715 1.3474
v -0.3267 6.9896 1.3337
v -0.3276 7.1991 1.3395
v -0.3289 7.1547 1.3282
v -0.3360 7.0728 1.3419
v -0.3323 6.9908 1.3282
v -0.1553 6.9439 1.4364
v -0.1825 6.5451 1.4457
v -0.1606 6.9439 1.4310
v -0.1882 6.5466 1.4403
v -0.1661 6.9030 1.4477
v -0.1643 6.8470 1.4364
v -0.1778 6.7464 1.4501
v -0.1834 6.6457 1.4364
v -0.1715 6.9030 1.4422
v -0.1695 6.8485 1.4309
v -0.1832 6.7479 1.4447
v -0.1891 6.6472 1.4310
v -0.1673 7.1465 1.4637
v -0.1818 6.7477 1.4730
v -0.1726 7.1465 1.4582
v -0.1871 6.7492 1.4675
v -0.1781 7.1057 1.4749
v -0.1794 7.0496 1.4636
v -0.1862 6.9490 1.4774
v -0.1826 6.8483 1.4636
v -0.1835 7.1057 1.4694
v -0.1847 7.0511 1.4581
v -0.1916 6.9505 1.4719
v -0.1880 6.8499 1.4582
v -0.2231 7.2339 1.4077
v -0.2376 6.8120 1.4170
v -0.2284 7.2339 1.4022
v -0.2429 6.8136 1.4116
v -0.2339 7.1907 1.4190
v -0.2352 7.1314 1.4076
v -0.2420 7.0249 1.4214
v -0.2384 6.9185 1.4077
v -0.2393 7.1907 1.4135
v -0.2405 7.1330 1.4022
v -0.2474 7.0265 1.4160
v -0.2438 6.9201 1.4022
v -0.4126 7.0874 1.0772
v -0.3816 6.7637 1.0768
v -0.4163 7.0869 1.0698
v -0.3855 6.7643 1.0695
v -0.4222 7.0523 1.0804
v -0.4131 7.0075 1.0705
v -0.4121 6.9248 1.0779
v -0.3918 6.8450 1.0688
v -0.4259 7.0517 1.0730
v -0.4170 7.0082 1.0632
v -0.4160 6.9254 1.0706
v -0.3957 6.8456 1.0614
v -0.5158 7.5087 1.0856
v -0.5003 7.1838 1.0852
v -0.5195 7.5083 1.0782
v -0.5042 7.1846 1.0779
v -0.5271 7.4740 1.0888
v -0.5201 7.4289 1.0789
v -0.5230 7.3462 1.0864
v -0.5066 7.2655 1.0772
v -0.5308 7.4737 1.0814
v -0.5240 7.4297 1.0716
v -0.5269 7.3470 1.0790
v -0.5105 7.2663 1.0698
v -0.3399 7.0324 1.2835
v -0.3081 6.7086 1.2831
v -0.3437 7.0318 1.2761
v -0.3121 6.7092 1.2758
v -0.3498 6.9972 1.2867
v -0.3404 6.9525 1.2768
v -0.3394 6.8697 1.2842
v -0.3186 6.7899 1.2751
v -0.3536 6.9966 1.2793
v -0.3444 6.9531 1.2695
v -0.3434 6.8704 1.2769
v -0.3226 6.7906 1.2677
v -0.3616 6.9953 1.1572
v -0.3188 6.6715 1.1568
v -0.3652 6.9947 1.1498
v -0.3225 6.6722 1.1495
v -0.3709 6.9602 1.1604
v -0.3621 6.9154 1.1505
v -0.3474 6.8327 1.1579
v -0.3284 6.7529 1.1487
v -0.3745 6.9596 1.1530
v -0.3658 6.9161 1.1431
v -0.3511 6.8333 1.1506
v -0.3321 6.7535 1.1414
v -0.4761 7.3345 1.0332
v -0.4607 7.0095 1.0328
v -0.4799 7.3341 1.0258
v -0.4645 7.0104 1.0255
v -0.4874 7.2998 1.0364
v -0.4805 7.2547 1.0265
v -0.4834 7.1720 1.0340
v -0.4670 7.0913 1.0248
v -0.4912 7.2994 1.0290
v -0.4843 7.2555 1.0192
v -0.4873 7.1728 1.0266
v -0.4709 7.0921 1.0174
v -0.5253 7.3878 0.8444
v -0.5099 7.0629 0.8440
v -0.5291 7.3874 0.8371
v -0.5137 7.0637 0.8367
v -0.5366 7.3532 0.8476
v -0.5296 7.3080 0.8377
v -0.5326 7.2253 0.8452
v -0.5162 7.1446 0.8360
v -0.5404 7.3528 0.8403
v -0.5335 7.3088 0.8304
v -0.5365 7.2261 0.8379
v -0.5200 7.1455 0.8287
v -0.4273 7.2341 1.1365
v -0.4118 6.9092 1.1361
v -0.4310 7.2337 1.1291
v -0.4157 6.9100 1.1288
v -0.4386 7.1995 1.1397
v -0.4316 7.1543 1.1298
v -0.4345 7.0716 1.1373
v -0.4181 6.9909 1.1281
v -0.4423 7.1991 1.1323
v -0.4355 7.1551 1.1225
v -0.4384 7.0724 1.1299
v -0.4220 6.9918 1.1207
v -0.4032 7.0905 0.9797
v -0.3877 6.7656 0.9794
v -0.4070 7.0901 0.9724
v -0.3916 6.7664 0.9720
v -0.4145 7.0558 0.9829
v -0.4075 7.0107 0.9731
v -0.4105 6.9280 0.9805
v -0.3941 6.8473 0.9713
v -0.4182 7.0555 0.9756
v -0.4114 7.0115 0.9657
v -0.4143 6.9288 0.9732
v -0.3979 6.8481 0.9640
v -0.4707 7.4678 1.1906
v -0.4548 7.1429 1.1902
v -0.4746 7.4675 1.1832
v -0.4588 7.1438 1.1829
v -0.4823 7.4332 1.1938
v -0.4751 7.3881 1.1839
v -0.4782 7.3054 1.1913
v -0.4613 7.2247 1.1822
v -0.4861 7.4328 1.1864
v -0.4791 7.3889 1.1766
v -0.4821 7.3062 1.1840
v -0.4653 7.2255 1.1748
v -0.4740 7.3947 1.1025
v -0.4586 7.0698 1.1021
v -0.4778 7.3943 1.0951
v -0.4624 7.0706 1.0948
v -0.4853 7.3601 1.1057
v -0.4783 7.3149 1.0958
v -0.4813 7.2322 1.1032
v -0.4649 7.1515 1.0941
v -0.4891 7.3597 1.0983
v -0.4822 7.3158 1.0884
v -0.4852 7.2331 1.0959
v -0.4687 7.1524 1.0867
v -0.3782 7.3673 1.3110
v -0.3623 7.0424 1.3107
v -0.3821 7.3669 1.3037
v -0.3663 7.0432 1.3033
v -0.3898 7.3327 1.3142
v -0.3826 7.2875 1.3044
v -0.3857 7.2048 1.3118
v -0.3688 7.1241 1.3026
v -0.3936 7.3323 1.3069
v -0.3866 7.2883 1.2970
v -0.3896 7.2056 1.3045
v -0.3728 7.1250 1.2953
v -0.4104 7.3721 1.2825
v -0.3945 7.0471 1.2822
v -0.4142 7.3717 1.2752
v -0.3985 7.0480 1.2748
v -0.4220 7.3374 1.2857
v -0.4148 7.2923 1.2759
v -0.4178 7.2096 1.2833
v -0.4010 7.1289 1.2741
v -0.4258 7.3370 1.2784
v -0.4188 7.2931 1.2685
v -0.4218 7.2104 1.2760
v -0.4049 7.1297 1.2668
v -0.5203 7.3178 0.8761
v -0.5048 6.9929 0.8757
v -0.5241 7.3174 0.8687
v -0.5087 6.9937 0.8684
v -0.5316 7.2831 0.8793
v -0.5246 7.2380 0.8694
v -0.5276 7.1553 0.8769
v -0.5112 7.0746 0.8677
v -0.5353 7.2828 0.8719
v -0.5285 7.2388 0.8621
v -0.5314 7.1561 0.8695
v -0.5150 7.0754 0.8604
v -0.5551 7.4718 0.8304
v -0.5396 7.1469 0.8300
v -0.5588 7.4714 0.8230
v -0.5435 7.1477 0.8227
v -0.5664 7.4372 0.8336
v -0.5594 7.3920 0.8237
v -0.5623 7.3093 0.8311
v -0.5459 7.2286 0.8220
v -0.5701 7.4368 0.8262
v -0.5633 7.3929 0.8164
v -0.5662 7.3101 0.8238
v -0.5498 7.2295 0.8146
v -0.5619 7.5879 1.0231
v -0.5464 7.2630 1.0227
v -0.5656 7.5876 1.0157
v -0.5503 7.2639 1.0154
v -0.5732 7.5533 1.0263
v -0.5662 7.5082 1.0164
v -0.5691 7.4255 1.0239
v -0.5527 7.3448 1.0147
v -0.5769 7.5529 1.0189
v -0.5701 7.5090 1.0091
v -0.5730 7.4263 1.0165
v -0.5566 7.3456 1.0074
v -0.4969 7.3248 0.9836
v -0.4814 6.9999 0.9833
v -0.5006 7.3244 0.9763
v -0.4853 7.0008 0.9759
v -0.5081 7.2902 0.9868
v -0.5012 7.2451 0.9770
v -0.5041 7.1624 0.9844
v -0.4877 7.0817 0.9752
v -0.5119 7.2898 0.9795
v -0.5050 7.2459 0.9696
v -0.5080 7.1632 0.9771
v -0.4916 7.0825 0.9679
v -0.5344 7.3528 0.9713
v -0.5189 7.0279 0.9709
v -0.5382 7.3524 0.9639
v -0.5228 7.0287 0.9636
v -0.5457 7.3182 0.9745
v -0.5387 7.2730 0.9646
v -0.5417 7.1903 0.9721
v -0.5252 7.1096 0.9629
v -0.5494 7.3178 0.9671
v -0.5426 7.2738 0.9573
v -0.5455 7.1911 0.9647
v -0.5291 7.1105 0.9556
v -0.4757 7.5521 1.2075
v -0.4598 7.2272 1.2071
v -0.4796 7.5517 1.2001
v -0.4638 7.2280 1.1998
v -0.4873 7.5175 1.2107
v -0.4802 7.4723 1.2008
v -0.4832 7.3896 1.2083
v -0.4663 7.3089 1.1991
v -0.4912 7.5171 1.2033
v -0.4841 7.4732 1.1935
v -0.4872 7.3905 1.2009
v -0.4703 7.3098 1.1918
v -0.5274 7.6269 1.1167
v -0.5119 7.3020 1.1163
v -0.5311 7.6265 1.1093
v -0.5158 7.3029 1.1090
v -0.5387 7.5923 1.1199
v -0.5317 7.5471 1.1100
v -0.5346 7.4644 1.1175
v -0.5182 7.3838 1.1083
v -0.5424 7.5919 1.1125
v -0.5356 7.5480 1.1027
v -0.5385 7.4653 1.1101
v -0.5221 7.3846 1.1009
v -0.2520 6.9213 1.3452
v -0.2442 6.5743 1.3448
v -0.2556 6.9209 1.3378
v -0.2480 6.5752 1.3375
v -0.2628 6.8844 1.3484
v -0.2516 6.8361 1.3385
v -0.2537 6.7478 1.3460
v -0.2505 6.6616 1.3368
v -0.2665 6.8839 1.3410
v -0.2553 6.8370 1.3312
v -0.2574 6.7487 1.3386
v -0.2543 6.6625 1.3294
v -0.6126 7.7864 0.9778
v -0.5971 7.4615 0.9774
v -0.6164 7.7860 0.9704
v -0.6010 7.4623 0.9701
v -0.6239 7.7518 0.9810
v -0.6169 7.7066 0.9711
v -0.6199 7.6239 0.9785
v -0.6035 7.5432 0.9694
v -0.6276 7.7514 0.9736
v -0.6208 7.7075 0.9638
v -0.6237 7.6247 0.9712
v -0.6073 7.5441 0.9620
v -0.6472 7.8823 0.9174
v -0.6317 7.5574 0.9171
v -0.6509 7.8819 0.9101
v -0.6356 7.5583 0.9097
v -0.6584 7.8477 0.9206
v -0.6515 7.8025 0.9108
v -0.6544 7.7198 0.9182
v -0.6380 7.6392 0.9090
v -0.6622 7.8473 0.9133
v -0.6553 7.8034 0.9034
v -0.6583 7.7207 0.9109
v -0.6419 7.6400 0.9017
v -0.5793 7.7635 1.0429
v -0.5638 7.4386 1.0425
v -0.5831 7.7631 1.0355
v -0.5677 7.4394 1.0352
v -0.5906 7.7288 1.0461
v -0.5836 7.6837 1.0362
v -0.5866 7.6010 1.0437
v -0.5702 7.5203 1.0345
v -0.5943 7.7284 1.0387
v -0.5875 7.6845 1.0289
v -0.5904 7.6018 1.0363
v -0.5740 7.5211 1.0271
v -0.6287 7.7150 0.8021
v -0.6132 7.3901 0.8018
v -0.6325 7.7146 0.7948
v -0.6171 7.3910 0.7944
v -0.6400 7.6804 0.8053
v -0.6330 7.6352 0.7955
v -0.6360 7.5525 0.8029
v -0.6196 7.4719 0.7937
v -0.6437 7.6800 0.7980
v -0.6369 7.6361 0.7881
v -0.6398 7.5534 0.7956
v -0.6234 7.4727 0.7864
v -0.1617 6.9080 1.3681
v -0.1890 6.5091 1.3764
v -0.1684 6.9080 1.3618
v -0.1958 6.5107 1.3701
v -0.1808 6.8671 1.3773
v -0.1897 6.8111 1.3845
v -0.1934 6.7104 1.3819
v -0.1920 6.6098 1.3820
v -0.1875 6.8671 1.3710
v -0.1963 6.8126 1.3782
v -0.2000 6.7119 1.3756
v -0.1988 6.6113 1.3757
v -0.0762 7.1901 1.5234
v -0.0990 6.8177 1.5408
v -0.0833 7.1901 1.5171
v -0.1061 6.8192 1.5345
v -0.0965 7.1605 1.5369
v -0.1098 7.1196 1.5391
v -0.1143 7.0190 1.5462
v -0.1022 6.9184 1.5463
v -0.1036 7.1605 1.5306
v -0.1169 7.1212 1.5328
v -0.1214 7.0205 1.5399
v -0.1093 6.9199 1.5400
v -0.1648 7.1810 1.4422
v -0.1869 6.8082 1.4739
v -0.1717 7.1810 1.4359
v -0.1937 6.8097 1.4676
v -0.1844 7.1539 1.4607
v -0.1972 7.1101 1.4723
v -0.2016 7.0095 1.4794
v -0.1899 6.9088 1.4795
v -0.1913 7.1539 1.4544
v -0.2041 7.1116 1.4660
v -0.2084 7.0110 1.4731
v -0.1967 6.9103 1.4732
v -0.1556 7.0808 1.4267
v -0.1777 6.6819 1.4350
v -0.1625 7.0808 1.4203
v -0.1845 6.6835 1.4287
v -0.1752 7.0399 1.4358
v -0.1880 6.9839 1.4431
v -0.1923 6.8832 1.4404
v -0.1807 6.7826 1.4405
v -0.1821 7.0399 1.4295
v -0.1949 6.9854 1.4368
v -0.1992 6.8848 1.4341
v -0.1875 6.7841 1.4342
v -0.1100 7.1831 1.4693
v -0.1321 6.8263 1.5177
v -0.1169 7.1827 1.4630
v -0.1390 6.8274 1.5114
v -0.1296 7.1662 1.4896
v -0.1425 7.1283 1.5035
v -0.1468 7.0276 1.5148
v -0.1351 6.9271 1.5191
v -0.1365 7.1658 1.4833
v -0.1493 7.1295 1.4972
v -0.1536 7.0288 1.5084
v -0.1420 6.9283 1.5128
v -0.1280 7.0681 1.4708
v -0.1500 6.6693 1.4791
v -0.1349 7.0681 1.4645
v -0.1569 6.6708 1.4728
v -0.1476 7.0272 1.4800
v -0.1604 6.9712 1.4872
v -0.1647 6.8706 1.4846
v -0.1531 6.7699 1.4847
v -0.1545 7.0272 1.4737
v -0.1673 6.9727 1.4809
v -0.1716 6.8721 1.4783
v -0.1599 6.7714 1.4784
v -0.2306 7.2943 1.3516
v -0.2527 6.7910 1.3599
v -0.2375 7.2943 1.3453
v -0.2596 6.7929 1.3537
v -0.2502 7.2428 1.3608
v -0.2631 7.1720 1.3680
v -0.2674 7.0450 1.3654
v -0.2557 6.9180 1.3655
v -0.2571 7.2428 1.3545
v -0.2699 7.1740 1.3617
v -0.2742 7.0469 1.3591
v -0.2626 6.9199 1.3592
v -0.3147 7.2405 1.3300
v -0.2745 6.9174 1.3394
v -0.3237 7.2390 1.3249
v -0.2837 6.9171 1.3342
v -0.3249 7.2047 1.3416
v -0.3268 7.1578 1.3502
v -0.3171 7.0763 1.3478
v -0.2905 6.9978 1.3457
v -0.3339 7.2031 1.3364
v -0.3360 7.1575 1.3451
v -0.3263 7.0760 1.3426
v -0.2997 6.9974 1.3406
v -0.3261 6.9781 1.1842
v -0.2859 6.6550 1.1935
v -0.3351 6.9766 1.1790
v -0.2951 6.6547 1.1884
v -0.3363 6.9423 1.1958
v -0.3382 6.8955 1.2044
v -0.3285 6.8139 1.2019
v -0.3019 6.7354 1.1999
v -0.3453 6.9408 1.1906
v -0.3475 6.8952 1.1993
v -0.3377 6.8136 1.1968
v -0.3111 6.7351 1.1948
v -0.2584 6.9260 1.2964
v -0.2167 6.5894 1.3057
v -0.2669 6.9245 1.2912
v -0.2256 6.5891 1.3006
v -0.2680 6.8902 1.3079
v -0.2651 6.8298 1.3166
v -0.2447 6.7483 1.3141
v -0.2322 6.6697 1.3121
v -0.2765 6.8887 1.3028
v -0.2736 6.8295 1.3114
v -0.2532 6.7480 1.3090
v -0.2411 6.6694 1.3069
v -0.4845 7.1927 0.9185
v -0.4299 6.8718 0.9279
v -0.4932 7.1907 0.9134
v -0.4389 6.8711 0.9227
v -0.4927 7.1564 0.9301
v -0.4924 7.1095 0.9387
v -0.4790 7.0285 0.9363
v -0.4494 6.9513 0.9342
v -0.5014 7.1544 0.9249
v -0.5013 7.1088 0.9336
v -0.4879 7.0278 0.9311
v -0.4583 6.9506 0.9291
v -0.5568 7.6183 0.9686
v -0.5356 7.2936 0.9786
v -0.5648 7.6173 0.9629
v -0.5437 7.2938 0.9729
v -0.5704 7.5830 0.9793
v -0.5759 7.5363 0.9875
v -0.5702 7.4544 0.9852
v -0.5481 7.3746 0.9844
v -0.5783 7.5820 0.9735
v -0.5840 7.5364 0.9818
v -0.5783 7.4545 0.9795
v -0.5562 7.3748 0.9787
v -0.3812 7.0261 1.0872
v -0.3266 6.7053 1.0965
v -0.3899 7.0242 1.0820
v -0.3355 6.7046 1.0914
v -0.3894 6.9899 1.0987
v -0.3890 6.9430 1.1074
v -0.3757 6.8620 1.1049
v -0.3461 6.7848 1.1029
v -0.3981 6.9879 1.0936
v -0.3980 6.9422 1.1022
v -0.3846 6.8613 1.0998
v -0.3550 6.7841 1.0977
v -0.5808 7.6575 0.9004
v -0.6045 7.3327 0.9069
v -0.5865 7.6575 0.8936
v -0.6101 7.3340 0.9001
v -0.6022 7.6242 0.9079
v -0.6164 7.5786 0.9141
v -0.6202 7.4967 0.9111
v -0.6086 7.4147 0.9122
v -0.6079 7.6242 0.9011
v -0.6220 7.5799 0.9073
v -0.6259 7.4979 0.9043
v -0.6142 7.4159 0.9054
v -0.1642 6.8808 1.4119
v -0.1365 6.5291 1.4354
v -0.1707 6.8799 1.4080
v -0.1402 6.5208 1.4341
v -0.1683 6.8391 1.4256
v -0.1642 6.7829 1.4150
v -0.1649 6.6824 1.4301
v -0.1697 6.6103 1.4206
v -0.1748 6.8382 1.4218
v -0.1707 6.7835 1.4112
v -0.1716 6.6830 1.4263
v -0.1772 6.6100 1.4176
v -0.1788 6.5708 1.4169
v -0.1629 6.5324 1.4198
v -0.1717 6.5737 1.4199
v -0.1592 6.5407 1.4212
v -0.2412 6.9952 1.3864
v -0.2160 6.6312 1.4020
v -0.2477 6.9943 1.3826
v -0.2230 6.6309 1.3990
v -0.2453 6.9536 1.4002
v -0.2443 6.8973 1.3896
v -0.2386 6.7968 1.4047
v -0.2280 6.7308 1.3932
v -0.2518 6.9527 1.3963
v -0.2509 6.8979 1.3857
v -0.2452 6.7975 1.4008
v -0.2350 6.7305 1.3902
v -0.2237 6.6983 1.3975
v -0.2197 6.6651 1.4004
v -0.2167 6.6986 1.4005
v -0.2127 6.6654 1.4034
v -0.0991 7.1141 1.5218
v -0.1092 6.7497 1.5303
v -0.1058 7.1141 1.5179
v -0.1141 6.7431 1.5285
v -0.1070 7.0733 1.5355
v -0.1112 7.0172 1.5249
v -0.1145 6.9166 1.5400
v -0.1144 6.8159 1.5258
v -0.1138 7.0733 1.5316
v -0.1180 7.0188 1.5210
v -0.1213 6.9181 1.5362
v -0.1216 6.8167 1.5227
v -0.1281 6.7945 1.5159
v -0.1259 6.7610 1.5194
v -0.1209 6.7938 1.5190
v -0.1188 6.7663 1.5225
v -0.0896 6.9823 1.5157
v -0.0619 6.5425 1.5307
v -0.0964 6.9813 1.5118
v -0.0674 6.5341 1.5283
v -0.0938 6.9354 1.5294
v -0.0929 6.8722 1.5188
v -0.0839 6.7597 1.5286
v -0.0777 6.6468 1.5197
v -0.1006 6.9344 1.5255
v -0.0997 6.8729 1.5149
v -0.0907 6.7604 1.5247
v -0.0849 6.6466 1.5166
v -0.0889 6.6081 1.5148
v -0.0837 6.5709 1.5184
v -0.0817 6.6083 1.5179
v -0.0765 6.5711 1.5214
v -0.5521 7.3416 0.8881
v -0.5130 7.0185 0.8975
v -0.5609 7.3401 0.8830
v -0.5220 7.0182 0.8923
v -0.5621 7.3058 0.8997
v -0.5640 7.2590 0.9083
v -0.5545 7.1774 0.9059
v -0.5286 7.0989 0.9038
v -0.5709 7.3043 0.8945
v -0.5729 7.2586 0.9032
v -0.5635 7.1771 0.9007
v -0.5376 7.0986 0.8987
v -0.5138 7.4356 1.0380
v -0.4926 7.1108 1.0479
v -0.5218 7.4345 1.0322
v -0.5007 7.1110 1.0422
v -0.5274 7.4002 1.0486
v -0.5329 7.3535 1.0568
v -0.5272 7.2716 1.0545
v -0.5051 7.1918 1.0537
v -0.5353 7.3992 1.0429
v -0.5410 7.3537 1.0511
v -0.5353 7.2718 1.0488
v -0.5132 7.1920 1.0480
v -0.3792 7.1906 1.1589
v -0.3400 6.8675 1.1682
v -0.3880 7.1890 1.1537
v -0.3490 6.8672 1.1631
v -0.3892 7.1548 1.1705
v -0.3910 7.1079 1.1791
v -0.3815 7.0264 1.1766
v -0.3557 6.9478 1.1746
v -0.3979 7.1532 1.1653
v -0.4000 7.1076 1.1739
v -0.3905 7.0261 1.1715
v -0.3646 6.9475 1.1695
v -0.4342 7.1272 0.9976
v -0.3796 6.8063 1.0070
v -0.4429 7.1252 0.9924
v -0.3886 6.8056 1.0018
v -0.4425 7.0909 1.0092
v -0.4421 7.0440 1.0178
v -0.4287 6.9630 1.0154
v -0.3991 6.8858 1.0133
v -0.4512 7.0889 1.0040
v -0.4510 7.0433 1.0127
v -0.4377 6.9623 1.0102
v -0.4080 6.8851 1.0082
v -0.5063 7.1245 0.9497
v -0.4143 6.8234 0.9128
v -0.5067 7.1252 0.9420
v -0.4159 6.8241 0.9052
v -0.5113 7.0882 0.9465
v -0.4916 7.0478 0.9328
v -0.4810 6.9652 0.9292
v -0.4455 6.8917 0.9135
v -0.5117 7.0889 0.9388
v -0.4923 7.0497 0.9252
v -0.4817 6.9671 0.9216
v -0.4470 6.8925 0.9059
v -0.4467 6.8624 0.9149
v -0.4365 6.8369 0.9144
v -0.4482 6.8632 0.9073
v -0.4380 6.8377 0.9068
v -0.5092 7.1808 0.9005
v -0.4172 6.8797 0.8636
v -0.5095 7.1815 0.8928
v -0.4179 6.8816 0.8560
v -0.5142 7.1445 0.8973
v -0.4945 7.1041 0.8836
v -0.4838 7.0215 0.8800
v -0.4483 6.9480 0.8643
v -0.5145 7.1452 0.8896
v -0.4952 7.1060 0.8760
v -0.4845 7.0234 0.8724
v -0.4491 6.9499 0.8567
v -0.4504 6.9211 0.8530
v -0.4403 6.8956 0.8525
v -0.4497 6.9192 0.8606
v -0.4396 6.8937 0.8601
v -0.4068 6.9899 1.1482
v -0.3148 6.6888 1.1113
v -0.4072 6.9906 1.1405
v -0.3163 6.6897 1.1036
v -0.4118 6.9536 1.1450
v -0.3921 6.9133 1.1313
v -0.3814 6.8307 1.1277
v -0.3460 6.7572 1.1120
v -0.4122 6.9544 1.1373
v -0.3928 6.9151 1.1237
v -0.3822 6.8325 1.1201
v -0.3475 6.7581 1.1044
v -0.3487 6.7289 1.1041
v -0.3385 6.7034 1.1036
v -0.3472 6.7280 1.1117
v -0.3371 6.7025 1.1112
v -0.4524 7.0300 1.0642
v -0.3603 6.7289 1.0273
v -0.4527 7.0307 1.0565
v -0.3618 6.7297 1.0197
v -0.4574 6.9937 1.0610
v -0.4376 6.9533 1.0473
v -0.4270 6.8707 1.0437
v -0.3915 6.7973 1.0280
v -0.4577 6.9944 1.0533
v -0.4383 6.9552 1.0397
v -0.4277 6.8726 1.0361
v -0.3930 6.7981 1.0204
v -0.3943 6.7690 1.0201
v -0.3841 6.7434 1.0196
v -0.3928 6.7681 1.0277
v -0.3826 6.7426 1.0272
v -0.5842 7.6224 0.9118
v -0.5629 7.2976 0.9217
v -0.5922 7.6213 0.9060
v -0.5710 7.2978 0.9160
v -0.5977 7.5870 0.9224
v -0.6033 7.5403 0.9306
v -0.5975 7.4584 0.9283
v -0.5754 7.3786 0.9275
v -0.6057 7.5860 0.9167
v -0.6114 7.5405 0.9249
v -0.6056 7.4586 0.9226
v -0.5835 7.3788 0.9218
v -0.6013 7.6020 0.8566
v -0.5800 7.2773 0.8666
v -0.6093 7.6010 0.8509
v -0.5881 7.2775 0.8609
v -0.6148 7.5667 0.8673
v -0.6203 7.5200 0.8755
v -0.6146 7.4381 0.8732
v -0.5925 7.3583 0.8724
v -0.6228 7.5657 0.8616
v -0.6285 7.5201 0.8698
v -0.6227 7.4383 0.8675
v -0.6006 7.3585 0.8667
v -0.4491 7.5124 1.2294
v -0.4272 7.1876 1.2394
v -0.4573 7.5113 1.2237
v -0.4356 7.1878 1.2337
v -0.4630 7.4770 1.2400
v -0.4687 7.4303 1.2482
v -0.4628 7.3484 1.2459
v -0.4401 7.2686 1.2452
v -0.4712 7.4760 1.2343
v -0.4770 7.4305 1.2425
v -0.4711 7.3486 1.2402
v -0.4484 7.2688 1.2394
v -0.5082 7.5909 1.1360
v -0.4869 7.2662 1.1460
v -0.5161 7.5899 1.1303
v -0.4950 7.2664 1.1403
v -0.5217 7.5556 1.1466
v -0.5272 7.5088 1.1548
v -0.5215 7.4269 1.1525
v -0.4994 7.3472 1.1518
v -0.5297 7.5545 1.1409
v -0.5353 7.5090 1.1491
v -0.5296 7.4271 1.1468
v -0.5075 7.3474 1.1460
v -0.6313 8.0508 0.9190
v -0.6549 7.7260 0.9255
v -0.6370 8.0508 0.9122
v -0.6606 7.7273 0.9187
v -0.6526 8.0175 0.9266
v -0.6668 7.9719 0.9327
v -0.6707 7.8899 0.9297
v -0.6590 7.8080 0.9308
v -0.6583 8.0175 0.9197
v -0.6725 7.9731 0.9259
v -0.6763 7.8912 0.9229
v -0.6647 7.8092 0.9240
v -0.6313 8.0093 0.8732
v -0.6549 7.6846 0.8797
v -0.6370 8.0093 0.8664
v -0.6606 7.6858 0.8729
v -0.6526 7.9761 0.8808
v -0.6668 7.9304 0.8869
v -0.6707 7.8485 0.8839
v -0.6590 7.7665 0.8850
v -0.6583 7.9761 0.8739
v -0.6725 7.9317 0.8801
v -0.6763 7.8497 0.8771
v -0.6647 7.7678 0.8782
v -0.5656 7.7718 1.0705
v -0.5726 7.4462 1.0770
v -0.5713 7.7715 1.0637
v -0.5783 7.4472 1.0702
v -0.5853 7.7375 1.0780
v -0.5971 7.6912 1.0842
v -0.5967 7.6091 1.0812
v -0.5809 7.5279 1.0823
v -0.5909 7.7372 1.0712
v -0.6028 7.6921 1.0774
v -0.6024 7.6100 1.0744
v -0.5866 7.5288 1.0755
v -0.5656 7.9357 1.0527
v -0.5726 7.6102 1.0592
v -0.5713 7.9354 1.0459
v -0.5783 7.6111 1.0524
v -0.5853 7.9014 1.0602
v -0.5971 7.8551 1.0663
v -0.5967 7.7730 1.0634
v -0.5809 7.6918 1.0644
v -0.5909 7.9011 1.0534
v -0.6028 7.8560 1.0595
v -0.6024 7.7740 1.0566
v -0.5866 7.6927 1.0576
v -0.2374 6.9483 1.3616
v -0.2107 6.5591 1.3321
v -0.2341 6.9480 1.3685
v -0.2077 6.5521 1.3377
v -0.2456 6.9046 1.3649
v -0.2291 6.8509 1.3643
v -0.2340 6.7491 1.3515
v -0.2102 6.6504 1.3532
v -0.2422 6.9043 1.3717
v -0.2259 6.8521 1.3714
v -0.2308 6.7503 1.3585
v -0.2077 6.6506 1.3605
v -0.1937 6.6193 1.3600
v -0.2031 6.5860 1.3545
v -0.1962 6.6190 1.3526
v -0.2056 6.5858 1.3472
v -0.4897 7.2171 0.9802
v -0.4346 6.9073 0.9410
v -0.4932 7.2173 0.9734
v -0.4392 6.9076 0.9347
v -0.4971 7.1813 0.9835
v -0.4867 7.1384 0.9672
v -0.4820 7.0551 0.9685
v -0.4596 6.9779 0.9474
v -0.5006 7.1814 0.9766
v -0.4904 7.1397 0.9605
v -0.4858 7.0565 0.9618
v -0.4642 6.9782 0.9411
v -0.4613 6.9490 0.9524
v -0.4534 6.9228 0.9504
v -0.4659 6.9493 0.9461
v -0.4580 6.9231 0.9441
v -0.4149 7.2284 1.2045
v -0.3503 6.9186 1.1653
v -0.4185 7.2285 1.1976
v -0.3548 6.9189 1.1590
v -0.4225 7.1925 1.2078
v -0.4117 7.1497 1.1915
v -0.3977 7.0664 1.1928
v -0.3753 6.9892 1.1717
v -0.4261 7.1927 1.2009
v -0.4156 7.1510 1.1847
v -0.4014 7.0678 1.1861
v -0.3798 6.9895 1.1653
v -0.3823 6.9607 1.1688
v -0.3744 6.9344 1.1669
v -0.3778 6.9603 1.1751
v -0.3698 6.9341 1.1732
v -0.2658 7.2311 1.3449
v -0.2381 6.9484 1.3804
v -0.2623 7.2316 1.3517
v -0.2357 6.9421 1.3853
v -0.2746 7.1992 1.3667
v -0.2612 7.1662 1.3789
v -0.2600 7.0839 1.3936
v -0.2415 7.0146 1.3865
v -0.2711 7.1997 1.3736
v -0.2579 7.1682 1.3857
v -0.2567 7.0859 1.4005
v -0.2388 7.0157 1.3938
v -0.2300 6.9948 1.4002
v -0.2295 6.9611 1.3975
v -0.2326 6.9937 1.3929
v -0.2328 6.9659 1.3904
v -0.4703 7.3443 1.1190
v -0.4240 7.0583 1.1090
v -0.4738 7.3444 1.1121
v -0.4256 7.0520 1.1048
v -0.4777 7.3084 1.1223
v -0.4673 7.2655 1.1060
v -0.4626 7.1823 1.1073
v -0.4491 7.1264 1.0912
v -0.4812 7.3085 1.1154
v -0.4710 7.2668 1.0992
v -0.4663 7.1836 1.1006
v -0.4535 7.1269 1.0848
v -0.4515 7.0958 1.0779
v -0.4374 7.0643 1.0830
v -0.4476 7.0974 1.0844
v -0.4357 7.0706 1.0872
v -0.4933 7.5092 1.1714
v -0.4525 7.2151 1.1462
v -0.4968 7.5093 1.1645
v -0.4570 7.2156 1.1398
v -0.5007 7.4733 1.1746
v -0.4902 7.4304 1.1583
v -0.4856 7.3472 1.1596
v -0.4657 7.2965 1.1465
v -0.5042 7.4734 1.1677
v -0.4939 7.4318 1.1516
v -0.4893 7.3485 1.1529
v -0.4702 7.2970 1.1402
v -0.4619 7.2697 1.1477
v -0.4575 7.2426 1.1476
v -0.4574 7.2693 1.1541
v -0.4530 7.2421 1.1540
v -0.6018 7.6103 0.9554
v -0.5657 7.2976 0.9162
v -0.6053 7.6106 0.9485
v -0.5702 7.2982 0.9098
v -0.6114 7.5749 0.9586
v -0.6036 7.5315 0.9423
v -0.6040 7.4481 0.9437
v -0.5864 7.3696 0.9225
v -0.6149 7.5753 0.9518
v -0.6072 7.5330 0.9356
v -0.6076 7.4497 0.9370
v -0.5908 7.3702 0.9162
v -0.5951 7.3416 0.9197
v -0.5888 7.3149 0.9177
v -0.5906 7.3410 0.9260
v -0.5843 7.3143 0.9241
v -0.5692 7.6399 1.0755
v -0.5228 7.3540 1.0654
v -0.5726 7.6400 1.0686
v -0.5245 7.3477 1.0612
v -0.5766 7.6040 1.0787
v -0.5661 7.5611 1.0624
v -0.5615 7.4779 1.0638
v -0.5479 7.4221 1.0477
v -0.5801 7.6041 1.0718
v -0.5698 7.5625 1.0557
v -0.5652 7.4792 1.0570
v -0.5523 7.4225 1.0413
v -0.5504 7.3914 1.0343
v -0.5362 7.3600 1.0394
v -0.5464 7.3930 1.0408
v -0.5346 7.3663 1.0436
v -0.5376 7.6217 1.1512
v -0.4957 7.3294 1.1188
v -0.5411 7.6218 1.1443
v -0.4977 7.3241 1.1140
v -0.5450 7.5858 1.1545
v -0.5346 7.5429 1.1382
v -0.5299 7.4597 1.1395
v -0.5075 7.3824 1.1184
v -0.5485 7.5859 1.1476
v -0.5383 7.5443 1.1314
v -0.5336 7.4610 1.1328
v -0.5119 7.3830 1.1119
v -0.5103 7.3661 1.1007
v -0.5053 7.3389 1.1017
v -0.5059 7.3655 1.1071
v -0.5019 7.3432 1.1087
v -0.6568 7.9637 0.9506
v -0.6017 7.6539 0.9114
v -0.6603 7.9638 0.9437
v -0.6062 7.6542 0.9051
v -0.6642 7.9278 0.9539
v -0.6538 7.8850 0.9376
v -0.6491 7.8017 0.9389
v -0.6267 7.7245 0.9178
v -0.6677 7.9280 0.9470
v -0.6575 7.8863 0.9308
v -0.6528 7.8031 0.9322
v -0.6313 7.7248 0.9114
v -0.6284 7.6956 0.9228
v -0.6205 7.6693 0.9208
v -0.6330 7.6959 0.9164
v -0.6251 7.6696 0.9145
v -0.6398 7.8064 0.8640
v -0.5847 7.4966 0.8248
v -0.6433 7.8065 0.8571
v -0.5884 7.4979 0.8181
v -0.6472 7.7705 0.8673
v -0.6368 7.7277 0.8510
v -0.6321 7.6444 0.8523
v -0.6097 7.5672 0.8311
v -0.6507 7.7707 0.8604
v -0.6405 7.7290 0.8442
v -0.6358 7.6458 0.8456
v -0.6134 7.5685 0.8244
v -0.6174 7.5397 0.8248
v -0.6095 7.5135 0.8229
v -0.6137 7.5384 0.8316
v -0.6058 7.5121 0.8296
v -0.6378 7.9305 1.0159
v -0.5827 7.6206 0.9767
v -0.6413 7.9306 1.0091
v -0.5872 7.6210 0.9704
v -0.6452 7.8946 1.0192
v -0.6347 7.8517 1.0029
v -0.6301 7.7685 1.0042
v -0.6077 7.6912 0.9831
v -0.6487 7.8947 1.0123
v -0.6384 7.8531 0.9962
v -0.6338 7.7698 0.9975
v -0.6122 7.6916 0.9767
v -0.6147 7.6627 0.9802
v -0.6067 7.6365 0.9783
v -0.6102 7.6624 0.9865
v -0.6022 7.6361 0.9846
v -0.3108 7.3185 1.3158
v -0.3259 6.9937 1.3252
v -0.3164 7.3185 1.3104
v -0.3314 6.9949 1.3197
v -0.3221 7.2852 1.3271
v -0.3234 7.2396 1.3158
v -0.3305 7.1576 1.3295
v -0.3267 7.0756 1.3158
v -0.3276 7.2852 1.3216
v -0.3289 7.2408 1.3103
v -0.3360 7.1588 1.3241
v -0.3323 7.0769 1.3104
v -0.4126 7.1439 1.0593
v -0.3816 6.8202 1.0590
v -0.4163 7.1434 1.0520
v -0.3855 6.8208 1.0516
v -0.4222 7.1088 1.0625
v -0.4131 7.0640 1.0527
v -0.4121 6.9813 1.0601
v -0.3918 6.9015 1.0509
v -0.4259 7.1082 1.0552
v -0.4170 7.0647 1.0453
v -0.4160 6.9819 1.0528
v -0.3957 6.9021 1.0436
v -0.5158 7.5652 1.0677
v -0.5003 7.2403 1.0674
v -0.5195 7.5648 1.0604
v -0.5042 7.2411 1.0600
v -0.5271 7.5305 1.0709
v -0.5201 7.4854 1.0611
v -0.5230 7.4027 1.0685
v -0.5066 7.3220 1.0593
v -0.5308 7.5302 1.0636
v -0.5240 7.4862 1.0537
v -0.5269 7.4035 1.0612
v -0.5105 7.3228 1.0520
v -0.3399 7.0889 1.2536
v -0.3081 6.7651 1.2532
v -0.3437 7.0883 1.2462
v -0.3121 6.7657 1.2459
v -0.3498 7.0537 1.2568
v -0.3404 7.0090 1.2469
v -0.3394 6.9262 1.2543
v -0.3186 6.8464 1.2452
v -0.3536 7.0531 1.2494
v -0.3444 7.0096 1.2395
v -0.3434 6.9269 1.2470
v -0.3226 6.8471 1.2378
v -0.3782 7.4238 1.2932
v -0.3623 7.0989 1.2928
v -0.3821 7.4234 1.2858
v -0.3663 7.0997 1.2855
v -0.3898 7.3892 1.2964
v -0.3826 7.3440 1.2865
v -0.3857 7.2613 1.2940
v -0.3688 7.1806 1.2848
v -0.3936 7.3888 1.2890
v -0.3866 7.3448 1.2792
v -0.3896 7.2621 1.2866
v -0.3728 7.1815 1.2775
v -0.5619 7.6453 0.9992
v -0.5464 7.3204 0.9988
v -0.5656 7.6449 0.9918
v -0.5503 7.3212 0.9915
v -0.5732 7.6107 1.0024
v -0.5662 7.5655 0.9925
v -0.5691 7.4828 1.0000
v -0.5527 7.4021 0.9908
v -0.5769 7.6103 0.9950
v -0.5701 7.5663 0.9852
v -0.5730 7.4836 0.9926
v -0.5566 7.4030 0.9835
v -0.3189 7.0346 1.1663
v -0.2859 6.7115 1.1757
v -0.3277 7.0331 1.1612
v -0.2951 6.7112 1.1706
v -0.3289 6.9988 1.1779
v -0.3382 6.9520 1.1866
v -0.3285 6.8704 1.1841
v -0.3019 6.7919 1.1821
v -0.3377 6.9973 1.1728
v -0.3475 6.9517 1.1814
v -0.3377 6.8701 1.1790
v -0.3111 6.7916 1.1769
v -0.5986 7.7140 0.8826
v -0.6223 7.3892 0.8890
v -0.6043 7.7140 0.8758
v -0.6279 7.3905 0.8822
v -0.6200 7.6807 0.8901
v -0.6342 7.6351 0.8962
v -0.6380 7.5532 0.8933
v -0.6264 7.4712 0.8943
v -0.6256 7.6807 0.8833
v -0.6398 7.6364 0.8894
v -0.6437 7.5544 0.8865
v -0.6320 7.4724 0.8875
v -0.5138 7.4921 1.0201
v -0.4926 7.1673 1.0301
v -0.5218 7.4910 1.0144
v -0.5007 7.1675 1.0244
v -0.5274 7.4567 1.0308
v -0.5329 7.4100 1.0389
v -0.5272 7.3281 1.0367
v -0.5051 7.2483 1.0359
v -0.5353 7.4557 1.0250
v -0.5410 7.4102 1.0332
v -0.5353 7.3283 1.0309
v -0.5132 7.2485 1.0302
v -0.5063 7.1810 0.9319
v -0.4143 6.8799 0.8949
v -0.5067 7.1817 0.9241
v -0.4159 6.8806 0.8873
v -0.5113 7.1447 0.9286
v -0.4916 7.1043 0.9150
v -0.4810 7.0217 0.9114
v -0.4455 6.9482 0.8956
v -0.5117 7.1454 0.9209
v -0.4923 7.1062 0.9074
v -0.4817 7.0236 0.9038
v -0.4470 6.9490 0.8880
v -0.4467 6.9189 0.8971
v -0.4365 6.8934 0.8966
v -0.4482 6.9197 0.8894
v -0.4380 6.8942 0.8889
v -0.4068 7.0464 1.1303
v -0.3148 6.7453 1.0934
v -0.4072 7.0471 1.1226
v -0.3163 6.7462 1.0858
v -0.4118 7.0101 1.1271
v -0.3921 6.9698 1.1134
v -0.3814 6.8872 1.1099
v -0.3460 6.8137 1.0941
v -0.4122 7.0109 1.1194
v -0.3928 6.9716 1.1059
v -0.3822 6.8890 1.1023
v -0.3475 6.8145 1.0865
v -0.3487 6.7854 1.0862
v -0.3385 6.7599 1.0857
v -0.3472 6.7845 1.0938
v -0.3371 6.7590 1.0934
v -0.6013 7.7121 0.8242
v -0.5800 7.3874 0.8342
v -0.6093 7.7111 0.8185
v -0.5881 7.3876 0.8285
v -0.6148 7.6768 0.8349
v -0.6203 7.6300 0.8431
v -0.6146 7.5481 0.8408
v -0.5925 7.4684 0.8400
v -0.6228 7.6757 0.8291
v -0.6285 7.6302 0.8373
v -0.6227 7.5483 0.8350
v -0.6006 7.4686 0.8343
v -0.4491 7.5689 1.1999
v -0.4272 7.2441 1.2098
v -0.4573 7.5678 1.1941
v -0.4356 7.2443 1.2041
v -0.4630 7.5335 1.2105
v -0.4687 7.4868 1.2187
v -0.4628 7.4049 1.2164
v -0.4401 7.3251 1.2156
v -0.4712 7.5325 1.2048
v -0.4770 7.4870 1.2130
v -0.4711 7.4051 1.2107
v -0.4484 7.3253 1.2099
v -0.0490 6.9557 1.5404
v -0.0580 6.5632 1.5550
v -0.0422 6.9557 1.5443
v -0.0528 6.5565 1.5590
v -0.0570 6.9149 1.5541
v -0.0456 6.8588 1.5524
v -0.0629 6.7582 1.5595
v -0.0499 6.6575 1.5644
v -0.0502 6.9149 1.5580
v -0.0389 6.8603 1.5563
v -0.0561 6.7597 1.5634
v -0.0436 6.6583 1.5690
v -0.0334 6.6247 1.5655
v -0.0376 6.5912 1.5654
v -0.0397 6.6240 1.5609
v -0.0438 6.5904 1.5608
v -0.1068 7.2198 1.5202
v -0.0839 6.7456 1.5739
v -0.0997 7.2191 1.5139
v -0.0768 6.7482 1.5677
v -0.0865 7.1723 1.5465
v -0.0732 7.1064 1.5795
v -0.0687 6.9850 1.6012
v -0.0808 6.8650 1.5858
v -0.0794 7.1715 1.5402
v -0.0661 7.1074 1.5731
v -0.0616 6.9876 1.5950
v -0.0737 6.8675 1.5797
vt 0.0053 0.0210
vt 0.0053 0.0959
vt 0.0996 0.0959
vt 0.0996 0.0210
vt 0.0996 0.3954
vt 0.0996 0.3205
vt 0.0053 0.3205
vt 0.0053 0.3954
vt 0.0996 0.2456
vt 0.0053 0.2456
vt 0.0996 0.1708
vt 0.0053 0.1708
vt 0.0053 0.0210
vt 0.0053 0.0460
vt 0.0996 0.0460
vt 0.0996 0.0210
vt 0.0996 0.3954
vt 0.0996 0.3205
vt 0.0053 0.3205
vt 0.0053 0.3954
vt 0.0996 0.2456
vt 0.0053 0.2456
vt 0.0996 0.1708
vt 0.0053 0.1708
vt 0.0996 0.0959
vt 0.0053 0.0959
vt 0.0996 0.0709
vt 0.0053 0.0709
vt 0.0053 0.3954
vt 0.0053 0.3205
vt 0.0996 0.3205
vt 0.0996 0.3954
vt 0.0996 0.0210
vt 0.0996 0.0959
vt 0.0053 0.0959
vt 0.0053 0.0210
vt 0.0053 0.2456
vt 0.0996 0.2456
vt 0.0053 0.1708
vt 0.0996 0.1708
vt 0.8881 0.0331
vt 0.8881 0.0581
vt 0.9825 0.0581
vt 0.9825 0.0331
vt 0.9825 0.4075
vt 0.9825 0.3326
vt 0.8881 0.3326
vt 0.8881 0.4075
vt 0.9825 0.2578
vt 0.8881 0.2578
vt 0.9825 0.1829
vt 0.8881 0.1829
vt 0.9825 0.1080
vt 0.8881 0.1080
vt 0.9825 0.0831
vt 0.8881 0.0831
vt 0.0053 0.3954
vt 0.0053 0.3205
vt 0.0996 0.3205
vt 0.0996 0.3954
vt 0.0996 0.0210
vt 0.0996 0.0460
vt 0.0053 0.0460
vt 0.0053 0.0210
vt 0.0053 0.2456
vt 0.0996 0.2456
vt 0.0053 0.1708
vt 0.0996 0.1708
vt 0.0053 0.0959
vt 0.0996 0.0959
vt 0.0053 0.0709
vt 0.0996 0.0709
vt 0.0053 0.0210
vt 0.0053 0.0959
vt 0.0996 0.0959
vt 0.0996 0.0210
vt 0.0996 0.3954
vt 0.0996 0.3205
vt 0.0053 0.3205
vt 0.0053 0.3954
vt 0.0996 0.2456
vt 0.0053 0.2456
vt 0.0996 0.1708
vt 0.0053 0.1708
vt 0.0053 0.3954
vt 0.0053 0.3205
vt 0.0996 0.3205
vt 0.0996 0.3954
vt 0.0996 0.0210
vt 0.0996 0.0460
vt 0.0053 0.0460
vt 0.0053 0.0210
vt 0.0053 0.2456
vt 0.0996 0.2456
vt 0.0053 0.1708
vt 0.0996 0.1708
vt 0.0053 0.0959
vt 0.0996 0.0959
vt 0.0053 0.0709
vt 0.0996 0.0709
vt 0.8881 0.0331
vt 0.8881 0.0581
vt 0.9825 0.0581
vt 0.9825 0.0331
vt 0.9825 0.4075
vt 0.9825 0.3326
vt 0.8881 0.3326
vt 0.8881 0.4075
vt 0.9825 0.2578
vt 0.8881 0.2578
vt 0.9825 0.1829
vt 0.8881 0.1829
vt 0.9825 0.1080
vt 0.8881 0.1080
vt 0.9825 0.0831
vt 0.8881 0.0831
vt 0.8881 0.0331
vt 0.8881 0.0581
vt 0.9825 0.0581
vt 0.9825 0.0331
vt 0.9825 0.4075
vt 0.9825 0.3326
vt 0.8881 0.3326
vt 0.8881 0.4075
vt 0.9825 0.2578
vt 0.8881 0.2578
vt 0.9825 0.1829
vt 0.8881 0.1829
vt 0.9825 0.1080
vt 0.8881 0.1080
vt 0.9825 0.0831
vt 0.8881 0.0831
vt 0.8881 0.0331
vt 0.8881 0.0581
vt 0.9825 0.0581
vt 0.9825 0.0331
vt 0.9825 0.4075
vt 0.9825 0.3326
vt 0.8881 0.3326
vt 0.8881 0.4075
vt 0.9825 0.2578
vt 0.8881 0.2578
vt 0.9825 0.1829
vt 0.8881 0.1829
vt 0.9825 0.1080
vt 0.8881 0.1080
vt 0.9825 0.0831
vt 0.8881 0.0831
vt 0.8881 0.0331
vt 0.8881 0.0581
vt 0.9825 0.0581
vt 0.9825 0.0331
vt 0.9825 0.4075
vt 0.9825 0.3326
vt 0.8881 0.3326
vt 0.8881 0.4075
vt 0.9825 0.2578
vt 0.8881 0.2578
vt 0.9825 0.1829
vt 0.8881 0.1829
vt 0.9825 0.1080
vt 0.8881 0.1080
vt 0.9825 0.0831
vt 0.8881 0.0831
vt 0.8881 0.0331
vt 0.8881 0.0581
vt 0.9825 0.0581
vt 0.9825 0.0331
vt 0.9825 0.4075
vt 0.9825 0.3326
vt 0.8881 0.3326
vt 0.8881 0.4075
vt 0.9825 0.2578
vt 0.8881 0.2578
vt 0.9825 0.1829
vt 0.8881 0.1829
vt 0.9825 0.1080
vt 0.8881 0.1080
vt 0.9825 0.0831
vt 0.8881 0.0831
vt 0.8881 0.4075
vt 0.8881 0.3326
vt 0.9825 0.3326
vt 0.9825 0.4075
vt 0.9825 0.0331
vt 0.9825 0.1080
vt 0.8881 0.1080
vt 0.8881 0.0331
vt 0.8881 0.2578
vt 0.9825 0.2578
vt 0.8881 0.1829
vt 0.9825 0.1829
vt 0.8881 0.4075
vt 0.8881 0.3326
vt 0.9825 0.3326
vt 0.9825 0.4075
vt 0.9825 0.0331
vt 0.9825 0.1080
vt 0.8881 0.1080
vt 0.8881 0.0331
vt 0.8881 0.2578
vt 0.9825 0.2578
vt 0.8881 0.1829
vt 0.9825 0.1829
vt 0.8881 0.4075
vt 0.8881 0.3326
vt 0.9825 0.3326
vt 0.9825 0.4075
vt 0.9825 0.0331
vt 0.9825 0.1080
vt 0.8881 0.1080
vt 0.8881 0.0331
vt 0.8881 0.2578
vt 0.9825 0.2578
vt 0.8881 0.1829
vt 0.9825 0.1829
vt 0.8881 0.4075
vt 0.8881 0.3326
vt 0.9825 0.3326
vt 0.9825 0.4075
vt 0.9825 0.0331
vt 0.9825 0.1080
vt 0.8881 0.1080
vt 0.8881 0.0331
vt 0.8881 0.2578
vt 0.9825 0.2578
vt 0.8881 0.1829
vt 0.9825 0.1829
vt 0.8881 0.4075
vt 0.8881 0.3326
vt 0.9825 0.3326
vt 0.9825 0.4075
vt 0.9825 0.0331
vt 0.9825 0.1080
vt 0.8881 0.1080
vt 0.8881 0.0331
vt 0.8881 0.2578
vt 0.9825 0.2578
vt 0.8881 0.1829
vt 0.9825 0.1829
vt 0.8881 0.4075
vt 0.8881 0.3326
vt 0.9825 0.3326
vt 0.9825 0.4075
vt 0.9825 0.0331
vt 0.9825 0.1080
vt 0.8881 0.1080
vt 0.8881 0.0331
vt 0.8881 0.2578
vt 0.9825 0.2578
vt 0.8881 0.1829
vt 0.9825 0.1829
vt 0.8881 0.4075
vt 0.8881 0.3326
vt 0.9825 0.3326
vt 0.9825 0.4075
vt 0.9825 0.0331
vt 0.9825 0.1080
vt 0.8881 0.1080
vt 0.8881 0.0331
vt 0.8881 0.2578
vt 0.9825 0.2578
vt 0.8881 0.1829
vt 0.9825 0.1829
vt 0.8881 0.4075
vt 0.8881 0.3326
vt 0.9825 0.3326
vt 0.9825 0.4075
vt 0.9825 0.0331
vt 0.9825 0.1080
vt 0.8881 0.1080
vt 0.8881 0.0331
vt 0.8881 0.2578
vt 0.9825 0.2578
vt 0.8881 0.1829
vt 0.9825 0.1829
vt 0.8881 0.4075
vt 0.8881 0.3326
vt 0.9825 0.3326
vt 0.9825 0.4075
vt 0.9825 0.0331
vt 0.9825 0.1080
vt 0.8881 0.1080
vt 0.8881 0.0331
vt 0.8881 0.2578
vt 0.9825 0.2578
vt 0.8881 0.1829
vt 0.9825 0.1829
vt 0.8881 0.4075
vt 0.8881 0.3326
vt 0.9825 0.3326
vt 0.9825 0.4075
vt 0.9825 0.0331
vt 0.9825 0.1080
vt 0.8881 0.1080
vt 0.8881 0.0331
vt 0.8881 0.2578
vt 0.9825 0.2578
vt 0.8881 0.1829
vt 0.9825 0.1829
vt 0.8881 0.4075
vt 0.8881 0.3326
vt 0.9825 0.3326
vt 0.9825 0.4075
vt 0.9825 0.0331
vt 0.9825 0.1080
vt 0.8881 0.1080
vt 0.8881 0.0331
vt 0.8881 0.2578
vt 0.9825 0.2578
vt 0.8881 0.1829
vt 0.9825 0.1829
vt 0.8881 0.4075
vt 0.8881 0.3326
vt 0.9825 0.3326
vt 0.9825 0.4075
vt 0.9825 0.0331
vt 0.9825 0.1080
vt 0.8881 0.1080
vt 0.8881 0.0331
vt 0.8881 0.2578
vt 0.9825 0.2578
vt 0.8881 0.1829
vt 0.9825 0.1829
vt 0.8881 0.4075
vt 0.8881 0.3326
vt 0.9825 0.3326
vt 0.9825 0.4075
vt 0.9825 0.0331
vt 0.9825 0.0581
vt 0.8881 0.0581
vt 0.8881 0.0331
vt 0.8881 0.2578
vt 0.9825 0.2578
vt 0.8881 0.1829
vt 0.9825 0.1829
vt 0.8881 0.1080
vt 0.9825 0.1080
vt 0.8881 0.0831
vt 0.9825 0.0831
vt 0.8881 0.4075
vt 0.8881 0.3326
vt 0.9825 0.3326
vt 0.9825 0.4075
vt 0.9825 0.0331
vt 0.9825 0.0581
vt 0.8881 0.0581
vt 0.8881 0.0331
vt 0.8881 0.2578
vt 0.9825 0.2578
vt 0.8881 0.1829
vt 0.9825 0.1829
vt 0.8881 0.1080
vt 0.9825 0.1080
vt 0.8881 0.0831
vt 0.9825 0.0831
vt 0.8881 0.4075
vt 0.8881 0.3326
vt 0.9825 0.3326
vt 0.9825 0.4075
vt 0.9825 0.0331
vt 0.9825 0.0581
vt 0.8881 0.0581
vt 0.8881 0.0331
vt 0.8881 0.2578
vt 0.9825 0.2578
vt 0.8881 0.1829
vt 0.9825 0.1829
vt 0.8881 0.1080
vt 0.9825 0.1080
vt 0.8881 0.0831
vt 0.9825 0.0831
vt 0.0053 0.0210
vt 0.0053 0.0460
vt 0.0996 0.0460
vt 0.0996 0.0210
vt 0.0996 0.3954
vt 0.0996 0.3205
vt 0.0053 0.3205
vt 0.0053 0.3954
vt 0.0996 0.2456
vt 0.0053 0.2456
vt 0.0996 0.1708
vt 0.0053 0.1708
vt 0.0996 0.0959
vt 0.0053 0.0959
vt 0.0996 0.0709
vt 0.0053 0.0709
vt 0.0053 0.0210
vt 0.0053 0.0959
vt 0.0996 0.0959
vt 0.0996 0.0210
vt 0.0996 0.3954
vt 0.0996 0.3205
vt 0.0053 0.3205
vt 0.0053 0.3954
vt 0.0996 0.2456
vt 0.0053 0.2456
vt 0.0996 0.1708
vt 0.0053 0.1708
vt 0.0053 0.3954
vt 0.0053 0.3205
vt 0.0996 0.3205
vt 0.0996 0.3954
vt 0.0996 0.0210
vt 0.0996 0.0959
vt 0.0053 0.0959
vt 0.0053 0.0210
vt 0.0053 0.2456
vt 0.0996 0.2456
vt 0.0053 0.1708
vt 0.0996 0.1708
vt 0.0053 0.3954
vt 0.0053 0.3205
vt 0.0996 0.3205
vt 0.0996 0.3954
vt 0.0996 0.0210
vt 0.0996 0.0460
vt 0.0053 0.0460
vt 0.0053 0.0210
vt 0.0053 0.2456
vt 0.0996 0.2456
vt 0.0053 0.1708
vt 0.0996 0.1708
vt 0.0053 0.0959
vt 0.0996 0.0959
vt 0.0053 0.0709
vt 0.0996 0.0709
vt 0.8881 0.4075
vt 0.8881 0.3326
vt 0.9825 0.3326
vt 0.9825 0.4075
vt 0.9825 0.0331
vt 0.9825 0.0581
vt 0.8881 0.0581
vt 0.8881 0.0331
vt 0.8881 0.2578
vt 0.9825 0.2578
vt 0.8881 0.1829
vt 0.9825 0.1829
vt 0.8881 0.1080
vt 0.9825 0.1080
vt 0.8881 0.0831
vt 0.9825 0.0831
vt 0.8881 0.4075
vt 0.8881 0.3326
vt 0.9825 0.3326
vt 0.9825 0.4075
vt 0.9825 0.0331
vt 0.9825 0.0581
vt 0.8881 0.0581
vt 0.8881 0.0331
vt 0.8881 0.2578
vt 0.9825 0.2578
vt 0.8881 0.1829
vt 0.9825 0.1829
vt 0.8881 0.1080
vt 0.9825 0.1080
vt 0.8881 0.0831
vt 0.9825 0.0831
vt 0.8881 0.4075
vt 0.8881 0.3326
vt 0.9825 0.3326
vt 0.9825 0.4075
vt 0.9825 0.0331
vt 0.9825 0.0581
vt 0.8881 0.0581
vt 0.8881 0.0331
vt 0.8881 0.2578
vt 0.9825 0.2578
vt 0.8881 0.1829
vt 0.9825 0.1829
vt 0.8881 0.1080
vt 0.9825 0.1080
vt 0.8881 0.0831
vt 0.9825 0.0831
vt 0.8881 0.4075
vt 0.8881 0.3326
vt 0.9825 0.3326
vt 0.9825 0.4075
vt 0.9825 0.0331
vt 0.9825 0.0581
vt 0.8881 0.0581
vt 0.8881 0.0331
vt 0.8881 0.2578
vt 0.9825 0.2578
vt 0.8881 0.1829
vt 0.9825 0.1829
vt 0.8881 0.1080
vt 0.9825 0.1080
vt 0.8881 0.0831
vt 0.9825 0.0831
vt 0.8881 0.4075
vt 0.8881 0.3326
vt 0.9825 0.3326
vt 0.9825 0.4075
vt 0.9825 0.0331
vt 0.9825 0.0581
vt 0.8881 0.0581
vt 0.8881 0.0331
vt 0.8881 0.2578
vt 0.9825 0.2578
vt 0.8881 0.1829
vt 0.9825 0.1829
vt 0.8881 0.1080
vt 0.9825 0.1080
vt 0.8881 0.0831
vt 0.9825 0.0831
vt 0.8881 0.0331
vt 0.8881 0.1080
vt 0.9825 0.1080
vt 0.9825 0.0331
vt 0.9825 0.4075
vt 0.9825 0.3326
vt 0.8881 0.3326
vt 0.8881 0.4075
vt 0.9825 0.2578
vt 0.8881 0.2578
vt 0.9825 0.1829
vt 0.8881 0.1829
vt 0.8881 0.0331
vt 0.8881 0.1080
vt 0.9825 0.1080
vt 0.9825 0.0331
vt 0.9825 0.4075
vt 0.9825 0.3326
vt 0.8881 0.3326
vt 0.8881 0.4075
vt 0.9825 0.2578
vt 0.8881 0.2578
vt 0.9825 0.1829
vt 0.8881 0.1829
vt 0.8881 0.0331
vt 0.8881 0.1080
vt 0.9825 0.1080
vt 0.9825 0.0331
vt 0.9825 0.4075
vt 0.9825 0.3326
vt 0.8881 0.3326
vt 0.8881 0.4075
vt 0.9825 0.2578
vt 0.8881 0.2578
vt 0.9825 0.1829
vt 0.8881 0.1829
vt 0.8881 0.0331
vt 0.8881 0.1080
vt 0.9825 0.1080
vt 0.9825 0.0331
vt 0.9825 0.4075
vt 0.9825 0.3326
vt 0.8881 0.3326
vt 0.8881 0.4075
vt 0.9825 0.2578
vt 0.8881 0.2578
vt 0.9825 0.1829
vt 0.8881 0.1829
vt 0.8881 0.0331
vt 0.8881 0.1080
vt 0.9825 0.1080
vt 0.9825 0.0331
vt 0.9825 0.4075
vt 0.9825 0.3326
vt 0.8881 0.3326
vt 0.8881 0.4075
vt 0.9825 0.2578
vt 0.8881 0.2578
vt 0.9825 0.1829
vt 0.8881 0.1829
vt 0.8881 0.0331
vt 0.8881 0.1080
vt 0.9825 0.1080
vt 0.9825 0.0331
vt 0.9825 0.4075
vt 0.9825 0.3326
vt 0.8881 0.3326
vt 0.8881 0.4075
vt 0.9825 0.2578
vt 0.8881 0.2578
vt 0.9825 0.1829
vt 0.8881 0.1829
vt 0.8881 0.0331
vt 0.8881 0.1080
vt 0.9825 0.1080
vt 0.9825 0.0331
vt 0.9825 0.4075
vt 0.9825 0.3326
vt 0.8881 0.3326
vt 0.8881 0.4075
vt 0.9825 0.2578
vt 0.8881 0.2578
vt 0.9825 0.1829
vt 0.8881 0.1829
vt 0.8881 0.0331
vt 0.8881 0.1080
vt 0.9825 0.1080
vt 0.9825 0.0331
vt 0.9825 0.4075
vt 0.9825 0.3326
vt 0.8881 0.3326
vt 0.8881 0.4075
vt 0.9825 0.2578
vt 0.8881 0.2578
vt 0.9825 0.1829
vt 0.8881 0.1829
vt 0.8881 0.0331
vt 0.8881 0.1080
vt 0.9825 0.1080
vt 0.9825 0.0331
vt 0.9825 0.4075
vt 0.9825 0.3326
vt 0.8881 0.3326
vt 0.8881 0.4075
vt 0.9825 0.2578
vt 0.8881 0.2578
vt 0.9825 0.1829
vt 0.8881 0.1829
vt 0.8881 0.0331
vt 0.8881 0.1080
vt 0.9825 0.1080
vt 0.9825 0.0331
vt 0.9825 0.4075
vt 0.9825 0.3326
vt 0.8881 0.3326
vt 0.8881 0.4075
vt 0.9825 0.2578
vt 0.8881 0.2578
vt 0.9825 0.1829
vt 0.8881 0.1829
vt 0.8881 0.0331
vt 0.8881 0.1080
vt 0.9825 0.1080
vt 0.9825 0.0331
vt 0.9825 0.4075
vt 0.9825 0.3326
vt 0.8881 0.3326
vt 0.8881 0.4075
vt 0.9825 0.2578
vt 0.8881 0.2578
vt 0.9825 0.1829
vt 0.8881 0.1829
vt 0.8881 0.0331
vt 0.8881 0.1080
vt 0.9825 0.1080
vt 0.9825 0.0331
vt 0.9825 0.4075
vt 0.9825 0.3326
vt 0.8881 0.3326
vt 0.8881 0.4075
vt 0.9825 0.2578
vt 0.8881 0.2578
vt 0.9825 0.1829
vt 0.8881 0.1829
vt 0.8881 0.0331
vt 0.8881 0.1080
vt 0.9825 0.1080
vt 0.9825 0.0331
vt 0.9825 0.4075
vt 0.9825 0.3326
vt 0.8881 0.3326
vt 0.8881 0.4075
vt 0.9825 0.2578
vt 0.8881 0.2578
vt 0.9825 0.1829
vt 0.8881 0.1829
vt 0.8881 0.0331
vt 0.8881 0.0581
vt 0.9825 0.0581
vt 0.9825 0.0331
vt 0.9825 0.4075
vt 0.9825 0.3326
vt 0.8881 0.3326
vt 0.8881 0.4075
vt 0.9825 0.2578
vt 0.8881 0.2578
vt 0.9825 0.1829
vt 0.8881 0.1829
vt 0.9825 0.1080
vt 0.8881 0.1080
vt 0.9825 0.0831
vt 0.8881 0.0831
vt 0.8881 0.0331
vt 0.8881 0.0581
vt 0.9825 0.0581
vt 0.9825 0.0331
vt 0.9825 0.4075
vt 0.9825 0.3326
vt 0.8881 0.3326
vt 0.8881 0.4075
vt 0.9825 0.2578
vt 0.8881 0.2578
vt 0.9825 0.1829
vt 0.8881 0.1829
vt 0.9825 0.1080
vt 0.8881 0.1080
vt 0.9825 0.0831
vt 0.8881 0.0831
vt 0.8881 0.0331
vt 0.8881 0.0581
vt 0.9825 0.0581
vt 0.9825 0.0331
vt 0.9825 0.4075
vt 0.9825 0.3326
vt 0.8881 0.3326
vt 0.8881 0.4075
vt 0.9825 0.2578
vt 0.8881 0.2578
vt 0.9825 0.1829
vt 0.8881 0.1829
vt 0.9825 0.1080
vt 0.8881 0.1080
vt 0.9825 0.0831
vt 0.8881 0.0831
vt 0.8881 0.0331
vt 0.8881 0.0581
vt 0.9825 0.0581
vt 0.9825 0.0331
vt 0.9825 0.4075
vt 0.9825 0.3326
vt 0.8881 0.3326
vt 0.8881 0.4075
vt 0.9825 0.2578
vt 0.8881 0.2578
vt 0.9825 0.1829
vt 0.8881 0.1829
vt 0.9825 0.1080
vt 0.8881 0.1080
vt 0.9825 0.0831
vt 0.8881 0.0831
vt 0.0057 0.3935
vt 0.0057 0.3186
vt 0.1001 0.3186
vt 0.1001 0.3935
vt 0.1001 0.0191
vt 0.1001 0.0441
vt 0.0057 0.0441
vt 0.0057 0.0191
vt 0.0057 0.2438
vt 0.1001 0.2438
vt 0.0057 0.1689
vt 0.1001 0.1689
vt 0.0057 0.0940
vt 0.1001 0.0940
vt 0.0057 0.0690
vt 0.1001 0.0690
vt 0.0057 0.3935
vt 0.0057 0.3186
vt 0.1001 0.3186
vt 0.1001 0.3935
vt 0.1001 0.0191
vt 0.1001 0.0441
vt 0.0057 0.0441
vt 0.0057 0.0191
vt 0.0057 0.2438
vt 0.1001 0.2438
vt 0.0057 0.1689
vt 0.1001 0.1689
vt 0.0057 0.0940
vt 0.1001 0.0940
vt 0.0057 0.0690
vt 0.1001 0.0690
vt 0.0053 0.3954
vt 0.0053 0.3205
vt 0.0996 0.3205
vt 0.0996 0.3954
vt 0.0996 0.0210
vt 0.0996 0.0460
vt 0.0053 0.0460
vt 0.0053 0.0210
vt 0.0053 0.2456
vt 0.0996 0.2456
vt 0.0053 0.1708
vt 0.0996 0.1708
vt 0.0053 0.0959
vt 0.0996 0.0959
vt 0.0053 0.0709
vt 0.0996 0.0709
vt 0.0053 0.3954
vt 0.0053 0.3205
vt 0.0996 0.3205
vt 0.0996 0.3954
vt 0.0996 0.0210
vt 0.0996 0.0959
vt 0.0053 0.0959
vt 0.0053 0.0210
vt 0.0053 0.2456
vt 0.0996 0.2456
vt 0.0053 0.1708
vt 0.0996 0.1708
vt 0.0053 0.0210
vt 0.0053 0.0959
vt 0.0996 0.0959
vt 0.0996 0.0210
vt 0.0996 0.3954
vt 0.0996 0.3205
vt 0.0053 0.3205
vt 0.0053 0.3954
vt 0.0996 0.2456
vt 0.0053 0.2456
vt 0.0996 0.1708
vt 0.0053 0.1708
vt 0.8881 0.4075
vt 0.8881 0.3326
vt 0.9825 0.3326
vt 0.9825 0.4075
vt 0.9825 0.0331
vt 0.9825 0.1080
vt 0.8881 0.1080
vt 0.8881 0.0331
vt 0.8881 0.2578
vt 0.9825 0.2578
vt 0.8881 0.1829
vt 0.9825 0.1829
vt 0.8881 0.4075
vt 0.8881 0.3326
vt 0.9825 0.3326
vt 0.9825 0.4075
vt 0.9825 0.0331
vt 0.9825 0.0581
vt 0.8881 0.0581
vt 0.8881 0.0331
vt 0.8881 0.2578
vt 0.9825 0.2578
vt 0.8881 0.1829
vt 0.9825 0.1829
vt 0.8881 0.1080
vt 0.9825 0.1080
vt 0.8881 0.0831
vt 0.9825 0.0831
vt 0.8881 0.4075
vt 0.8881 0.3326
vt 0.9825 0.3326
vt 0.9825 0.4075
vt 0.9825 0.0331
vt 0.9825 0.0581
vt 0.8881 0.0581
vt 0.8881 0.0331
vt 0.8881 0.2578
vt 0.9825 0.2578
vt 0.8881 0.1829
vt 0.9825 0.1829
vt 0.8881 0.1080
vt 0.9825 0.1080
vt 0.8881 0.0831
vt 0.9825 0.0831
vt 0.8881 0.4075
vt 0.8881 0.3326
vt 0.9825 0.3326
vt 0.9825 0.4075
vt 0.9825 0.0331
vt 0.9825 0.0581
vt 0.8881 0.0581
vt 0.8881 0.0331
vt 0.8881 0.2578
vt 0.9825 0.2578
vt 0.8881 0.1829
vt 0.9825 0.1829
vt 0.8881 0.1080
vt 0.9825 0.1080
vt 0.8881 0.0831
vt 0.9825 0.0831
vt 0.8881 0.4075
vt 0.8881 0.3326
vt 0.9825 0.3326
vt 0.9825 0.4075
vt 0.9825 0.0331
vt 0.9825 0.0581
vt 0.8881 0.0581
vt 0.8881 0.0331
vt 0.8881 0.2578
vt 0.9825 0.2578
vt 0.8881 0.1829
vt 0.9825 0.1829
vt 0.8881 0.1080
vt 0.9825 0.1080
vt 0.8881 0.0831
vt 0.9825 0.0831
vt 0.8881 0.4075
vt 0.8881 0.3326
vt 0.9825 0.3326
vt 0.9825 0.4075
vt 0.9825 0.0331
vt 0.9825 0.0581
vt 0.8881 0.0581
vt 0.8881 0.0331
vt 0.8881 0.2578
vt 0.9825 0.2578
vt 0.8881 0.1829
vt 0.9825 0.1829
vt 0.8881 0.1080
vt 0.9825 0.1080
vt 0.8881 0.0831
vt 0.9825 0.0831
vt 0.8881 0.4075
vt 0.8881 0.3326
vt 0.9825 0.3326
vt 0.9825 0.4075
vt 0.9825 0.0331
vt 0.9825 0.0581
vt 0.8881 0.0581
vt 0.8881 0.0331
vt 0.8881 0.2578
vt 0.9825 0.2578
vt 0.8881 0.1829
vt 0.9825 0.1829
vt 0.8881 0.1080
vt 0.9825 0.1080
vt 0.8881 0.0831
vt 0.9825 0.0831
vt 0.8881 0.4075
vt 0.8881 0.3326
vt 0.9825 0.3326
vt 0.9825 0.4075
vt 0.9825 0.0331
vt 0.9825 0.0581
vt 0.8881 0.0581
vt 0.8881 0.0331
vt 0.8881 0.2578
vt 0.9825 0.2578
vt 0.8881 0.1829
vt 0.9825 0.1829
vt 0.8881 0.1080
vt 0.9825 0.1080
vt 0.8881 0.0831
vt 0.9825 0.0831
vt 0.8881 0.4075
vt 0.8881 0.3326
vt 0.9825 0.3326
vt 0.9825 0.4075
vt 0.9825 0.0331
vt 0.9825 0.0581
vt 0.8881 0.0581
vt 0.8881 0.0331
vt 0.8881 0.2578
vt 0.9825 0.2578
vt 0.8881 0.1829
vt 0.9825 0.1829
vt 0.8881 0.1080
vt 0.9825 0.1080
vt 0.8881 0.0831
vt 0.9825 0.0831
vt 0.8881 0.4075
vt 0.8881 0.3326
vt 0.9825 0.3326
vt 0.9825 0.4075
vt 0.9825 0.0331
vt 0.9825 0.0581
vt 0.8881 0.0581
vt 0.8881 0.0331
vt 0.8881 0.2578
vt 0.9825 0.2578
vt 0.8881 0.1829
vt 0.9825 0.1829
vt 0.8881 0.1080
vt 0.9825 0.1080
vt 0.8881 0.0831
vt 0.9825 0.0831
vt 0.8881 0.4075
vt 0.8881 0.3326
vt 0.9825 0.3326
vt 0.9825 0.4075
vt 0.9825 0.0331
vt 0.9825 0.0581
vt 0.8881 0.0581
vt 0.8881 0.0331
vt 0.8881 0.2578
vt 0.9825 0.2578
vt 0.8881 0.1829
vt 0.9825 0.1829
vt 0.8881 0.1080
vt 0.9825 0.1080
vt 0.8881 0.0831
vt 0.9825 0.0831
vt 0.8881 0.0331
vt 0.8881 0.0581
vt 0.9825 0.0581
vt 0.9825 0.0331
vt 0.9825 0.4075
vt 0.9825 0.3326
vt 0.8881 0.3326
vt 0.8881 0.4075
vt 0.9825 0.2578
vt 0.8881 0.2578
vt 0.9825 0.1829
vt 0.8881 0.1829
vt 0.9825 0.1080
vt 0.8881 0.1080
vt 0.9825 0.0831
vt 0.8881 0.0831
vt 0.8881 0.4075
vt 0.8881 0.3326
vt 0.9825 0.3326
vt 0.9825 0.4075
vt 0.9825 0.0331
vt 0.9825 0.0581
vt 0.8881 0.0581
vt 0.8881 0.0331
vt 0.8881 0.2578
vt 0.9825 0.2578
vt 0.8881 0.1829
vt 0.9825 0.1829
vt 0.8881 0.1080
vt 0.9825 0.1080
vt 0.8881 0.0831
vt 0.9825 0.0831
vt 0.8881 0.4075
vt 0.8881 0.3326
vt 0.9825 0.3326
vt 0.9825 0.4075
vt 0.9825 0.0331
vt 0.9825 0.0581
vt 0.8881 0.0581
vt 0.8881 0.0331
vt 0.8881 0.2578
vt 0.9825 0.2578
vt 0.8881 0.1829
vt 0.9825 0.1829
vt 0.8881 0.1080
vt 0.9825 0.1080
vt 0.8881 0.0831
vt 0.9825 0.0831
vt 0.8881 0.4075
vt 0.8881 0.3326
vt 0.9825 0.3326
vt 0.9825 0.4075
vt 0.9825 0.0331
vt 0.9825 0.0581
vt 0.8881 0.0581
vt 0.8881 0.0331
vt 0.8881 0.2578
vt 0.9825 0.2578
vt 0.8881 0.1829
vt 0.9825 0.1829
vt 0.8881 0.1080
vt 0.9825 0.1080
vt 0.8881 0.0831
vt 0.9825 0.0831
vt 0.8881 0.4075
vt 0.8881 0.3326
vt 0.9825 0.3326
vt 0.9825 0.4075
vt 0.9825 0.0331
vt 0.9825 0.0581
vt 0.8881 0.0581
vt 0.8881 0.0331
vt 0.8881 0.2578
vt 0.9825 0.2578
vt 0.8881 0.1829
vt 0.9825 0.1829
vt 0.8881 0.1080
vt 0.9825 0.1080
vt 0.8881 0.0831
vt 0.9825 0.0831
vt 0.8881 0.4075
vt 0.8881 0.3326
vt 0.9825 0.3326
vt 0.9825 0.4075
vt 0.9825 0.0331
vt 0.9825 0.0581
vt 0.8881 0.0581
vt 0.8881 0.0331
vt 0.8881 0.2578
vt 0.9825 0.2578
vt 0.8881 0.1829
vt 0.9825 0.1829
vt 0.8881 0.1080
vt 0.9825 0.1080
vt 0.8881 0.0831
vt 0.9825 0.0831
vt 0.8881 0.4075
vt 0.8881 0.3326
vt 0.9825 0.3326
vt 0.9825 0.4075
vt 0.9825 0.0331
vt 0.9825 0.0581
vt 0.8881 0.0581
vt 0.8881 0.0331
vt 0.8881 0.2578
vt 0.9825 0.2578
vt 0.8881 0.1829
vt 0.9825 0.1829
vt 0.8881 0.1080
vt 0.9825 0.1080
vt 0.8881 0.0831
vt 0.9825 0.0831
vt 0.8881 0.4075
vt 0.8881 0.3326
vt 0.9825 0.3326
vt 0.9825 0.4075
vt 0.9825 0.0331
vt 0.9825 0.0581
vt 0.8881 0.0581
vt 0.8881 0.0331
vt 0.8881 0.2578
vt 0.9825 0.2578
vt 0.8881 0.1829
vt 0.9825 0.1829
vt 0.8881 0.1080
vt 0.9825 0.1080
vt 0.8881 0.0831
vt 0.9825 0.0831
vt 0.8881 0.4075
vt 0.8881 0.3326
vt 0.9825 0.3326
vt 0.9825 0.4075
vt 0.9825 0.0331
vt 0.9825 0.0581
vt 0.8881 0.0581
vt 0.8881 0.0331
vt 0.8881 0.2578
vt 0.9825 0.2578
vt 0.8881 0.1829
vt 0.9825 0.1829
vt 0.8881 0.1080
vt 0.9825 0.1080
vt 0.8881 0.0831
vt 0.9825 0.0831
vt 0.8881 0.4075
vt 0.8881 0.3326
vt 0.9825 0.3326
vt 0.9825 0.4075
vt 0.9825 0.0331
vt 0.9825 0.1080
vt 0.8881 0.1080
vt 0.8881 0.0331
vt 0.8881 0.2578
vt 0.9825 0.2578
vt 0.8881 0.1829
vt 0.9825 0.1829
vt 0.8881 0.4075
vt 0.8881 0.3326
vt 0.9825 0.3326
vt 0.9825 0.4075
vt 0.9825 0.0331
vt 0.9825 0.1080
vt 0.8881 0.1080
vt 0.8881 0.0331
vt 0.8881 0.2578
vt 0.9825 0.2578
vt 0.8881 0.1829
vt 0.9825 0.1829
vt 0.8881 0.4075
vt 0.8881 0.3326
vt 0.9825 0.3326
vt 0.9825 0.4075
vt 0.9825 0.0331
vt 0.9825 0.1080
vt 0.8881 0.1080
vt 0.8881 0.0331
vt 0.8881 0.2578
vt 0.9825 0.2578
vt 0.8881 0.1829
vt 0.9825 0.1829
vt 0.8881 0.4075
vt 0.8881 0.3326
vt 0.9825 0.3326
vt 0.9825 0.4075
vt 0.9825 0.0331
vt 0.9825 0.1080
vt 0.8881 0.1080
vt 0.8881 0.0331
vt 0.8881 0.2578
vt 0.9825 0.2578
vt 0.8881 0.1829
vt 0.9825 0.1829
vt 0.8881 0.4075
vt 0.8881 0.3326
vt 0.9825 0.3326
vt 0.9825 0.4075
vt 0.9825 0.0331
vt 0.9825 0.1080
vt 0.8881 0.1080
vt 0.8881 0.0331
vt 0.8881 0.2578
vt 0.9825 0.2578
vt 0.8881 0.1829
vt 0.9825 0.1829
vt 0.8881 0.4075
vt 0.8881 0.3326
vt 0.9825 0.3326
vt 0.9825 0.4075
vt 0.9825 0.0331
vt 0.9825 0.1080
vt 0.8881 0.1080
vt 0.8881 0.0331
vt 0.8881 0.2578
vt 0.9825 0.2578
vt 0.8881 0.1829
vt 0.9825 0.1829
vt 0.8881 0.4075
vt 0.8881 0.3326
vt 0.9825 0.3326
vt 0.9825 0.4075
vt 0.9825 0.0331
vt 0.9825 0.1080
vt 0.8881 0.1080
vt 0.8881 0.0331
vt 0.8881 0.2578
vt 0.9825 0.2578
vt 0.8881 0.1829
vt 0.9825 0.1829
vt 0.8881 0.4075
vt 0.8881 0.3326
vt 0.9825 0.3326
vt 0.9825 0.4075
vt 0.9825 0.0331
vt 0.9825 0.1080
vt 0.8881 0.1080
vt 0.8881 0.0331
vt 0.8881 0.2578
vt 0.9825 0.2578
vt 0.8881 0.1829
vt 0.9825 0.1829
vt 0.8881 0.4075
vt 0.8881 0.3326
vt 0.9825 0.3326
vt 0.9825 0.4075
vt 0.9825 0.0331
vt 0.9825 0.1080
vt 0.8881 0.1080
vt 0.8881 0.0331
vt 0.8881 0.2578
vt 0.9825 0.2578
vt 0.8881 0.1829
vt 0.9825 0.1829
vt 0.8881 0.4075
vt 0.8881 0.3326
vt 0.9825 0.3326
vt 0.9825 0.4075
vt 0.9825 0.0331
vt 0.9825 0.1080
vt 0.8881 0.1080
vt 0.8881 0.0331
vt 0.8881 0.2578
vt 0.9825 0.2578
vt 0.8881 0.1829
vt 0.9825 0.1829
vt 0.8881 0.4075
vt 0.8881 0.3326
vt 0.9825 0.3326
vt 0.9825 0.4075
vt 0.9825 0.0331
vt 0.9825 0.1080
vt 0.8881 0.1080
vt 0.8881 0.0331
vt 0.8881 0.2578
vt 0.9825 0.2578
vt 0.8881 0.1829
vt 0.9825 0.1829
vt 0.8881 0.4075
vt 0.8881 0.3326
vt 0.9825 0.3326
vt 0.9825 0.4075
vt 0.9825 0.0331
vt 0.9825 0.1080
vt 0.8881 0.1080
vt 0.8881 0.0331
vt 0.8881 0.2578
vt 0.9825 0.2578
vt 0.8881 0.1829
vt 0.9825 0.1829
vt 0.8881 0.4075
vt 0.8881 0.3326
vt 0.9825 0.3326
vt 0.9825 0.4075
vt 0.9825 0.0331
vt 0.9825 0.1080
vt 0.8881 0.1080
vt 0.8881 0.0331
vt 0.8881 0.2578
vt 0.9825 0.2578
vt 0.8881 0.1829
vt 0.9825 0.1829
vt 0.8881 0.4075
vt 0.8881 0.3326
vt 0.9825 0.3326
vt 0.9825 0.4075
vt 0.9825 0.0331
vt 0.9825 0.1080
vt 0.8881 0.1080
vt 0.8881 0.0331
vt 0.8881 0.2578
vt 0.9825 0.2578
vt 0.8881 0.1829
vt 0.9825 0.1829
vt 0.8881 0.4075
vt 0.8881 0.3326
vt 0.9825 0.3326
vt 0.9825 0.4075
vt 0.9825 0.0331
vt 0.9825 0.1080
vt 0.8881 0.1080
vt 0.8881 0.0331
vt 0.8881 0.2578
vt 0.9825 0.2578
vt 0.8881 0.1829
vt 0.9825 0.1829
vt 0.8881 0.4075
vt 0.8881 0.3326
vt 0.9825 0.3326
vt 0.9825 0.4075
vt 0.9825 0.0331
vt 0.9825 0.1080
vt 0.8881 0.1080
vt 0.8881 0.0331
vt 0.8881 0.2578
vt 0.9825 0.2578
vt 0.8881 0.1829
vt 0.9825 0.1829
vt 0.8881 0.4075
vt 0.8881 0.3326
vt 0.9825 0.3326
vt 0.9825 0.4075
vt 0.9825 0.0331
vt 0.9825 0.1080
vt 0.8881 0.1080
vt 0.8881 0.0331
vt 0.8881 0.2578
vt 0.9825 0.2578
vt 0.8881 0.1829
vt 0.9825 0.1829
vt 0.8881 0.4075
vt 0.8881 0.3326
vt 0.9825 0.3326
vt 0.9825 0.4075
vt 0.9825 0.0331
vt 0.9825 0.1080
vt 0.8881 0.1080
vt 0.8881 0.0331
vt 0.8881 0.2578
vt 0.9825 0.2578
vt 0.8881 0.1829
vt 0.9825 0.1829
vt 0.8881 0.4075
vt 0.8881 0.3326
vt 0.9825 0.3326
vt 0.9825 0.4075
vt 0.9825 0.0331
vt 0.9825 0.1080
vt 0.8881 0.1080
vt 0.8881 0.0331
vt 0.8881 0.2578
vt 0.9825 0.2578
vt 0.8881 0.1829
vt 0.9825 0.1829
vt 0.8881 0.4075
vt 0.8881 0.3326
vt 0.9825 0.3326
vt 0.9825 0.4075
vt 0.9825 0.0331
vt 0.9825 0.1080
vt 0.8881 0.1080
vt 0.8881 0.0331
vt 0.8881 0.2578
vt 0.9825 0.2578
vt 0.8881 0.1829
vt 0.9825 0.1829
vt 0.8881 0.4075
vt 0.8881 0.3326
vt 0.9825 0.3326
vt 0.9825 0.4075
vt 0.9825 0.0331
vt 0.9825 0.1080
vt 0.8881 0.1080
vt 0.8881 0.0331
vt 0.8881 0.2578
vt 0.9825 0.2578
vt 0.8881 0.1829
vt 0.9825 0.1829
vt 0.8881 0.4075
vt 0.8881 0.3326
vt 0.9825 0.3326
vt 0.9825 0.4075
vt 0.9825 0.0331
vt 0.9825 0.1080
vt 0.8881 0.1080
vt 0.8881 0.0331
vt 0.8881 0.2578
vt 0.9825 0.2578
vt 0.8881 0.1829
vt 0.9825 0.1829
vt 0.8881 0.4075
vt 0.8881 0.3326
vt 0.9825 0.3326
vt 0.9825 0.4075
vt 0.9825 0.0331
vt 0.9825 0.1080
vt 0.8881 0.1080
vt 0.8881 0.0331
vt 0.8881 0.2578
vt 0.9825 0.2578
vt 0.8881 0.1829
vt 0.9825 0.1829
vt 0.8881 0.4075
vt 0.8881 0.3326
vt 0.9825 0.3326
vt 0.9825 0.4075
vt 0.9825 0.0331
vt 0.9825 0.1080
vt 0.8881 0.1080
vt 0.8881 0.0331
vt 0.8881 0.2578
vt 0.9825 0.2578
vt 0.8881 0.1829
vt 0.9825 0.1829
vt 0.8881 0.4075
vt 0.8881 0.3326
vt 0.9825 0.3326
vt 0.9825 0.4075
vt 0.9825 0.0331
vt 0.9825 0.1080
vt 0.8881 0.1080
vt 0.8881 0.0331
vt 0.8881 0.2578
vt 0.9825 0.2578
vt 0.8881 0.1829
vt 0.9825 0.1829
vt 0.8881 0.4075
vt 0.8881 0.3326
vt 0.9825 0.3326
vt 0.9825 0.4075
vt 0.9825 0.0331
vt 0.9825 0.1080
vt 0.8881 0.1080
vt 0.8881 0.0331
vt 0.8881 0.2578
vt 0.9825 0.2578
vt 0.8881 0.1829
vt 0.9825 0.1829
vt 0.8881 0.4075
vt 0.8881 0.3326
vt 0.9825 0.3326
vt 0.9825 0.4075
vt 0.9825 0.0331
vt 0.9825 0.0581
vt 0.8881 0.0581
vt 0.8881 0.0331
vt 0.8881 0.2578
vt 0.9825 0.2578
vt 0.8881 0.1829
vt 0.9825 0.1829
vt 0.8881 0.1080
vt 0.9825 0.1080
vt 0.8881 0.0831
vt 0.9825 0.0831
vt 0.8881 0.4075
vt 0.8881 0.3326
vt 0.9825 0.3326
vt 0.9825 0.4075
vt 0.9825 0.0331
vt 0.9825 0.0581
vt 0.8881 0.0581
vt 0.8881 0.0331
vt 0.8881 0.2578
vt 0.9825 0.2578
vt 0.8881 0.1829
vt 0.9825 0.1829
vt 0.8881 0.1080
vt 0.9825 0.1080
vt 0.8881 0.0831
vt 0.9825 0.0831
vt 0.8881 0.4075
vt 0.8881 0.3326
vt 0.9825 0.3326
vt 0.9825 0.4075
vt 0.9825 0.0331
vt 0.9825 0.0581
vt 0.8881 0.0581
vt 0.8881 0.0331
vt 0.8881 0.2578
vt 0.9825 0.2578
vt 0.8881 0.1829
vt 0.9825 0.1829
vt 0.8881 0.1080
vt 0.9825 0.1080
vt 0.8881 0.0831
vt 0.9825 0.0831
vt 0.8881 0.4075
vt 0.8881 0.3326
vt 0.9825 0.3326
vt 0.9825 0.4075
vt 0.9825 0.0331
vt 0.9825 0.0581
vt 0.8881 0.0581
vt 0.8881 0.0331
vt 0.8881 0.2578
vt 0.9825 0.2578
vt 0.8881 0.1829
vt 0.9825 0.1829
vt 0.8881 0.1080
vt 0.9825 0.1080
vt 0.8881 0.0831
vt 0.9825 0.0831
vt 0.8881 0.4075
vt 0.8881 0.3326
vt 0.9825 0.3326
vt 0.9825 0.4075
vt 0.9825 0.0331
vt 0.9825 0.1080
vt 0.8881 0.1080
vt 0.8881 0.0331
vt 0.8881 0.2578
vt 0.9825 0.2578
vt 0.8881 0.1829
vt 0.9825 0.1829
vt 0.8881 0.4075
vt 0.8881 0.3326
vt 0.9825 0.3326
vt 0.9825 0.4075
vt 0.9825 0.0331
vt 0.9825 0.1080
vt 0.8881 0.1080
vt 0.8881 0.0331
vt 0.8881 0.2578
vt 0.9825 0.2578
vt 0.8881 0.1829
vt 0.9825 0.1829
vt 0.8881 0.4075
vt 0.8881 0.3326
vt 0.9825 0.3326
vt 0.9825 0.4075
vt 0.9825 0.0331
vt 0.9825 0.1080
vt 0.8881 0.1080
vt 0.8881 0.0331
vt 0.8881 0.2578
vt 0.9825 0.2578
vt 0.8881 0.1829
vt 0.9825 0.1829
vt 0.8881 0.4075
vt 0.8881 0.3326
vt 0.9825 0.3326
vt 0.9825 0.4075
vt 0.9825 0.0331
vt 0.9825 0.1080
vt 0.8881 0.1080
vt 0.8881 0.0331
vt 0.8881 0.2578
vt 0.9825 0.2578
vt 0.8881 0.1829
vt 0.9825 0.1829
vt 0.8881 0.4075
vt 0.8881 0.3326
vt 0.9825 0.3326
vt 0.9825 0.4075
vt 0.9825 0.0331
vt 0.9825 0.1080
vt 0.8881 0.1080
vt 0.8881 0.0331
vt 0.8881 0.2578
vt 0.9825 0.2578
vt 0.8881 0.1829
vt 0.9825 0.1829
vt 0.8881 0.4075
vt 0.8881 0.3326
vt 0.9825 0.3326
vt 0.9825 0.4075
vt 0.9825 0.0331
vt 0.9825 0.1080
vt 0.8881 0.1080
vt 0.8881 0.0331
vt 0.8881 0.2578
vt 0.9825 0.2578
vt 0.8881 0.1829
vt 0.9825 0.1829
vt 0.8881 0.4075
vt 0.8881 0.3326
vt 0.9825 0.3326
vt 0.9825 0.4075
vt 0.9825 0.0331
vt 0.9825 0.1080
vt 0.8881 0.1080
vt 0.8881 0.0331
vt 0.8881 0.2578
vt 0.9825 0.2578
vt 0.8881 0.1829
vt 0.9825 0.1829
vt 0.0057 0.3935
vt 0.0057 0.3186
vt 0.1001 0.3186
vt 0.1001 0.3935
vt 0.1001 0.0191
vt 0.1001 0.0940
vt 0.0057 0.0940
vt 0.0057 0.0191
vt 0.0057 0.2438
vt 0.1001 0.2438
vt 0.0057 0.1689
vt 0.1001 0.1689
vt 0.0057 0.3935
vt 0.0057 0.3186
vt 0.1001 0.3186
vt 0.1001 0.3935
vt 0.1001 0.0191
vt 0.1001 0.0441
vt 0.0057 0.0441
vt 0.0057 0.0191
vt 0.0057 0.2438
vt 0.1001 0.2438
vt 0.0057 0.1689
vt 0.1001 0.1689
vt 0.0057 0.0940
vt 0.1001 0.0940
vt 0.0057 0.0690
vt 0.1001 0.0690
vt 0.0057 0.3935
vt 0.0057 0.3186
vt 0.1001 0.3186
vt 0.1001 0.3935
vt 0.1001 0.0191
vt 0.1001 0.0441
vt 0.0057 0.0441
vt 0.0057 0.0191
vt 0.0057 0.2438
vt 0.1001 0.2438
vt 0.0057 0.1689
vt 0.1001 0.1689
vt 0.0057 0.0940
vt 0.1001 0.0940
vt 0.0057 0.0690
vt 0.1001 0.0690
vt 0.0057 0.3935
vt 0.0057 0.3186
vt 0.1001 0.3186
vt 0.1001 0.3935
vt 0.1001 0.0191
vt 0.1001 0.0441
vt 0.0057 0.0441
vt 0.0057 0.0191
vt 0.0057 0.2438
vt 0.1001 0.2438
vt 0.0057 0.1689
vt 0.1001 0.1689
vt 0.0057 0.0940
vt 0.1001 0.0940
vt 0.0057 0.0690
vt 0.1001 0.0690
vt 0.0057 0.3935
vt 0.0057 0.3186
vt 0.1001 0.3186
vt 0.1001 0.3935
vt 0.1001 0.0191
vt 0.1001 0.0441
vt 0.0057 0.0441
vt 0.0057 0.0191
vt 0.0057 0.2438
vt 0.1001 0.2438
vt 0.0057 0.1689
vt 0.1001 0.1689
vt 0.0057 0.0940
vt 0.1001 0.0940
vt 0.0057 0.0690
vt 0.1001 0.0690
vt 0.0057 0.3935
vt 0.0057 0.3186
vt 0.1001 0.3186
vt 0.1001 0.3935
vt 0.1001 0.0191
vt 0.1001 0.0441
vt 0.0057 0.0441
vt 0.0057 0.0191
vt 0.0057 0.2438
vt 0.1001 0.2438
vt 0.0057 0.1689
vt 0.1001 0.1689
vt 0.0057 0.0940
vt 0.1001 0.0940
vt 0.0057 0.0690
vt 0.1001 0.0690
vt 0.0057 0.3935
vt 0.0057 0.3186
vt 0.1001 0.3186
vt 0.1001 0.3935
vt 0.1001 0.0191
vt 0.1001 0.0441
vt 0.0057 0.0441
vt 0.0057 0.0191
vt 0.0057 0.2438
vt 0.1001 0.2438
vt 0.0057 0.1689
vt 0.1001 0.1689
vt 0.0057 0.0940
vt 0.1001 0.0940
vt 0.0057 0.0690
vt 0.1001 0.0690
vt 0.0057 0.3935
vt 0.0057 0.3186
vt 0.1001 0.3186
vt 0.1001 0.3935
vt 0.1001 0.0191
vt 0.1001 0.0441
vt 0.0057 0.0441
vt 0.0057 0.0191
vt 0.0057 0.2438
vt 0.1001 0.2438
vt 0.0057 0.1689
vt 0.1001 0.1689
vt 0.0057 0.0940
vt 0.1001 0.0940
vt 0.0057 0.0690
vt 0.1001 0.0690
vt 0.0057 0.3935
vt 0.0057 0.3186
vt 0.1001 0.3186
vt 0.1001 0.3935
vt 0.1001 0.0191
vt 0.1001 0.0441
vt 0.0057 0.0441
vt 0.0057 0.0191
vt 0.0057 0.2438
vt 0.1001 0.2438
vt 0.0057 0.1689
vt 0.1001 0.1689
vt 0.0057 0.0940
vt 0.1001 0.0940
vt 0.0057 0.0690
vt 0.1001 0.0690
vt 0.0057 0.3935
vt 0.0057 0.3186
vt 0.1001 0.3186
vt 0.1001 0.3935
vt 0.1001 0.0191
vt 0.1001 0.0441
vt 0.0057 0.0441
vt 0.0057 0.0191
vt 0.0057 0.2438
vt 0.1001 0.2438
vt 0.0057 0.1689
vt 0.1001 0.1689
vt 0.0057 0.0940
vt 0.1001 0.0940
vt 0.0057 0.0690
vt 0.1001 0.0690
vt 0.0057 0.3935
vt 0.0057 0.3186
vt 0.1001 0.3186
vt 0.1001 0.3935
vt 0.1001 0.0191
vt 0.1001 0.0940
vt 0.0057 0.0940
vt 0.0057 0.0191
vt 0.0057 0.2438
vt 0.1001 0.2438
vt 0.0057 0.1689
vt 0.1001 0.1689
vt 0.0057 0.3935
vt 0.0057 0.3186
vt 0.1001 0.3186
vt 0.1001 0.3935
vt 0.1001 0.0191
vt 0.1001 0.0940
vt 0.0057 0.0940
vt 0.0057 0.0191
vt 0.0057 0.2438
vt 0.1001 0.2438
vt 0.0057 0.1689
vt 0.1001 0.1689
vt 0.0057 0.3935
vt 0.0057 0.3186
vt 0.1001 0.3186
vt 0.1001 0.3935
vt 0.1001 0.0191
vt 0.1001 0.0940
vt 0.0057 0.0940
vt 0.0057 0.0191
vt 0.0057 0.2438
vt 0.1001 0.2438
vt 0.0057 0.1689
vt 0.1001 0.1689
vt 0.0057 0.3935
vt 0.0057 0.3186
vt 0.1001 0.3186
vt 0.1001 0.3935
vt 0.1001 0.0191
vt 0.1001 0.0940
vt 0.0057 0.0940
vt 0.0057 0.0191
vt 0.0057 0.2438
vt 0.1001 0.2438
vt 0.0057 0.1689
vt 0.1001 0.1689
vt 0.0057 0.3935
vt 0.0057 0.3186
vt 0.1001 0.3186
vt 0.1001 0.3935
vt 0.1001 0.0191
vt 0.1001 0.0940
vt 0.0057 0.0940
vt 0.0057 0.0191
vt 0.0057 0.2438
vt 0.1001 0.2438
vt 0.0057 0.1689
vt 0.1001 0.1689
vt 0.0057 0.3935
vt 0.0057 0.3186
vt 0.1001 0.3186
vt 0.1001 0.3935
vt 0.1001 0.0191
vt 0.1001 0.0441
vt 0.0057 0.0441
vt 0.0057 0.0191
vt 0.0057 0.2438
vt 0.1001 0.2438
vt 0.0057 0.1689
vt 0.1001 0.1689
vt 0.0057 0.0940
vt 0.1001 0.0940
vt 0.0057 0.0690
vt 0.1001 0.0690
vt 0.0057 0.3935
vt 0.0057 0.3186
vt 0.1001 0.3186
vt 0.1001 0.3935
vt 0.1001 0.0191
vt 0.1001 0.0441
vt 0.0057 0.0441
vt 0.0057 0.0191
vt 0.0057 0.2438
vt 0.1001 0.2438
vt 0.0057 0.1689
vt 0.1001 0.1689
vt 0.0057 0.0940
vt 0.1001 0.0940
vt 0.0057 0.0690
vt 0.1001 0.0690
vt 0.0057 0.3935
vt 0.0057 0.3186
vt 0.1001 0.3186
vt 0.1001 0.3935
vt 0.1001 0.0191
vt 0.1001 0.0940
vt 0.0057 0.0940
vt 0.0057 0.0191
vt 0.0057 0.2438
vt 0.1001 0.2438
vt 0.0057 0.1689
vt 0.1001 0.1689
vt 0.0057 0.3935
vt 0.0057 0.3186
vt 0.1001 0.3186
vt 0.1001 0.3935
vt 0.1001 0.0191
vt 0.1001 0.0940
vt 0.0057 0.0940
vt 0.0057 0.0191
vt 0.0057 0.2438
vt 0.1001 0.2438
vt 0.0057 0.1689
vt 0.1001 0.1689
vt 0.8881 0.0331
vt 0.8881 0.1080
vt 0.9825 0.1080
vt 0.9825 0.0331
vt 0.9825 0.4075
vt 0.9825 0.3326
vt 0.8881 0.3326
vt 0.8881 0.4075
vt 0.9825 0.2578
vt 0.8881 0.2578
vt 0.9825 0.1829
vt 0.8881 0.1829
vt 0.8881 0.0331
vt 0.8881 0.0581
vt 0.9825 0.0581
vt 0.9825 0.0331
vt 0.9825 0.4075
vt 0.9825 0.3326
vt 0.8881 0.3326
vt 0.8881 0.4075
vt 0.9825 0.2578
vt 0.8881 0.2578
vt 0.9825 0.1829
vt 0.8881 0.1829
vt 0.9825 0.1080
vt 0.8881 0.1080
vt 0.9825 0.0831
vt 0.8881 0.0831
vt 0.8881 0.0331
vt 0.8881 0.0581
vt 0.9825 0.0581
vt 0.9825 0.0331
vt 0.9825 0.4075
vt 0.9825 0.3326
vt 0.8881 0.3326
vt 0.8881 0.4075
vt 0.9825 0.2578
vt 0.8881 0.2578
vt 0.9825 0.1829
vt 0.8881 0.1829
vt 0.9825 0.1080
vt 0.8881 0.1080
vt 0.9825 0.0831
vt 0.8881 0.0831
vt 0.8881 0.0331
vt 0.8881 0.0581
vt 0.9825 0.0581
vt 0.9825 0.0331
vt 0.9825 0.4075
vt 0.9825 0.3326
vt 0.8881 0.3326
vt 0.8881 0.4075
vt 0.9825 0.2578
vt 0.8881 0.2578
vt 0.9825 0.1829
vt 0.8881 0.1829
vt 0.9825 0.1080
vt 0.8881 0.1080
vt 0.9825 0.0831
vt 0.8881 0.0831
vt 0.8881 0.0331
vt 0.8881 0.0581
vt 0.9825 0.0581
vt 0.9825 0.0331
vt 0.9825 0.4075
vt 0.9825 0.3326
vt 0.8881 0.3326
vt 0.8881 0.4075
vt 0.9825 0.2578
vt 0.8881 0.2578
vt 0.9825 0.1829
vt 0.8881 0.1829
vt 0.9825 0.1080
vt 0.8881 0.1080
vt 0.9825 0.0831
vt 0.8881 0.0831
vt 0.8881 0.0331
vt 0.8881 0.0581
vt 0.9825 0.0581
vt 0.9825 0.0331
vt 0.9825 0.4075
vt 0.9825 0.3326
vt 0.8881 0.3326
vt 0.8881 0.4075
vt 0.9825 0.2578
vt 0.8881 0.2578
vt 0.9825 0.1829
vt 0.8881 0.1829
vt 0.9825 0.1080
vt 0.8881 0.1080
vt 0.9825 0.0831
vt 0.8881 0.0831
vt 0.8881 0.0331
vt 0.8881 0.0581
vt 0.9825 0.0581
vt 0.9825 0.0331
vt 0.9825 0.4075
vt 0.9825 0.3326
vt 0.8881 0.3326
vt 0.8881 0.4075
vt 0.9825 0.2578
vt 0.8881 0.2578
vt 0.9825 0.1829
vt 0.8881 0.1829
vt 0.9825 0.1080
vt 0.8881 0.1080
vt 0.9825 0.0831
vt 0.8881 0.0831
vt 0.8881 0.0331
vt 0.8881 0.0581
vt 0.9825 0.0581
vt 0.9825 0.0331
vt 0.9825 0.4075
vt 0.9825 0.3326
vt 0.8881 0.3326
vt 0.8881 0.4075
vt 0.9825 0.2578
vt 0.8881 0.2578
vt 0.9825 0.1829
vt 0.8881 0.1829
vt 0.9825 0.1080
vt 0.8881 0.1080
vt 0.9825 0.0831
vt 0.8881 0.0831
vt 0.8881 0.0331
vt 0.8881 0.0581
vt 0.9825 0.0581
vt 0.9825 0.0331
vt 0.9825 0.4075
vt 0.9825 0.3326
vt 0.8881 0.3326
vt 0.8881 0.4075
vt 0.9825 0.2578
vt 0.8881 0.2578
vt 0.9825 0.1829
vt 0.8881 0.1829
vt 0.9825 0.1080
vt 0.8881 0.1080
vt 0.9825 0.0831
vt 0.8881 0.0831
vt 0.8881 0.0331
vt 0.8881 0.0581
vt 0.9825 0.0581
vt 0.9825 0.0331
vt 0.9825 0.4075
vt 0.9825 0.3326
vt 0.8881 0.3326
vt 0.8881 0.4075
vt 0.9825 0.2578
vt 0.8881 0.2578
vt 0.9825 0.1829
vt 0.8881 0.1829
vt 0.9825 0.1080
vt 0.8881 0.1080
vt 0.9825 0.0831
vt 0.8881 0.0831
vt 0.8881 0.4075
vt 0.8881 0.3326
vt 0.9825 0.3326
vt 0.9825 0.4075
vt 0.9825 0.0331
vt 0.9825 0.0581
vt 0.8881 0.0581
vt 0.8881 0.0331
vt 0.8881 0.2578
vt 0.9825 0.2578
vt 0.8881 0.1829
vt 0.9825 0.1829
vt 0.8881 0.1080
vt 0.9825 0.1080
vt 0.8881 0.0831
vt 0.9825 0.0831
vt 0.8881 0.0331
vt 0.8881 0.0581
vt 0.9825 0.0581
vt 0.9825 0.0331
vt 0.9825 0.4075
vt 0.9825 0.3326
vt 0.8881 0.3326
vt 0.8881 0.4075
vt 0.9825 0.2578
vt 0.8881 0.2578
vt 0.9825 0.1829
vt 0.8881 0.1829
vt 0.9825 0.1080
vt 0.8881 0.1080
vt 0.9825 0.0831
vt 0.8881 0.0831
vt 0.8881 0.0331
vt 0.8881 0.0581
vt 0.9825 0.0581
vt 0.9825 0.0331
vt 0.9825 0.4075
vt 0.9825 0.3326
vt 0.8881 0.3326
vt 0.8881 0.4075
vt 0.9825 0.2578
vt 0.8881 0.2578
vt 0.9825 0.1829
vt 0.8881 0.1829
vt 0.9825 0.1080
vt 0.8881 0.1080
vt 0.9825 0.0831
vt 0.8881 0.0831
vt 0.8881 0.0331
vt 0.8881 0.0581
vt 0.9825 0.0581
vt 0.9825 0.0331
vt 0.9825 0.4075
vt 0.9825 0.3326
vt 0.8881 0.3326
vt 0.8881 0.4075
vt 0.9825 0.2578
vt 0.8881 0.2578
vt 0.9825 0.1829
vt 0.8881 0.1829
vt 0.9825 0.1080
vt 0.8881 0.1080
vt 0.9825 0.0831
vt 0.8881 0.0831
vt 0.8881 0.0331
vt 0.8881 0.0581
vt 0.9825 0.0581
vt 0.9825 0.0331
vt 0.9825 0.4075
vt 0.9825 0.3326
vt 0.8881 0.3326
vt 0.8881 0.4075
vt 0.9825 0.2578
vt 0.8881 0.2578
vt 0.9825 0.1829
vt 0.8881 0.1829
vt 0.9825 0.1080
vt 0.8881 0.1080
vt 0.9825 0.0831
vt 0.8881 0.0831
vt 0.8881 0.0331
vt 0.8881 0.0581
vt 0.9825 0.0581
vt 0.9825 0.0331
vt 0.9825 0.4075
vt 0.9825 0.3326
vt 0.8881 0.3326
vt 0.8881 0.4075
vt 0.9825 0.2578
vt 0.8881 0.2578
vt 0.9825 0.1829
vt 0.8881 0.1829
vt 0.9825 0.1080
vt 0.8881 0.1080
vt 0.9825 0.0831
vt 0.8881 0.0831
vt 0.8881 0.0331
vt 0.8881 0.0581
vt 0.9825 0.0581
vt 0.9825 0.0331
vt 0.9825 0.4075
vt 0.9825 0.3326
vt 0.8881 0.3326
vt 0.8881 0.4075
vt 0.9825 0.2578
vt 0.8881 0.2578
vt 0.9825 0.1829
vt 0.8881 0.1829
vt 0.9825 0.1080
vt 0.8881 0.1080
vt 0.9825 0.0831
vt 0.8881 0.0831
vt 0.8881 0.0331
vt 0.8881 0.0581
vt 0.9825 0.0581
vt 0.9825 0.0331
vt 0.9825 0.4075
vt 0.9825 0.3326
vt 0.8881 0.3326
vt 0.8881 0.4075
vt 0.9825 0.2578
vt 0.8881 0.2578
vt 0.9825 0.1829
vt 0.8881 0.1829
vt 0.9825 0.1080
vt 0.8881 0.1080
vt 0.9825 0.0831
vt 0.8881 0.0831
vt 0.8881 0.0331
vt 0.8881 0.0581
vt 0.9825 0.0581
vt 0.9825 0.0331
vt 0.9825 0.4075
vt 0.9825 0.3326
vt 0.8881 0.3326
vt 0.8881 0.4075
vt 0.9825 0.2578
vt 0.8881 0.2578
vt 0.9825 0.1829
vt 0.8881 0.1829
vt 0.9825 0.1080
vt 0.8881 0.1080
vt 0.9825 0.0831
vt 0.8881 0.0831
vt 0.8881 0.0331
vt 0.8881 0.1080
vt 0.9825 0.1080
vt 0.9825 0.0331
vt 0.9825 0.4075
vt 0.9825 0.3326
vt 0.8881 0.3326
vt 0.8881 0.4075
vt 0.9825 0.2578
vt 0.8881 0.2578
vt 0.9825 0.1829
vt 0.8881 0.1829
vt 0.8881 0.0331
vt 0.8881 0.1080
vt 0.9825 0.1080
vt 0.9825 0.0331
vt 0.9825 0.4075
vt 0.9825 0.3326
vt 0.8881 0.3326
vt 0.8881 0.4075
vt 0.9825 0.2578
vt 0.8881 0.2578
vt 0.9825 0.1829
vt 0.8881 0.1829
vt 0.8881 0.0331
vt 0.8881 0.1080
vt 0.9825 0.1080
vt 0.9825 0.0331
vt 0.9825 0.4075
vt 0.9825 0.3326
vt 0.8881 0.3326
vt 0.8881 0.4075
vt 0.9825 0.2578
vt 0.8881 0.2578
vt 0.9825 0.1829
vt 0.8881 0.1829
vt 0.8881 0.0331
vt 0.8881 0.1080
vt 0.9825 0.1080
vt 0.9825 0.0331
vt 0.9825 0.4075
vt 0.9825 0.3326
vt 0.8881 0.3326
vt 0.8881 0.4075
vt 0.9825 0.2578
vt 0.8881 0.2578
vt 0.9825 0.1829
vt 0.8881 0.1829
vt 0.8881 0.0331
vt 0.8881 0.1080
vt 0.9825 0.1080
vt 0.9825 0.0331
vt 0.9825 0.4075
vt 0.9825 0.3326
vt 0.8881 0.3326
vt 0.8881 0.4075
vt 0.9825 0.2578
vt 0.8881 0.2578
vt 0.9825 0.1829
vt 0.8881 0.1829
vt 0.8881 0.0331
vt 0.8881 0.1080
vt 0.9825 0.1080
vt 0.9825 0.0331
vt 0.9825 0.4075
vt 0.9825 0.3326
vt 0.8881 0.3326
vt 0.8881 0.4075
vt 0.9825 0.2578
vt 0.8881 0.2578
vt 0.9825 0.1829
vt 0.8881 0.1829
vt 0.8881 0.0331
vt 0.8881 0.1080
vt 0.9825 0.1080
vt 0.9825 0.0331
vt 0.9825 0.4075
vt 0.9825 0.3326
vt 0.8881 0.3326
vt 0.8881 0.4075
vt 0.9825 0.2578
vt 0.8881 0.2578
vt 0.9825 0.1829
vt 0.8881 0.1829
vt 0.8881 0.0331
vt 0.8881 0.1080
vt 0.9825 0.1080
vt 0.9825 0.0331
vt 0.9825 0.4075
vt 0.9825 0.3326
vt 0.8881 0.3326
vt 0.8881 0.4075
vt 0.9825 0.2578
vt 0.8881 0.2578
vt 0.9825 0.1829
vt 0.8881 0.1829
vt 0.8881 0.0331
vt 0.8881 0.1080
vt 0.9825 0.1080
vt 0.9825 0.0331
vt 0.9825 0.4075
vt 0.9825 0.3326
vt 0.8881 0.3326
vt 0.8881 0.4075
vt 0.9825 0.2578
vt 0.8881 0.2578
vt 0.9825 0.1829
vt 0.8881 0.1829
vt 0.8881 0.0331
vt 0.8881 0.1080
vt 0.9825 0.1080
vt 0.9825 0.0331
vt 0.9825 0.4075
vt 0.9825 0.3326
vt 0.8881 0.3326
vt 0.8881 0.4075
vt 0.9825 0.2578
vt 0.8881 0.2578
vt 0.9825 0.1829
vt 0.8881 0.1829
vt 0.8881 0.0331
vt 0.8881 0.1080
vt 0.9825 0.1080
vt 0.9825 0.0331
vt 0.9825 0.4075
vt 0.9825 0.3326
vt 0.8881 0.3326
vt 0.8881 0.4075
vt 0.9825 0.2578
vt 0.8881 0.2578
vt 0.9825 0.1829
vt 0.8881 0.1829
vt 0.8881 0.0331
vt 0.8881 0.1080
vt 0.9825 0.1080
vt 0.9825 0.0331
vt 0.9825 0.4075
vt 0.9825 0.3326
vt 0.8881 0.3326
vt 0.8881 0.4075
vt 0.9825 0.2578
vt 0.8881 0.2578
vt 0.9825 0.1829
vt 0.8881 0.1829
vt 0.8881 0.0331
vt 0.8881 0.1080
vt 0.9825 0.1080
vt 0.9825 0.0331
vt 0.9825 0.4075
vt 0.9825 0.3326
vt 0.8881 0.3326
vt 0.8881 0.4075
vt 0.9825 0.2578
vt 0.8881 0.2578
vt 0.9825 0.1829
vt 0.8881 0.1829
vt 0.8881 0.0331
vt 0.8881 0.1080
vt 0.9825 0.1080
vt 0.9825 0.0331
vt 0.9825 0.4075
vt 0.9825 0.3326
vt 0.8881 0.3326
vt 0.8881 0.4075
vt 0.9825 0.2578
vt 0.8881 0.2578
vt 0.9825 0.1829
vt 0.8881 0.1829
vt 0.8881 0.0331
vt 0.8881 0.1080
vt 0.9825 0.1080
vt 0.9825 0.0331
vt 0.9825 0.4075
vt 0.9825 0.3326
vt 0.8881 0.3326
vt 0.8881 0.4075
vt 0.9825 0.2578
vt 0.8881 0.2578
vt 0.9825 0.1829
vt 0.8881 0.1829
vt 0.8881 0.0331
vt 0.8881 0.1080
vt 0.9825 0.1080
vt 0.9825 0.0331
vt 0.9825 0.4075
vt 0.9825 0.3326
vt 0.8881 0.3326
vt 0.8881 0.4075
vt 0.9825 0.2578
vt 0.8881 0.2578
vt 0.9825 0.1829
vt 0.8881 0.1829
vt 0.8881 0.0331
vt 0.8881 0.1080
vt 0.9825 0.1080
vt 0.9825 0.0331
vt 0.9825 0.4075
vt 0.9825 0.3326
vt 0.8881 0.3326
vt 0.8881 0.4075
vt 0.9825 0.2578
vt 0.8881 0.2578
vt 0.9825 0.1829
vt 0.8881 0.1829
vt 0.8881 0.0331
vt 0.8881 0.1080
vt 0.9825 0.1080
vt 0.9825 0.0331
vt 0.9825 0.4075
vt 0.9825 0.3326
vt 0.8881 0.3326
vt 0.8881 0.4075
vt 0.9825 0.2578
vt 0.8881 0.2578
vt 0.9825 0.1829
vt 0.8881 0.1829
vt 0.8881 0.0331
vt 0.8881 0.1080
vt 0.9825 0.1080
vt 0.9825 0.0331
vt 0.9825 0.4075
vt 0.9825 0.3326
vt 0.8881 0.3326
vt 0.8881 0.4075
vt 0.9825 0.2578
vt 0.8881 0.2578
vt 0.9825 0.1829
vt 0.8881 0.1829
vt 0.8881 0.0331
vt 0.8881 0.1080
vt 0.9825 0.1080
vt 0.9825 0.0331
vt 0.9825 0.4075
vt 0.9825 0.3326
vt 0.8881 0.3326
vt 0.8881 0.4075
vt 0.9825 0.2578
vt 0.8881 0.2578
vt 0.9825 0.1829
vt 0.8881 0.1829
vt 0.8881 0.0331
vt 0.8881 0.1080
vt 0.9825 0.1080
vt 0.9825 0.0331
vt 0.9825 0.4075
vt 0.9825 0.3326
vt 0.8881 0.3326
vt 0.8881 0.4075
vt 0.9825 0.2578
vt 0.8881 0.2578
vt 0.9825 0.1829
vt 0.8881 0.1829
vt 0.8881 0.0331
vt 0.8881 0.1080
vt 0.9825 0.1080
vt 0.9825 0.0331
vt 0.9825 0.4075
vt 0.9825 0.3326
vt 0.8881 0.3326
vt 0.8881 0.4075
vt 0.9825 0.2578
vt 0.8881 0.2578
vt 0.9825 0.1829
vt 0.8881 0.1829
vt 0.8881 0.0331
vt 0.8881 0.1080
vt 0.9825 0.1080
vt 0.9825 0.0331
vt 0.9825 0.4075
vt 0.9825 0.3326
vt 0.8881 0.3326
vt 0.8881 0.4075
vt 0.9825 0.2578
vt 0.8881 0.2578
vt 0.9825 0.1829
vt 0.8881 0.1829
vt 0.8881 0.0331
vt 0.8881 0.1080
vt 0.9825 0.1080
vt 0.9825 0.0331
vt 0.9825 0.4075
vt 0.9825 0.3326
vt 0.8881 0.3326
vt 0.8881 0.4075
vt 0.9825 0.2578
vt 0.8881 0.2578
vt 0.9825 0.1829
vt 0.8881 0.1829
vt 0.8881 0.0331
vt 0.8881 0.1080
vt 0.9825 0.1080
vt 0.9825 0.0331
vt 0.9825 0.4075
vt 0.9825 0.3326
vt 0.8881 0.3326
vt 0.8881 0.4075
vt 0.9825 0.2578
vt 0.8881 0.2578
vt 0.9825 0.1829
vt 0.8881 0.1829
vt 0.8881 0.0331
vt 0.8881 0.1080
vt 0.9825 0.1080
vt 0.9825 0.0331
vt 0.9825 0.4075
vt 0.9825 0.3326
vt 0.8881 0.3326
vt 0.8881 0.4075
vt 0.9825 0.2578
vt 0.8881 0.2578
vt 0.9825 0.1829
vt 0.8881 0.1829
vt 0.8881 0.0331
vt 0.8881 0.0581
vt 0.9825 0.0581
vt 0.9825 0.0331
vt 0.9825 0.4075
vt 0.9825 0.3326
vt 0.8881 0.3326
vt 0.8881 0.4075
vt 0.9825 0.2578
vt 0.8881 0.2578
vt 0.9825 0.1829
vt 0.8881 0.1829
vt 0.9825 0.1080
vt 0.8881 0.1080
vt 0.9825 0.0831
vt 0.8881 0.0831
vt 0.8881 0.0331
vt 0.8881 0.0581
vt 0.9825 0.0581
vt 0.9825 0.0331
vt 0.9825 0.4075
vt 0.9825 0.3326
vt 0.8881 0.3326
vt 0.8881 0.4075
vt 0.9825 0.2578
vt 0.8881 0.2578
vt 0.9825 0.1829
vt 0.8881 0.1829
vt 0.9825 0.1080
vt 0.8881 0.1080
vt 0.9825 0.0831
vt 0.8881 0.0831
vt 0.8881 0.0331
vt 0.8881 0.0581
vt 0.9825 0.0581
vt 0.9825 0.0331
vt 0.9825 0.4075
vt 0.9825 0.3326
vt 0.8881 0.3326
vt 0.8881 0.4075
vt 0.9825 0.2578
vt 0.8881 0.2578
vt 0.9825 0.1829
vt 0.8881 0.1829
vt 0.9825 0.1080
vt 0.8881 0.1080
vt 0.9825 0.0831
vt 0.8881 0.0831
vt 0.8881 0.0331
vt 0.8881 0.0581
vt 0.9825 0.0581
vt 0.9825 0.0331
vt 0.9825 0.4075
vt 0.9825 0.3326
vt 0.8881 0.3326
vt 0.8881 0.4075
vt 0.9825 0.2578
vt 0.8881 0.2578
vt 0.9825 0.1829
vt 0.8881 0.1829
vt 0.9825 0.1080
vt 0.8881 0.1080
vt 0.9825 0.0831
vt 0.8881 0.0831
vt 0.8881 0.0331
vt 0.8881 0.1080
vt 0.9825 0.1080
vt 0.9825 0.0331
vt 0.9825 0.4075
vt 0.9825 0.3326
vt 0.8881 0.3326
vt 0.8881 0.4075
vt 0.9825 0.2578
vt 0.8881 0.2578
vt 0.9825 0.1829
vt 0.8881 0.1829
vt 0.8881 0.0331
vt 0.8881 0.1080
vt 0.9825 0.1080
vt 0.9825 0.0331
vt 0.9825 0.4075
vt 0.9825 0.3326
vt 0.8881 0.3326
vt 0.8881 0.4075
vt 0.9825 0.2578
vt 0.8881 0.2578
vt 0.9825 0.1829
vt 0.8881 0.1829
vt 0.8881 0.0331
vt 0.8881 0.1080
vt 0.9825 0.1080
vt 0.9825 0.0331
vt 0.9825 0.4075
vt 0.9825 0.3326
vt 0.8881 0.3326
vt 0.8881 0.4075
vt 0.9825 0.2578
vt 0.8881 0.2578
vt 0.9825 0.1829
vt 0.8881 0.1829
vt 0.8881 0.0331
vt 0.8881 0.1080
vt 0.9825 0.1080
vt 0.9825 0.0331
vt 0.9825 0.4075
vt 0.9825 0.3326
vt 0.8881 0.3326
vt 0.8881 0.4075
vt 0.9825 0.2578
vt 0.8881 0.2578
vt 0.9825 0.1829
vt 0.8881 0.1829
vt 0.8881 0.0331
vt 0.8881 0.1080
vt 0.9825 0.1080
vt 0.9825 0.0331
vt 0.9825 0.4075
vt 0.9825 0.3326
vt 0.8881 0.3326
vt 0.8881 0.4075
vt 0.9825 0.2578
vt 0.8881 0.2578
vt 0.9825 0.1829
vt 0.8881 0.1829
vt 0.8881 0.0331
vt 0.8881 0.1080
vt 0.9825 0.1080
vt 0.9825 0.0331
vt 0.9825 0.4075
vt 0.9825 0.3326
vt 0.8881 0.3326
vt 0.8881 0.4075
vt 0.9825 0.2578
vt 0.8881 0.2578
vt 0.9825 0.1829
vt 0.8881 0.1829
vt 0.0057 0.0191
vt 0.0057 0.0940
vt 0.1001 0.0940
vt 0.1001 0.0191
vt 0.1001 0.3935
vt 0.1001 0.3186
vt 0.0057 0.3186
vt 0.0057 0.3935
vt 0.1001 0.2438
vt 0.0057 0.2438
vt 0.1001 0.1689
vt 0.0057 0.1689
vt 0.0057 0.0191
vt 0.0057 0.0441
vt 0.1001 0.0441
vt 0.1001 0.0191
vt 0.1001 0.3935
vt 0.1001 0.3186
vt 0.0057 0.3186
vt 0.0057 0.3935
vt 0.1001 0.2438
vt 0.0057 0.2438
vt 0.1001 0.1689
vt 0.0057 0.1689
vt 0.1001 0.0940
vt 0.0057 0.0940
vt 0.1001 0.0690
vt 0.0057 0.0690
vt 0.0057 0.0191
vt 0.0057 0.0441
vt 0.1001 0.0441
vt 0.1001 0.0191
vt 0.1001 0.3935
vt 0.1001 0.3186
vt 0.0057 0.3186
vt 0.0057 0.3935
vt 0.1001 0.2438
vt 0.0057 0.2438
vt 0.1001 0.1689
vt 0.0057 0.1689
vt 0.1001 0.0940
vt 0.0057 0.0940
vt 0.1001 0.0690
vt 0.0057 0.0690
vt 0.0057 0.0191
vt 0.0057 0.0441
vt 0.1001 0.0441
vt 0.1001 0.0191
vt 0.1001 0.3935
vt 0.1001 0.3186
vt 0.0057 0.3186
vt 0.0057 0.3935
vt 0.1001 0.2438
vt 0.0057 0.2438
vt 0.1001 0.1689
vt 0.0057 0.1689
vt 0.1001 0.0940
vt 0.0057 0.0940
vt 0.1001 0.0690
vt 0.0057 0.0690
vt 0.0057 0.0191
vt 0.0057 0.0441
vt 0.1001 0.0441
vt 0.1001 0.0191
vt 0.1001 0.3935
vt 0.1001 0.3186
vt 0.0057 0.3186
vt 0.0057 0.3935
vt 0.1001 0.2438
vt 0.0057 0.2438
vt 0.1001 0.1689
vt 0.0057 0.1689
vt 0.1001 0.0940
vt 0.0057 0.0940
vt 0.1001 0.0690
vt 0.0057 0.0690
vt 0.0057 0.0191
vt 0.0057 0.0441
vt 0.1001 0.0441
vt 0.1001 0.0191
vt 0.1001 0.3935
vt 0.1001 0.3186
vt 0.0057 0.3186
vt 0.0057 0.3935
vt 0.1001 0.2438
vt 0.0057 0.2438
vt 0.1001 0.1689
vt 0.0057 0.1689
vt 0.1001 0.0940
vt 0.0057 0.0940
vt 0.1001 0.0690
vt 0.0057 0.0690
vt 0.0057 0.0191
vt 0.0057 0.0441
vt 0.1001 0.0441
vt 0.1001 0.0191
vt 0.1001 0.3935
vt 0.1001 0.3186
vt 0.0057 0.3186
vt 0.0057 0.3935
vt 0.1001 0.2438
vt 0.0057 0.2438
vt 0.1001 0.1689
vt 0.0057 0.1689
vt 0.1001 0.0940
vt 0.0057 0.0940
vt 0.1001 0.0690
vt 0.0057 0.0690
vt 0.0057 0.0191
vt 0.0057 0.0441
vt 0.1001 0.0441
vt 0.1001 0.0191
vt 0.1001 0.3935
vt 0.1001 0.3186
vt 0.0057 0.3186
vt 0.0057 0.3935
vt 0.1001 0.2438
vt 0.0057 0.2438
vt 0.1001 0.1689
vt 0.0057 0.1689
vt 0.1001 0.0940
vt 0.0057 0.0940
vt 0.1001 0.0690
vt 0.0057 0.0690
vt 0.0057 0.0191
vt 0.0057 0.0441
vt 0.1001 0.0441
vt 0.1001 0.0191
vt 0.1001 0.3935
vt 0.1001 0.3186
vt 0.0057 0.3186
vt 0.0057 0.3935
vt 0.1001 0.2438
vt 0.0057 0.2438
vt 0.1001 0.1689
vt 0.0057 0.1689
vt 0.1001 0.0940
vt 0.0057 0.0940
vt 0.1001 0.0690
vt 0.0057 0.0690
vt 0.0057 0.0191
vt 0.0057 0.0441
vt 0.1001 0.0441
vt 0.1001 0.0191
vt 0.1001 0.3935
vt 0.1001 0.3186
vt 0.0057 0.3186
vt 0.0057 0.3935
vt 0.1001 0.2438
vt 0.0057 0.2438
vt 0.1001 0.1689
vt 0.0057 0.1689
vt 0.1001 0.0940
vt 0.0057 0.0940
vt 0.1001 0.0690
vt 0.0057 0.0690
vt 0.0057 0.0191
vt 0.0057 0.0940
vt 0.1001 0.0940
vt 0.1001 0.0191
vt 0.1001 0.3935
vt 0.1001 0.3186
vt 0.0057 0.3186
vt 0.0057 0.3935
vt 0.1001 0.2438
vt 0.0057 0.2438
vt 0.1001 0.1689
vt 0.0057 0.1689
vt 0.0057 0.0191
vt 0.0057 0.0940
vt 0.1001 0.0940
vt 0.1001 0.0191
vt 0.1001 0.3935
vt 0.1001 0.3186
vt 0.0057 0.3186
vt 0.0057 0.3935
vt 0.1001 0.2438
vt 0.0057 0.2438
vt 0.1001 0.1689
vt 0.0057 0.1689
vt 0.0057 0.0191
vt 0.0057 0.0940
vt 0.1001 0.0940
vt 0.1001 0.0191
vt 0.1001 0.3935
vt 0.1001 0.3186
vt 0.0057 0.3186
vt 0.0057 0.3935
vt 0.1001 0.2438
vt 0.0057 0.2438
vt 0.1001 0.1689
vt 0.0057 0.1689
vt 0.0057 0.0191
vt 0.0057 0.0940
vt 0.1001 0.0940
vt 0.1001 0.0191
vt 0.1001 0.3935
vt 0.1001 0.3186
vt 0.0057 0.3186
vt 0.0057 0.3935
vt 0.1001 0.2438
vt 0.0057 0.2438
vt 0.1001 0.1689
vt 0.0057 0.1689
vt 0.0057 0.0191
vt 0.0057 0.0940
vt 0.1001 0.0940
vt 0.1001 0.0191
vt 0.1001 0.3935
vt 0.1001 0.3186
vt 0.0057 0.3186
vt 0.0057 0.3935
vt 0.1001 0.2438
vt 0.0057 0.2438
vt 0.1001 0.1689
vt 0.0057 0.1689
vt 0.0057 0.0191
vt 0.0057 0.0441
vt 0.1001 0.0441
vt 0.1001 0.0191
vt 0.1001 0.3935
vt 0.1001 0.3186
vt 0.0057 0.3186
vt 0.0057 0.3935
vt 0.1001 0.2438
vt 0.0057 0.2438
vt 0.1001 0.1689
vt 0.0057 0.1689
vt 0.1001 0.0940
vt 0.0057 0.0940
vt 0.1001 0.0690
vt 0.0057 0.0690
vt 0.0057 0.0191
vt 0.0057 0.0441
vt 0.1001 0.0441
vt 0.1001 0.0191
vt 0.1001 0.3935
vt 0.1001 0.3186
vt 0.0057 0.3186
vt 0.0057 0.3935
vt 0.1001 0.2438
vt 0.0057 0.2438
vt 0.1001 0.1689
vt 0.0057 0.1689
vt 0.1001 0.0940
vt 0.0057 0.0940
vt 0.1001 0.0690
vt 0.0057 0.0690
vt 0.0057 0.0191
vt 0.0057 0.0940
vt 0.1001 0.0940
vt 0.1001 0.0191
vt 0.1001 0.3935
vt 0.1001 0.3186
vt 0.0057 0.3186
vt 0.0057 0.3935
vt 0.1001 0.2438
vt 0.0057 0.2438
vt 0.1001 0.1689
vt 0.0057 0.1689
vt 0.0053 0.0210
vt 0.0053 0.0460
vt 0.0996 0.0460
vt 0.0996 0.0210
vt 0.0996 0.3954
vt 0.0996 0.3205
vt 0.0053 0.3205
vt 0.0053 0.3954
vt 0.0996 0.2456
vt 0.0053 0.2456
vt 0.0996 0.1708
vt 0.0053 0.1708
vt 0.0996 0.0959
vt 0.0053 0.0959
vt 0.0996 0.0709
vt 0.0053 0.0709
vt 0.0053 0.3954
vt 0.0053 0.3205
vt 0.0996 0.3205
vt 0.0996 0.3954
vt 0.0996 0.0210
vt 0.0996 0.0959
vt 0.0053 0.0959
vt 0.0053 0.0210
vt 0.0053 0.2456
vt 0.0996 0.2456
vt 0.0053 0.1708
vt 0.0996 0.1708
vt 0.8881 0.0331
vt 0.8881 0.0581
vt 0.9825 0.0581
vt 0.9825 0.0331
vt 0.9825 0.4075
vt 0.9825 0.3326
vt 0.8881 0.3326
vt 0.8881 0.4075
vt 0.9825 0.2578
vt 0.8881 0.2578
vt 0.9825 0.1829
vt 0.8881 0.1829
vt 0.9825 0.1080
vt 0.8881 0.1080
vt 0.9825 0.0831
vt 0.8881 0.0831
vt 0.0053 0.3954
vt 0.0053 0.3205
vt 0.0996 0.3205
vt 0.0996 0.3954
vt 0.0996 0.0210
vt 0.0996 0.0460
vt 0.0053 0.0460
vt 0.0053 0.0210
vt 0.0053 0.2456
vt 0.0996 0.2456
vt 0.0053 0.1708
vt 0.0996 0.1708
vt 0.0053 0.0959
vt 0.0996 0.0959
vt 0.0053 0.0709
vt 0.0996 0.0709
vt 0.0053 0.0210
vt 0.0053 0.0959
vt 0.0996 0.0959
vt 0.0996 0.0210
vt 0.0996 0.3954
vt 0.0996 0.3205
vt 0.0053 0.3205
vt 0.0053 0.3954
vt 0.0996 0.2456
vt 0.0053 0.2456
vt 0.0996 0.1708
vt 0.0053 0.1708
vt 0.0053 0.3954
vt 0.0053 0.3205
vt 0.0996 0.3205
vt 0.0996 0.3954
vt 0.0996 0.0210
vt 0.0996 0.0460
vt 0.0053 0.0460
vt 0.0053 0.0210
vt 0.0053 0.2456
vt 0.0996 0.2456
vt 0.0053 0.1708
vt 0.0996 0.1708
vt 0.0053 0.0959
vt 0.0996 0.0959
vt 0.0053 0.0709
vt 0.0996 0.0709
vt 0.0424 0.9766
vt 0.0540 0.9084
vt 0.1124 0.9256
vt 0.1018 0.9943
vt 0.0077 0.9660
vt 0.0126 0.8954
vt 0.3940 0.3250
vt 0.3940 0.4351
vt 0.3600 0.4348
vt 0.3662 0.3164
vt 0.4216 0.3256
vt 0.4217 0.4353
vt 0.3184 0.4329
vt 0.3255 0.3171
vt 0.2672 0.4228
vt 0.2807 0.3255
vt 0.2106 0.4133
vt 0.2223 0.3544
vt 0.1716 0.4006
vt 0.1754 0.3667
vt 0.1149 0.4107
vt 0.1379 0.3744
vt 0.4216 0.4991
vt 0.3914 0.4988
vt 0.4505 0.4348
vt 0.4528 0.4990
vt 0.3840 0.6271
vt 0.3288 0.6276
vt 0.3360 0.5603
vt 0.3899 0.5605
vt 0.3474 0.4967
vt 0.3914 0.4988
vt 0.4213 0.5598
vt 0.4211 0.6265
vt 0.2855 0.6249
vt 0.2934 0.5585
vt 0.3081 0.4941
vt 0.2704 0.7572
vt 0.2101 0.7450
vt 0.2205 0.6805
vt 0.2786 0.6870
vt 0.2303 0.6208
vt 0.2855 0.6249
vt 0.2423 0.5550
vt 0.2529 0.4896
vt 0.2007 0.8149
vt 0.1376 0.8012
vt 0.1487 0.7318
vt 0.2101 0.7450
vt 0.1597 0.6686
vt 0.1716 0.6095
vt 0.1844 0.5443
vt 0.1965 0.4798
vt 0.1256 0.8667
vt 0.0648 0.8510
vt 0.0788 0.7856
vt 0.1376 0.8012
vt 0.0880 0.7142
vt 0.1004 0.6502
vt 0.1125 0.5904
vt 0.1339 0.5282
vt 0.1525 0.4657
vt 0.0191 0.8360
vt 0.0252 0.7680
vt 0.0354 0.6967
vt 0.0488 0.6326
vt 0.0619 0.5722
vt 0.0842 0.5101
vt 0.1040 0.4475
vt 0.4492 0.3249
vt 0.7388 0.9958
vt 0.7285 0.9271
vt 0.7868 0.9103
vt 0.7982 0.9784
vt 0.8283 0.8977
vt 0.8329 0.9681
vt 0.4770 0.3166
vt 0.4826 0.4351
vt 0.5177 0.3177
vt 0.5243 0.4336
vt 0.5625 0.3264
vt 0.5756 0.4238
vt 0.6208 0.3557
vt 0.6322 0.4147
vt 0.6675 0.3684
vt 0.6712 0.4022
vt 0.7050 0.3763
vt 0.7279 0.4127
vt 0.4525 0.5610
vt 0.4582 0.6274
vt 0.5063 0.5609
vt 0.5133 0.6282
vt 0.4951 0.4972
vt 0.5489 0.5593
vt 0.5566 0.6258
vt 0.5344 0.4948
vt 0.5633 0.6879
vt 0.6214 0.6817
vt 0.6316 0.7462
vt 0.5741 0.7582
vt 0.5566 0.6258
vt 0.6118 0.6219
vt 0.6000 0.5561
vt 0.5897 0.4907
vt 0.6316 0.7462
vt 0.6929 0.7334
vt 0.7038 0.8028
vt 0.6407 0.8161
vt 0.6821 0.6702
vt 0.6705 0.6111
vt 0.6579 0.5458
vt 0.6461 0.4812
vt 0.7038 0.8028
vt 0.7625 0.7876
vt 0.7763 0.8529
vt 0.7155 0.8682
vt 0.7536 0.7162
vt 0.7415 0.6522
vt 0.7296 0.5924
vt 0.7084 0.5300
vt 0.6901 0.4675
vt 0.8161 0.7703
vt 0.8220 0.8383
vt 0.8062 0.6991
vt 0.7931 0.6350
vt 0.7802 0.5745
vt 0.7582 0.5123
vt 0.7387 0.4496
vt 0.8881 0.4075
vt 0.8881 0.3326
vt 0.9825 0.3326
vt 0.9825 0.4075
vt 0.9825 0.0331
vt 0.9825 0.1080
vt 0.8881 0.1080
vt 0.8881 0.0331
vt 0.8881 0.2578
vt 0.9825 0.2578
vt 0.8881 0.1829
vt 0.9825 0.1829
vt 0.8881 0.0331
vt 0.8881 0.0581
vt 0.9825 0.0581
vt 0.9825 0.0331
vt 0.9825 0.4075
vt 0.9825 0.3326
vt 0.8881 0.3326
vt 0.8881 0.4075
vt 0.9825 0.2578
vt 0.8881 0.2578
vt 0.9825 0.1829
vt 0.8881 0.1829
vt 0.9825 0.1080
vt 0.8881 0.1080
vt 0.9825 0.0831
vt 0.8881 0.0831
vt 0.8881 0.0331
vt 0.8881 0.0581
vt 0.9825 0.0581
vt 0.9825 0.0331
vt 0.9825 0.4075
vt 0.9825 0.3326
vt 0.8881 0.3326
vt 0.8881 0.4075
vt 0.9825 0.2578
vt 0.8881 0.2578
vt 0.9825 0.1829
vt 0.8881 0.1829
vt 0.9825 0.1080
vt 0.8881 0.1080
vt 0.9825 0.0831
vt 0.8881 0.0831
vt 0.8881 0.4075
vt 0.8881 0.3326
vt 0.9825 0.3326
vt 0.9825 0.4075
vt 0.9825 0.0331
vt 0.9825 0.0581
vt 0.8881 0.0581
vt 0.8881 0.0331
vt 0.8881 0.2578
vt 0.9825 0.2578
vt 0.8881 0.1829
vt 0.9825 0.1829
vt 0.8881 0.1080
vt 0.9825 0.1080
vt 0.8881 0.0831
vt 0.9825 0.0831
vt 0.8881 0.4075
vt 0.8881 0.3326
vt 0.9825 0.3326
vt 0.9825 0.4075
vt 0.9825 0.0331
vt 0.9825 0.0581
vt 0.8881 0.0581
vt 0.8881 0.0331
vt 0.8881 0.2578
vt 0.9825 0.2578
vt 0.8881 0.1829
vt 0.9825 0.1829
vt 0.8881 0.1080
vt 0.9825 0.1080
vt 0.8881 0.0831
vt 0.9825 0.0831
vt 0.8881 0.4075
vt 0.8881 0.3326
vt 0.9825 0.3326
vt 0.9825 0.4075
vt 0.9825 0.0331
vt 0.9825 0.0581
vt 0.8881 0.0581
vt 0.8881 0.0331
vt 0.8881 0.2578
vt 0.9825 0.2578
vt 0.8881 0.1829
vt 0.9825 0.1829
vt 0.8881 0.1080
vt 0.9825 0.1080
vt 0.8881 0.0831
vt 0.9825 0.0831
vt 0.8881 0.4075
vt 0.8881 0.3326
vt 0.9825 0.3326
vt 0.9825 0.4075
vt 0.9825 0.0331
vt 0.9825 0.0581
vt 0.8881 0.0581
vt 0.8881 0.0331
vt 0.8881 0.2578
vt 0.9825 0.2578
vt 0.8881 0.1829
vt 0.9825 0.1829
vt 0.8881 0.1080
vt 0.9825 0.1080
vt 0.8881 0.0831
vt 0.9825 0.0831
vt 0.8881 0.4075
vt 0.8881 0.3326
vt 0.9825 0.3326
vt 0.9825 0.4075
vt 0.9825 0.0331
vt 0.9825 0.0581
vt 0.8881 0.0581
vt 0.8881 0.0331
vt 0.8881 0.2578
vt 0.9825 0.2578
vt 0.8881 0.1829
vt 0.9825 0.1829
vt 0.8881 0.1080
vt 0.9825 0.1080
vt 0.8881 0.0831
vt 0.9825 0.0831
vt 0.8881 0.4075
vt 0.8881 0.3326
vt 0.9825 0.3326
vt 0.9825 0.4075
vt 0.9825 0.0331
vt 0.9825 0.0581
vt 0.8881 0.0581
vt 0.8881 0.0331
vt 0.8881 0.2578
vt 0.9825 0.2578
vt 0.8881 0.1829
vt 0.9825 0.1829
vt 0.8881 0.1080
vt 0.9825 0.1080
vt 0.8881 0.0831
vt 0.9825 0.0831
vt 0.8881 0.4075
vt 0.8881 0.3326
vt 0.9825 0.3326
vt 0.9825 0.4075
vt 0.9825 0.0331
vt 0.9825 0.0581
vt 0.8881 0.0581
vt 0.8881 0.0331
vt 0.8881 0.2578
vt 0.9825 0.2578
vt 0.8881 0.1829
vt 0.9825 0.1829
vt 0.8881 0.1080
vt 0.9825 0.1080
vt 0.8881 0.0831
vt 0.9825 0.0831
vt 0.8881 0.4075
vt 0.8881 0.3326
vt 0.9825 0.3326
vt 0.9825 0.4075
vt 0.9825 0.0331
vt 0.9825 0.0581
vt 0.8881 0.0581
vt 0.8881 0.0331
vt 0.8881 0.2578
vt 0.9825 0.2578
vt 0.8881 0.1829
vt 0.9825 0.1829
vt 0.8881 0.1080
vt 0.9825 0.1080
vt 0.8881 0.0831
vt 0.9825 0.0831
vt 0.8881 0.0331
vt 0.8881 0.0581
vt 0.9825 0.0581
vt 0.9825 0.0331
vt 0.9825 0.4075
vt 0.9825 0.3326
vt 0.8881 0.3326
vt 0.8881 0.4075
vt 0.9825 0.2578
vt 0.8881 0.2578
vt 0.9825 0.1829
vt 0.8881 0.1829
vt 0.9825 0.1080
vt 0.8881 0.1080
vt 0.9825 0.0831
vt 0.8881 0.0831
vt 0.8881 0.0331
vt 0.8881 0.0581
vt 0.9825 0.0581
vt 0.9825 0.0331
vt 0.9825 0.4075
vt 0.9825 0.3326
vt 0.8881 0.3326
vt 0.8881 0.4075
vt 0.9825 0.2578
vt 0.8881 0.2578
vt 0.9825 0.1829
vt 0.8881 0.1829
vt 0.9825 0.1080
vt 0.8881 0.1080
vt 0.9825 0.0831
vt 0.8881 0.0831
vt 0.8881 0.4075
vt 0.8881 0.3326
vt 0.9825 0.3326
vt 0.9825 0.4075
vt 0.9825 0.0331
vt 0.9825 0.0581
vt 0.8881 0.0581
vt 0.8881 0.0331
vt 0.8881 0.2578
vt 0.9825 0.2578
vt 0.8881 0.1829
vt 0.9825 0.1829
vt 0.8881 0.1080
vt 0.9825 0.1080
vt 0.8881 0.0831
vt 0.9825 0.0831
vt 0.8881 0.4075
vt 0.8881 0.3326
vt 0.9825 0.3326
vt 0.9825 0.4075
vt 0.9825 0.0331
vt 0.9825 0.0581
vt 0.8881 0.0581
vt 0.8881 0.0331
vt 0.8881 0.2578
vt 0.9825 0.2578
vt 0.8881 0.1829
vt 0.9825 0.1829
vt 0.8881 0.1080
vt 0.9825 0.1080
vt 0.8881 0.0831
vt 0.9825 0.0831
vt 0.8881 0.4075
vt 0.8881 0.3326
vt 0.9825 0.3326
vt 0.9825 0.4075
vt 0.9825 0.0331
vt 0.9825 0.0581
vt 0.8881 0.0581
vt 0.8881 0.0331
vt 0.8881 0.2578
vt 0.9825 0.2578
vt 0.8881 0.1829
vt 0.9825 0.1829
vt 0.8881 0.1080
vt 0.9825 0.1080
vt 0.8881 0.0831
vt 0.9825 0.0831
vt 0.8881 0.4075
vt 0.8881 0.3326
vt 0.9825 0.3326
vt 0.9825 0.4075
vt 0.9825 0.0331
vt 0.9825 0.0581
vt 0.8881 0.0581
vt 0.8881 0.0331
vt 0.8881 0.2578
vt 0.9825 0.2578
vt 0.8881 0.1829
vt 0.9825 0.1829
vt 0.8881 0.1080
vt 0.9825 0.1080
vt 0.8881 0.0831
vt 0.9825 0.0831
vt 0.8881 0.4075
vt 0.8881 0.3326
vt 0.9825 0.3326
vt 0.9825 0.4075
vt 0.9825 0.0331
vt 0.9825 0.0581
vt 0.8881 0.0581
vt 0.8881 0.0331
vt 0.8881 0.2578
vt 0.9825 0.2578
vt 0.8881 0.1829
vt 0.9825 0.1829
vt 0.8881 0.1080
vt 0.9825 0.1080
vt 0.8881 0.0831
vt 0.9825 0.0831
vt 0.8881 0.4075
vt 0.8881 0.3326
vt 0.9825 0.3326
vt 0.9825 0.4075
vt 0.9825 0.0331
vt 0.9825 0.0581
vt 0.8881 0.0581
vt 0.8881 0.0331
vt 0.8881 0.2578
vt 0.9825 0.2578
vt 0.8881 0.1829
vt 0.9825 0.1829
vt 0.8881 0.1080
vt 0.9825 0.1080
vt 0.8881 0.0831
vt 0.9825 0.0831
vt 0.8881 0.4075
vt 0.8881 0.3326
vt 0.9825 0.3326
vt 0.9825 0.4075
vt 0.9825 0.0331
vt 0.9825 0.0581
vt 0.8881 0.0581
vt 0.8881 0.0331
vt 0.8881 0.2578
vt 0.9825 0.2578
vt 0.8881 0.1829
vt 0.9825 0.1829
vt 0.8881 0.1080
vt 0.9825 0.1080
vt 0.8881 0.0831
vt 0.9825 0.0831
vt 0.8881 0.4075
vt 0.8881 0.3326
vt 0.9825 0.3326
vt 0.9825 0.4075
vt 0.9825 0.0331
vt 0.9825 0.0581
vt 0.8881 0.0581
vt 0.8881 0.0331
vt 0.8881 0.2578
vt 0.9825 0.2578
vt 0.8881 0.1829
vt 0.9825 0.1829
vt 0.8881 0.1080
vt 0.9825 0.1080
vt 0.8881 0.0831
vt 0.9825 0.0831
vt 0.8881 0.0331
vt 0.8881 0.0581
vt 0.9825 0.0581
vt 0.9825 0.0331
vt 0.9825 0.4075
vt 0.9825 0.3326
vt 0.8881 0.3326
vt 0.8881 0.4075
vt 0.9825 0.2578
vt 0.8881 0.2578
vt 0.9825 0.1829
vt 0.8881 0.1829
vt 0.9825 0.1080
vt 0.8881 0.1080
vt 0.9825 0.0831
vt 0.8881 0.0831
vt 0.8881 0.0331
vt 0.8881 0.0581
vt 0.9825 0.0581
vt 0.9825 0.0331
vt 0.9825 0.4075
vt 0.9825 0.3326
vt 0.8881 0.3326
vt 0.8881 0.4075
vt 0.9825 0.2578
vt 0.8881 0.2578
vt 0.9825 0.1829
vt 0.8881 0.1829
vt 0.9825 0.1080
vt 0.8881 0.1080
vt 0.9825 0.0831
vt 0.8881 0.0831
vt 0.8881 0.4075
vt 0.8881 0.3326
vt 0.9825 0.3326
vt 0.9825 0.4075
vt 0.9825 0.0331
vt 0.9825 0.0581
vt 0.8881 0.0581
vt 0.8881 0.0331
vt 0.8881 0.2578
vt 0.9825 0.2578
vt 0.8881 0.1829
vt 0.9825 0.1829
vt 0.8881 0.1080
vt 0.9825 0.1080
vt 0.8881 0.0831
vt 0.9825 0.0831
vt 0.8881 0.4075
vt 0.8881 0.3326
vt 0.9825 0.3326
vt 0.9825 0.4075
vt 0.9825 0.0331
vt 0.9825 0.0581
vt 0.8881 0.0581
vt 0.8881 0.0331
vt 0.8881 0.2578
vt 0.9825 0.2578
vt 0.8881 0.1829
vt 0.9825 0.1829
vt 0.8881 0.1080
vt 0.9825 0.1080
vt 0.8881 0.0831
vt 0.9825 0.0831
vt 0.8881 0.4075
vt 0.8881 0.3326
vt 0.9825 0.3326
vt 0.9825 0.4075
vt 0.9825 0.0331
vt 0.9825 0.0581
vt 0.8881 0.0581
vt 0.8881 0.0331
vt 0.8881 0.2578
vt 0.9825 0.2578
vt 0.8881 0.1829
vt 0.9825 0.1829
vt 0.8881 0.1080
vt 0.9825 0.1080
vt 0.8881 0.0831
vt 0.9825 0.0831
vt 0.8881 0.4075
vt 0.8881 0.3326
vt 0.9825 0.3326
vt 0.9825 0.4075
vt 0.9825 0.0331
vt 0.9825 0.0581
vt 0.8881 0.0581
vt 0.8881 0.0331
vt 0.8881 0.2578
vt 0.9825 0.2578
vt 0.8881 0.1829
vt 0.9825 0.1829
vt 0.8881 0.1080
vt 0.9825 0.1080
vt 0.8881 0.0831
vt 0.9825 0.0831
vt 0.8881 0.4075
vt 0.8881 0.3326
vt 0.9825 0.3326
vt 0.9825 0.4075
vt 0.9825 0.0331
vt 0.9825 0.0581
vt 0.8881 0.0581
vt 0.8881 0.0331
vt 0.8881 0.2578
vt 0.9825 0.2578
vt 0.8881 0.1829
vt 0.9825 0.1829
vt 0.8881 0.1080
vt 0.9825 0.1080
vt 0.8881 0.0831
vt 0.9825 0.0831
vt 0.8881 0.4075
vt 0.8881 0.3326
vt 0.9825 0.3326
vt 0.9825 0.4075
vt 0.9825 0.0331
vt 0.9825 0.0581
vt 0.8881 0.0581
vt 0.8881 0.0331
vt 0.8881 0.2578
vt 0.9825 0.2578
vt 0.8881 0.1829
vt 0.9825 0.1829
vt 0.8881 0.1080
vt 0.9825 0.1080
vt 0.8881 0.0831
vt 0.9825 0.0831
vt 0.8881 0.4075
vt 0.8881 0.3326
vt 0.9825 0.3326
vt 0.9825 0.4075
vt 0.9825 0.0331
vt 0.9825 0.0581
vt 0.8881 0.0581
vt 0.8881 0.0331
vt 0.8881 0.2578
vt 0.9825 0.2578
vt 0.8881 0.1829
vt 0.9825 0.1829
vt 0.8881 0.1080
vt 0.9825 0.1080
vt 0.8881 0.0831
vt 0.9825 0.0831
vt 0.8881 0.4075
vt 0.8881 0.3326
vt 0.9825 0.3326
vt 0.9825 0.4075
vt 0.9825 0.0331
vt 0.9825 0.0581
vt 0.8881 0.0581
vt 0.8881 0.0331
vt 0.8881 0.2578
vt 0.9825 0.2578
vt 0.8881 0.1829
vt 0.9825 0.1829
vt 0.8881 0.1080
vt 0.9825 0.1080
vt 0.8881 0.0831
vt 0.9825 0.0831
vt 0.8881 0.0331
vt 0.8881 0.0581
vt 0.9825 0.0581
vt 0.9825 0.0331
vt 0.9825 0.4075
vt 0.9825 0.3326
vt 0.8881 0.3326
vt 0.8881 0.4075
vt 0.9825 0.2578
vt 0.8881 0.2578
vt 0.9825 0.1829
vt 0.8881 0.1829
vt 0.9825 0.1080
vt 0.8881 0.1080
vt 0.9825 0.0831
vt 0.8881 0.0831
vt 0.8881 0.0331
vt 0.8881 0.0581
vt 0.9825 0.0581
vt 0.9825 0.0331
vt 0.9825 0.4075
vt 0.9825 0.3326
vt 0.8881 0.3326
vt 0.8881 0.4075
vt 0.9825 0.2578
vt 0.8881 0.2578
vt 0.9825 0.1829
vt 0.8881 0.1829
vt 0.9825 0.1080
vt 0.8881 0.1080
vt 0.9825 0.0831
vt 0.8881 0.0831
vt 0.8881 0.4075
vt 0.8881 0.3326
vt 0.9825 0.3326
vt 0.9825 0.4075
vt 0.9825 0.0331
vt 0.9825 0.1080
vt 0.8881 0.1080
vt 0.8881 0.0331
vt 0.8881 0.2578
vt 0.9825 0.2578
vt 0.8881 0.1829
vt 0.9825 0.1829
vt 0.8881 0.4075
vt 0.8881 0.3326
vt 0.9825 0.3326
vt 0.9825 0.4075
vt 0.9825 0.0331
vt 0.9825 0.1080
vt 0.8881 0.1080
vt 0.8881 0.0331
vt 0.8881 0.2578
vt 0.9825 0.2578
vt 0.8881 0.1829
vt 0.9825 0.1829
vt 0.8881 0.4075
vt 0.8881 0.3326
vt 0.9825 0.3326
vt 0.9825 0.4075
vt 0.9825 0.0331
vt 0.9825 0.1080
vt 0.8881 0.1080
vt 0.8881 0.0331
vt 0.8881 0.2578
vt 0.9825 0.2578
vt 0.8881 0.1829
vt 0.9825 0.1829
vt 0.8881 0.4075
vt 0.8881 0.3326
vt 0.9825 0.3326
vt 0.9825 0.4075
vt 0.9825 0.0331
vt 0.9825 0.1080
vt 0.8881 0.1080
vt 0.8881 0.0331
vt 0.8881 0.2578
vt 0.9825 0.2578
vt 0.8881 0.1829
vt 0.9825 0.1829
vt 0.8881 0.4075
vt 0.8881 0.3326
vt 0.9825 0.3326
vt 0.9825 0.4075
vt 0.9825 0.0331
vt 0.9825 0.1080
vt 0.8881 0.1080
vt 0.8881 0.0331
vt 0.8881 0.2578
vt 0.9825 0.2578
vt 0.8881 0.1829
vt 0.9825 0.1829
vt 0.8881 0.4075
vt 0.8881 0.3326
vt 0.9825 0.3326
vt 0.9825 0.4075
vt 0.9825 0.0331
vt 0.9825 0.1080
vt 0.8881 0.1080
vt 0.8881 0.0331
vt 0.8881 0.2578
vt 0.9825 0.2578
vt 0.8881 0.1829
vt 0.9825 0.1829
vt 0.8881 0.4075
vt 0.8881 0.3326
vt 0.9825 0.3326
vt 0.9825 0.4075
vt 0.9825 0.0331
vt 0.9825 0.1080
vt 0.8881 0.1080
vt 0.8881 0.0331
vt 0.8881 0.2578
vt 0.9825 0.2578
vt 0.8881 0.1829
vt 0.9825 0.1829
vt 0.8881 0.4075
vt 0.8881 0.3326
vt 0.9825 0.3326
vt 0.9825 0.4075
vt 0.9825 0.0331
vt 0.9825 0.1080
vt 0.8881 0.1080
vt 0.8881 0.0331
vt 0.8881 0.2578
vt 0.9825 0.2578
vt 0.8881 0.1829
vt 0.9825 0.1829
vt 0.8881 0.4075
vt 0.8881 0.3326
vt 0.9825 0.3326
vt 0.9825 0.4075
vt 0.9825 0.0331
vt 0.9825 0.1080
vt 0.8881 0.1080
vt 0.8881 0.0331
vt 0.8881 0.2578
vt 0.9825 0.2578
vt 0.8881 0.1829
vt 0.9825 0.1829
vt 0.8881 0.4075
vt 0.8881 0.3326
vt 0.9825 0.3326
vt 0.9825 0.4075
vt 0.9825 0.0331
vt 0.9825 0.1080
vt 0.8881 0.1080
vt 0.8881 0.0331
vt 0.8881 0.2578
vt 0.9825 0.2578
vt 0.8881 0.1829
vt 0.9825 0.1829
vt 0.8881 0.4075
vt 0.8881 0.3326
vt 0.9825 0.3326
vt 0.9825 0.4075
vt 0.9825 0.0331
vt 0.9825 0.1080
vt 0.8881 0.1080
vt 0.8881 0.0331
vt 0.8881 0.2578
vt 0.9825 0.2578
vt 0.8881 0.1829
vt 0.9825 0.1829
vt 0.8881 0.4075
vt 0.8881 0.3326
vt 0.9825 0.3326
vt 0.9825 0.4075
vt 0.9825 0.0331
vt 0.9825 0.1080
vt 0.8881 0.1080
vt 0.8881 0.0331
vt 0.8881 0.2578
vt 0.9825 0.2578
vt 0.8881 0.1829
vt 0.9825 0.1829
vt 0.8881 0.4075
vt 0.8881 0.3326
vt 0.9825 0.3326
vt 0.9825 0.4075
vt 0.9825 0.0331
vt 0.9825 0.1080
vt 0.8881 0.1080
vt 0.8881 0.0331
vt 0.8881 0.2578
vt 0.9825 0.2578
vt 0.8881 0.1829
vt 0.9825 0.1829
vt 0.8881 0.4075
vt 0.8881 0.3326
vt 0.9825 0.3326
vt 0.9825 0.4075
vt 0.9825 0.0331
vt 0.9825 0.1080
vt 0.8881 0.1080
vt 0.8881 0.0331
vt 0.8881 0.2578
vt 0.9825 0.2578
vt 0.8881 0.1829
vt 0.9825 0.1829
vt 0.8881 0.4075
vt 0.8881 0.3326
vt 0.9825 0.3326
vt 0.9825 0.4075
vt 0.9825 0.0331
vt 0.9825 0.1080
vt 0.8881 0.1080
vt 0.8881 0.0331
vt 0.8881 0.2578
vt 0.9825 0.2578
vt 0.8881 0.1829
vt 0.9825 0.1829
vt 0.8881 0.4075
vt 0.8881 0.3326
vt 0.9825 0.3326
vt 0.9825 0.4075
vt 0.9825 0.0331
vt 0.9825 0.1080
vt 0.8881 0.1080
vt 0.8881 0.0331
vt 0.8881 0.2578
vt 0.9825 0.2578
vt 0.8881 0.1829
vt 0.9825 0.1829
vt 0.8881 0.4075
vt 0.8881 0.3326
vt 0.9825 0.3326
vt 0.9825 0.4075
vt 0.9825 0.0331
vt 0.9825 0.1080
vt 0.8881 0.1080
vt 0.8881 0.0331
vt 0.8881 0.2578
vt 0.9825 0.2578
vt 0.8881 0.1829
vt 0.9825 0.1829
vt 0.8881 0.4075
vt 0.8881 0.3326
vt 0.9825 0.3326
vt 0.9825 0.4075
vt 0.9825 0.0331
vt 0.9825 0.1080
vt 0.8881 0.1080
vt 0.8881 0.0331
vt 0.8881 0.2578
vt 0.9825 0.2578
vt 0.8881 0.1829
vt 0.9825 0.1829
vt 0.8881 0.4075
vt 0.8881 0.3326
vt 0.9825 0.3326
vt 0.9825 0.4075
vt 0.9825 0.0331
vt 0.9825 0.1080
vt 0.8881 0.1080
vt 0.8881 0.0331
vt 0.8881 0.2578
vt 0.9825 0.2578
vt 0.8881 0.1829
vt 0.9825 0.1829
vt 0.8881 0.4075
vt 0.8881 0.3326
vt 0.9825 0.3326
vt 0.9825 0.4075
vt 0.9825 0.0331
vt 0.9825 0.1080
vt 0.8881 0.1080
vt 0.8881 0.0331
vt 0.8881 0.2578
vt 0.9825 0.2578
vt 0.8881 0.1829
vt 0.9825 0.1829
vt 0.8881 0.4075
vt 0.8881 0.3326
vt 0.9825 0.3326
vt 0.9825 0.4075
vt 0.9825 0.0331
vt 0.9825 0.1080
vt 0.8881 0.1080
vt 0.8881 0.0331
vt 0.8881 0.2578
vt 0.9825 0.2578
vt 0.8881 0.1829
vt 0.9825 0.1829
vt 0.8881 0.4075
vt 0.8881 0.3326
vt 0.9825 0.3326
vt 0.9825 0.4075
vt 0.9825 0.0331
vt 0.9825 0.1080
vt 0.8881 0.1080
vt 0.8881 0.0331
vt 0.8881 0.2578
vt 0.9825 0.2578
vt 0.8881 0.1829
vt 0.9825 0.1829
vt 0.8881 0.4075
vt 0.8881 0.3326
vt 0.9825 0.3326
vt 0.9825 0.4075
vt 0.9825 0.0331
vt 0.9825 0.1080
vt 0.8881 0.1080
vt 0.8881 0.0331
vt 0.8881 0.2578
vt 0.9825 0.2578
vt 0.8881 0.1829
vt 0.9825 0.1829
vt 0.8881 0.4075
vt 0.8881 0.3326
vt 0.9825 0.3326
vt 0.9825 0.4075
vt 0.9825 0.0331
vt 0.9825 0.1080
vt 0.8881 0.1080
vt 0.8881 0.0331
vt 0.8881 0.2578
vt 0.9825 0.2578
vt 0.8881 0.1829
vt 0.9825 0.1829
vt 0.8881 0.4075
vt 0.8881 0.3326
vt 0.9825 0.3326
vt 0.9825 0.4075
vt 0.9825 0.0331
vt 0.9825 0.1080
vt 0.8881 0.1080
vt 0.8881 0.0331
vt 0.8881 0.2578
vt 0.9825 0.2578
vt 0.8881 0.1829
vt 0.9825 0.1829
vt 0.8881 0.4075
vt 0.8881 0.3326
vt 0.9825 0.3326
vt 0.9825 0.4075
vt 0.9825 0.0331
vt 0.9825 0.1080
vt 0.8881 0.1080
vt 0.8881 0.0331
vt 0.8881 0.2578
vt 0.9825 0.2578
vt 0.8881 0.1829
vt 0.9825 0.1829
vt 0.8881 0.4075
vt 0.8881 0.3326
vt 0.9825 0.3326
vt 0.9825 0.4075
vt 0.9825 0.0331
vt 0.9825 0.1080
vt 0.8881 0.1080
vt 0.8881 0.0331
vt 0.8881 0.2578
vt 0.9825 0.2578
vt 0.8881 0.1829
vt 0.9825 0.1829
vt 0.8881 0.4075
vt 0.8881 0.3326
vt 0.9825 0.3326
vt 0.9825 0.4075
vt 0.9825 0.0331
vt 0.9825 0.1080
vt 0.8881 0.1080
vt 0.8881 0.0331
vt 0.8881 0.2578
vt 0.9825 0.2578
vt 0.8881 0.1829
vt 0.9825 0.1829
vt 0.8881 0.4075
vt 0.8881 0.3326
vt 0.9825 0.3326
vt 0.9825 0.4075
vt 0.9825 0.0331
vt 0.9825 0.1080
vt 0.8881 0.1080
vt 0.8881 0.0331
vt 0.8881 0.2578
vt 0.9825 0.2578
vt 0.8881 0.1829
vt 0.9825 0.1829
vt 0.8881 0.4075
vt 0.8881 0.3326
vt 0.9825 0.3326
vt 0.9825 0.4075
vt 0.9825 0.0331
vt 0.9825 0.1080
vt 0.8881 0.1080
vt 0.8881 0.0331
vt 0.8881 0.2578
vt 0.9825 0.2578
vt 0.8881 0.1829
vt 0.9825 0.1829
vt 0.8881 0.4075
vt 0.8881 0.3326
vt 0.9825 0.3326
vt 0.9825 0.4075
vt 0.9825 0.0331
vt 0.9825 0.1080
vt 0.8881 0.1080
vt 0.8881 0.0331
vt 0.8881 0.2578
vt 0.9825 0.2578
vt 0.8881 0.1829
vt 0.9825 0.1829
vt 0.8881 0.4075
vt 0.8881 0.3326
vt 0.9825 0.3326
vt 0.9825 0.4075
vt 0.9825 0.0331
vt 0.9825 0.1080
vt 0.8881 0.1080
vt 0.8881 0.0331
vt 0.8881 0.2578
vt 0.9825 0.2578
vt 0.8881 0.1829
vt 0.9825 0.1829
vt 0.8881 0.4075
vt 0.8881 0.3326
vt 0.9825 0.3326
vt 0.9825 0.4075
vt 0.9825 0.0331
vt 0.9825 0.1080
vt 0.8881 0.1080
vt 0.8881 0.0331
vt 0.8881 0.2578
vt 0.9825 0.2578
vt 0.8881 0.1829
vt 0.9825 0.1829
vt 0.8881 0.4075
vt 0.8881 0.3326
vt 0.9825 0.3326
vt 0.9825 0.4075
vt 0.9825 0.0331
vt 0.9825 0.1080
vt 0.8881 0.1080
vt 0.8881 0.0331
vt 0.8881 0.2578
vt 0.9825 0.2578
vt 0.8881 0.1829
vt 0.9825 0.1829
vt 0.8881 0.4075
vt 0.8881 0.3326
vt 0.9825 0.3326
vt 0.9825 0.4075
vt 0.9825 0.0331
vt 0.9825 0.1080
vt 0.8881 0.1080
vt 0.8881 0.0331
vt 0.8881 0.2578
vt 0.9825 0.2578
vt 0.8881 0.1829
vt 0.9825 0.1829
vt 0.8881 0.4075
vt 0.8881 0.3326
vt 0.9825 0.3326
vt 0.9825 0.4075
vt 0.9825 0.0331
vt 0.9825 0.1080
vt 0.8881 0.1080
vt 0.8881 0.0331
vt 0.8881 0.2578
vt 0.9825 0.2578
vt 0.8881 0.1829
vt 0.9825 0.1829
vt 0.8881 0.4075
vt 0.8881 0.3326
vt 0.9825 0.3326
vt 0.9825 0.4075
vt 0.9825 0.0331
vt 0.9825 0.1080
vt 0.8881 0.1080
vt 0.8881 0.0331
vt 0.8881 0.2578
vt 0.9825 0.2578
vt 0.8881 0.1829
vt 0.9825 0.1829
vt 0.8881 0.4075
vt 0.8881 0.3326
vt 0.9825 0.3326
vt 0.9825 0.4075
vt 0.9825 0.0331
vt 0.9825 0.1080
vt 0.8881 0.1080
vt 0.8881 0.0331
vt 0.8881 0.2578
vt 0.9825 0.2578
vt 0.8881 0.1829
vt 0.9825 0.1829
vt 0.8881 0.4075
vt 0.8881 0.3326
vt 0.9825 0.3326
vt 0.9825 0.4075
vt 0.9825 0.0331
vt 0.9825 0.1080
vt 0.8881 0.1080
vt 0.8881 0.0331
vt 0.8881 0.2578
vt 0.9825 0.2578
vt 0.8881 0.1829
vt 0.9825 0.1829
vt 0.8881 0.4075
vt 0.8881 0.3326
vt 0.9825 0.3326
vt 0.9825 0.4075
vt 0.9825 0.0331
vt 0.9825 0.1080
vt 0.8881 0.1080
vt 0.8881 0.0331
vt 0.8881 0.2578
vt 0.9825 0.2578
vt 0.8881 0.1829
vt 0.9825 0.1829
vt 0.8881 0.4075
vt 0.8881 0.3326
vt 0.9825 0.3326
vt 0.9825 0.4075
vt 0.9825 0.0331
vt 0.9825 0.1080
vt 0.8881 0.1080
vt 0.8881 0.0331
vt 0.8881 0.2578
vt 0.9825 0.2578
vt 0.8881 0.1829
vt 0.9825 0.1829
vt 0.8881 0.4075
vt 0.8881 0.3326
vt 0.9825 0.3326
vt 0.9825 0.4075
vt 0.9825 0.0331
vt 0.9825 0.1080
vt 0.8881 0.1080
vt 0.8881 0.0331
vt 0.8881 0.2578
vt 0.9825 0.2578
vt 0.8881 0.1829
vt 0.9825 0.1829
vt 0.8881 0.4075
vt 0.8881 0.3326
vt 0.9825 0.3326
vt 0.9825 0.4075
vt 0.9825 0.0331
vt 0.9825 0.1080
vt 0.8881 0.1080
vt 0.8881 0.0331
vt 0.8881 0.2578
vt 0.9825 0.2578
vt 0.8881 0.1829
vt 0.9825 0.1829
vt 0.8881 0.4075
vt 0.8881 0.3326
vt 0.9825 0.3326
vt 0.9825 0.4075
vt 0.9825 0.0331
vt 0.9825 0.1080
vt 0.8881 0.1080
vt 0.8881 0.0331
vt 0.8881 0.2578
vt 0.9825 0.2578
vt 0.8881 0.1829
vt 0.9825 0.1829
vt 0.8881 0.4075
vt 0.8881 0.3326
vt 0.9825 0.3326
vt 0.9825 0.4075
vt 0.9825 0.0331
vt 0.9825 0.1080
vt 0.8881 0.1080
vt 0.8881 0.0331
vt 0.8881 0.2578
vt 0.9825 0.2578
vt 0.8881 0.1829
vt 0.9825 0.1829
vt 0.8881 0.4075
vt 0.8881 0.3326
vt 0.9825 0.3326
vt 0.9825 0.4075
vt 0.9825 0.0331
vt 0.9825 0.1080
vt 0.8881 0.1080
vt 0.8881 0.0331
vt 0.8881 0.2578
vt 0.9825 0.2578
vt 0.8881 0.1829
vt 0.9825 0.1829
vt 0.8881 0.4075
vt 0.8881 0.3326
vt 0.9825 0.3326
vt 0.9825 0.4075
vt 0.9825 0.0331
vt 0.9825 0.0581
vt 0.8881 0.0581
vt 0.8881 0.0331
vt 0.8881 0.2578
vt 0.9825 0.2578
vt 0.8881 0.1829
vt 0.9825 0.1829
vt 0.8881 0.1080
vt 0.9825 0.1080
vt 0.8881 0.0831
vt 0.9825 0.0831
vt 0.8881 0.4075
vt 0.8881 0.3326
vt 0.9825 0.3326
vt 0.9825 0.4075
vt 0.9825 0.0331
vt 0.9825 0.0581
vt 0.8881 0.0581
vt 0.8881 0.0331
vt 0.8881 0.2578
vt 0.9825 0.2578
vt 0.8881 0.1829
vt 0.9825 0.1829
vt 0.8881 0.1080
vt 0.9825 0.1080
vt 0.8881 0.0831
vt 0.9825 0.0831
vt 0.8881 0.4075
vt 0.8881 0.3326
vt 0.9825 0.3326
vt 0.9825 0.4075
vt 0.9825 0.0331
vt 0.9825 0.0581
vt 0.8881 0.0581
vt 0.8881 0.0331
vt 0.8881 0.2578
vt 0.9825 0.2578
vt 0.8881 0.1829
vt 0.9825 0.1829
vt 0.8881 0.1080
vt 0.9825 0.1080
vt 0.8881 0.0831
vt 0.9825 0.0831
vt 0.8881 0.4075
vt 0.8881 0.3326
vt 0.9825 0.3326
vt 0.9825 0.4075
vt 0.9825 0.0331
vt 0.9825 0.0581
vt 0.8881 0.0581
vt 0.8881 0.0331
vt 0.8881 0.2578
vt 0.9825 0.2578
vt 0.8881 0.1829
vt 0.9825 0.1829
vt 0.8881 0.1080
vt 0.9825 0.1080
vt 0.8881 0.0831
vt 0.9825 0.0831
vt 0.8881 0.4075
vt 0.8881 0.3326
vt 0.9825 0.3326
vt 0.9825 0.4075
vt 0.9825 0.0331
vt 0.9825 0.1080
vt 0.8881 0.1080
vt 0.8881 0.0331
vt 0.8881 0.2578
vt 0.9825 0.2578
vt 0.8881 0.1829
vt 0.9825 0.1829
vt 0.8881 0.4075
vt 0.8881 0.3326
vt 0.9825 0.3326
vt 0.9825 0.4075
vt 0.9825 0.0331
vt 0.9825 0.1080
vt 0.8881 0.1080
vt 0.8881 0.0331
vt 0.8881 0.2578
vt 0.9825 0.2578
vt 0.8881 0.1829
vt 0.9825 0.1829
vt 0.8881 0.4075
vt 0.8881 0.3326
vt 0.9825 0.3326
vt 0.9825 0.4075
vt 0.9825 0.0331
vt 0.9825 0.1080
vt 0.8881 0.1080
vt 0.8881 0.0331
vt 0.8881 0.2578
vt 0.9825 0.2578
vt 0.8881 0.1829
vt 0.9825 0.1829
vt 0.8881 0.4075
vt 0.8881 0.3326
vt 0.9825 0.3326
vt 0.9825 0.4075
vt 0.9825 0.0331
vt 0.9825 0.1080
vt 0.8881 0.1080
vt 0.8881 0.0331
vt 0.8881 0.2578
vt 0.9825 0.2578
vt 0.8881 0.1829
vt 0.9825 0.1829
vt 0.8881 0.4075
vt 0.8881 0.3326
vt 0.9825 0.3326
vt 0.9825 0.4075
vt 0.9825 0.0331
vt 0.9825 0.0581
vt 0.8881 0.0581
vt 0.8881 0.0331
vt 0.8881 0.2578
vt 0.9825 0.2578
vt 0.8881 0.1829
vt 0.9825 0.1829
vt 0.8881 0.1080
vt 0.9825 0.1080
vt 0.8881 0.0831
vt 0.9825 0.0831
vt 0.8881 0.4075
vt 0.8881 0.3326
vt 0.9825 0.3326
vt 0.9825 0.4075
vt 0.9825 0.0331
vt 0.9825 0.0581
vt 0.8881 0.0581
vt 0.8881 0.0331
vt 0.8881 0.2578
vt 0.9825 0.2578
vt 0.8881 0.1829
vt 0.9825 0.1829
vt 0.8881 0.1080
vt 0.9825 0.1080
vt 0.8881 0.0831
vt 0.9825 0.0831
vt 0.8881 0.4075
vt 0.8881 0.3326
vt 0.9825 0.3326
vt 0.9825 0.4075
vt 0.9825 0.0331
vt 0.9825 0.0581
vt 0.8881 0.0581
vt 0.8881 0.0331
vt 0.8881 0.2578
vt 0.9825 0.2578
vt 0.8881 0.1829
vt 0.9825 0.1829
vt 0.8881 0.1080
vt 0.9825 0.1080
vt 0.8881 0.0831
vt 0.9825 0.0831
vt 0.8881 0.4075
vt 0.8881 0.3326
vt 0.9825 0.3326
vt 0.9825 0.4075
vt 0.9825 0.0331
vt 0.9825 0.0581
vt 0.8881 0.0581
vt 0.8881 0.0331
vt 0.8881 0.2578
vt 0.9825 0.2578
vt 0.8881 0.1829
vt 0.9825 0.1829
vt 0.8881 0.1080
vt 0.9825 0.1080
vt 0.8881 0.0831
vt 0.9825 0.0831
vt 0.8881 0.4075
vt 0.8881 0.3326
vt 0.9825 0.3326
vt 0.9825 0.4075
vt 0.9825 0.0331
vt 0.9825 0.1080
vt 0.8881 0.1080
vt 0.8881 0.0331
vt 0.8881 0.2578
vt 0.9825 0.2578
vt 0.8881 0.1829
vt 0.9825 0.1829
vt 0.8881 0.4075
vt 0.8881 0.3326
vt 0.9825 0.3326
vt 0.9825 0.4075
vt 0.9825 0.0331
vt 0.9825 0.1080
vt 0.8881 0.1080
vt 0.8881 0.0331
vt 0.8881 0.2578
vt 0.9825 0.2578
vt 0.8881 0.1829
vt 0.9825 0.1829
vt 0.8881 0.4075
vt 0.8881 0.3326
vt 0.9825 0.3326
vt 0.9825 0.4075
vt 0.9825 0.0331
vt 0.9825 0.1080
vt 0.8881 0.1080
vt 0.8881 0.0331
vt 0.8881 0.2578
vt 0.9825 0.2578
vt 0.8881 0.1829
vt 0.9825 0.1829
vt 0.8881 0.4075
vt 0.8881 0.3326
vt 0.9825 0.3326
vt 0.9825 0.4075
vt 0.9825 0.0331
vt 0.9825 0.1080
vt 0.8881 0.1080
vt 0.8881 0.0331
vt 0.8881 0.2578
vt 0.9825 0.2578
vt 0.8881 0.1829
vt 0.9825 0.1829
vt 0.8881 0.4075
vt 0.8881 0.3326
vt 0.9825 0.3326
vt 0.9825 0.4075
vt 0.9825 0.0331
vt 0.9825 0.1080
vt 0.8881 0.1080
vt 0.8881 0.0331
vt 0.8881 0.2578
vt 0.9825 0.2578
vt 0.8881 0.1829
vt 0.9825 0.1829
vt 0.8881 0.4075
vt 0.8881 0.3326
vt 0.9825 0.3326
vt 0.9825 0.4075
vt 0.9825 0.0331
vt 0.9825 0.1080
vt 0.8881 0.1080
vt 0.8881 0.0331
vt 0.8881 0.2578
vt 0.9825 0.2578
vt 0.8881 0.1829
vt 0.9825 0.1829
vt 0.8881 0.4075
vt 0.8881 0.3326
vt 0.9825 0.3326
vt 0.9825 0.4075
vt 0.9825 0.0331
vt 0.9825 0.1080
vt 0.8881 0.1080
vt 0.8881 0.0331
vt 0.8881 0.2578
vt 0.9825 0.2578
vt 0.8881 0.1829
vt 0.9825 0.1829
vt 0.0057 0.3935
vt 0.0057 0.3186
vt 0.1001 0.3186
vt 0.1001 0.3935
vt 0.1001 0.0191
vt 0.1001 0.0940
vt 0.0057 0.0940
vt 0.0057 0.0191
vt 0.0057 0.2438
vt 0.1001 0.2438
vt 0.0057 0.1689
vt 0.1001 0.1689
vt 0.0057 0.0191
vt 0.0057 0.0441
vt 0.1001 0.0441
vt 0.1001 0.0191
vt 0.1001 0.3935
vt 0.1001 0.3186
vt 0.0057 0.3186
vt 0.0057 0.3935
vt 0.1001 0.2438
vt 0.0057 0.2438
vt 0.1001 0.1689
vt 0.0057 0.1689
vt 0.1001 0.0940
vt 0.0057 0.0940
vt 0.1001 0.0690
vt 0.0057 0.0690
vt 0.0057 0.3935
vt 0.0057 0.3186
vt 0.1001 0.3186
vt 0.1001 0.3935
vt 0.1001 0.0191
vt 0.1001 0.0441
vt 0.0057 0.0441
vt 0.0057 0.0191
vt 0.0057 0.2438
vt 0.1001 0.2438
vt 0.0057 0.1689
vt 0.1001 0.1689
vt 0.0057 0.0940
vt 0.1001 0.0940
vt 0.0057 0.0690
vt 0.1001 0.0690
vt 0.0057 0.3935
vt 0.0057 0.3186
vt 0.1001 0.3186
vt 0.1001 0.3935
vt 0.1001 0.0191
vt 0.1001 0.0441
vt 0.0057 0.0441
vt 0.0057 0.0191
vt 0.0057 0.2438
vt 0.1001 0.2438
vt 0.0057 0.1689
vt 0.1001 0.1689
vt 0.0057 0.0940
vt 0.1001 0.0940
vt 0.0057 0.0690
vt 0.1001 0.0690
vt 0.0057 0.0191
vt 0.0057 0.0441
vt 0.1001 0.0441
vt 0.1001 0.0191
vt 0.1001 0.3935
vt 0.1001 0.3186
vt 0.0057 0.3186
vt 0.0057 0.3935
vt 0.1001 0.2438
vt 0.0057 0.2438
vt 0.1001 0.1689
vt 0.0057 0.1689
vt 0.1001 0.0940
vt 0.0057 0.0940
vt 0.1001 0.0690
vt 0.0057 0.0690
vt 0.0057 0.3935
vt 0.0057 0.3186
vt 0.1001 0.3186
vt 0.1001 0.3935
vt 0.1001 0.0191
vt 0.1001 0.0441
vt 0.0057 0.0441
vt 0.0057 0.0191
vt 0.0057 0.2438
vt 0.1001 0.2438
vt 0.0057 0.1689
vt 0.1001 0.1689
vt 0.0057 0.0940
vt 0.1001 0.0940
vt 0.0057 0.0690
vt 0.1001 0.0690
vt 0.0057 0.3935
vt 0.0057 0.3186
vt 0.1001 0.3186
vt 0.1001 0.3935
vt 0.1001 0.0191
vt 0.1001 0.0441
vt 0.0057 0.0441
vt 0.0057 0.0191
vt 0.0057 0.2438
vt 0.1001 0.2438
vt 0.0057 0.1689
vt 0.1001 0.1689
vt 0.0057 0.0940
vt 0.1001 0.0940
vt 0.0057 0.0690
vt 0.1001 0.0690
vt 0.0057 0.3935
vt 0.0057 0.3186
vt 0.1001 0.3186
vt 0.1001 0.3935
vt 0.1001 0.0191
vt 0.1001 0.0441
vt 0.0057 0.0441
vt 0.0057 0.0191
vt 0.0057 0.2438
vt 0.1001 0.2438
vt 0.0057 0.1689
vt 0.1001 0.1689
vt 0.0057 0.0940
vt 0.1001 0.0940
vt 0.0057 0.0690
vt 0.1001 0.0690
vt 0.0057 0.3935
vt 0.0057 0.3186
vt 0.1001 0.3186
vt 0.1001 0.3935
vt 0.1001 0.0191
vt 0.1001 0.0441
vt 0.0057 0.0441
vt 0.0057 0.0191
vt 0.0057 0.2438
vt 0.1001 0.2438
vt 0.0057 0.1689
vt 0.1001 0.1689
vt 0.0057 0.0940
vt 0.1001 0.0940
vt 0.0057 0.0690
vt 0.1001 0.0690
vt 0.0057 0.3935
vt 0.0057 0.3186
vt 0.1001 0.3186
vt 0.1001 0.3935
vt 0.1001 0.0191
vt 0.1001 0.0441
vt 0.0057 0.0441
vt 0.0057 0.0191
vt 0.0057 0.2438
vt 0.1001 0.2438
vt 0.0057 0.1689
vt 0.1001 0.1689
vt 0.0057 0.0940
vt 0.1001 0.0940
vt 0.0057 0.0690
vt 0.1001 0.0690
vt 0.0057 0.3935
vt 0.0057 0.3186
vt 0.1001 0.3186
vt 0.1001 0.3935
vt 0.1001 0.0191
vt 0.1001 0.0441
vt 0.0057 0.0441
vt 0.0057 0.0191
vt 0.0057 0.2438
vt 0.1001 0.2438
vt 0.0057 0.1689
vt 0.1001 0.1689
vt 0.0057 0.0940
vt 0.1001 0.0940
vt 0.0057 0.0690
vt 0.1001 0.0690
vt 0.0057 0.3935
vt 0.0057 0.3186
vt 0.1001 0.3186
vt 0.1001 0.3935
vt 0.1001 0.0191
vt 0.1001 0.0441
vt 0.0057 0.0441
vt 0.0057 0.0191
vt 0.0057 0.2438
vt 0.1001 0.2438
vt 0.0057 0.1689
vt 0.1001 0.1689
vt 0.0057 0.0940
vt 0.1001 0.0940
vt 0.0057 0.0690
vt 0.1001 0.0690
vt 0.0057 0.3935
vt 0.0057 0.3186
vt 0.1001 0.3186
vt 0.1001 0.3935
vt 0.1001 0.0191
vt 0.1001 0.0441
vt 0.0057 0.0441
vt 0.0057 0.0191
vt 0.0057 0.2438
vt 0.1001 0.2438
vt 0.0057 0.1689
vt 0.1001 0.1689
vt 0.0057 0.0940
vt 0.1001 0.0940
vt 0.0057 0.0690
vt 0.1001 0.0690
vt 0.0057 0.3935
vt 0.0057 0.3186
vt 0.1001 0.3186
vt 0.1001 0.3935
vt 0.1001 0.0191
vt 0.1001 0.0940
vt 0.0057 0.0940
vt 0.0057 0.0191
vt 0.0057 0.2438
vt 0.1001 0.2438
vt 0.0057 0.1689
vt 0.1001 0.1689
vt 0.0057 0.3935
vt 0.0057 0.3186
vt 0.1001 0.3186
vt 0.1001 0.3935
vt 0.1001 0.0191
vt 0.1001 0.0940
vt 0.0057 0.0940
vt 0.0057 0.0191
vt 0.0057 0.2438
vt 0.1001 0.2438
vt 0.0057 0.1689
vt 0.1001 0.1689
vt 0.0057 0.3935
vt 0.0057 0.3186
vt 0.1001 0.3186
vt 0.1001 0.3935
vt 0.1001 0.0191
vt 0.1001 0.0940
vt 0.0057 0.0940
vt 0.0057 0.0191
vt 0.0057 0.2438
vt 0.1001 0.2438
vt 0.0057 0.1689
vt 0.1001 0.1689
vt 0.0057 0.3935
vt 0.0057 0.3186
vt 0.1001 0.3186
vt 0.1001 0.3935
vt 0.1001 0.0191
vt 0.1001 0.0940
vt 0.0057 0.0940
vt 0.0057 0.0191
vt 0.0057 0.2438
vt 0.1001 0.2438
vt 0.0057 0.1689
vt 0.1001 0.1689
vt 0.0057 0.3935
vt 0.0057 0.3186
vt 0.1001 0.3186
vt 0.1001 0.3935
vt 0.1001 0.0191
vt 0.1001 0.0940
vt 0.0057 0.0940
vt 0.0057 0.0191
vt 0.0057 0.2438
vt 0.1001 0.2438
vt 0.0057 0.1689
vt 0.1001 0.1689
vt 0.0057 0.3935
vt 0.0057 0.3186
vt 0.1001 0.3186
vt 0.1001 0.3935
vt 0.1001 0.0191
vt 0.1001 0.0940
vt 0.0057 0.0940
vt 0.0057 0.0191
vt 0.0057 0.2438
vt 0.1001 0.2438
vt 0.0057 0.1689
vt 0.1001 0.1689
vt 0.0057 0.3935
vt 0.0057 0.3186
vt 0.1001 0.3186
vt 0.1001 0.3935
vt 0.1001 0.0191
vt 0.1001 0.0940
vt 0.0057 0.0940
vt 0.0057 0.0191
vt 0.0057 0.2438
vt 0.1001 0.2438
vt 0.0057 0.1689
vt 0.1001 0.1689
vt 0.0057 0.3935
vt 0.0057 0.3186
vt 0.1001 0.3186
vt 0.1001 0.3935
vt 0.1001 0.0191
vt 0.1001 0.0940
vt 0.0057 0.0940
vt 0.0057 0.0191
vt 0.0057 0.2438
vt 0.1001 0.2438
vt 0.0057 0.1689
vt 0.1001 0.1689
vt 0.0057 0.3935
vt 0.0057 0.3186
vt 0.1001 0.3186
vt 0.1001 0.3935
vt 0.1001 0.0191
vt 0.1001 0.0940
vt 0.0057 0.0940
vt 0.0057 0.0191
vt 0.0057 0.2438
vt 0.1001 0.2438
vt 0.0057 0.1689
vt 0.1001 0.1689
vt 0.0057 0.3935
vt 0.0057 0.3186
vt 0.1001 0.3186
vt 0.1001 0.3935
vt 0.1001 0.0191
vt 0.1001 0.0441
vt 0.0057 0.0441
vt 0.0057 0.0191
vt 0.0057 0.2438
vt 0.1001 0.2438
vt 0.0057 0.1689
vt 0.1001 0.1689
vt 0.0057 0.0940
vt 0.1001 0.0940
vt 0.0057 0.0690
vt 0.1001 0.0690
vt 0.0057 0.3935
vt 0.0057 0.3186
vt 0.1001 0.3186
vt 0.1001 0.3935
vt 0.1001 0.0191
vt 0.1001 0.0441
vt 0.0057 0.0441
vt 0.0057 0.0191
vt 0.0057 0.2438
vt 0.1001 0.2438
vt 0.0057 0.1689
vt 0.1001 0.1689
vt 0.0057 0.0940
vt 0.1001 0.0940
vt 0.0057 0.0690
vt 0.1001 0.0690
vt 0.0057 0.3935
vt 0.0057 0.3186
vt 0.1001 0.3186
vt 0.1001 0.3935
vt 0.1001 0.0191
vt 0.1001 0.0940
vt 0.0057 0.0940
vt 0.0057 0.0191
vt 0.0057 0.2438
vt 0.1001 0.2438
vt 0.0057 0.1689
vt 0.1001 0.1689
vt 0.0057 0.3935
vt 0.0057 0.3186
vt 0.1001 0.3186
vt 0.1001 0.3935
vt 0.1001 0.0191
vt 0.1001 0.0940
vt 0.0057 0.0940
vt 0.0057 0.0191
vt 0.0057 0.2438
vt 0.1001 0.2438
vt 0.0057 0.1689
vt 0.1001 0.1689
vt 0.0053 0.0210
vt 0.0053 0.0460
vt 0.0996 0.0460
vt 0.0996 0.0210
vt 0.0996 0.3954
vt 0.0996 0.3205
vt 0.0053 0.3205
vt 0.0053 0.3954
vt 0.0996 0.2456
vt 0.0053 0.2456
vt 0.0996 0.1708
vt 0.0053 0.1708
vt 0.0996 0.0959
vt 0.0053 0.0959
vt 0.0996 0.0709
vt 0.0053 0.0709
vt 0.0053 0.0210
vt 0.0053 0.0959
vt 0.0996 0.0959
vt 0.0996 0.0210
vt 0.0996 0.3954
vt 0.0996 0.3205
vt 0.0053 0.3205
vt 0.0053 0.3954
vt 0.0996 0.2456
vt 0.0053 0.2456
vt 0.0996 0.1708
vt 0.0053 0.1708
vt 0.0053 0.3954
vt 0.0053 0.3205
vt 0.0996 0.3205
vt 0.0996 0.3954
vt 0.0996 0.0210
vt 0.0996 0.0959
vt 0.0053 0.0959
vt 0.0053 0.0210
vt 0.0053 0.2456
vt 0.0996 0.2456
vt 0.0053 0.1708
vt 0.0996 0.1708
vt 0.0053 0.3954
vt 0.0053 0.3205
vt 0.0996 0.3205
vt 0.0996 0.3954
vt 0.0996 0.0210
vt 0.0996 0.0460
vt 0.0053 0.0460
vt 0.0053 0.0210
vt 0.0053 0.2456
vt 0.0996 0.2456
vt 0.0053 0.1708
vt 0.0996 0.1708
vt 0.0053 0.0959
vt 0.0996 0.0959
vt 0.0053 0.0709
vt 0.0996 0.0709
vt 0.8881 0.0331
vt 0.8881 0.1080
vt 0.9825 0.1080
vt 0.9825 0.0331
vt 0.9825 0.4075
vt 0.9825 0.3326
vt 0.8881 0.3326
vt 0.8881 0.4075
vt 0.9825 0.2578
vt 0.8881 0.2578
vt 0.9825 0.1829
vt 0.8881 0.1829
vt 0.8881 0.4075
vt 0.8881 0.3326
vt 0.9825 0.3326
vt 0.9825 0.4075
vt 0.9825 0.0331
vt 0.9825 0.0581
vt 0.8881 0.0581
vt 0.8881 0.0331
vt 0.8881 0.2578
vt 0.9825 0.2578
vt 0.8881 0.1829
vt 0.9825 0.1829
vt 0.8881 0.1080
vt 0.9825 0.1080
vt 0.8881 0.0831
vt 0.9825 0.0831
vt 0.8881 0.4075
vt 0.8881 0.3326
vt 0.9825 0.3326
vt 0.9825 0.4075
vt 0.9825 0.0331
vt 0.9825 0.0581
vt 0.8881 0.0581
vt 0.8881 0.0331
vt 0.8881 0.2578
vt 0.9825 0.2578
vt 0.8881 0.1829
vt 0.9825 0.1829
vt 0.8881 0.1080
vt 0.9825 0.1080
vt 0.8881 0.0831
vt 0.9825 0.0831
vt 0.8881 0.0331
vt 0.8881 0.0581
vt 0.9825 0.0581
vt 0.9825 0.0331
vt 0.9825 0.4075
vt 0.9825 0.3326
vt 0.8881 0.3326
vt 0.8881 0.4075
vt 0.9825 0.2578
vt 0.8881 0.2578
vt 0.9825 0.1829
vt 0.8881 0.1829
vt 0.9825 0.1080
vt 0.8881 0.1080
vt 0.9825 0.0831
vt 0.8881 0.0831
vt 0.8881 0.0331
vt 0.8881 0.0581
vt 0.9825 0.0581
vt 0.9825 0.0331
vt 0.9825 0.4075
vt 0.9825 0.3326
vt 0.8881 0.3326
vt 0.8881 0.4075
vt 0.9825 0.2578
vt 0.8881 0.2578
vt 0.9825 0.1829
vt 0.8881 0.1829
vt 0.9825 0.1080
vt 0.8881 0.1080
vt 0.9825 0.0831
vt 0.8881 0.0831
vt 0.8881 0.0331
vt 0.8881 0.0581
vt 0.9825 0.0581
vt 0.9825 0.0331
vt 0.9825 0.4075
vt 0.9825 0.3326
vt 0.8881 0.3326
vt 0.8881 0.4075
vt 0.9825 0.2578
vt 0.8881 0.2578
vt 0.9825 0.1829
vt 0.8881 0.1829
vt 0.9825 0.1080
vt 0.8881 0.1080
vt 0.9825 0.0831
vt 0.8881 0.0831
vt 0.8881 0.0331
vt 0.8881 0.0581
vt 0.9825 0.0581
vt 0.9825 0.0331
vt 0.9825 0.4075
vt 0.9825 0.3326
vt 0.8881 0.3326
vt 0.8881 0.4075
vt 0.9825 0.2578
vt 0.8881 0.2578
vt 0.9825 0.1829
vt 0.8881 0.1829
vt 0.9825 0.1080
vt 0.8881 0.1080
vt 0.9825 0.0831
vt 0.8881 0.0831
vt 0.8881 0.0331
vt 0.8881 0.0581
vt 0.9825 0.0581
vt 0.9825 0.0331
vt 0.9825 0.4075
vt 0.9825 0.3326
vt 0.8881 0.3326
vt 0.8881 0.4075
vt 0.9825 0.2578
vt 0.8881 0.2578
vt 0.9825 0.1829
vt 0.8881 0.1829
vt 0.9825 0.1080
vt 0.8881 0.1080
vt 0.9825 0.0831
vt 0.8881 0.0831
vt 0.8881 0.0331
vt 0.8881 0.0581
vt 0.9825 0.0581
vt 0.9825 0.0331
vt 0.9825 0.4075
vt 0.9825 0.3326
vt 0.8881 0.3326
vt 0.8881 0.4075
vt 0.9825 0.2578
vt 0.8881 0.2578
vt 0.9825 0.1829
vt 0.8881 0.1829
vt 0.9825 0.1080
vt 0.8881 0.1080
vt 0.9825 0.0831
vt 0.8881 0.0831
vt 0.8881 0.0331
vt 0.8881 0.0581
vt 0.9825 0.0581
vt 0.9825 0.0331
vt 0.9825 0.4075
vt 0.9825 0.3326
vt 0.8881 0.3326
vt 0.8881 0.4075
vt 0.9825 0.2578
vt 0.8881 0.2578
vt 0.9825 0.1829
vt 0.8881 0.1829
vt 0.9825 0.1080
vt 0.8881 0.1080
vt 0.9825 0.0831
vt 0.8881 0.0831
vt 0.8881 0.0331
vt 0.8881 0.0581
vt 0.9825 0.0581
vt 0.9825 0.0331
vt 0.9825 0.4075
vt 0.9825 0.3326
vt 0.8881 0.3326
vt 0.8881 0.4075
vt 0.9825 0.2578
vt 0.8881 0.2578
vt 0.9825 0.1829
vt 0.8881 0.1829
vt 0.9825 0.1080
vt 0.8881 0.1080
vt 0.9825 0.0831
vt 0.8881 0.0831
vt 0.8881 0.4075
vt 0.8881 0.3326
vt 0.9825 0.3326
vt 0.9825 0.4075
vt 0.9825 0.0331
vt 0.9825 0.0581
vt 0.8881 0.0581
vt 0.8881 0.0331
vt 0.8881 0.2578
vt 0.9825 0.2578
vt 0.8881 0.1829
vt 0.9825 0.1829
vt 0.8881 0.1080
vt 0.9825 0.1080
vt 0.8881 0.0831
vt 0.9825 0.0831
vt 0.8881 0.4075
vt 0.8881 0.3326
vt 0.9825 0.3326
vt 0.9825 0.4075
vt 0.9825 0.0331
vt 0.9825 0.0581
vt 0.8881 0.0581
vt 0.8881 0.0331
vt 0.8881 0.2578
vt 0.9825 0.2578
vt 0.8881 0.1829
vt 0.9825 0.1829
vt 0.8881 0.1080
vt 0.9825 0.1080
vt 0.8881 0.0831
vt 0.9825 0.0831
vt 0.8881 0.0331
vt 0.8881 0.0581
vt 0.9825 0.0581
vt 0.9825 0.0331
vt 0.9825 0.4075
vt 0.9825 0.3326
vt 0.8881 0.3326
vt 0.8881 0.4075
vt 0.9825 0.2578
vt 0.8881 0.2578
vt 0.9825 0.1829
vt 0.8881 0.1829
vt 0.9825 0.1080
vt 0.8881 0.1080
vt 0.9825 0.0831
vt 0.8881 0.0831
vt 0.8881 0.0331
vt 0.8881 0.0581
vt 0.9825 0.0581
vt 0.9825 0.0331
vt 0.9825 0.4075
vt 0.9825 0.3326
vt 0.8881 0.3326
vt 0.8881 0.4075
vt 0.9825 0.2578
vt 0.8881 0.2578
vt 0.9825 0.1829
vt 0.8881 0.1829
vt 0.9825 0.1080
vt 0.8881 0.1080
vt 0.9825 0.0831
vt 0.8881 0.0831
vt 0.8881 0.0331
vt 0.8881 0.0581
vt 0.9825 0.0581
vt 0.9825 0.0331
vt 0.9825 0.4075
vt 0.9825 0.3326
vt 0.8881 0.3326
vt 0.8881 0.4075
vt 0.9825 0.2578
vt 0.8881 0.2578
vt 0.9825 0.1829
vt 0.8881 0.1829
vt 0.9825 0.1080
vt 0.8881 0.1080
vt 0.9825 0.0831
vt 0.8881 0.0831
vt 0.8881 0.0331
vt 0.8881 0.0581
vt 0.9825 0.0581
vt 0.9825 0.0331
vt 0.9825 0.4075
vt 0.9825 0.3326
vt 0.8881 0.3326
vt 0.8881 0.4075
vt 0.9825 0.2578
vt 0.8881 0.2578
vt 0.9825 0.1829
vt 0.8881 0.1829
vt 0.9825 0.1080
vt 0.8881 0.1080
vt 0.9825 0.0831
vt 0.8881 0.0831
vt 0.8881 0.0331
vt 0.8881 0.0581
vt 0.9825 0.0581
vt 0.9825 0.0331
vt 0.9825 0.4075
vt 0.9825 0.3326
vt 0.8881 0.3326
vt 0.8881 0.4075
vt 0.9825 0.2578
vt 0.8881 0.2578
vt 0.9825 0.1829
vt 0.8881 0.1829
vt 0.9825 0.1080
vt 0.8881 0.1080
vt 0.9825 0.0831
vt 0.8881 0.0831
vt 0.8881 0.0331
vt 0.8881 0.0581
vt 0.9825 0.0581
vt 0.9825 0.0331
vt 0.9825 0.4075
vt 0.9825 0.3326
vt 0.8881 0.3326
vt 0.8881 0.4075
vt 0.9825 0.2578
vt 0.8881 0.2578
vt 0.9825 0.1829
vt 0.8881 0.1829
vt 0.9825 0.1080
vt 0.8881 0.1080
vt 0.9825 0.0831
vt 0.8881 0.0831
vt 0.8881 0.0331
vt 0.8881 0.0581
vt 0.9825 0.0581
vt 0.9825 0.0331
vt 0.9825 0.4075
vt 0.9825 0.3326
vt 0.8881 0.3326
vt 0.8881 0.4075
vt 0.9825 0.2578
vt 0.8881 0.2578
vt 0.9825 0.1829
vt 0.8881 0.1829
vt 0.9825 0.1080
vt 0.8881 0.1080
vt 0.9825 0.0831
vt 0.8881 0.0831
vt 0.8881 0.0331
vt 0.8881 0.0581
vt 0.9825 0.0581
vt 0.9825 0.0331
vt 0.9825 0.4075
vt 0.9825 0.3326
vt 0.8881 0.3326
vt 0.8881 0.4075
vt 0.9825 0.2578
vt 0.8881 0.2578
vt 0.9825 0.1829
vt 0.8881 0.1829
vt 0.9825 0.1080
vt 0.8881 0.1080
vt 0.9825 0.0831
vt 0.8881 0.0831
vt 0.8881 0.4075
vt 0.8881 0.3326
vt 0.9825 0.3326
vt 0.9825 0.4075
vt 0.9825 0.0331
vt 0.9825 0.0581
vt 0.8881 0.0581
vt 0.8881 0.0331
vt 0.8881 0.2578
vt 0.9825 0.2578
vt 0.8881 0.1829
vt 0.9825 0.1829
vt 0.8881 0.1080
vt 0.9825 0.1080
vt 0.8881 0.0831
vt 0.9825 0.0831
vt 0.8881 0.4075
vt 0.8881 0.3326
vt 0.9825 0.3326
vt 0.9825 0.4075
vt 0.9825 0.0331
vt 0.9825 0.0581
vt 0.8881 0.0581
vt 0.8881 0.0331
vt 0.8881 0.2578
vt 0.9825 0.2578
vt 0.8881 0.1829
vt 0.9825 0.1829
vt 0.8881 0.1080
vt 0.9825 0.1080
vt 0.8881 0.0831
vt 0.9825 0.0831
vt 0.8881 0.0331
vt 0.8881 0.0581
vt 0.9825 0.0581
vt 0.9825 0.0331
vt 0.9825 0.4075
vt 0.9825 0.3326
vt 0.8881 0.3326
vt 0.8881 0.4075
vt 0.9825 0.2578
vt 0.8881 0.2578
vt 0.9825 0.1829
vt 0.8881 0.1829
vt 0.9825 0.1080
vt 0.8881 0.1080
vt 0.9825 0.0831
vt 0.8881 0.0831
vt 0.8881 0.0331
vt 0.8881 0.0581
vt 0.9825 0.0581
vt 0.9825 0.0331
vt 0.9825 0.4075
vt 0.9825 0.3326
vt 0.8881 0.3326
vt 0.8881 0.4075
vt 0.9825 0.2578
vt 0.8881 0.2578
vt 0.9825 0.1829
vt 0.8881 0.1829
vt 0.9825 0.1080
vt 0.8881 0.1080
vt 0.9825 0.0831
vt 0.8881 0.0831
vt 0.8881 0.0331
vt 0.8881 0.0581
vt 0.9825 0.0581
vt 0.9825 0.0331
vt 0.9825 0.4075
vt 0.9825 0.3326
vt 0.8881 0.3326
vt 0.8881 0.4075
vt 0.9825 0.2578
vt 0.8881 0.2578
vt 0.9825 0.1829
vt 0.8881 0.1829
vt 0.9825 0.1080
vt 0.8881 0.1080
vt 0.9825 0.0831
vt 0.8881 0.0831
vt 0.8881 0.0331
vt 0.8881 0.0581
vt 0.9825 0.0581
vt 0.9825 0.0331
vt 0.9825 0.4075
vt 0.9825 0.3326
vt 0.8881 0.3326
vt 0.8881 0.4075
vt 0.9825 0.2578
vt 0.8881 0.2578
vt 0.9825 0.1829
vt 0.8881 0.1829
vt 0.9825 0.1080
vt 0.8881 0.1080
vt 0.9825 0.0831
vt 0.8881 0.0831
vt 0.8881 0.0331
vt 0.8881 0.0581
vt 0.9825 0.0581
vt 0.9825 0.0331
vt 0.9825 0.4075
vt 0.9825 0.3326
vt 0.8881 0.3326
vt 0.8881 0.4075
vt 0.9825 0.2578
vt 0.8881 0.2578
vt 0.9825 0.1829
vt 0.8881 0.1829
vt 0.9825 0.1080
vt 0.8881 0.1080
vt 0.9825 0.0831
vt 0.8881 0.0831
vt 0.8881 0.0331
vt 0.8881 0.0581
vt 0.9825 0.0581
vt 0.9825 0.0331
vt 0.9825 0.4075
vt 0.9825 0.3326
vt 0.8881 0.3326
vt 0.8881 0.4075
vt 0.9825 0.2578
vt 0.8881 0.2578
vt 0.9825 0.1829
vt 0.8881 0.1829
vt 0.9825 0.1080
vt 0.8881 0.1080
vt 0.9825 0.0831
vt 0.8881 0.0831
vt 0.8881 0.0331
vt 0.8881 0.0581
vt 0.9825 0.0581
vt 0.9825 0.0331
vt 0.9825 0.4075
vt 0.9825 0.3326
vt 0.8881 0.3326
vt 0.8881 0.4075
vt 0.9825 0.2578
vt 0.8881 0.2578
vt 0.9825 0.1829
vt 0.8881 0.1829
vt 0.9825 0.1080
vt 0.8881 0.1080
vt 0.9825 0.0831
vt 0.8881 0.0831
vt 0.8881 0.0331
vt 0.8881 0.0581
vt 0.9825 0.0581
vt 0.9825 0.0331
vt 0.9825 0.4075
vt 0.9825 0.3326
vt 0.8881 0.3326
vt 0.8881 0.4075
vt 0.9825 0.2578
vt 0.8881 0.2578
vt 0.9825 0.1829
vt 0.8881 0.1829
vt 0.9825 0.1080
vt 0.8881 0.1080
vt 0.9825 0.0831
vt 0.8881 0.0831
vt 0.8881 0.4075
vt 0.8881 0.3326
vt 0.9825 0.3326
vt 0.9825 0.4075
vt 0.9825 0.0331
vt 0.9825 0.0581
vt 0.8881 0.0581
vt 0.8881 0.0331
vt 0.8881 0.2578
vt 0.9825 0.2578
vt 0.8881 0.1829
vt 0.9825 0.1829
vt 0.8881 0.1080
vt 0.9825 0.1080
vt 0.8881 0.0831
vt 0.9825 0.0831
vt 0.8881 0.4075
vt 0.8881 0.3326
vt 0.9825 0.3326
vt 0.9825 0.4075
vt 0.9825 0.0331
vt 0.9825 0.0581
vt 0.8881 0.0581
vt 0.8881 0.0331
vt 0.8881 0.2578
vt 0.9825 0.2578
vt 0.8881 0.1829
vt 0.9825 0.1829
vt 0.8881 0.1080
vt 0.9825 0.1080
vt 0.8881 0.0831
vt 0.9825 0.0831
vt 0.8881 0.0331
vt 0.8881 0.1080
vt 0.9825 0.1080
vt 0.9825 0.0331
vt 0.9825 0.4075
vt 0.9825 0.3326
vt 0.8881 0.3326
vt 0.8881 0.4075
vt 0.9825 0.2578
vt 0.8881 0.2578
vt 0.9825 0.1829
vt 0.8881 0.1829
vt 0.8881 0.0331
vt 0.8881 0.1080
vt 0.9825 0.1080
vt 0.9825 0.0331
vt 0.9825 0.4075
vt 0.9825 0.3326
vt 0.8881 0.3326
vt 0.8881 0.4075
vt 0.9825 0.2578
vt 0.8881 0.2578
vt 0.9825 0.1829
vt 0.8881 0.1829
vt 0.8881 0.0331
vt 0.8881 0.1080
vt 0.9825 0.1080
vt 0.9825 0.0331
vt 0.9825 0.4075
vt 0.9825 0.3326
vt 0.8881 0.3326
vt 0.8881 0.4075
vt 0.9825 0.2578
vt 0.8881 0.2578
vt 0.9825 0.1829
vt 0.8881 0.1829
vt 0.8881 0.0331
vt 0.8881 0.1080
vt 0.9825 0.1080
vt 0.9825 0.0331
vt 0.9825 0.4075
vt 0.9825 0.3326
vt 0.8881 0.3326
vt 0.8881 0.4075
vt 0.9825 0.2578
vt 0.8881 0.2578
vt 0.9825 0.1829
vt 0.8881 0.1829
vt 0.8881 0.0331
vt 0.8881 0.1080
vt 0.9825 0.1080
vt 0.9825 0.0331
vt 0.9825 0.4075
vt 0.9825 0.3326
vt 0.8881 0.3326
vt 0.8881 0.4075
vt 0.9825 0.2578
vt 0.8881 0.2578
vt 0.9825 0.1829
vt 0.8881 0.1829
vt 0.8881 0.0331
vt 0.8881 0.1080
vt 0.9825 0.1080
vt 0.9825 0.0331
vt 0.9825 0.4075
vt 0.9825 0.3326
vt 0.8881 0.3326
vt 0.8881 0.4075
vt 0.9825 0.2578
vt 0.8881 0.2578
vt 0.9825 0.1829
vt 0.8881 0.1829
vt 0.8881 0.0331
vt 0.8881 0.1080
vt 0.9825 0.1080
vt 0.9825 0.0331
vt 0.9825 0.4075
vt 0.9825 0.3326
vt 0.8881 0.3326
vt 0.8881 0.4075
vt 0.9825 0.2578
vt 0.8881 0.2578
vt 0.9825 0.1829
vt 0.8881 0.1829
vt 0.8881 0.0331
vt 0.8881 0.1080
vt 0.9825 0.1080
vt 0.9825 0.0331
vt 0.9825 0.4075
vt 0.9825 0.3326
vt 0.8881 0.3326
vt 0.8881 0.4075
vt 0.9825 0.2578
vt 0.8881 0.2578
vt 0.9825 0.1829
vt 0.8881 0.1829
vt 0.8881 0.0331
vt 0.8881 0.1080
vt 0.9825 0.1080
vt 0.9825 0.0331
vt 0.9825 0.4075
vt 0.9825 0.3326
vt 0.8881 0.3326
vt 0.8881 0.4075
vt 0.9825 0.2578
vt 0.8881 0.2578
vt 0.9825 0.1829
vt 0.8881 0.1829
vt 0.8881 0.0331
vt 0.8881 0.1080
vt 0.9825 0.1080
vt 0.9825 0.0331
vt 0.9825 0.4075
vt 0.9825 0.3326
vt 0.8881 0.3326
vt 0.8881 0.4075
vt 0.9825 0.2578
vt 0.8881 0.2578
vt 0.9825 0.1829
vt 0.8881 0.1829
vt 0.8881 0.0331
vt 0.8881 0.1080
vt 0.9825 0.1080
vt 0.9825 0.0331
vt 0.9825 0.4075
vt 0.9825 0.3326
vt 0.8881 0.3326
vt 0.8881 0.4075
vt 0.9825 0.2578
vt 0.8881 0.2578
vt 0.9825 0.1829
vt 0.8881 0.1829
vt 0.8881 0.0331
vt 0.8881 0.1080
vt 0.9825 0.1080
vt 0.9825 0.0331
vt 0.9825 0.4075
vt 0.9825 0.3326
vt 0.8881 0.3326
vt 0.8881 0.4075
vt 0.9825 0.2578
vt 0.8881 0.2578
vt 0.9825 0.1829
vt 0.8881 0.1829
vt 0.8881 0.0331
vt 0.8881 0.1080
vt 0.9825 0.1080
vt 0.9825 0.0331
vt 0.9825 0.4075
vt 0.9825 0.3326
vt 0.8881 0.3326
vt 0.8881 0.4075
vt 0.9825 0.2578
vt 0.8881 0.2578
vt 0.9825 0.1829
vt 0.8881 0.1829
vt 0.8881 0.0331
vt 0.8881 0.1080
vt 0.9825 0.1080
vt 0.9825 0.0331
vt 0.9825 0.4075
vt 0.9825 0.3326
vt 0.8881 0.3326
vt 0.8881 0.4075
vt 0.9825 0.2578
vt 0.8881 0.2578
vt 0.9825 0.1829
vt 0.8881 0.1829
vt 0.8881 0.0331
vt 0.8881 0.1080
vt 0.9825 0.1080
vt 0.9825 0.0331
vt 0.9825 0.4075
vt 0.9825 0.3326
vt 0.8881 0.3326
vt 0.8881 0.4075
vt 0.9825 0.2578
vt 0.8881 0.2578
vt 0.9825 0.1829
vt 0.8881 0.1829
vt 0.8881 0.0331
vt 0.8881 0.1080
vt 0.9825 0.1080
vt 0.9825 0.0331
vt 0.9825 0.4075
vt 0.9825 0.3326
vt 0.8881 0.3326
vt 0.8881 0.4075
vt 0.9825 0.2578
vt 0.8881 0.2578
vt 0.9825 0.1829
vt 0.8881 0.1829
vt 0.8881 0.0331
vt 0.8881 0.1080
vt 0.9825 0.1080
vt 0.9825 0.0331
vt 0.9825 0.4075
vt 0.9825 0.3326
vt 0.8881 0.3326
vt 0.8881 0.4075
vt 0.9825 0.2578
vt 0.8881 0.2578
vt 0.9825 0.1829
vt 0.8881 0.1829
vt 0.8881 0.0331
vt 0.8881 0.1080
vt 0.9825 0.1080
vt 0.9825 0.0331
vt 0.9825 0.4075
vt 0.9825 0.3326
vt 0.8881 0.3326
vt 0.8881 0.4075
vt 0.9825 0.2578
vt 0.8881 0.2578
vt 0.9825 0.1829
vt 0.8881 0.1829
vt 0.8881 0.0331
vt 0.8881 0.1080
vt 0.9825 0.1080
vt 0.9825 0.0331
vt 0.9825 0.4075
vt 0.9825 0.3326
vt 0.8881 0.3326
vt 0.8881 0.4075
vt 0.9825 0.2578
vt 0.8881 0.2578
vt 0.9825 0.1829
vt 0.8881 0.1829
vt 0.8881 0.0331
vt 0.8881 0.1080
vt 0.9825 0.1080
vt 0.9825 0.0331
vt 0.9825 0.4075
vt 0.9825 0.3326
vt 0.8881 0.3326
vt 0.8881 0.4075
vt 0.9825 0.2578
vt 0.8881 0.2578
vt 0.9825 0.1829
vt 0.8881 0.1829
vt 0.8881 0.0331
vt 0.8881 0.1080
vt 0.9825 0.1080
vt 0.9825 0.0331
vt 0.9825 0.4075
vt 0.9825 0.3326
vt 0.8881 0.3326
vt 0.8881 0.4075
vt 0.9825 0.2578
vt 0.8881 0.2578
vt 0.9825 0.1829
vt 0.8881 0.1829
vt 0.8881 0.0331
vt 0.8881 0.1080
vt 0.9825 0.1080
vt 0.9825 0.0331
vt 0.9825 0.4075
vt 0.9825 0.3326
vt 0.8881 0.3326
vt 0.8881 0.4075
vt 0.9825 0.2578
vt 0.8881 0.2578
vt 0.9825 0.1829
vt 0.8881 0.1829
vt 0.8881 0.0331
vt 0.8881 0.1080
vt 0.9825 0.1080
vt 0.9825 0.0331
vt 0.9825 0.4075
vt 0.9825 0.3326
vt 0.8881 0.3326
vt 0.8881 0.4075
vt 0.9825 0.2578
vt 0.8881 0.2578
vt 0.9825 0.1829
vt 0.8881 0.1829
vt 0.8881 0.0331
vt 0.8881 0.1080
vt 0.9825 0.1080
vt 0.9825 0.0331
vt 0.9825 0.4075
vt 0.9825 0.3326
vt 0.8881 0.3326
vt 0.8881 0.4075
vt 0.9825 0.2578
vt 0.8881 0.2578
vt 0.9825 0.1829
vt 0.8881 0.1829
vt 0.8881 0.0331
vt 0.8881 0.1080
vt 0.9825 0.1080
vt 0.9825 0.0331
vt 0.9825 0.4075
vt 0.9825 0.3326
vt 0.8881 0.3326
vt 0.8881 0.4075
vt 0.9825 0.2578
vt 0.8881 0.2578
vt 0.9825 0.1829
vt 0.8881 0.1829
vt 0.8881 0.0331
vt 0.8881 0.1080
vt 0.9825 0.1080
vt 0.9825 0.0331
vt 0.9825 0.4075
vt 0.9825 0.3326
vt 0.8881 0.3326
vt 0.8881 0.4075
vt 0.9825 0.2578
vt 0.8881 0.2578
vt 0.9825 0.1829
vt 0.8881 0.1829
vt 0.8881 0.0331
vt 0.8881 0.1080
vt 0.9825 0.1080
vt 0.9825 0.0331
vt 0.9825 0.4075
vt 0.9825 0.3326
vt 0.8881 0.3326
vt 0.8881 0.4075
vt 0.9825 0.2578
vt 0.8881 0.2578
vt 0.9825 0.1829
vt 0.8881 0.1829
vt 0.8881 0.0331
vt 0.8881 0.1080
vt 0.9825 0.1080
vt 0.9825 0.0331
vt 0.9825 0.4075
vt 0.9825 0.3326
vt 0.8881 0.3326
vt 0.8881 0.4075
vt 0.9825 0.2578
vt 0.8881 0.2578
vt 0.9825 0.1829
vt 0.8881 0.1829
vt 0.8881 0.0331
vt 0.8881 0.1080
vt 0.9825 0.1080
vt 0.9825 0.0331
vt 0.9825 0.4075
vt 0.9825 0.3326
vt 0.8881 0.3326
vt 0.8881 0.4075
vt 0.9825 0.2578
vt 0.8881 0.2578
vt 0.9825 0.1829
vt 0.8881 0.1829
vt 0.8881 0.0331
vt 0.8881 0.1080
vt 0.9825 0.1080
vt 0.9825 0.0331
vt 0.9825 0.4075
vt 0.9825 0.3326
vt 0.8881 0.3326
vt 0.8881 0.4075
vt 0.9825 0.2578
vt 0.8881 0.2578
vt 0.9825 0.1829
vt 0.8881 0.1829
vt 0.8881 0.0331
vt 0.8881 0.1080
vt 0.9825 0.1080
vt 0.9825 0.0331
vt 0.9825 0.4075
vt 0.9825 0.3326
vt 0.8881 0.3326
vt 0.8881 0.4075
vt 0.9825 0.2578
vt 0.8881 0.2578
vt 0.9825 0.1829
vt 0.8881 0.1829
vt 0.8881 0.0331
vt 0.8881 0.1080
vt 0.9825 0.1080
vt 0.9825 0.0331
vt 0.9825 0.4075
vt 0.9825 0.3326
vt 0.8881 0.3326
vt 0.8881 0.4075
vt 0.9825 0.2578
vt 0.8881 0.2578
vt 0.9825 0.1829
vt 0.8881 0.1829
vt 0.8881 0.0331
vt 0.8881 0.1080
vt 0.9825 0.1080
vt 0.9825 0.0331
vt 0.9825 0.4075
vt 0.9825 0.3326
vt 0.8881 0.3326
vt 0.8881 0.4075
vt 0.9825 0.2578
vt 0.8881 0.2578
vt 0.9825 0.1829
vt 0.8881 0.1829
vt 0.8881 0.0331
vt 0.8881 0.1080
vt 0.9825 0.1080
vt 0.9825 0.0331
vt 0.9825 0.4075
vt 0.9825 0.3326
vt 0.8881 0.3326
vt 0.8881 0.4075
vt 0.9825 0.2578
vt 0.8881 0.2578
vt 0.9825 0.1829
vt 0.8881 0.1829
vt 0.8881 0.0331
vt 0.8881 0.1080
vt 0.9825 0.1080
vt 0.9825 0.0331
vt 0.9825 0.4075
vt 0.9825 0.3326
vt 0.8881 0.3326
vt 0.8881 0.4075
vt 0.9825 0.2578
vt 0.8881 0.2578
vt 0.9825 0.1829
vt 0.8881 0.1829
vt 0.8881 0.0331
vt 0.8881 0.1080
vt 0.9825 0.1080
vt 0.9825 0.0331
vt 0.9825 0.4075
vt 0.9825 0.3326
vt 0.8881 0.3326
vt 0.8881 0.4075
vt 0.9825 0.2578
vt 0.8881 0.2578
vt 0.9825 0.1829
vt 0.8881 0.1829
vt 0.8881 0.0331
vt 0.8881 0.1080
vt 0.9825 0.1080
vt 0.9825 0.0331
vt 0.9825 0.4075
vt 0.9825 0.3326
vt 0.8881 0.3326
vt 0.8881 0.4075
vt 0.9825 0.2578
vt 0.8881 0.2578
vt 0.9825 0.1829
vt 0.8881 0.1829
vt 0.8881 0.0331
vt 0.8881 0.1080
vt 0.9825 0.1080
vt 0.9825 0.0331
vt 0.9825 0.4075
vt 0.9825 0.3326
vt 0.8881 0.3326
vt 0.8881 0.4075
vt 0.9825 0.2578
vt 0.8881 0.2578
vt 0.9825 0.1829
vt 0.8881 0.1829
vt 0.8881 0.0331
vt 0.8881 0.1080
vt 0.9825 0.1080
vt 0.9825 0.0331
vt 0.9825 0.4075
vt 0.9825 0.3326
vt 0.8881 0.3326
vt 0.8881 0.4075
vt 0.9825 0.2578
vt 0.8881 0.2578
vt 0.9825 0.1829
vt 0.8881 0.1829
vt 0.8881 0.0331
vt 0.8881 0.1080
vt 0.9825 0.1080
vt 0.9825 0.0331
vt 0.9825 0.4075
vt 0.9825 0.3326
vt 0.8881 0.3326
vt 0.8881 0.4075
vt 0.9825 0.2578
vt 0.8881 0.2578
vt 0.9825 0.1829
vt 0.8881 0.1829
vt 0.8881 0.0331
vt 0.8881 0.1080
vt 0.9825 0.1080
vt 0.9825 0.0331
vt 0.9825 0.4075
vt 0.9825 0.3326
vt 0.8881 0.3326
vt 0.8881 0.4075
vt 0.9825 0.2578
vt 0.8881 0.2578
vt 0.9825 0.1829
vt 0.8881 0.1829
vt 0.8881 0.0331
vt 0.8881 0.1080
vt 0.9825 0.1080
vt 0.9825 0.0331
vt 0.9825 0.4075
vt 0.9825 0.3326
vt 0.8881 0.3326
vt 0.8881 0.4075
vt 0.9825 0.2578
vt 0.8881 0.2578
vt 0.9825 0.1829
vt 0.8881 0.1829
vt 0.8881 0.0331
vt 0.8881 0.1080
vt 0.9825 0.1080
vt 0.9825 0.0331
vt 0.9825 0.4075
vt 0.9825 0.3326
vt 0.8881 0.3326
vt 0.8881 0.4075
vt 0.9825 0.2578
vt 0.8881 0.2578
vt 0.9825 0.1829
vt 0.8881 0.1829
vt 0.8881 0.0331
vt 0.8881 0.1080
vt 0.9825 0.1080
vt 0.9825 0.0331
vt 0.9825 0.4075
vt 0.9825 0.3326
vt 0.8881 0.3326
vt 0.8881 0.4075
vt 0.9825 0.2578
vt 0.8881 0.2578
vt 0.9825 0.1829
vt 0.8881 0.1829
vt 0.8881 0.0331
vt 0.8881 0.1080
vt 0.9825 0.1080
vt 0.9825 0.0331
vt 0.9825 0.4075
vt 0.9825 0.3326
vt 0.8881 0.3326
vt 0.8881 0.4075
vt 0.9825 0.2578
vt 0.8881 0.2578
vt 0.9825 0.1829
vt 0.8881 0.1829
vt 0.8881 0.0331
vt 0.8881 0.1080
vt 0.9825 0.1080
vt 0.9825 0.0331
vt 0.9825 0.4075
vt 0.9825 0.3326
vt 0.8881 0.3326
vt 0.8881 0.4075
vt 0.9825 0.2578
vt 0.8881 0.2578
vt 0.9825 0.1829
vt 0.8881 0.1829
vt 0.8881 0.0331
vt 0.8881 0.0581
vt 0.9825 0.0581
vt 0.9825 0.0331
vt 0.9825 0.4075
vt 0.9825 0.3326
vt 0.8881 0.3326
vt 0.8881 0.4075
vt 0.9825 0.2578
vt 0.8881 0.2578
vt 0.9825 0.1829
vt 0.8881 0.1829
vt 0.9825 0.1080
vt 0.8881 0.1080
vt 0.9825 0.0831
vt 0.8881 0.0831
vt 0.8881 0.0331
vt 0.8881 0.0581
vt 0.9825 0.0581
vt 0.9825 0.0331
vt 0.9825 0.4075
vt 0.9825 0.3326
vt 0.8881 0.3326
vt 0.8881 0.4075
vt 0.9825 0.2578
vt 0.8881 0.2578
vt 0.9825 0.1829
vt 0.8881 0.1829
vt 0.9825 0.1080
vt 0.8881 0.1080
vt 0.9825 0.0831
vt 0.8881 0.0831
vt 0.8881 0.0331
vt 0.8881 0.0581
vt 0.9825 0.0581
vt 0.9825 0.0331
vt 0.9825 0.4075
vt 0.9825 0.3326
vt 0.8881 0.3326
vt 0.8881 0.4075
vt 0.9825 0.2578
vt 0.8881 0.2578
vt 0.9825 0.1829
vt 0.8881 0.1829
vt 0.9825 0.1080
vt 0.8881 0.1080
vt 0.9825 0.0831
vt 0.8881 0.0831
vt 0.8881 0.0331
vt 0.8881 0.0581
vt 0.9825 0.0581
vt 0.9825 0.0331
vt 0.9825 0.4075
vt 0.9825 0.3326
vt 0.8881 0.3326
vt 0.8881 0.4075
vt 0.9825 0.2578
vt 0.8881 0.2578
vt 0.9825 0.1829
vt 0.8881 0.1829
vt 0.9825 0.1080
vt 0.8881 0.1080
vt 0.9825 0.0831
vt 0.8881 0.0831
vt 0.8881 0.0331
vt 0.8881 0.1080
vt 0.9825 0.1080
vt 0.9825 0.0331
vt 0.9825 0.4075
vt 0.9825 0.3326
vt 0.8881 0.3326
vt 0.8881 0.4075
vt 0.9825 0.2578
vt 0.8881 0.2578
vt 0.9825 0.1829
vt 0.8881 0.1829
vt 0.8881 0.0331
vt 0.8881 0.1080
vt 0.9825 0.1080
vt 0.9825 0.0331
vt 0.9825 0.4075
vt 0.9825 0.3326
vt 0.8881 0.3326
vt 0.8881 0.4075
vt 0.9825 0.2578
vt 0.8881 0.2578
vt 0.9825 0.1829
vt 0.8881 0.1829
vt 0.8881 0.0331
vt 0.8881 0.1080
vt 0.9825 0.1080
vt 0.9825 0.0331
vt 0.9825 0.4075
vt 0.9825 0.3326
vt 0.8881 0.3326
vt 0.8881 0.4075
vt 0.9825 0.2578
vt 0.8881 0.2578
vt 0.9825 0.1829
vt 0.8881 0.1829
vt 0.8881 0.0331
vt 0.8881 0.1080
vt 0.9825 0.1080
vt 0.9825 0.0331
vt 0.9825 0.4075
vt 0.9825 0.3326
vt 0.8881 0.3326
vt 0.8881 0.4075
vt 0.9825 0.2578
vt 0.8881 0.2578
vt 0.9825 0.1829
vt 0.8881 0.1829
vt 0.8881 0.0331
vt 0.8881 0.0581
vt 0.9825 0.0581
vt 0.9825 0.0331
vt 0.9825 0.4075
vt 0.9825 0.3326
vt 0.8881 0.3326
vt 0.8881 0.4075
vt 0.9825 0.2578
vt 0.8881 0.2578
vt 0.9825 0.1829
vt 0.8881 0.1829
vt 0.9825 0.1080
vt 0.8881 0.1080
vt 0.9825 0.0831
vt 0.8881 0.0831
vt 0.8881 0.0331
vt 0.8881 0.0581
vt 0.9825 0.0581
vt 0.9825 0.0331
vt 0.9825 0.4075
vt 0.9825 0.3326
vt 0.8881 0.3326
vt 0.8881 0.4075
vt 0.9825 0.2578
vt 0.8881 0.2578
vt 0.9825 0.1829
vt 0.8881 0.1829
vt 0.9825 0.1080
vt 0.8881 0.1080
vt 0.9825 0.0831
vt 0.8881 0.0831
vt 0.8881 0.0331
vt 0.8881 0.0581
vt 0.9825 0.0581
vt 0.9825 0.0331
vt 0.9825 0.4075
vt 0.9825 0.3326
vt 0.8881 0.3326
vt 0.8881 0.4075
vt 0.9825 0.2578
vt 0.8881 0.2578
vt 0.9825 0.1829
vt 0.8881 0.1829
vt 0.9825 0.1080
vt 0.8881 0.1080
vt 0.9825 0.0831
vt 0.8881 0.0831
vt 0.8881 0.0331
vt 0.8881 0.0581
vt 0.9825 0.0581
vt 0.9825 0.0331
vt 0.9825 0.4075
vt 0.9825 0.3326
vt 0.8881 0.3326
vt 0.8881 0.4075
vt 0.9825 0.2578
vt 0.8881 0.2578
vt 0.9825 0.1829
vt 0.8881 0.1829
vt 0.9825 0.1080
vt 0.8881 0.1080
vt 0.9825 0.0831
vt 0.8881 0.0831
vt 0.8881 0.0331
vt 0.8881 0.1080
vt 0.9825 0.1080
vt 0.9825 0.0331
vt 0.9825 0.4075
vt 0.9825 0.3326
vt 0.8881 0.3326
vt 0.8881 0.4075
vt 0.9825 0.2578
vt 0.8881 0.2578
vt 0.9825 0.1829
vt 0.8881 0.1829
vt 0.8881 0.0331
vt 0.8881 0.1080
vt 0.9825 0.1080
vt 0.9825 0.0331
vt 0.9825 0.4075
vt 0.9825 0.3326
vt 0.8881 0.3326
vt 0.8881 0.4075
vt 0.9825 0.2578
vt 0.8881 0.2578
vt 0.9825 0.1829
vt 0.8881 0.1829
vt 0.8881 0.0331
vt 0.8881 0.1080
vt 0.9825 0.1080
vt 0.9825 0.0331
vt 0.9825 0.4075
vt 0.9825 0.3326
vt 0.8881 0.3326
vt 0.8881 0.4075
vt 0.9825 0.2578
vt 0.8881 0.2578
vt 0.9825 0.1829
vt 0.8881 0.1829
vt 0.8881 0.0331
vt 0.8881 0.1080
vt 0.9825 0.1080
vt 0.9825 0.0331
vt 0.9825 0.4075
vt 0.9825 0.3326
vt 0.8881 0.3326
vt 0.8881 0.4075
vt 0.9825 0.2578
vt 0.8881 0.2578
vt 0.9825 0.1829
vt 0.8881 0.1829
vt 0.8881 0.0331
vt 0.8881 0.1080
vt 0.9825 0.1080
vt 0.9825 0.0331
vt 0.9825 0.4075
vt 0.9825 0.3326
vt 0.8881 0.3326
vt 0.8881 0.4075
vt 0.9825 0.2578
vt 0.8881 0.2578
vt 0.9825 0.1829
vt 0.8881 0.1829
vt 0.8881 0.0331
vt 0.8881 0.1080
vt 0.9825 0.1080
vt 0.9825 0.0331
vt 0.9825 0.4075
vt 0.9825 0.3326
vt 0.8881 0.3326
vt 0.8881 0.4075
vt 0.9825 0.2578
vt 0.8881 0.2578
vt 0.9825 0.1829
vt 0.8881 0.1829
vt 0.8881 0.0331
vt 0.8881 0.1080
vt 0.9825 0.1080
vt 0.9825 0.0331
vt 0.9825 0.4075
vt 0.9825 0.3326
vt 0.8881 0.3326
vt 0.8881 0.4075
vt 0.9825 0.2578
vt 0.8881 0.2578
vt 0.9825 0.1829
vt 0.8881 0.1829
vt 0.0057 0.0191
vt 0.0057 0.0940
vt 0.1001 0.0940
vt 0.1001 0.0191
vt 0.1001 0.3935
vt 0.1001 0.3186
vt 0.0057 0.3186
vt 0.0057 0.3935
vt 0.1001 0.2438
vt 0.0057 0.2438
vt 0.1001 0.1689
vt 0.0057 0.1689
vt 0.0057 0.3935
vt 0.0057 0.3186
vt 0.1001 0.3186
vt 0.1001 0.3935
vt 0.1001 0.0191
vt 0.1001 0.0441
vt 0.0057 0.0441
vt 0.0057 0.0191
vt 0.0057 0.2438
vt 0.1001 0.2438
vt 0.0057 0.1689
vt 0.1001 0.1689
vt 0.0057 0.0940
vt 0.1001 0.0940
vt 0.0057 0.0690
vt 0.1001 0.0690
vt 0.0057 0.0191
vt 0.0057 0.0441
vt 0.1001 0.0441
vt 0.1001 0.0191
vt 0.1001 0.3935
vt 0.1001 0.3186
vt 0.0057 0.3186
vt 0.0057 0.3935
vt 0.1001 0.2438
vt 0.0057 0.2438
vt 0.1001 0.1689
vt 0.0057 0.1689
vt 0.1001 0.0940
vt 0.0057 0.0940
vt 0.1001 0.0690
vt 0.0057 0.0690
vt 0.0057 0.0191
vt 0.0057 0.0441
vt 0.1001 0.0441
vt 0.1001 0.0191
vt 0.1001 0.3935
vt 0.1001 0.3186
vt 0.0057 0.3186
vt 0.0057 0.3935
vt 0.1001 0.2438
vt 0.0057 0.2438
vt 0.1001 0.1689
vt 0.0057 0.1689
vt 0.1001 0.0940
vt 0.0057 0.0940
vt 0.1001 0.0690
vt 0.0057 0.0690
vt 0.0057 0.3935
vt 0.0057 0.3186
vt 0.1001 0.3186
vt 0.1001 0.3935
vt 0.1001 0.0191
vt 0.1001 0.0441
vt 0.0057 0.0441
vt 0.0057 0.0191
vt 0.0057 0.2438
vt 0.1001 0.2438
vt 0.0057 0.1689
vt 0.1001 0.1689
vt 0.0057 0.0940
vt 0.1001 0.0940
vt 0.0057 0.0690
vt 0.1001 0.0690
vt 0.0057 0.0191
vt 0.0057 0.0441
vt 0.1001 0.0441
vt 0.1001 0.0191
vt 0.1001 0.3935
vt 0.1001 0.3186
vt 0.0057 0.3186
vt 0.0057 0.3935
vt 0.1001 0.2438
vt 0.0057 0.2438
vt 0.1001 0.1689
vt 0.0057 0.1689
vt 0.1001 0.0940
vt 0.0057 0.0940
vt 0.1001 0.0690
vt 0.0057 0.0690
vt 0.0057 0.0191
vt 0.0057 0.0441
vt 0.1001 0.0441
vt 0.1001 0.0191
vt 0.1001 0.3935
vt 0.1001 0.3186
vt 0.0057 0.3186
vt 0.0057 0.3935
vt 0.1001 0.2438
vt 0.0057 0.2438
vt 0.1001 0.1689
vt 0.0057 0.1689
vt 0.1001 0.0940
vt 0.0057 0.0940
vt 0.1001 0.0690
vt 0.0057 0.0690
vt 0.0057 0.0191
vt 0.0057 0.0441
vt 0.1001 0.0441
vt 0.1001 0.0191
vt 0.1001 0.3935
vt 0.1001 0.3186
vt 0.0057 0.3186
vt 0.0057 0.3935
vt 0.1001 0.2438
vt 0.0057 0.2438
vt 0.1001 0.1689
vt 0.0057 0.1689
vt 0.1001 0.0940
vt 0.0057 0.0940
vt 0.1001 0.0690
vt 0.0057 0.0690
vt 0.0057 0.0191
vt 0.0057 0.0441
vt 0.1001 0.0441
vt 0.1001 0.0191
vt 0.1001 0.3935
vt 0.1001 0.3186
vt 0.0057 0.3186
vt 0.0057 0.3935
vt 0.1001 0.2438
vt 0.0057 0.2438
vt 0.1001 0.1689
vt 0.0057 0.1689
vt 0.1001 0.0940
vt 0.0057 0.0940
vt 0.1001 0.0690
vt 0.0057 0.0690
vt 0.0057 0.0191
vt 0.0057 0.0441
vt 0.1001 0.0441
vt 0.1001 0.0191
vt 0.1001 0.3935
vt 0.1001 0.3186
vt 0.0057 0.3186
vt 0.0057 0.3935
vt 0.1001 0.2438
vt 0.0057 0.2438
vt 0.1001 0.1689
vt 0.0057 0.1689
vt 0.1001 0.0940
vt 0.0057 0.0940
vt 0.1001 0.0690
vt 0.0057 0.0690
vt 0.0057 0.0191
vt 0.0057 0.0441
vt 0.1001 0.0441
vt 0.1001 0.0191
vt 0.1001 0.3935
vt 0.1001 0.3186
vt 0.0057 0.3186
vt 0.0057 0.3935
vt 0.1001 0.2438
vt 0.0057 0.2438
vt 0.1001 0.1689
vt 0.0057 0.1689
vt 0.1001 0.0940
vt 0.0057 0.0940
vt 0.1001 0.0690
vt 0.0057 0.0690
vt 0.0057 0.0191
vt 0.0057 0.0441
vt 0.1001 0.0441
vt 0.1001 0.0191
vt 0.1001 0.3935
vt 0.1001 0.3186
vt 0.0057 0.3186
vt 0.0057 0.3935
vt 0.1001 0.2438
vt 0.0057 0.2438
vt 0.1001 0.1689
vt 0.0057 0.1689
vt 0.1001 0.0940
vt 0.0057 0.0940
vt 0.1001 0.0690
vt 0.0057 0.0690
vt 0.0057 0.0191
vt 0.0057 0.0441
vt 0.1001 0.0441
vt 0.1001 0.0191
vt 0.1001 0.3935
vt 0.1001 0.3186
vt 0.0057 0.3186
vt 0.0057 0.3935
vt 0.1001 0.2438
vt 0.0057 0.2438
vt 0.1001 0.1689
vt 0.0057 0.1689
vt 0.1001 0.0940
vt 0.0057 0.0940
vt 0.1001 0.0690
vt 0.0057 0.0690
vt 0.0057 0.0191
vt 0.0057 0.0940
vt 0.1001 0.0940
vt 0.1001 0.0191
vt 0.1001 0.3935
vt 0.1001 0.3186
vt 0.0057 0.3186
vt 0.0057 0.3935
vt 0.1001 0.2438
vt 0.0057 0.2438
vt 0.1001 0.1689
vt 0.0057 0.1689
vt 0.0057 0.0191
vt 0.0057 0.0940
vt 0.1001 0.0940
vt 0.1001 0.0191
vt 0.1001 0.3935
vt 0.1001 0.3186
vt 0.0057 0.3186
vt 0.0057 0.3935
vt 0.1001 0.2438
vt 0.0057 0.2438
vt 0.1001 0.1689
vt 0.0057 0.1689
vt 0.0057 0.0191
vt 0.0057 0.0940
vt 0.1001 0.0940
vt 0.1001 0.0191
vt 0.1001 0.3935
vt 0.1001 0.3186
vt 0.0057 0.3186
vt 0.0057 0.3935
vt 0.1001 0.2438
vt 0.0057 0.2438
vt 0.1001 0.1689
vt 0.0057 0.1689
vt 0.0057 0.0191
vt 0.0057 0.0940
vt 0.1001 0.0940
vt 0.1001 0.0191
vt 0.1001 0.3935
vt 0.1001 0.3186
vt 0.0057 0.3186
vt 0.0057 0.3935
vt 0.1001 0.2438
vt 0.0057 0.2438
vt 0.1001 0.1689
vt 0.0057 0.1689
vt 0.0057 0.0191
vt 0.0057 0.0940
vt 0.1001 0.0940
vt 0.1001 0.0191
vt 0.1001 0.3935
vt 0.1001 0.3186
vt 0.0057 0.3186
vt 0.0057 0.3935
vt 0.1001 0.2438
vt 0.0057 0.2438
vt 0.1001 0.1689
vt 0.0057 0.1689
vt 0.0057 0.0191
vt 0.0057 0.0940
vt 0.1001 0.0940
vt 0.1001 0.0191
vt 0.1001 0.3935
vt 0.1001 0.3186
vt 0.0057 0.3186
vt 0.0057 0.3935
vt 0.1001 0.2438
vt 0.0057 0.2438
vt 0.1001 0.1689
vt 0.0057 0.1689
vt 0.0057 0.0191
vt 0.0057 0.0940
vt 0.1001 0.0940
vt 0.1001 0.0191
vt 0.1001 0.3935
vt 0.1001 0.3186
vt 0.0057 0.3186
vt 0.0057 0.3935
vt 0.1001 0.2438
vt 0.0057 0.2438
vt 0.1001 0.1689
vt 0.0057 0.1689
vt 0.0057 0.0191
vt 0.0057 0.0940
vt 0.1001 0.0940
vt 0.1001 0.0191
vt 0.1001 0.3935
vt 0.1001 0.3186
vt 0.0057 0.3186
vt 0.0057 0.3935
vt 0.1001 0.2438
vt 0.0057 0.2438
vt 0.1001 0.1689
vt 0.0057 0.1689
vt 0.0057 0.0191
vt 0.0057 0.0940
vt 0.1001 0.0940
vt 0.1001 0.0191
vt 0.1001 0.3935
vt 0.1001 0.3186
vt 0.0057 0.3186
vt 0.0057 0.3935
vt 0.1001 0.2438
vt 0.0057 0.2438
vt 0.1001 0.1689
vt 0.0057 0.1689
vt 0.0057 0.0191
vt 0.0057 0.0441
vt 0.1001 0.0441
vt 0.1001 0.0191
vt 0.1001 0.3935
vt 0.1001 0.3186
vt 0.0057 0.3186
vt 0.0057 0.3935
vt 0.1001 0.2438
vt 0.0057 0.2438
vt 0.1001 0.1689
vt 0.0057 0.1689
vt 0.1001 0.0940
vt 0.0057 0.0940
vt 0.1001 0.0690
vt 0.0057 0.0690
vt 0.0057 0.0191
vt 0.0057 0.0441
vt 0.1001 0.0441
vt 0.1001 0.0191
vt 0.1001 0.3935
vt 0.1001 0.3186
vt 0.0057 0.3186
vt 0.0057 0.3935
vt 0.1001 0.2438
vt 0.0057 0.2438
vt 0.1001 0.1689
vt 0.0057 0.1689
vt 0.1001 0.0940
vt 0.0057 0.0940
vt 0.1001 0.0690
vt 0.0057 0.0690
vt 0.0057 0.0191
vt 0.0057 0.0940
vt 0.1001 0.0940
vt 0.1001 0.0191
vt 0.1001 0.3935
vt 0.1001 0.3186
vt 0.0057 0.3186
vt 0.0057 0.3935
vt 0.1001 0.2438
vt 0.0057 0.2438
vt 0.1001 0.1689
vt 0.0057 0.1689
vt 0.0057 0.0191
vt 0.0057 0.0940
vt 0.1001 0.0940
vt 0.1001 0.0191
vt 0.1001 0.3935
vt 0.1001 0.3186
vt 0.0057 0.3186
vt 0.0057 0.3935
vt 0.1001 0.2438
vt 0.0057 0.2438
vt 0.1001 0.1689
vt 0.0057 0.1689
vt 0.0053 0.3954
vt 0.0053 0.3205
vt 0.0996 0.3205
vt 0.0996 0.3954
vt 0.0996 0.0210
vt 0.0996 0.0460
vt 0.0053 0.0460
vt 0.0053 0.0210
vt 0.0053 0.2456
vt 0.0996 0.2456
vt 0.0053 0.1708
vt 0.0996 0.1708
vt 0.0053 0.0959
vt 0.0996 0.0959
vt 0.0053 0.0709
vt 0.0996 0.0709
vt 0.0053 0.3954
vt 0.0053 0.3205
vt 0.0996 0.3205
vt 0.0996 0.3954
vt 0.0996 0.0210
vt 0.0996 0.0959
vt 0.0053 0.0959
vt 0.0053 0.0210
vt 0.0053 0.2456
vt 0.0996 0.2456
vt 0.0053 0.1708
vt 0.0996 0.1708
f 2/1 8/2 12/3 4/4
f 3/5 9/6 5/7 1/8
f 5/7 9/6 10/9 6/10
f 6/10 10/9 11/11 7/12
f 7/12 11/11 12/3 8/2
f 14/13 28/14 26/15 16/16
f 15/17 21/18 17/19 13/20
f 17/19 21/18 22/21 18/22
f 18/22 22/21 23/23 19/24
f 19/24 23/23 24/25 20/26
f 24/25 25/27 27/28 20/26
f 26/15 28/14 27/28 25/27
f 29/29 33/30 37/31 31/32
f 32/33 40/34 36/35 30/36
f 34/37 38/38 37/31 33/30
f 35/39 39/40 38/38 34/37
f 36/35 40/34 39/40 35/39
f 42/41 56/42 54/43 44/44
f 43/45 49/46 45/47 41/48
f 45/47 49/46 50/49 46/50
f 46/50 50/49 51/51 47/52
f 47/52 51/51 52/53 48/54
f 52/53 53/55 55/56 48/54
f 54/43 56/42 55/56 53/55
f 57/57 61/58 65/59 59/60
f 60/61 70/62 72/63 58/64
f 62/65 66/66 65/59 61/58
f 63/67 67/68 66/66 62/65
f 64/69 68/70 67/68 63/67
f 64/69 71/71 69/72 68/70
f 69/72 71/71 72/63 70/62
f 74/73 80/74 84/75 76/76
f 75/77 81/78 77/79 73/80
f 77/79 81/78 82/81 78/82
f 78/82 82/81 83/83 79/84
f 79/84 83/83 84/75 80/74
f 85/85 89/86 93/87 87/88
f 88/89 98/90 100/91 86/92
f 90/93 94/94 93/87 89/86
f 91/95 95/96 94/94 90/93
f 92/97 96/98 95/96 91/95
f 92/97 99/99 97/100 96/98
f 97/100 99/99 100/91 98/90
f 102/101 116/102 114/103 104/104
f 103/105 109/106 105/107 101/108
f 105/107 109/106 110/109 106/110
f 106/110 110/109 111/111 107/112
f 107/112 111/111 112/113 108/114
f 112/113 113/115 115/116 108/114
f 114/103 116/102 115/116 113/115
f 118/117 132/118 130/119 120/120
f 119/121 125/122 121/123 117/124
f 121/123 125/122 126/125 122/126
f 122/126 126/125 127/127 123/128
f 123/128 127/127 128/129 124/130
f 128/129 129/131 131/132 124/130
f 130/119 132/118 131/132 129/131
f 134/133 148/134 146/135 136/136
f 135/137 141/138 137/139 133/140
f 137/139 141/138 142/141 138/142
f 138/142 142/141 143/143 139/144
f 139/144 143/143 144/145 140/146
f 144/145 145/147 147/148 140/146
f 146/135 148/134 147/148 145/147
f 150/149 164/150 162/151 152/152
f 151/153 157/154 153/155 149/156
f 153/155 157/154 158/157 154/158
f 154/158 158/157 159/159 155/160
f 155/160 159/159 160/161 156/162
f 160/161 161/163 163/164 156/162
f 162/151 164/150 163/164 161/163
f 166/165 180/166 178/167 168/168
f 167/169 173/170 169/171 165/172
f 169/171 173/170 174/173 170/174
f 170/174 174/173 175/175 171/176
f 171/176 175/175 176/177 172/178
f 176/177 177/179 179/180 172/178
f 178/167 180/166 179/180 177/179
f 181/181 185/182 189/183 183/184
f 184/185 192/186 188/187 182/188
f 186/189 190/190 189/183 185/182
f 187/191 191/192 190/190 186/189
f 188/187 192/186 191/192 187/191
f 193/193 197/194 201/195 195/196
f 196/197 204/198 200/199 194/200
f 198/201 202/202 201/195 197/194
f 199/203 203/204 202/202 198/201
f 200/199 204/198 203/204 199/203
f 205/205 209/206 213/207 207/208
f 208/209 216/210 212/211 206/212
f 210/213 214/214 213/207 209/206
f 211/215 215/216 214/214 210/213
f 212/211 216/210 215/216 211/215
f 217/217 221/218 225/219 219/220
f 220/221 228/222 224/223 218/224
f 222/225 226/226 225/219 221/218
f 223/227 227/228 226/226 222/225
f 224/223 228/222 227/228 223/227
f 229/229 233/230 237/231 231/232
f 232/233 240/234 236/235 230/236
f 234/237 238/238 237/231 233/230
f 235/239 239/240 238/238 234/237
f 236/235 240/234 239/240 235/239
f 241/241 245/242 249/243 243/244
f 244/245 252/246 248/247 242/248
f 246/249 250/250 249/243 245/242
f 247/251 251/252 250/250 246/249
f 248/247 252/246 251/252 247/251
f 253/253 257/254 261/255 255/256
f 256/257 264/258 260/259 254/260
f 258/261 262/262 261/255 257/254
f 259/263 263/264 262/262 258/261
f 260/259 264/258 263/264 259/263
f 265/265 269/266 273/267 267/268
f 268/269 276/270 272/271 266/272
f 270/273 274/274 273/267 269/266
f 271/275 275/276 274/274 270/273
f 272/271 276/270 275/276 271/275
f 277/277 281/278 285/279 279/280
f 280/281 288/282 284/283 278/284
f 282/285 286/286 285/279 281/278
f 283/287 287/288 286/286 282/285
f 284/283 288/282 287/288 283/287
f 289/289 293/290 297/291 291/292
f 292/293 300/294 296/295 290/296
f 294/297 298/298 297/291 293/290
f 295/299 299/300 298/298 294/297
f 296/295 300/294 299/300 295/299
f 301/301 305/302 309/303 303/304
f 304/305 312/306 308/307 302/308
f 306/309 310/310 309/303 305/302
f 307/311 311/312 310/310 306/309
f 308/307 312/306 311/312 307/311
f 313/313 317/314 321/315 315/316
f 316/317 324/318 320/319 314/320
f 318/321 322/322 321/315 317/314
f 319/323 323/324 322/322 318/321
f 320/319 324/318 323/324 319/323
f 325/325 329/326 333/327 327/328
f 328/329 338/330 340/331 326/332
f 330/333 334/334 333/327 329/326
f 331/335 335/336 334/334 330/333
f 332/337 336/338 335/336 331/335
f 332/337 339/339 337/340 336/338
f 337/340 339/339 340/331 338/330
f 341/341 345/342 349/343 343/344
f 344/345 354/346 356/347 342/348
f 346/349 350/350 349/343 345/342
f 347/351 351/352 350/350 346/349
f 348/353 352/354 351/352 347/351
f 348/353 355/355 353/356 352/354
f 353/356 355/355 356/347 354/346
f 357/357 361/358 365/359 359/360
f 360/361 370/362 372/363 358/364
f 362/365 366/366 365/359 361/358
f 363/367 367/368 366/366 362/365
f 364/369 368/370 367/368 363/367
f 364/369 371/371 369/372 368/370
f 369/372 371/371 372/363 370/362
f 374/373 388/374 386/375 376/376
f 375/377 381/378 377/379 373/380
f 377/379 381/378 382/381 378/382
f 378/382 382/381 383/383 379/384
f 379/384 383/383 384/385 380/386
f 384/385 385/387 387/388 380/386
f 386/375 388/374 387/388 385/387
f 390/389 396/390 400/391 392/392
f 391/393 397/394 393/395 389/396
f 393/395 397/394 398/397 394/398
f 394/398 398/397 399/399 395/400
f 395/400 399/399 400/391 396/390
f 401/401 405/402 409/403 403/404
f 404/405 412/406 408/407 402/408
f 406/409 410/410 409/403 405/402
f 407/411 411/412 410/410 406/409
f 408/407 412/406 411/412 407/411
f 413/413 417/414 421/415 415/416
f 416/417 426/418 428/419 414/420
f 418/421 422/422 421/415 417/414
f 419/423 423/424 422/422 418/421
f 420/425 424/426 423/424 419/423
f 420/425 427/427 425/428 424/426
f 425/428 427/427 428/419 426/418
f 429/429 433/430 437/431 431/432
f 432/433 442/434 444/435 430/436
f 434/437 438/438 437/431 433/430
f 435/439 439/440 438/438 434/437
f 436/441 440/442 439/440 435/439
f 436/441 443/443 441/444 440/442
f 441/444 443/443 444/435 442/434
f 445/445 449/446 453/447 447/448
f 448/449 458/450 460/451 446/452
f 450/453 454/454 453/447 449/446
f 451/455 455/456 454/454 450/453
f 452/457 456/458 455/456 451/455
f 452/457 459/459 457/460 456/458
f 457/460 459/459 460/451 458/450
f 461/461 465/462 469/463 463/464
f 464/465 474/466 476/467 462/468
f 466/469 470/470 469/463 465/462
f 467/471 471/472 470/470 466/469
f 468/473 472/474 471/472 467/471
f 468/473 475/475 473/476 472/474
f 473/476 475/475 476/467 474/466
f 477/477 481/478 485/479 479/480
f 480/481 490/482 492/483 478/484
f 482/485 486/486 485/479 481/478
f 483/487 487/488 486/486 482/485
f 484/489 488/490 487/488 483/487
f 484/489 491/491 489/492 488/490
f 489/492 491/491 492/483 490/482
f 493/493 497/494 501/495 495/496
f 496/497 506/498 508/499 494/500
f 498/501 502/502 501/495 497/494
f 499/503 503/504 502/502 498/501
f 500/505 504/506 503/504 499/503
f 500/505 507/507 505/508 504/506
f 505/508 507/507 508/499 506/498
f 510/509 516/510 520/511 512/512
f 511/513 517/514 513/515 509/516
f 513/515 517/514 518/517 514/518
f 514/518 518/517 519/519 515/520
f 515/520 519/519 520/511 516/510
f 522/521 528/522 532/523 524/524
f 523/525 529/526 525/527 521/528
f 525/527 529/526 530/529 526/530
f 526/530 530/529 531/531 527/532
f 527/532 531/531 532/523 528/522
f 534/533 540/534 544/535 536/536
f 535/537 541/538 537/539 533/540
f 537/539 541/538 542/541 538/542
f 538/542 542/541 543/543 539/544
f 539/544 543/543 544/535 540/534
f 546/545 552/546 556/547 548/548
f 547/549 553/550 549/551 545/552
f 549/551 553/550 554/553 550/554
f 550/554 554/553 555/555 551/556
f 551/556 555/555 556/547 552/546
f 558/557 564/558 568/559 560/560
f 559/561 565/562 561/563 557/564
f 561/563 565/562 566/565 562/566
f 562/566 566/565 567/567 563/568
f 563/568 567/567 568/559 564/558
f 570/569 576/570 580/571 572/572
f 571/573 577/574 573/575 569/576
f 573/575 577/574 578/577 574/578
f 574/578 578/577 579/579 575/580
f 575/580 579/579 580/571 576/570
f 582/581 588/582 592/583 584/584
f 583/585 589/586 585/587 581/588
f 585/587 589/586 590/589 586/590
f 586/590 590/589 591/591 587/592
f 587/592 591/591 592/583 588/582
f 594/593 600/594 604/595 596/596
f 595/597 601/598 597/599 593/600
f 597/599 601/598 602/601 598/602
f 598/602 602/601 603/603 599/604
f 599/604 603/603 604/595 600/594
f 606/605 612/606 616/607 608/608
f 607/609 613/610 609/611 605/612
f 609/611 613/610 614/613 610/614
f 610/614 614/613 615/615 611/616
f 611/616 615/615 616/607 612/606
f 618/617 624/618 628/619 620/620
f 619/621 625/622 621/623 617/624
f 621/623 625/622 626/625 622/626
f 622/626 626/625 627/627 623/628
f 623/628 627/627 628/619 624/618
f 630/629 636/630 640/631 632/632
f 631/633 637/634 633/635 629/636
f 633/635 637/634 638/637 634/638
f 634/638 638/637 639/639 635/640
f 635/640 639/639 640/631 636/630
f 642/641 648/642 652/643 644/644
f 643/645 649/646 645/647 641/648
f 645/647 649/646 650/649 646/650
f 646/650 650/649 651/651 647/652
f 647/652 651/651 652/643 648/642
f 654/653 660/654 664/655 656/656
f 655/657 661/658 657/659 653/660
f 657/659 661/658 662/661 658/662
f 658/662 662/661 663/663 659/664
f 659/664 663/663 664/655 660/654
f 666/665 680/666 678/667 668/668
f 667/669 673/670 669/671 665/672
f 669/671 673/670 674/673 670/674
f 670/674 674/673 675/675 671/676
f 671/676 675/675 676/677 672/678
f 676/677 677/679 679/680 672/678
f 678/667 680/666 679/680 677/679
f 682/681 696/682 694/683 684/684
f 683/685 689/686 685/687 681/688
f 685/687 689/686 690/689 686/690
f 686/690 690/689 691/691 687/692
f 687/692 691/691 692/693 688/694
f 692/693 693/695 695/696 688/694
f 694/683 696/682 695/696 693/695
f 698/697 712/698 710/699 700/700
f 699/701 705/702 701/703 697/704
f 701/703 705/702 706/705 702/706
f 702/706 706/705 707/707 703/708
f 703/708 707/707 708/709 704/710
f 708/709 709/711 711/712 704/710
f 710/699 712/698 711/712 709/711
f 714/713 728/714 726/715 716/716
f 715/717 721/718 717/719 713/720
f 717/719 721/718 722/721 718/722
f 718/722 722/721 723/723 719/724
f 719/724 723/723 724/725 720/726
f 724/725 725/727 727/728 720/726
f 726/715 728/714 727/728 725/727
f 729/729 733/730 737/731 731/732
f 732/733 742/734 744/735 730/736
f 734/737 738/738 737/731 733/730
f 735/739 739/740 738/738 734/737
f 736/741 740/742 739/740 735/739
f 736/741 743/743 741/744 740/742
f 741/744 743/743 744/735 742/734
f 745/745 749/746 753/747 747/748
f 748/749 758/750 760/751 746/752
f 750/753 754/754 753/747 749/746
f 751/755 755/756 754/754 750/753
f 752/757 756/758 755/756 751/755
f 752/757 759/759 757/760 756/758
f 757/760 759/759 760/751 758/750
f 761/761 765/762 769/763 763/764
f 764/765 774/766 776/767 762/768
f 766/769 770/770 769/763 765/762
f 767/771 771/772 770/770 766/769
f 768/773 772/774 771/772 767/771
f 768/773 775/775 773/776 772/774
f 773/776 775/775 776/767 774/766
f 777/777 781/778 785/779 779/780
f 780/781 788/782 784/783 778/784
f 782/785 786/786 785/779 781/778
f 783/787 787/788 786/786 782/785
f 784/783 788/782 787/788 783/787
f 790/789 796/790 800/791 792/792
f 791/793 797/794 793/795 789/796
f 793/795 797/794 798/797 794/798
f 794/798 798/797 799/799 795/800
f 795/800 799/799 800/791 796/790
f 801/801 805/802 809/803 803/804
f 804/805 812/806 808/807 802/808
f 806/809 810/810 809/803 805/802
f 807/811 811/812 810/810 806/809
f 808/807 812/806 811/812 807/811
f 813/813 817/814 821/815 815/816
f 816/817 826/818 828/819 814/820
f 818/821 822/822 821/815 817/814
f 819/823 823/824 822/822 818/821
f 820/825 824/826 823/824 819/823
f 820/825 827/827 825/828 824/826
f 825/828 827/827 828/819 826/818
f 829/829 833/830 837/831 831/832
f 832/833 844/834 842/835 830/836
f 834/837 838/838 837/831 833/830
f 835/839 839/840 838/838 834/837
f 836/841 840/842 839/840 835/839
f 836/841 841/843 843/844 840/842
f 842/835 844/834 843/844 841/843
f 845/845 849/846 853/847 847/848
f 848/849 858/850 860/851 846/852
f 850/853 854/854 853/847 849/846
f 851/855 855/856 854/854 850/853
f 852/857 856/858 855/856 851/855
f 852/857 859/859 857/860 856/858
f 857/860 859/859 860/851 858/850
f 861/861 865/862 869/863 863/864
f 864/865 874/866 876/867 862/868
f 866/869 870/870 869/863 865/862
f 867/871 871/872 870/870 866/869
f 868/873 872/874 871/872 867/871
f 868/873 875/875 873/876 872/874
f 873/876 875/875 876/867 874/866
f 877/877 881/878 885/879 879/880
f 880/881 890/882 892/883 878/884
f 882/885 886/886 885/879 881/878
f 883/887 887/888 886/886 882/885
f 884/889 888/890 887/888 883/887
f 884/889 891/891 889/892 888/890
f 889/892 891/891 892/883 890/882
f 893/893 897/894 901/895 895/896
f 896/897 906/898 908/899 894/900
f 898/901 902/902 901/895 897/894
f 899/903 903/904 902/902 898/901
f 900/905 904/906 903/904 899/903
f 900/905 907/907 905/908 904/906
f 905/908 907/907 908/899 906/898
f 909/909 913/910 917/911 911/912
f 912/913 924/914 922/915 910/916
f 914/917 918/918 917/911 913/910
f 915/919 919/920 918/918 914/917
f 916/921 920/922 919/920 915/919
f 916/921 921/923 923/924 920/922
f 922/915 924/914 923/924 921/923
f 925/925 929/926 933/927 927/928
f 928/929 938/930 940/931 926/932
f 930/933 934/934 933/927 929/926
f 931/935 935/936 934/934 930/933
f 932/937 936/938 935/936 931/935
f 932/937 939/939 937/940 936/938
f 937/940 939/939 940/931 938/930
f 941/941 945/942 949/943 943/944
f 944/945 954/946 956/947 942/948
f 946/949 950/950 949/943 945/942
f 947/951 951/952 950/950 946/949
f 948/953 952/954 951/952 947/951
f 948/953 955/955 953/956 952/954
f 953/956 955/955 956/947 954/946
f 957/957 961/958 965/959 959/960
f 960/961 970/962 972/963 958/964
f 962/965 966/966 965/959 961/958
f 963/967 967/968 966/966 962/965
f 964/969 968/970 967/968 963/967
f 964/969 971/971 969/972 968/970
f 969/972 971/971 972/963 970/962
f 974/973 988/974 986/975 976/976
f 975/977 981/978 977/979 973/980
f 977/979 981/978 982/981 978/982
f 978/982 982/981 983/983 979/984
f 979/984 983/983 984/985 980/986
f 984/985 985/987 987/988 980/986
f 986/975 988/974 987/988 985/987
f 989/989 993/990 997/991 991/992
f 992/993 1002/994 1004/995 990/996
f 994/997 998/998 997/991 993/990
f 995/999 999/1000 998/998 994/997
f 996/1001 1000/1002 999/1000 995/999
f 996/1001 1003/1003 1001/1004 1000/1002
f 1001/1004 1003/1003 1004/995 1002/994
f 1005/1005 1009/1006 1013/1007 1007/1008
f 1008/1009 1018/1010 1020/1011 1006/1012
f 1010/1013 1014/1014 1013/1007 1009/1006
f 1011/1015 1015/1016 1014/1014 1010/1013
f 1012/1017 1016/1018 1015/1016 1011/1015
f 1012/1017 1019/1019 1017/1020 1016/1018
f 1017/1020 1019/1019 1020/1011 1018/1010
f 1021/1021 1025/1022 1029/1023 1023/1024
f 1024/1025 1034/1026 1036/1027 1022/1028
f 1026/1029 1030/1030 1029/1023 1025/1022
f 1027/1031 1031/1032 1030/1030 1026/1029
f 1028/1033 1032/1034 1031/1032 1027/1031
f 1028/1033 1035/1035 1033/1036 1032/1034
f 1033/1036 1035/1035 1036/1027 1034/1026
f 1037/1037 1041/1038 1045/1039 1039/1040
f 1040/1041 1050/1042 1052/1043 1038/1044
f 1042/1045 1046/1046 1045/1039 1041/1038
f 1043/1047 1047/1048 1046/1046 1042/1045
f 1044/1049 1048/1050 1047/1048 1043/1047
f 1044/1049 1051/1051 1049/1052 1048/1050
f 1049/1052 1051/1051 1052/1043 1050/1042
f 1053/1053 1057/1054 1061/1055 1055/1056
f 1056/1057 1068/1058 1066/1059 1054/1060
f 1058/1061 1062/1062 1061/1055 1057/1054
f 1059/1063 1063/1064 1062/1062 1058/1061
f 1060/1065 1064/1066 1063/1064 1059/1063
f 1060/1065 1065/1067 1067/1068 1064/1066
f 1066/1059 1068/1058 1067/1068 1065/1067
f 1069/1069 1073/1070 1077/1071 1071/1072
f 1072/1073 1082/1074 1084/1075 1070/1076
f 1074/1077 1078/1078 1077/1071 1073/1070
f 1075/1079 1079/1080 1078/1078 1074/1077
f 1076/1081 1080/1082 1079/1080 1075/1079
f 1076/1081 1083/1083 1081/1084 1080/1082
f 1081/1084 1083/1083 1084/1075 1082/1074
f 1085/1085 1089/1086 1093/1087 1087/1088
f 1088/1089 1098/1090 1100/1091 1086/1092
f 1090/1093 1094/1094 1093/1087 1089/1086
f 1091/1095 1095/1096 1094/1094 1090/1093
f 1092/1097 1096/1098 1095/1096 1091/1095
f 1092/1097 1099/1099 1097/1100 1096/1098
f 1097/1100 1099/1099 1100/1091 1098/1090
f 1101/1101 1105/1102 1109/1103 1103/1104
f 1104/1105 1114/1106 1116/1107 1102/1108
f 1106/1109 1110/1110 1109/1103 1105/1102
f 1107/1111 1111/1112 1110/1110 1106/1109
f 1108/1113 1112/1114 1111/1112 1107/1111
f 1108/1113 1115/1115 1113/1116 1112/1114
f 1113/1116 1115/1115 1116/1107 1114/1106
f 1117/1117 1121/1118 1125/1119 1119/1120
f 1120/1121 1128/1122 1124/1123 1118/1124
f 1122/1125 1126/1126 1125/1119 1121/1118
f 1123/1127 1127/1128 1126/1126 1122/1125
f 1124/1123 1128/1122 1127/1128 1123/1127
f 1129/1129 1133/1130 1137/1131 1131/1132
f 1132/1133 1140/1134 1136/1135 1130/1136
f 1134/1137 1138/1138 1137/1131 1133/1130
f 1135/1139 1139/1140 1138/1138 1134/1137
f 1136/1135 1140/1134 1139/1140 1135/1139
f 1141/1141 1145/1142 1149/1143 1143/1144
f 1144/1145 1152/1146 1148/1147 1142/1148
f 1146/1149 1150/1150 1149/1143 1145/1142
f 1147/1151 1151/1152 1150/1150 1146/1149
f 1148/1147 1152/1146 1151/1152 1147/1151
f 1153/1153 1157/1154 1161/1155 1155/1156
f 1156/1157 1164/1158 1160/1159 1154/1160
f 1158/1161 1162/1162 1161/1155 1157/1154
f 1159/1163 1163/1164 1162/1162 1158/1161
f 1160/1159 1164/1158 1163/1164 1159/1163
f 1165/1165 1169/1166 1173/1167 1167/1168
f 1168/1169 1176/1170 1172/1171 1166/1172
f 1170/1173 1174/1174 1173/1167 1169/1166
f 1171/1175 1175/1176 1174/1174 1170/1173
f 1172/1171 1176/1170 1175/1176 1171/1175
f 1177/1177 1181/1178 1185/1179 1179/1180
f 1180/1181 1188/1182 1184/1183 1178/1184
f 1182/1185 1186/1186 1185/1179 1181/1178
f 1183/1187 1187/1188 1186/1186 1182/1185
f 1184/1183 1188/1182 1187/1188 1183/1187
f 1189/1189 1193/1190 1197/1191 1191/1192
f 1192/1193 1200/1194 1196/1195 1190/1196
f 1194/1197 1198/1198 1197/1191 1193/1190
f 1195/1199 1199/1200 1198/1198 1194/1197
f 1196/1195 1200/1194 1199/1200 1195/1199
f 1201/1201 1205/1202 1209/1203 1203/1204
f 1204/1205 1212/1206 1208/1207 1202/1208
f 1206/1209 1210/1210 1209/1203 1205/1202
f 1207/1211 1211/1212 1210/1210 1206/1209
f 1208/1207 1212/1206 1211/1212 1207/1211
f 1213/1213 1217/1214 1221/1215 1215/1216
f 1216/1217 1224/1218 1220/1219 1214/1220
f 1218/1221 1222/1222 1221/1215 1217/1214
f 1219/1223 1223/1224 1222/1222 1218/1221
f 1220/1219 1224/1218 1223/1224 1219/1223
f 1225/1225 1229/1226 1233/1227 1227/1228
f 1228/1229 1236/1230 1232/1231 1226/1232
f 1230/1233 1234/1234 1233/1227 1229/1226
f 1231/1235 1235/1236 1234/1234 1230/1233
f 1232/1231 1236/1230 1235/1236 1231/1235
f 1237/1237 1241/1238 1245/1239 1239/1240
f 1240/1241 1248/1242 1244/1243 1238/1244
f 1242/1245 1246/1246 1245/1239 1241/1238
f 1243/1247 1247/1248 1246/1246 1242/1245
f 1244/1243 1248/1242 1247/1248 1243/1247
f 1249/1249 1253/1250 1257/1251 1251/1252
f 1252/1253 1260/1254 1256/1255 1250/1256
f 1254/1257 1258/1258 1257/1251 1253/1250
f 1255/1259 1259/1260 1258/1258 1254/1257
f 1256/1255 1260/1254 1259/1260 1255/1259
f 1261/1261 1265/1262 1269/1263 1263/1264
f 1264/1265 1272/1266 1268/1267 1262/1268
f 1266/1269 1270/1270 1269/1263 1265/1262
f 1267/1271 1271/1272 1270/1270 1266/1269
f 1268/1267 1272/1266 1271/1272 1267/1271
f 1273/1273 1277/1274 1281/1275 1275/1276
f 1276/1277 1284/1278 1280/1279 1274/1280
f 1278/1281 1282/1282 1281/1275 1277/1274
f 1279/1283 1283/1284 1282/1282 1278/1281
f 1280/1279 1284/1278 1283/1284 1279/1283
f 1285/1285 1289/1286 1293/1287 1287/1288
f 1288/1289 1296/1290 1292/1291 1286/1292
f 1290/1293 1294/1294 1293/1287 1289/1286
f 1291/1295 1295/1296 1294/1294 1290/1293
f 1292/1291 1296/1290 1295/1296 1291/1295
f 1297/1297 1301/1298 1305/1299 1299/1300
f 1300/1301 1308/1302 1304/1303 1298/1304
f 1302/1305 1306/1306 1305/1299 1301/1298
f 1303/1307 1307/1308 1306/1306 1302/1305
f 1304/1303 1308/1302 1307/1308 1303/1307
f 1309/1309 1313/1310 1317/1311 1311/1312
f 1312/1313 1320/1314 1316/1315 1310/1316
f 1314/1317 1318/1318 1317/1311 1313/1310
f 1315/1319 1319/1320 1318/1318 1314/1317
f 1316/1315 1320/1314 1319/1320 1315/1319
f 1321/1321 1325/1322 1329/1323 1323/1324
f 1324/1325 1332/1326 1328/1327 1322/1328
f 1326/1329 1330/1330 1329/1323 1325/1322
f 1327/1331 1331/1332 1330/1330 1326/1329
f 1328/1327 1332/1326 1331/1332 1327/1331
f 1333/1333 1337/1334 1341/1335 1335/1336
f 1336/1337 1344/1338 1340/1339 1334/1340
f 1338/1341 1342/1342 1341/1335 1337/1334
f 1339/1343 1343/1344 1342/1342 1338/1341
f 1340/1339 1344/1338 1343/1344 1339/1343
f 1345/1345 1349/1346 1353/1347 1347/1348
f 1348/1349 1356/1350 1352/1351 1346/1352
f 1350/1353 1354/1354 1353/1347 1349/1346
f 1351/1355 1355/1356 1354/1354 1350/1353
f 1352/1351 1356/1350 1355/1356 1351/1355
f 1357/1357 1361/1358 1365/1359 1359/1360
f 1360/1361 1368/1362 1364/1363 1358/1364
f 1362/1365 1366/1366 1365/1359 1361/1358
f 1363/1367 1367/1368 1366/1366 1362/1365
f 1364/1363 1368/1362 1367/1368 1363/1367
f 1369/1369 1373/1370 1377/1371 1371/1372
f 1372/1373 1380/1374 1376/1375 1370/1376
f 1374/1377 1378/1378 1377/1371 1373/1370
f 1375/1379 1379/1380 1378/1378 1374/1377
f 1376/1375 1380/1374 1379/1380 1375/1379
f 1381/1381 1385/1382 1389/1383 1383/1384
f 1384/1385 1392/1386 1388/1387 1382/1388
f 1386/1389 1390/1390 1389/1383 1385/1382
f 1387/1391 1391/1392 1390/1390 1386/1389
f 1388/1387 1392/1386 1391/1392 1387/1391
f 1393/1393 1397/1394 1401/1395 1395/1396
f 1396/1397 1404/1398 1400/1399 1394/1400
f 1398/1401 1402/1402 1401/1395 1397/1394
f 1399/1403 1403/1404 1402/1402 1398/1401
f 1400/1399 1404/1398 1403/1404 1399/1403
f 1405/1405 1409/1406 1413/1407 1407/1408
f 1408/1409 1416/1410 1412/1411 1406/1412
f 1410/1413 1414/1414 1413/1407 1409/1406
f 1411/1415 1415/1416 1414/1414 1410/1413
f 1412/1411 1416/1410 1415/1416 1411/1415
f 1417/1417 1421/1418 1425/1419 1419/1420
f 1420/1421 1428/1422 1424/1423 1418/1424
f 1422/1425 1426/1426 1425/1419 1421/1418
f 1423/1427 1427/1428 1426/1426 1422/1425
f 1424/1423 1428/1422 1427/1428 1423/1427
f 1429/1429 1433/1430 1437/1431 1431/1432
f 1432/1433 1444/1434 1442/1435 1430/1436
f 1434/1437 1438/1438 1437/1431 1433/1430
f 1435/1439 1439/1440 1438/1438 1434/1437
f 1436/1441 1440/1442 1439/1440 1435/1439
f 1436/1441 1441/1443 1443/1444 1440/1442
f 1442/1435 1444/1434 1443/1444 1441/1443
f 1445/1445 1449/1446 1453/1447 1447/1448
f 1448/1449 1458/1450 1460/1451 1446/1452
f 1450/1453 1454/1454 1453/1447 1449/1446
f 1451/1455 1455/1456 1454/1454 1450/1453
f 1452/1457 1456/1458 1455/1456 1451/1455
f 1452/1457 1459/1459 1457/1460 1456/1458
f 1457/1460 1459/1459 1460/1451 1458/1450
f 1461/1461 1465/1462 1469/1463 1463/1464
f 1464/1465 1474/1466 1476/1467 1462/1468
f 1466/1469 1470/1470 1469/1463 1465/1462
f 1467/1471 1471/1472 1470/1470 1466/1469
f 1468/1473 1472/1474 1471/1472 1467/1471
f 1468/1473 1475/1475 1473/1476 1472/1474
f 1473/1476 1475/1475 1476/1467 1474/1466
f 1477/1477 1481/1478 1485/1479 1479/1480
f 1480/1481 1490/1482 1492/1483 1478/1484
f 1482/1485 1486/1486 1485/1479 1481/1478
f 1483/1487 1487/1488 1486/1486 1482/1485
f 1484/1489 1488/1490 1487/1488 1483/1487
f 1484/1489 1491/1491 1489/1492 1488/1490
f 1489/1492 1491/1491 1492/1483 1490/1482
f 1493/1493 1497/1494 1501/1495 1495/1496
f 1496/1497 1504/1498 1500/1499 1494/1500
f 1498/1501 1502/1502 1501/1495 1497/1494
f 1499/1503 1503/1504 1502/1502 1498/1501
f 1500/1499 1504/1498 1503/1504 1499/1503
f 1505/1505 1509/1506 1513/1507 1507/1508
f 1508/1509 1516/1510 1512/1511 1506/1512
f 1510/1513 1514/1514 1513/1507 1509/1506
f 1511/1515 1515/1516 1514/1514 1510/1513
f 1512/1511 1516/1510 1515/1516 1511/1515
f 1517/1517 1521/1518 1525/1519 1519/1520
f 1520/1521 1528/1522 1524/1523 1518/1524
f 1522/1525 1526/1526 1525/1519 1521/1518
f 1523/1527 1527/1528 1526/1526 1522/1525
f 1524/1523 1528/1522 1527/1528 1523/1527
f 1529/1529 1533/1530 1537/1531 1531/1532
f 1532/1533 1540/1534 1536/1535 1530/1536
f 1534/1537 1538/1538 1537/1531 1533/1530
f 1535/1539 1539/1540 1538/1538 1534/1537
f 1536/1535 1540/1534 1539/1540 1535/1539
f 1541/1541 1545/1542 1549/1543 1543/1544
f 1544/1545 1552/1546 1548/1547 1542/1548
f 1546/1549 1550/1550 1549/1543 1545/1542
f 1547/1551 1551/1552 1550/1550 1546/1549
f 1548/1547 1552/1546 1551/1552 1547/1551
f 1553/1553 1557/1554 1561/1555 1555/1556
f 1556/1557 1564/1558 1560/1559 1554/1560
f 1558/1561 1562/1562 1561/1555 1557/1554
f 1559/1563 1563/1564 1562/1562 1558/1561
f 1560/1559 1564/1558 1563/1564 1559/1563
f 1565/1565 1569/1566 1573/1567 1567/1568
f 1568/1569 1576/1570 1572/1571 1566/1572
f 1570/1573 1574/1574 1573/1567 1569/1566
f 1571/1575 1575/1576 1574/1574 1570/1573
f 1572/1571 1576/1570 1575/1576 1571/1575
f 1577/1577 1581/1578 1585/1579 1579/1580
f 1580/1581 1588/1582 1584/1583 1578/1584
f 1582/1585 1586/1586 1585/1579 1581/1578
f 1583/1587 1587/1588 1586/1586 1582/1585
f 1584/1583 1588/1582 1587/1588 1583/1587
f 1589/1589 1593/1590 1597/1591 1591/1592
f 1592/1593 1604/1594 1602/1595 1590/1596
f 1594/1597 1598/1598 1597/1591 1593/1590
f 1595/1599 1599/1600 1598/1598 1594/1597
f 1596/1601 1600/1602 1599/1600 1595/1599
f 1596/1601 1601/1603 1603/1604 1600/1602
f 1602/1595 1604/1594 1603/1604 1601/1603
f 1605/1605 1609/1606 1613/1607 1607/1608
f 1608/1609 1618/1610 1620/1611 1606/1612
f 1610/1613 1614/1614 1613/1607 1609/1606
f 1611/1615 1615/1616 1614/1614 1610/1613
f 1612/1617 1616/1618 1615/1616 1611/1615
f 1612/1617 1619/1619 1617/1620 1616/1618
f 1617/1620 1619/1619 1620/1611 1618/1610
f 1621/1621 1625/1622 1629/1623 1623/1624
f 1624/1625 1634/1626 1636/1627 1622/1628
f 1626/1629 1630/1630 1629/1623 1625/1622
f 1627/1631 1631/1632 1630/1630 1626/1629
f 1628/1633 1632/1634 1631/1632 1627/1631
f 1628/1633 1635/1635 1633/1636 1632/1634
f 1633/1636 1635/1635 1636/1627 1634/1626
f 1637/1637 1641/1638 1645/1639 1639/1640
f 1640/1641 1650/1642 1652/1643 1638/1644
f 1642/1645 1646/1646 1645/1639 1641/1638
f 1643/1647 1647/1648 1646/1646 1642/1645
f 1644/1649 1648/1650 1647/1648 1643/1647
f 1644/1649 1651/1651 1649/1652 1648/1650
f 1649/1652 1651/1651 1652/1643 1650/1642
f 1653/1653 1657/1654 1661/1655 1655/1656
f 1656/1657 1666/1658 1668/1659 1654/1660
f 1658/1661 1662/1662 1661/1655 1657/1654
f 1659/1663 1663/1664 1662/1662 1658/1661
f 1660/1665 1664/1666 1663/1664 1659/1663
f 1660/1665 1667/1667 1665/1668 1664/1666
f 1665/1668 1667/1667 1668/1659 1666/1658
f 1669/1669 1673/1670 1677/1671 1671/1672
f 1672/1673 1682/1674 1684/1675 1670/1676
f 1674/1677 1678/1678 1677/1671 1673/1670
f 1675/1679 1679/1680 1678/1678 1674/1677
f 1676/1681 1680/1682 1679/1680 1675/1679
f 1676/1681 1683/1683 1681/1684 1680/1682
f 1681/1684 1683/1683 1684/1675 1682/1674
f 1685/1685 1689/1686 1693/1687 1687/1688
f 1688/1689 1700/1690 1698/1691 1686/1692
f 1690/1693 1694/1694 1693/1687 1689/1686
f 1691/1695 1695/1696 1694/1694 1690/1693
f 1692/1697 1696/1698 1695/1696 1691/1695
f 1692/1697 1697/1699 1699/1700 1696/1698
f 1698/1691 1700/1690 1699/1700 1697/1699
f 1701/1701 1705/1702 1709/1703 1703/1704
f 1704/1705 1714/1706 1716/1707 1702/1708
f 1706/1709 1710/1710 1709/1703 1705/1702
f 1707/1711 1711/1712 1710/1710 1706/1709
f 1708/1713 1712/1714 1711/1712 1707/1711
f 1708/1713 1715/1715 1713/1716 1712/1714
f 1713/1716 1715/1715 1716/1707 1714/1706
f 1717/1717 1721/1718 1725/1719 1719/1720
f 1720/1721 1730/1722 1732/1723 1718/1724
f 1722/1725 1726/1726 1725/1719 1721/1718
f 1723/1727 1727/1728 1726/1726 1722/1725
f 1724/1729 1728/1730 1727/1728 1723/1727
f 1724/1729 1731/1731 1729/1732 1728/1730
f 1729/1732 1731/1731 1732/1723 1730/1722
f 1733/1733 1737/1734 1741/1735 1735/1736
f 1736/1737 1744/1738 1740/1739 1734/1740
f 1738/1741 1742/1742 1741/1735 1737/1734
f 1739/1743 1743/1744 1742/1742 1738/1741
f 1740/1739 1744/1738 1743/1744 1739/1743
f 1745/1745 1749/1746 1753/1747 1747/1748
f 1748/1749 1756/1750 1752/1751 1746/1752
f 1750/1753 1754/1754 1753/1747 1749/1746
f 1751/1755 1755/1756 1754/1754 1750/1753
f 1752/1751 1756/1750 1755/1756 1751/1755
f 1757/1757 1761/1758 1765/1759 1759/1760
f 1760/1761 1768/1762 1764/1763 1758/1764
f 1762/1765 1766/1766 1765/1759 1761/1758
f 1763/1767 1767/1768 1766/1766 1762/1765
f 1764/1763 1768/1762 1767/1768 1763/1767
f 1769/1769 1773/1770 1777/1771 1771/1772
f 1772/1773 1780/1774 1776/1775 1770/1776
f 1774/1777 1778/1778 1777/1771 1773/1770
f 1775/1779 1779/1780 1778/1778 1774/1777
f 1776/1775 1780/1774 1779/1780 1775/1779
f 1781/1781 1785/1782 1789/1783 1783/1784
f 1784/1785 1792/1786 1788/1787 1782/1788
f 1786/1789 1790/1790 1789/1783 1785/1782
f 1787/1791 1791/1792 1790/1790 1786/1789
f 1788/1787 1792/1786 1791/1792 1787/1791
f 1793/1793 1797/1794 1801/1795 1795/1796
f 1796/1797 1808/1798 1806/1799 1794/1800
f 1798/1801 1802/1802 1801/1795 1797/1794
f 1799/1803 1803/1804 1802/1802 1798/1801
f 1800/1805 1804/1806 1803/1804 1799/1803
f 1800/1805 1805/1807 1807/1808 1804/1806
f 1806/1799 1808/1798 1807/1808 1805/1807
f 1809/1809 1813/1810 1817/1811 1811/1812
f 1812/1813 1822/1814 1824/1815 1810/1816
f 1814/1817 1818/1818 1817/1811 1813/1810
f 1815/1819 1819/1820 1818/1818 1814/1817
f 1816/1821 1820/1822 1819/1820 1815/1819
f 1816/1821 1823/1823 1821/1824 1820/1822
f 1821/1824 1823/1823 1824/1815 1822/1814
f 1825/1825 1829/1826 1833/1827 1827/1828
f 1828/1829 1836/1830 1832/1831 1826/1832
f 1830/1833 1834/1834 1833/1827 1829/1826
f 1831/1835 1835/1836 1834/1834 1830/1833
f 1832/1831 1836/1830 1835/1836 1831/1835
f 1837/1837 1841/1838 1845/1839 1839/1840
f 1840/1841 1848/1842 1844/1843 1838/1844
f 1842/1845 1846/1846 1845/1839 1841/1838
f 1843/1847 1847/1848 1846/1846 1842/1845
f 1844/1843 1848/1842 1847/1848 1843/1847
f 1850/1849 1856/1850 1860/1851 1852/1852
f 1851/1853 1857/1854 1853/1855 1849/1856
f 1853/1855 1857/1854 1858/1857 1854/1858
f 1854/1858 1858/1857 1859/1859 1855/1860
f 1855/1860 1859/1859 1860/1851 1856/1850
f 1862/1861 1874/1862 1876/1863 1864/1864
f 1863/1865 1869/1866 1865/1867 1861/1868
f 1865/1867 1869/1866 1870/1869 1866/1870
f 1866/1870 1870/1869 1871/1871 1867/1872
f 1867/1872 1871/1871 1872/1873 1868/1874
f 1872/1873 1875/1875 1873/1876 1868/1874
f 1873/1876 1875/1875 1876/1863 1874/1862
f 1878/1877 1892/1878 1890/1879 1880/1880
f 1879/1881 1885/1882 1881/1883 1877/1884
f 1881/1883 1885/1882 1886/1885 1882/1886
f 1882/1886 1886/1885 1887/1887 1883/1888
f 1883/1888 1887/1887 1888/1889 1884/1890
f 1888/1889 1889/1891 1891/1892 1884/1890
f 1890/1879 1892/1878 1891/1892 1889/1891
f 1894/1893 1908/1894 1906/1895 1896/1896
f 1895/1897 1901/1898 1897/1899 1893/1900
f 1897/1899 1901/1898 1902/1901 1898/1902
f 1898/1902 1902/1901 1903/1903 1899/1904
f 1899/1904 1903/1903 1904/1905 1900/1906
f 1904/1905 1905/1907 1907/1908 1900/1906
f 1906/1895 1908/1894 1907/1908 1905/1907
f 1910/1909 1924/1910 1922/1911 1912/1912
f 1911/1913 1917/1914 1913/1915 1909/1916
f 1913/1915 1917/1914 1918/1917 1914/1918
f 1914/1918 1918/1917 1919/1919 1915/1920
f 1915/1920 1919/1919 1920/1921 1916/1922
f 1920/1921 1921/1923 1923/1924 1916/1922
f 1922/1911 1924/1910 1923/1924 1921/1923
f 1926/1925 1940/1926 1938/1927 1928/1928
f 1927/1929 1933/1930 1929/1931 1925/1932
f 1929/1931 1933/1930 1934/1933 1930/1934
f 1930/1934 1934/1933 1935/1935 1931/1936
f 1931/1936 1935/1935 1936/1937 1932/1938
f 1936/1937 1937/1939 1939/1940 1932/1938
f 1938/1927 1940/1926 1939/1940 1937/1939
f 1942/1941 1954/1942 1956/1943 1944/1944
f 1943/1945 1949/1946 1945/1947 1941/1948
f 1945/1947 1949/1946 1950/1949 1946/1950
f 1946/1950 1950/1949 1951/1951 1947/1952
f 1947/1952 1951/1951 1952/1953 1948/1954
f 1952/1953 1955/1955 1953/1956 1948/1954
f 1953/1956 1955/1955 1956/1943 1954/1942
f 1958/1957 1972/1958 1970/1959 1960/1960
f 1959/1961 1965/1962 1961/1963 1957/1964
f 1961/1963 1965/1962 1966/1965 1962/1966
f 1962/1966 1966/1965 1967/1967 1963/1968
f 1963/1968 1967/1967 1968/1969 1964/1970
f 1968/1969 1969/1971 1971/1972 1964/1970
f 1970/1959 1972/1958 1971/1972 1969/1971
f 1974/1973 1988/1974 1986/1975 1976/1976
f 1975/1977 1981/1978 1977/1979 1973/1980
f 1977/1979 1981/1978 1982/1981 1978/1982
f 1978/1982 1982/1981 1983/1983 1979/1984
f 1979/1984 1983/1983 1984/1985 1980/1986
f 1984/1985 1985/1987 1987/1988 1980/1986
f 1986/1975 1988/1974 1987/1988 1985/1987
f 1990/1989 2004/1990 2002/1991 1992/1992
f 1991/1993 1997/1994 1993/1995 1989/1996
f 1993/1995 1997/1994 1998/1997 1994/1998
f 1994/1998 1998/1997 1999/1999 1995/2000
f 1995/2000 1999/1999 2000/2001 1996/2002
f 2000/2001 2001/2003 2003/2004 1996/2002
f 2002/1991 2004/1990 2003/2004 2001/2003
f 2005/2005 2009/2006 2013/2007 2007/2008
f 2008/2009 2018/2010 2020/2011 2006/2012
f 2010/2013 2014/2014 2013/2007 2009/2006
f 2011/2015 2015/2016 2014/2014 2010/2013
f 2012/2017 2016/2018 2015/2016 2011/2015
f 2012/2017 2019/2019 2017/2020 2016/2018
f 2017/2020 2019/2019 2020/2011 2018/2010
f 2022/2021 2036/2022 2034/2023 2024/2024
f 2023/2025 2029/2026 2025/2027 2021/2028
f 2025/2027 2029/2026 2030/2029 2026/2030
f 2026/2030 2030/2029 2031/2031 2027/2032
f 2027/2032 2031/2031 2032/2033 2028/2034
f 2032/2033 2033/2035 2035/2036 2028/2034
f 2034/2023 2036/2022 2035/2036 2033/2035
f 2038/2037 2052/2038 2050/2039 2040/2040
f 2039/2041 2045/2042 2041/2043 2037/2044
f 2041/2043 2045/2042 2046/2045 2042/2046
f 2042/2046 2046/2045 2047/2047 2043/2048
f 2043/2048 2047/2047 2048/2049 2044/2050
f 2048/2049 2049/2051 2051/2052 2044/2050
f 2050/2039 2052/2038 2051/2052 2049/2051
f 2054/2053 2068/2054 2066/2055 2056/2056
f 2055/2057 2061/2058 2057/2059 2053/2060
f 2057/2059 2061/2058 2062/2061 2058/2062
f 2058/2062 2062/2061 2063/2063 2059/2064
f 2059/2064 2063/2063 2064/2065 2060/2066
f 2064/2065 2065/2067 2067/2068 2060/2066
f 2066/2055 2068/2054 2067/2068 2065/2067
f 2070/2069 2084/2070 2082/2071 2072/2072
f 2071/2073 2077/2074 2073/2075 2069/2076
f 2073/2075 2077/2074 2078/2077 2074/2078
f 2074/2078 2078/2077 2079/2079 2075/2080
f 2075/2080 2079/2079 2080/2081 2076/2082
f 2080/2081 2081/2083 2083/2084 2076/2082
f 2082/2071 2084/2070 2083/2084 2081/2083
f 2086/2085 2098/2086 2100/2087 2088/2088
f 2087/2089 2093/2090 2089/2091 2085/2092
f 2089/2091 2093/2090 2094/2093 2090/2094
f 2090/2094 2094/2093 2095/2095 2091/2096
f 2091/2096 2095/2095 2096/2097 2092/2098
f 2096/2097 2099/2099 2097/2100 2092/2098
f 2097/2100 2099/2099 2100/2087 2098/2086
f 2102/2101 2116/2102 2114/2103 2104/2104
f 2103/2105 2109/2106 2105/2107 2101/2108
f 2105/2107 2109/2106 2110/2109 2106/2110
f 2106/2110 2110/2109 2111/2111 2107/2112
f 2107/2112 2111/2111 2112/2113 2108/2114
f 2112/2113 2113/2115 2115/2116 2108/2114
f 2114/2103 2116/2102 2115/2116 2113/2115
f 2118/2117 2132/2118 2130/2119 2120/2120
f 2119/2121 2125/2122 2121/2123 2117/2124
f 2121/2123 2125/2122 2126/2125 2122/2126
f 2122/2126 2126/2125 2127/2127 2123/2128
f 2123/2128 2127/2127 2128/2129 2124/2130
f 2128/2129 2129/2131 2131/2132 2124/2130
f 2130/2119 2132/2118 2131/2132 2129/2131
f 2134/2133 2148/2134 2146/2135 2136/2136
f 2135/2137 2141/2138 2137/2139 2133/2140
f 2137/2139 2141/2138 2142/2141 2138/2142
f 2138/2142 2142/2141 2143/2143 2139/2144
f 2139/2144 2143/2143 2144/2145 2140/2146
f 2144/2145 2145/2147 2147/2148 2140/2146
f 2146/2135 2148/2134 2147/2148 2145/2147
f 2150/2149 2156/2150 2160/2151 2152/2152
f 2151/2153 2157/2154 2153/2155 2149/2156
f 2153/2155 2157/2154 2158/2157 2154/2158
f 2154/2158 2158/2157 2159/2159 2155/2160
f 2155/2160 2159/2159 2160/2151 2156/2150
f 2162/2161 2168/2162 2172/2163 2164/2164
f 2163/2165 2169/2166 2165/2167 2161/2168
f 2165/2167 2169/2166 2170/2169 2166/2170
f 2166/2170 2170/2169 2171/2171 2167/2172
f 2167/2172 2171/2171 2172/2163 2168/2162
f 2174/2173 2180/2174 2184/2175 2176/2176
f 2175/2177 2181/2178 2177/2179 2173/2180
f 2177/2179 2181/2178 2182/2181 2178/2182
f 2178/2182 2182/2181 2183/2183 2179/2184
f 2179/2184 2183/2183 2184/2175 2180/2174
f 2186/2185 2192/2186 2196/2187 2188/2188
f 2187/2189 2193/2190 2189/2191 2185/2192
f 2189/2191 2193/2190 2194/2193 2190/2194
f 2190/2194 2194/2193 2195/2195 2191/2196
f 2191/2196 2195/2195 2196/2187 2192/2186
f 2198/2197 2204/2198 2208/2199 2200/2200
f 2199/2201 2205/2202 2201/2203 2197/2204
f 2201/2203 2205/2202 2206/2205 2202/2206
f 2202/2206 2206/2205 2207/2207 2203/2208
f 2203/2208 2207/2207 2208/2199 2204/2198
f 2210/2209 2216/2210 2220/2211 2212/2212
f 2211/2213 2217/2214 2213/2215 2209/2216
f 2213/2215 2217/2214 2218/2217 2214/2218
f 2214/2218 2218/2217 2219/2219 2215/2220
f 2215/2220 2219/2219 2220/2211 2216/2210
f 2222/2221 2228/2222 2232/2223 2224/2224
f 2223/2225 2229/2226 2225/2227 2221/2228
f 2225/2227 2229/2226 2230/2229 2226/2230
f 2226/2230 2230/2229 2231/2231 2227/2232
f 2227/2232 2231/2231 2232/2223 2228/2222
f 2234/2233 2240/2234 2244/2235 2236/2236
f 2235/2237 2241/2238 2237/2239 2233/2240
f 2237/2239 2241/2238 2242/2241 2238/2242
f 2238/2242 2242/2241 2243/2243 2239/2244
f 2239/2244 2243/2243 2244/2235 2240/2234
f 2246/2245 2252/2246 2256/2247 2248/2248
f 2247/2249 2253/2250 2249/2251 2245/2252
f 2249/2251 2253/2250 2254/2253 2250/2254
f 2250/2254 2254/2253 2255/2255 2251/2256
f 2251/2256 2255/2255 2256/2247 2252/2246
f 2258/2257 2264/2258 2268/2259 2260/2260
f 2259/2261 2265/2262 2261/2263 2257/2264
f 2261/2263 2265/2262 2266/2265 2262/2266
f 2262/2266 2266/2265 2267/2267 2263/2268
f 2263/2268 2267/2267 2268/2259 2264/2258
f 2270/2269 2276/2270 2280/2271 2272/2272
f 2271/2273 2277/2274 2273/2275 2269/2276
f 2273/2275 2277/2274 2278/2277 2274/2278
f 2274/2278 2278/2277 2279/2279 2275/2280
f 2275/2280 2279/2279 2280/2271 2276/2270
f 2282/2281 2288/2282 2292/2283 2284/2284
f 2283/2285 2289/2286 2285/2287 2281/2288
f 2285/2287 2289/2286 2290/2289 2286/2290
f 2286/2290 2290/2289 2291/2291 2287/2292
f 2287/2292 2291/2291 2292/2283 2288/2282
f 2294/2293 2300/2294 2304/2295 2296/2296
f 2295/2297 2301/2298 2297/2299 2293/2300
f 2297/2299 2301/2298 2302/2301 2298/2302
f 2298/2302 2302/2301 2303/2303 2299/2304
f 2299/2304 2303/2303 2304/2295 2300/2294
f 2306/2305 2312/2306 2316/2307 2308/2308
f 2307/2309 2313/2310 2309/2311 2305/2312
f 2309/2311 2313/2310 2314/2313 2310/2314
f 2310/2314 2314/2313 2315/2315 2311/2316
f 2311/2316 2315/2315 2316/2307 2312/2306
f 2318/2317 2324/2318 2328/2319 2320/2320
f 2319/2321 2325/2322 2321/2323 2317/2324
f 2321/2323 2325/2322 2326/2325 2322/2326
f 2322/2326 2326/2325 2327/2327 2323/2328
f 2323/2328 2327/2327 2328/2319 2324/2318
f 2330/2329 2336/2330 2340/2331 2332/2332
f 2331/2333 2337/2334 2333/2335 2329/2336
f 2333/2335 2337/2334 2338/2337 2334/2338
f 2334/2338 2338/2337 2339/2339 2335/2340
f 2335/2340 2339/2339 2340/2331 2336/2330
f 2342/2341 2348/2342 2352/2343 2344/2344
f 2343/2345 2349/2346 2345/2347 2341/2348
f 2345/2347 2349/2346 2350/2349 2346/2350
f 2346/2350 2350/2349 2351/2351 2347/2352
f 2347/2352 2351/2351 2352/2343 2348/2342
f 2354/2353 2360/2354 2364/2355 2356/2356
f 2355/2357 2361/2358 2357/2359 2353/2360
f 2357/2359 2361/2358 2362/2361 2358/2362
f 2358/2362 2362/2361 2363/2363 2359/2364
f 2359/2364 2363/2363 2364/2355 2360/2354
f 2366/2365 2372/2366 2376/2367 2368/2368
f 2367/2369 2373/2370 2369/2371 2365/2372
f 2369/2371 2373/2370 2374/2373 2370/2374
f 2370/2374 2374/2373 2375/2375 2371/2376
f 2371/2376 2375/2375 2376/2367 2372/2366
f 2378/2377 2384/2378 2388/2379 2380/2380
f 2379/2381 2385/2382 2381/2383 2377/2384
f 2381/2383 2385/2382 2386/2385 2382/2386
f 2382/2386 2386/2385 2387/2387 2383/2388
f 2383/2388 2387/2387 2388/2379 2384/2378
f 2390/2389 2396/2390 2400/2391 2392/2392
f 2391/2393 2397/2394 2393/2395 2389/2396
f 2393/2395 2397/2394 2398/2397 2394/2398
f 2394/2398 2398/2397 2399/2399 2395/2400
f 2395/2400 2399/2399 2400/2391 2396/2390
f 2402/2401 2408/2402 2412/2403 2404/2404
f 2403/2405 2409/2406 2405/2407 2401/2408
f 2405/2407 2409/2406 2410/2409 2406/2410
f 2406/2410 2410/2409 2411/2411 2407/2412
f 2407/2412 2411/2411 2412/2403 2408/2402
f 2414/2413 2420/2414 2424/2415 2416/2416
f 2415/2417 2421/2418 2417/2419 2413/2420
f 2417/2419 2421/2418 2422/2421 2418/2422
f 2418/2422 2422/2421 2423/2423 2419/2424
f 2419/2424 2423/2423 2424/2415 2420/2414
f 2426/2425 2432/2426 2436/2427 2428/2428
f 2427/2429 2433/2430 2429/2431 2425/2432
f 2429/2431 2433/2430 2434/2433 2430/2434
f 2430/2434 2434/2433 2435/2435 2431/2436
f 2431/2436 2435/2435 2436/2427 2432/2426
f 2438/2437 2444/2438 2448/2439 2440/2440
f 2439/2441 2445/2442 2441/2443 2437/2444
f 2441/2443 2445/2442 2446/2445 2442/2446
f 2442/2446 2446/2445 2447/2447 2443/2448
f 2443/2448 2447/2447 2448/2439 2444/2438
f 2450/2449 2456/2450 2460/2451 2452/2452
f 2451/2453 2457/2454 2453/2455 2449/2456
f 2453/2455 2457/2454 2458/2457 2454/2458
f 2454/2458 2458/2457 2459/2459 2455/2460
f 2455/2460 2459/2459 2460/2451 2456/2450
f 2462/2461 2474/2462 2476/2463 2464/2464
f 2463/2465 2469/2466 2465/2467 2461/2468
f 2465/2467 2469/2466 2470/2469 2466/2470
f 2466/2470 2470/2469 2471/2471 2467/2472
f 2467/2472 2471/2471 2472/2473 2468/2474
f 2472/2473 2475/2475 2473/2476 2468/2474
f 2473/2476 2475/2475 2476/2463 2474/2462
f 2478/2477 2492/2478 2490/2479 2480/2480
f 2479/2481 2485/2482 2481/2483 2477/2484
f 2481/2483 2485/2482 2486/2485 2482/2486
f 2482/2486 2486/2485 2487/2487 2483/2488
f 2483/2488 2487/2487 2488/2489 2484/2490
f 2488/2489 2489/2491 2491/2492 2484/2490
f 2490/2479 2492/2478 2491/2492 2489/2491
f 2494/2493 2508/2494 2506/2495 2496/2496
f 2495/2497 2501/2498 2497/2499 2493/2500
f 2497/2499 2501/2498 2502/2501 2498/2502
f 2498/2502 2502/2501 2503/2503 2499/2504
f 2499/2504 2503/2503 2504/2505 2500/2506
f 2504/2505 2505/2507 2507/2508 2500/2506
f 2506/2495 2508/2494 2507/2508 2505/2507
f 2510/2509 2524/2510 2522/2511 2512/2512
f 2511/2513 2517/2514 2513/2515 2509/2516
f 2513/2515 2517/2514 2518/2517 2514/2518
f 2514/2518 2518/2517 2519/2519 2515/2520
f 2515/2520 2519/2519 2520/2521 2516/2522
f 2520/2521 2521/2523 2523/2524 2516/2522
f 2522/2511 2524/2510 2523/2524 2521/2523
f 2526/2525 2532/2526 2536/2527 2528/2528
f 2527/2529 2533/2530 2529/2531 2525/2532
f 2529/2531 2533/2530 2534/2533 2530/2534
f 2530/2534 2534/2533 2535/2535 2531/2536
f 2531/2536 2535/2535 2536/2527 2532/2526
f 2538/2537 2544/2538 2548/2539 2540/2540
f 2539/2541 2545/2542 2541/2543 2537/2544
f 2541/2543 2545/2542 2546/2545 2542/2546
f 2542/2546 2546/2545 2547/2547 2543/2548
f 2543/2548 2547/2547 2548/2539 2544/2538
f 2550/2549 2556/2550 2560/2551 2552/2552
f 2551/2553 2557/2554 2553/2555 2549/2556
f 2553/2555 2557/2554 2558/2557 2554/2558
f 2554/2558 2558/2557 2559/2559 2555/2560
f 2555/2560 2559/2559 2560/2551 2556/2550
f 2562/2561 2568/2562 2572/2563 2564/2564
f 2563/2565 2569/2566 2565/2567 2561/2568
f 2565/2567 2569/2566 2570/2569 2566/2570
f 2566/2570 2570/2569 2571/2571 2567/2572
f 2567/2572 2571/2571 2572/2563 2568/2562
f 2574/2573 2580/2574 2584/2575 2576/2576
f 2575/2577 2581/2578 2577/2579 2573/2580
f 2577/2579 2581/2578 2582/2581 2578/2582
f 2578/2582 2582/2581 2583/2583 2579/2584
f 2579/2584 2583/2583 2584/2575 2580/2574
f 2586/2585 2592/2586 2596/2587 2588/2588
f 2587/2589 2593/2590 2589/2591 2585/2592
f 2589/2591 2593/2590 2594/2593 2590/2594
f 2590/2594 2594/2593 2595/2595 2591/2596
f 2591/2596 2595/2595 2596/2587 2592/2586
f 2598/2597 2604/2598 2608/2599 2600/2600
f 2599/2601 2605/2602 2601/2603 2597/2604
f 2601/2603 2605/2602 2606/2605 2602/2606
f 2602/2606 2606/2605 2607/2607 2603/2608
f 2603/2608 2607/2607 2608/2599 2604/2598
f 2610/2609 2622/2610 2624/2611 2612/2612
f 2611/2613 2617/2614 2613/2615 2609/2616
f 2613/2615 2617/2614 2618/2617 2614/2618
f 2614/2618 2618/2617 2619/2619 2615/2620
f 2615/2620 2619/2619 2620/2621 2616/2622
f 2620/2621 2623/2623 2621/2624 2616/2622
f 2621/2624 2623/2623 2624/2611 2622/2610
f 2626/2625 2640/2626 2638/2627 2628/2628
f 2627/2629 2633/2630 2629/2631 2625/2632
f 2629/2631 2633/2630 2634/2633 2630/2634
f 2630/2634 2634/2633 2635/2635 2631/2636
f 2631/2636 2635/2635 2636/2637 2632/2638
f 2636/2637 2637/2639 2639/2640 2632/2638
f 2638/2627 2640/2626 2639/2640 2637/2639
f 2642/2641 2656/2642 2654/2643 2644/2644
f 2643/2645 2649/2646 2645/2647 2641/2648
f 2645/2647 2649/2646 2650/2649 2646/2650
f 2646/2650 2650/2649 2651/2651 2647/2652
f 2647/2652 2651/2651 2652/2653 2648/2654
f 2652/2653 2653/2655 2655/2656 2648/2654
f 2654/2643 2656/2642 2655/2656 2653/2655
f 2658/2657 2672/2658 2670/2659 2660/2660
f 2659/2661 2665/2662 2661/2663 2657/2664
f 2661/2663 2665/2662 2666/2665 2662/2666
f 2662/2666 2666/2665 2667/2667 2663/2668
f 2663/2668 2667/2667 2668/2669 2664/2670
f 2668/2669 2669/2671 2671/2672 2664/2670
f 2670/2659 2672/2658 2671/2672 2669/2671
f 2674/2673 2688/2674 2686/2675 2676/2676
f 2675/2677 2681/2678 2677/2679 2673/2680
f 2677/2679 2681/2678 2682/2681 2678/2682
f 2678/2682 2682/2681 2683/2683 2679/2684
f 2679/2684 2683/2683 2684/2685 2680/2686
f 2684/2685 2685/2687 2687/2688 2680/2686
f 2686/2675 2688/2674 2687/2688 2685/2687
f 2690/2689 2704/2690 2702/2691 2692/2692
f 2691/2693 2697/2694 2693/2695 2689/2696
f 2693/2695 2697/2694 2698/2697 2694/2698
f 2694/2698 2698/2697 2699/2699 2695/2700
f 2695/2700 2699/2699 2700/2701 2696/2702
f 2700/2701 2701/2703 2703/2704 2696/2702
f 2702/2691 2704/2690 2703/2704 2701/2703
f 2706/2705 2718/2706 2720/2707 2708/2708
f 2707/2709 2713/2710 2709/2711 2705/2712
f 2709/2711 2713/2710 2714/2713 2710/2714
f 2710/2714 2714/2713 2715/2715 2711/2716
f 2711/2716 2715/2715 2716/2717 2712/2718
f 2716/2717 2719/2719 2717/2720 2712/2718
f 2717/2720 2719/2719 2720/2707 2718/2706
f 2722/2721 2736/2722 2734/2723 2724/2724
f 2723/2725 2729/2726 2725/2727 2721/2728
f 2725/2727 2729/2726 2730/2729 2726/2730
f 2726/2730 2730/2729 2731/2731 2727/2732
f 2727/2732 2731/2731 2732/2733 2728/2734
f 2732/2733 2733/2735 2735/2736 2728/2734
f 2734/2723 2736/2722 2735/2736 2733/2735
f 2738/2737 2752/2738 2750/2739 2740/2740
f 2739/2741 2745/2742 2741/2743 2737/2744
f 2741/2743 2745/2742 2746/2745 2742/2746
f 2742/2746 2746/2745 2747/2747 2743/2748
f 2743/2748 2747/2747 2748/2749 2744/2750
f 2748/2749 2749/2751 2751/2752 2744/2750
f 2750/2739 2752/2738 2751/2752 2749/2751
f 2754/2753 2760/2754 2764/2755 2756/2756
f 2755/2757 2761/2758 2757/2759 2753/2760
f 2757/2759 2761/2758 2762/2761 2758/2762
f 2758/2762 2762/2761 2763/2763 2759/2764
f 2759/2764 2763/2763 2764/2755 2760/2754
f 2766/2765 2772/2766 2776/2767 2768/2768
f 2767/2769 2773/2770 2769/2771 2765/2772
f 2769/2771 2773/2770 2774/2773 2770/2774
f 2770/2774 2774/2773 2775/2775 2771/2776
f 2771/2776 2775/2775 2776/2767 2772/2766
f 2778/2777 2784/2778 2788/2779 2780/2780
f 2779/2781 2785/2782 2781/2783 2777/2784
f 2781/2783 2785/2782 2786/2785 2782/2786
f 2782/2786 2786/2785 2787/2787 2783/2788
f 2783/2788 2787/2787 2788/2779 2784/2778
f 2790/2789 2796/2790 2800/2791 2792/2792
f 2791/2793 2797/2794 2793/2795 2789/2796
f 2793/2795 2797/2794 2798/2797 2794/2798
f 2794/2798 2798/2797 2799/2799 2795/2800
f 2795/2800 2799/2799 2800/2791 2796/2790
f 2802/2801 2808/2802 2812/2803 2804/2804
f 2803/2805 2809/2806 2805/2807 2801/2808
f 2805/2807 2809/2806 2810/2809 2806/2810
f 2806/2810 2810/2809 2811/2811 2807/2812
f 2807/2812 2811/2811 2812/2803 2808/2802
f 2814/2813 2826/2814 2828/2815 2816/2816
f 2815/2817 2821/2818 2817/2819 2813/2820
f 2817/2819 2821/2818 2822/2821 2818/2822
f 2818/2822 2822/2821 2823/2823 2819/2824
f 2819/2824 2823/2823 2824/2825 2820/2826
f 2824/2825 2827/2827 2825/2828 2820/2826
f 2825/2828 2827/2827 2828/2815 2826/2814
f 2830/2829 2844/2830 2842/2831 2832/2832
f 2831/2833 2837/2834 2833/2835 2829/2836
f 2833/2835 2837/2834 2838/2837 2834/2838
f 2834/2838 2838/2837 2839/2839 2835/2840
f 2835/2840 2839/2839 2840/2841 2836/2842
f 2840/2841 2841/2843 2843/2844 2836/2842
f 2842/2831 2844/2830 2843/2844 2841/2843
f 2846/2845 2852/2846 2856/2847 2848/2848
f 2847/2849 2853/2850 2849/2851 2845/2852
f 2849/2851 2853/2850 2854/2853 2850/2854
f 2850/2854 2854/2853 2855/2855 2851/2856
f 2851/2856 2855/2855 2856/2847 2852/2846
f 2858/2857 2872/2858 2870/2859 2860/2860
f 2859/2861 2865/2862 2861/2863 2857/2864
f 2861/2863 2865/2862 2866/2865 2862/2866
f 2862/2866 2866/2865 2867/2867 2863/2868
f 2863/2868 2867/2867 2868/2869 2864/2870
f 2868/2869 2869/2871 2871/2872 2864/2870
f 2870/2859 2872/2858 2871/2872 2869/2871
f 2873/2873 2877/2874 2881/2875 2875/2876
f 2876/2877 2884/2878 2880/2879 2874/2880
f 2878/2881 2882/2882 2881/2875 2877/2874
f 2879/2883 2883/2884 2882/2882 2878/2881
f 2880/2879 2884/2878 2883/2884 2879/2883
f 2886/2885 2900/2886 2898/2887 2888/2888
f 2887/2889 2893/2890 2889/2891 2885/2892
f 2889/2891 2893/2890 2894/2893 2890/2894
f 2890/2894 2894/2893 2895/2895 2891/2896
f 2891/2896 2895/2895 2896/2897 2892/2898
f 2896/2897 2897/2899 2899/2900 2892/2898
f 2898/2887 2900/2886 2899/2900 2897/2899
f 2901/2901 2905/2902 2909/2903 2903/2904
f 2904/2905 2914/2906 2916/2907 2902/2908
f 2906/2909 2910/2910 2909/2903 2905/2902
f 2907/2911 2911/2912 2910/2910 2906/2909
f 2908/2913 2912/2914 2911/2912 2907/2911
f 2908/2913 2915/2915 2913/2916 2912/2914
f 2913/2916 2915/2915 2916/2907 2914/2906
f 2918/2917 2924/2918 2928/2919 2920/2920
f 2919/2921 2925/2922 2921/2923 2917/2924
f 2921/2923 2925/2922 2926/2925 2922/2926
f 2922/2926 2926/2925 2927/2927 2923/2928
f 2923/2928 2927/2927 2928/2919 2924/2918
f 2929/2929 2933/2930 2937/2931 2931/2932
f 2932/2933 2942/2934 2944/2935 2930/2936
f 2934/2937 2938/2938 2937/2931 2933/2930
f 2935/2939 2939/2940 2938/2938 2934/2937
f 2936/2941 2940/2942 2939/2940 2935/2939
f 2936/2941 2943/2943 2941/2944 2940/2942
f 2941/2944 2943/2943 2944/2935 2942/2934
f 2946/2945 3002/2946 3001/2947 2945/2948
f 2947/2949 3003/2950 3002/2946 2946/2945
f 2948/2951 2959/2952 2963/2953 2949/2954
f 2948/2951 3004/2955 2955/2956 2959/2952
f 2949/2954 2963/2953 2969/2957 2950/2958
f 2950/2958 2969/2957 2976/2959 2951/2960
f 2951/2960 2976/2959 2984/2961 2952/2962
f 2952/2962 2984/2961 2992/2963 2953/2964
f 2953/2964 2992/2963 3000/2965 2954/2966
f 2955/2956 3017/2967 2958/2968 2959/2952
f 2955/2956 3021/2969 3020/2970 3017/2967
f 2956/2971 2960/2972 2961/2973 2957/2974
f 2957/2974 2961/2973 2962/2975 2958/2976
f 2957/2974 3016/2977 3015/2978 2956/2971
f 2958/2976 2962/2975 2963/2953 2959/2952
f 2958/2968 3017/2967 3016/2977 2957/2974
f 2960/2972 2966/2979 2967/2980 2961/2973
f 2961/2973 2967/2980 2968/2981 2962/2975
f 2962/2975 2968/2981 2969/2957 2963/2953
f 2964/2982 2971/2983 2972/2984 2965/2985
f 2965/2985 2972/2984 2973/2986 2966/2987
f 2966/2987 2973/2986 2974/2988 2967/2980
f 2967/2980 2974/2988 2975/2989 2968/2981
f 2968/2981 2975/2989 2976/2959 2969/2957
f 2970/2990 2978/2991 2979/2992 2971/2993
f 2971/2983 2979/2992 2980/2994 2972/2984
f 2972/2984 2980/2994 2981/2995 2973/2986
f 2973/2986 2981/2995 2982/2996 2974/2988
f 2974/2988 2982/2996 2983/2997 2975/2989
f 2975/2989 2983/2997 2984/2961 2976/2959
f 2977/2998 2985/2999 2986/3000 2978/3001
f 2977/2998 3001/2947 3002/2946 2985/2999
f 2978/3001 2986/3000 2987/3002 2979/2992
f 2979/2992 2987/3002 2988/3003 2980/2994
f 2980/2994 2988/3003 2989/3004 2981/2995
f 2981/2995 2989/3004 2990/3005 2982/2996
f 2982/2996 2990/3005 2991/3006 2983/2997
f 2983/2997 2991/3006 2992/2963 2984/2961
f 2985/2999 2993/3007 2994/3008 2986/3000
f 2985/2999 3002/2946 3003/2950 2993/3007
f 2986/3000 2994/3008 2995/3009 2987/3002
f 2987/3002 2995/3009 2996/3010 2988/3003
f 2988/3003 2996/3010 2997/3011 2989/3004
f 2989/3004 2997/3011 2998/3012 2990/3005
f 2990/3005 2998/3012 2999/3013 2991/3006
f 2991/3006 2999/3013 3000/2965 2992/2963
f 3004/2955 3008/3014 3021/2969 2955/2956
f 3005/3015 3063/3016 3064/3017 3006/3018
f 3006/3018 3064/3017 3065/3019 3007/3020
f 3009/3021 3025/3022 3021/2969 3008/3014
f 3010/3023 3031/3024 3025/3022 3009/3021
f 3011/3025 3038/3026 3031/3024 3010/3023
f 3012/3027 3046/3028 3038/3026 3011/3025
f 3013/3029 3054/3030 3046/3028 3012/3027
f 3014/3031 3062/3032 3054/3030 3013/3029
f 3016/2977 3019/3033 3018/3034 3015/2978
f 3017/2967 3020/2970 3019/3033 3016/2977
f 3019/3033 3023/3035 3022/3036 3018/3034
f 3020/2970 3024/3037 3023/3035 3019/3033
f 3021/2969 3025/3022 3024/3037 3020/2970
f 3023/3035 3029/3038 3028/3039 3022/3036
f 3024/3037 3030/3040 3029/3038 3023/3035
f 3025/3022 3031/3024 3030/3040 3024/3037
f 3027/3041 3034/3042 3033/3043 3026/3044
f 3028/3045 3035/3046 3034/3042 3027/3041
f 3029/3038 3036/3047 3035/3046 3028/3039
f 3030/3040 3037/3048 3036/3047 3029/3038
f 3031/3024 3038/3026 3037/3048 3030/3040
f 3033/3049 3041/3050 3040/3051 3032/3052
f 3034/3042 3042/3053 3041/3050 3033/3043
f 3035/3046 3043/3054 3042/3053 3034/3042
f 3036/3047 3044/3055 3043/3054 3035/3046
f 3037/3048 3045/3056 3044/3055 3036/3047
f 3038/3026 3046/3028 3045/3056 3037/3048
f 3040/3057 3048/3058 3047/3059 3039/3060
f 3041/3050 3049/3061 3048/3058 3040/3051
f 3042/3053 3050/3062 3049/3061 3041/3050
f 3043/3054 3051/3063 3050/3062 3042/3053
f 3044/3055 3052/3064 3051/3063 3043/3054
f 3045/3056 3053/3065 3052/3064 3044/3055
f 3046/3028 3054/3030 3053/3065 3045/3056
f 3047/3059 3064/3017 3063/3016 3039/3060
f 3048/3058 3056/3066 3055/3067 3047/3059
f 3049/3061 3057/3068 3056/3066 3048/3058
f 3050/3062 3058/3069 3057/3068 3049/3061
f 3051/3063 3059/3070 3058/3069 3050/3062
f 3052/3064 3060/3071 3059/3070 3051/3063
f 3053/3065 3061/3072 3060/3071 3052/3064
f 3054/3030 3062/3032 3061/3072 3053/3065
f 3055/3067 3065/3019 3064/3017 3047/3059
f 3066/3073 3070/3074 3074/3075 3068/3076
f 3069/3077 3077/3078 3073/3079 3067/3080
f 3071/3081 3075/3082 3074/3075 3070/3074
f 3072/3083 3076/3084 3075/3082 3071/3081
f 3073/3079 3077/3078 3076/3084 3072/3083
f 3079/3085 3093/3086 3091/3087 3081/3088
f 3080/3089 3086/3090 3082/3091 3078/3092
f 3082/3091 3086/3090 3087/3093 3083/3094
f 3083/3094 3087/3093 3088/3095 3084/3096
f 3084/3096 3088/3095 3089/3097 3085/3098
f 3089/3097 3090/3099 3092/3100 3085/3098
f 3091/3087 3093/3086 3092/3100 3090/3099
f 3095/3101 3109/3102 3107/3103 3097/3104
f 3096/3105 3102/3106 3098/3107 3094/3108
f 3098/3107 3102/3106 3103/3109 3099/3110
f 3099/3110 3103/3109 3104/3111 3100/3112
f 3100/3112 3104/3111 3105/3113 3101/3114
f 3105/3113 3106/3115 3108/3116 3101/3114
f 3107/3103 3109/3102 3108/3116 3106/3115
f 3110/3117 3114/3118 3118/3119 3112/3120
f 3113/3121 3123/3122 3125/3123 3111/3124
f 3115/3125 3119/3126 3118/3119 3114/3118
f 3116/3127 3120/3128 3119/3126 3115/3125
f 3117/3129 3121/3130 3120/3128 3116/3127
f 3117/3129 3124/3131 3122/3132 3121/3130
f 3122/3132 3124/3131 3125/3123 3123/3122
f 3126/3133 3130/3134 3134/3135 3128/3136
f 3129/3137 3139/3138 3141/3139 3127/3140
f 3131/3141 3135/3142 3134/3135 3130/3134
f 3132/3143 3136/3144 3135/3142 3131/3141
f 3133/3145 3137/3146 3136/3144 3132/3143
f 3133/3145 3140/3147 3138/3148 3137/3146
f 3138/3148 3140/3147 3141/3139 3139/3138
f 3142/3149 3146/3150 3150/3151 3144/3152
f 3145/3153 3155/3154 3157/3155 3143/3156
f 3147/3157 3151/3158 3150/3151 3146/3150
f 3148/3159 3152/3160 3151/3158 3147/3157
f 3149/3161 3153/3162 3152/3160 3148/3159
f 3149/3161 3156/3163 3154/3164 3153/3162
f 3154/3164 3156/3163 3157/3155 3155/3154
f 3158/3165 3162/3166 3166/3167 3160/3168
f 3161/3169 3171/3170 3173/3171 3159/3172
f 3163/3173 3167/3174 3166/3167 3162/3166
f 3164/3175 3168/3176 3167/3174 3163/3173
f 3165/3177 3169/3178 3168/3176 3164/3175
f 3165/3177 3172/3179 3170/3180 3169/3178
f 3170/3180 3172/3179 3173/3171 3171/3170
f 3174/3181 3178/3182 3182/3183 3176/3184
f 3177/3185 3189/3186 3187/3187 3175/3188
f 3179/3189 3183/3190 3182/3183 3178/3182
f 3180/3191 3184/3192 3183/3190 3179/3189
f 3181/3193 3185/3194 3184/3192 3180/3191
f 3181/3193 3186/3195 3188/3196 3185/3194
f 3187/3187 3189/3186 3188/3196 3186/3195
f 3190/3197 3194/3198 3198/3199 3192/3200
f 3193/3201 3203/3202 3205/3203 3191/3204
f 3195/3205 3199/3206 3198/3199 3194/3198
f 3196/3207 3200/3208 3199/3206 3195/3205
f 3197/3209 3201/3210 3200/3208 3196/3207
f 3197/3209 3204/3211 3202/3212 3201/3210
f 3202/3212 3204/3211 3205/3203 3203/3202
f 3206/3213 3210/3214 3214/3215 3208/3216
f 3209/3217 3219/3218 3221/3219 3207/3220
f 3211/3221 3215/3222 3214/3215 3210/3214
f 3212/3223 3216/3224 3215/3222 3211/3221
f 3213/3225 3217/3226 3216/3224 3212/3223
f 3213/3225 3220/3227 3218/3228 3217/3226
f 3218/3228 3220/3227 3221/3219 3219/3218
f 3222/3229 3226/3230 3230/3231 3224/3232
f 3225/3233 3235/3234 3237/3235 3223/3236
f 3227/3237 3231/3238 3230/3231 3226/3230
f 3228/3239 3232/3240 3231/3238 3227/3237
f 3229/3241 3233/3242 3232/3240 3228/3239
f 3229/3241 3236/3243 3234/3244 3233/3242
f 3234/3244 3236/3243 3237/3235 3235/3234
f 3239/3245 3253/3246 3251/3247 3241/3248
f 3240/3249 3246/3250 3242/3251 3238/3252
f 3242/3251 3246/3250 3247/3253 3243/3254
f 3243/3254 3247/3253 3248/3255 3244/3256
f 3244/3256 3248/3255 3249/3257 3245/3258
f 3249/3257 3250/3259 3252/3260 3245/3258
f 3251/3247 3253/3246 3252/3260 3250/3259
f 3255/3261 3269/3262 3267/3263 3257/3264
f 3256/3265 3262/3266 3258/3267 3254/3268
f 3258/3267 3262/3266 3263/3269 3259/3270
f 3259/3270 3263/3269 3264/3271 3260/3272
f 3260/3272 3264/3271 3265/3273 3261/3274
f 3265/3273 3266/3275 3268/3276 3261/3274
f 3267/3263 3269/3262 3268/3276 3266/3275
f 3270/3277 3274/3278 3278/3279 3272/3280
f 3273/3281 3283/3282 3285/3283 3271/3284
f 3275/3285 3279/3286 3278/3279 3274/3278
f 3276/3287 3280/3288 3279/3286 3275/3285
f 3277/3289 3281/3290 3280/3288 3276/3287
f 3277/3289 3284/3291 3282/3292 3281/3290
f 3282/3292 3284/3291 3285/3283 3283/3282
f 3286/3293 3290/3294 3294/3295 3288/3296
f 3289/3297 3299/3298 3301/3299 3287/3300
f 3291/3301 3295/3302 3294/3295 3290/3294
f 3292/3303 3296/3304 3295/3302 3291/3301
f 3293/3305 3297/3306 3296/3304 3292/3303
f 3293/3305 3300/3307 3298/3308 3297/3306
f 3298/3308 3300/3307 3301/3299 3299/3298
f 3302/3309 3306/3310 3310/3311 3304/3312
f 3305/3313 3315/3314 3317/3315 3303/3316
f 3307/3317 3311/3318 3310/3311 3306/3310
f 3308/3319 3312/3320 3311/3318 3307/3317
f 3309/3321 3313/3322 3312/3320 3308/3319
f 3309/3321 3316/3323 3314/3324 3313/3322
f 3314/3324 3316/3323 3317/3315 3315/3314
f 3318/3325 3322/3326 3326/3327 3320/3328
f 3321/3329 3331/3330 3333/3331 3319/3332
f 3323/3333 3327/3334 3326/3327 3322/3326
f 3324/3335 3328/3336 3327/3334 3323/3333
f 3325/3337 3329/3338 3328/3336 3324/3335
f 3325/3337 3332/3339 3330/3340 3329/3338
f 3330/3340 3332/3339 3333/3331 3331/3330
f 3334/3341 3338/3342 3342/3343 3336/3344
f 3337/3345 3349/3346 3347/3347 3335/3348
f 3339/3349 3343/3350 3342/3343 3338/3342
f 3340/3351 3344/3352 3343/3350 3339/3349
f 3341/3353 3345/3354 3344/3352 3340/3351
f 3341/3353 3346/3355 3348/3356 3345/3354
f 3347/3347 3349/3346 3348/3356 3346/3355
f 3350/3357 3354/3358 3358/3359 3352/3360
f 3353/3361 3363/3362 3365/3363 3351/3364
f 3355/3365 3359/3366 3358/3359 3354/3358
f 3356/3367 3360/3368 3359/3366 3355/3365
f 3357/3369 3361/3370 3360/3368 3356/3367
f 3357/3369 3364/3371 3362/3372 3361/3370
f 3362/3372 3364/3371 3365/3363 3363/3362
f 3366/3373 3370/3374 3374/3375 3368/3376
f 3369/3377 3379/3378 3381/3379 3367/3380
f 3371/3381 3375/3382 3374/3375 3370/3374
f 3372/3383 3376/3384 3375/3382 3371/3381
f 3373/3385 3377/3386 3376/3384 3372/3383
f 3373/3385 3380/3387 3378/3388 3377/3386
f 3378/3388 3380/3387 3381/3379 3379/3378
f 3382/3389 3386/3390 3390/3391 3384/3392
f 3385/3393 3395/3394 3397/3395 3383/3396
f 3387/3397 3391/3398 3390/3391 3386/3390
f 3388/3399 3392/3400 3391/3398 3387/3397
f 3389/3401 3393/3402 3392/3400 3388/3399
f 3389/3401 3396/3403 3394/3404 3393/3402
f 3394/3404 3396/3403 3397/3395 3395/3394
f 3399/3405 3413/3406 3411/3407 3401/3408
f 3400/3409 3406/3410 3402/3411 3398/3412
f 3402/3411 3406/3410 3407/3413 3403/3414
f 3403/3414 3407/3413 3408/3415 3404/3416
f 3404/3416 3408/3415 3409/3417 3405/3418
f 3409/3417 3410/3419 3412/3420 3405/3418
f 3411/3407 3413/3406 3412/3420 3410/3419
f 3415/3421 3429/3422 3427/3423 3417/3424
f 3416/3425 3422/3426 3418/3427 3414/3428
f 3418/3427 3422/3426 3423/3429 3419/3430
f 3419/3430 3423/3429 3424/3431 3420/3432
f 3420/3432 3424/3431 3425/3433 3421/3434
f 3425/3433 3426/3435 3428/3436 3421/3434
f 3427/3423 3429/3422 3428/3436 3426/3435
f 3430/3437 3434/3438 3438/3439 3432/3440
f 3433/3441 3443/3442 3445/3443 3431/3444
f 3435/3445 3439/3446 3438/3439 3434/3438
f 3436/3447 3440/3448 3439/3446 3435/3445
f 3437/3449 3441/3450 3440/3448 3436/3447
f 3437/3449 3444/3451 3442/3452 3441/3450
f 3442/3452 3444/3451 3445/3443 3443/3442
f 3446/3453 3450/3454 3454/3455 3448/3456
f 3449/3457 3459/3458 3461/3459 3447/3460
f 3451/3461 3455/3462 3454/3455 3450/3454
f 3452/3463 3456/3464 3455/3462 3451/3461
f 3453/3465 3457/3466 3456/3464 3452/3463
f 3453/3465 3460/3467 3458/3468 3457/3466
f 3458/3468 3460/3467 3461/3459 3459/3458
f 3462/3469 3466/3470 3470/3471 3464/3472
f 3465/3473 3475/3474 3477/3475 3463/3476
f 3467/3477 3471/3478 3470/3471 3466/3470
f 3468/3479 3472/3480 3471/3478 3467/3477
f 3469/3481 3473/3482 3472/3480 3468/3479
f 3469/3481 3476/3483 3474/3484 3473/3482
f 3474/3484 3476/3483 3477/3475 3475/3474
f 3478/3485 3482/3486 3486/3487 3480/3488
f 3481/3489 3491/3490 3493/3491 3479/3492
f 3483/3493 3487/3494 3486/3487 3482/3486
f 3484/3495 3488/3496 3487/3494 3483/3493
f 3485/3497 3489/3498 3488/3496 3484/3495
f 3485/3497 3492/3499 3490/3500 3489/3498
f 3490/3500 3492/3499 3493/3491 3491/3490
f 3494/3501 3498/3502 3502/3503 3496/3504
f 3497/3505 3509/3506 3507/3507 3495/3508
f 3499/3509 3503/3510 3502/3503 3498/3502
f 3500/3511 3504/3512 3503/3510 3499/3509
f 3501/3513 3505/3514 3504/3512 3500/3511
f 3501/3513 3506/3515 3508/3516 3505/3514
f 3507/3507 3509/3506 3508/3516 3506/3515
f 3510/3517 3514/3518 3518/3519 3512/3520
f 3513/3521 3523/3522 3525/3523 3511/3524
f 3515/3525 3519/3526 3518/3519 3514/3518
f 3516/3527 3520/3528 3519/3526 3515/3525
f 3517/3529 3521/3530 3520/3528 3516/3527
f 3517/3529 3524/3531 3522/3532 3521/3530
f 3522/3532 3524/3531 3525/3523 3523/3522
f 3526/3533 3530/3534 3534/3535 3528/3536
f 3529/3537 3539/3538 3541/3539 3527/3540
f 3531/3541 3535/3542 3534/3535 3530/3534
f 3532/3543 3536/3544 3535/3542 3531/3541
f 3533/3545 3537/3546 3536/3544 3532/3543
f 3533/3545 3540/3547 3538/3548 3537/3546
f 3538/3548 3540/3547 3541/3539 3539/3538
f 3542/3549 3546/3550 3550/3551 3544/3552
f 3545/3553 3555/3554 3557/3555 3543/3556
f 3547/3557 3551/3558 3550/3551 3546/3550
f 3548/3559 3552/3560 3551/3558 3547/3557
f 3549/3561 3553/3562 3552/3560 3548/3559
f 3549/3561 3556/3563 3554/3564 3553/3562
f 3554/3564 3556/3563 3557/3555 3555/3554
f 3559/3565 3573/3566 3571/3567 3561/3568
f 3560/3569 3566/3570 3562/3571 3558/3572
f 3562/3571 3566/3570 3567/3573 3563/3574
f 3563/3574 3567/3573 3568/3575 3564/3576
f 3564/3576 3568/3575 3569/3577 3565/3578
f 3569/3577 3570/3579 3572/3580 3565/3578
f 3571/3567 3573/3566 3572/3580 3570/3579
f 3575/3581 3589/3582 3587/3583 3577/3584
f 3576/3585 3582/3586 3578/3587 3574/3588
f 3578/3587 3582/3586 3583/3589 3579/3590
f 3579/3590 3583/3589 3584/3591 3580/3592
f 3580/3592 3584/3591 3585/3593 3581/3594
f 3585/3593 3586/3595 3588/3596 3581/3594
f 3587/3583 3589/3582 3588/3596 3586/3595
f 3590/3597 3594/3598 3598/3599 3592/3600
f 3593/3601 3601/3602 3597/3603 3591/3604
f 3595/3605 3599/3606 3598/3599 3594/3598
f 3596/3607 3600/3608 3599/3606 3595/3605
f 3597/3603 3601/3602 3600/3608 3596/3607
f 3602/3609 3606/3610 3610/3611 3604/3612
f 3605/3613 3613/3614 3609/3615 3603/3616
f 3607/3617 3611/3618 3610/3611 3606/3610
f 3608/3619 3612/3620 3611/3618 3607/3617
f 3609/3615 3613/3614 3612/3620 3608/3619
f 3614/3621 3618/3622 3622/3623 3616/3624
f 3617/3625 3625/3626 3621/3627 3615/3628
f 3619/3629 3623/3630 3622/3623 3618/3622
f 3620/3631 3624/3632 3623/3630 3619/3629
f 3621/3627 3625/3626 3624/3632 3620/3631
f 3626/3633 3630/3634 3634/3635 3628/3636
f 3629/3637 3637/3638 3633/3639 3627/3640
f 3631/3641 3635/3642 3634/3635 3630/3634
f 3632/3643 3636/3644 3635/3642 3631/3641
f 3633/3639 3637/3638 3636/3644 3632/3643
f 3638/3645 3642/3646 3646/3647 3640/3648
f 3641/3649 3649/3650 3645/3651 3639/3652
f 3643/3653 3647/3654 3646/3647 3642/3646
f 3644/3655 3648/3656 3647/3654 3643/3653
f 3645/3651 3649/3650 3648/3656 3644/3655
f 3650/3657 3654/3658 3658/3659 3652/3660
f 3653/3661 3661/3662 3657/3663 3651/3664
f 3655/3665 3659/3666 3658/3659 3654/3658
f 3656/3667 3660/3668 3659/3666 3655/3665
f 3657/3663 3661/3662 3660/3668 3656/3667
f 3662/3669 3666/3670 3670/3671 3664/3672
f 3665/3673 3673/3674 3669/3675 3663/3676
f 3667/3677 3671/3678 3670/3671 3666/3670
f 3668/3679 3672/3680 3671/3678 3667/3677
f 3669/3675 3673/3674 3672/3680 3668/3679
f 3674/3681 3678/3682 3682/3683 3676/3684
f 3677/3685 3685/3686 3681/3687 3675/3688
f 3679/3689 3683/3690 3682/3683 3678/3682
f 3680/3691 3684/3692 3683/3690 3679/3689
f 3681/3687 3685/3686 3684/3692 3680/3691
f 3686/3693 3690/3694 3694/3695 3688/3696
f 3689/3697 3697/3698 3693/3699 3687/3700
f 3691/3701 3695/3702 3694/3695 3690/3694
f 3692/3703 3696/3704 3695/3702 3691/3701
f 3693/3699 3697/3698 3696/3704 3692/3703
f 3698/3705 3702/3706 3706/3707 3700/3708
f 3701/3709 3709/3710 3705/3711 3699/3712
f 3703/3713 3707/3714 3706/3707 3702/3706
f 3704/3715 3708/3716 3707/3714 3703/3713
f 3705/3711 3709/3710 3708/3716 3704/3715
f 3710/3717 3714/3718 3718/3719 3712/3720
f 3713/3721 3721/3722 3717/3723 3711/3724
f 3715/3725 3719/3726 3718/3719 3714/3718
f 3716/3727 3720/3728 3719/3726 3715/3725
f 3717/3723 3721/3722 3720/3728 3716/3727
f 3722/3729 3726/3730 3730/3731 3724/3732
f 3725/3733 3733/3734 3729/3735 3723/3736
f 3727/3737 3731/3738 3730/3731 3726/3730
f 3728/3739 3732/3740 3731/3738 3727/3737
f 3729/3735 3733/3734 3732/3740 3728/3739
f 3734/3741 3738/3742 3742/3743 3736/3744
f 3737/3745 3745/3746 3741/3747 3735/3748
f 3739/3749 3743/3750 3742/3743 3738/3742
f 3740/3751 3744/3752 3743/3750 3739/3749
f 3741/3747 3745/3746 3744/3752 3740/3751
f 3746/3753 3750/3754 3754/3755 3748/3756
f 3749/3757 3757/3758 3753/3759 3747/3760
f 3751/3761 3755/3762 3754/3755 3750/3754
f 3752/3763 3756/3764 3755/3762 3751/3761
f 3753/3759 3757/3758 3756/3764 3752/3763
f 3758/3765 3762/3766 3766/3767 3760/3768
f 3761/3769 3769/3770 3765/3771 3759/3772
f 3763/3773 3767/3774 3766/3767 3762/3766
f 3764/3775 3768/3776 3767/3774 3763/3773
f 3765/3771 3769/3770 3768/3776 3764/3775
f 3770/3777 3774/3778 3778/3779 3772/3780
f 3773/3781 3781/3782 3777/3783 3771/3784
f 3775/3785 3779/3786 3778/3779 3774/3778
f 3776/3787 3780/3788 3779/3786 3775/3785
f 3777/3783 3781/3782 3780/3788 3776/3787
f 3782/3789 3786/3790 3790/3791 3784/3792
f 3785/3793 3793/3794 3789/3795 3783/3796
f 3787/3797 3791/3798 3790/3791 3786/3790
f 3788/3799 3792/3800 3791/3798 3787/3797
f 3789/3795 3793/3794 3792/3800 3788/3799
f 3794/3801 3798/3802 3802/3803 3796/3804
f 3797/3805 3805/3806 3801/3807 3795/3808
f 3799/3809 3803/3810 3802/3803 3798/3802
f 3800/3811 3804/3812 3803/3810 3799/3809
f 3801/3807 3805/3806 3804/3812 3800/3811
f 3806/3813 3810/3814 3814/3815 3808/3816
f 3809/3817 3817/3818 3813/3819 3807/3820
f 3811/3821 3815/3822 3814/3815 3810/3814
f 3812/3823 3816/3824 3815/3822 3811/3821
f 3813/3819 3817/3818 3816/3824 3812/3823
f 3818/3825 3822/3826 3826/3827 3820/3828
f 3821/3829 3829/3830 3825/3831 3819/3832
f 3823/3833 3827/3834 3826/3827 3822/3826
f 3824/3835 3828/3836 3827/3834 3823/3833
f 3825/3831 3829/3830 3828/3836 3824/3835
f 3830/3837 3834/3838 3838/3839 3832/3840
f 3833/3841 3841/3842 3837/3843 3831/3844
f 3835/3845 3839/3846 3838/3839 3834/3838
f 3836/3847 3840/3848 3839/3846 3835/3845
f 3837/3843 3841/3842 3840/3848 3836/3847
f 3842/3849 3846/3850 3850/3851 3844/3852
f 3845/3853 3853/3854 3849/3855 3843/3856
f 3847/3857 3851/3858 3850/3851 3846/3850
f 3848/3859 3852/3860 3851/3858 3847/3857
f 3849/3855 3853/3854 3852/3860 3848/3859
f 3854/3861 3858/3862 3862/3863 3856/3864
f 3857/3865 3865/3866 3861/3867 3855/3868
f 3859/3869 3863/3870 3862/3863 3858/3862
f 3860/3871 3864/3872 3863/3870 3859/3869
f 3861/3867 3865/3866 3864/3872 3860/3871
f 3866/3873 3870/3874 3874/3875 3868/3876
f 3869/3877 3877/3878 3873/3879 3867/3880
f 3871/3881 3875/3882 3874/3875 3870/3874
f 3872/3883 3876/3884 3875/3882 3871/3881
f 3873/3879 3877/3878 3876/3884 3872/3883
f 3878/3885 3882/3886 3886/3887 3880/3888
f 3881/3889 3889/3890 3885/3891 3879/3892
f 3883/3893 3887/3894 3886/3887 3882/3886
f 3884/3895 3888/3896 3887/3894 3883/3893
f 3885/3891 3889/3890 3888/3896 3884/3895
f 3890/3897 3894/3898 3898/3899 3892/3900
f 3893/3901 3901/3902 3897/3903 3891/3904
f 3895/3905 3899/3906 3898/3899 3894/3898
f 3896/3907 3900/3908 3899/3906 3895/3905
f 3897/3903 3901/3902 3900/3908 3896/3907
f 3902/3909 3906/3910 3910/3911 3904/3912
f 3905/3913 3913/3914 3909/3915 3903/3916
f 3907/3917 3911/3918 3910/3911 3906/3910
f 3908/3919 3912/3920 3911/3918 3907/3917
f 3909/3915 3913/3914 3912/3920 3908/3919
f 3914/3921 3918/3922 3922/3923 3916/3924
f 3917/3925 3925/3926 3921/3927 3915/3928
f 3919/3929 3923/3930 3922/3923 3918/3922
f 3920/3931 3924/3932 3923/3930 3919/3929
f 3921/3927 3925/3926 3924/3932 3920/3931
f 3926/3933 3930/3934 3934/3935 3928/3936
f 3929/3937 3937/3938 3933/3939 3927/3940
f 3931/3941 3935/3942 3934/3935 3930/3934
f 3932/3943 3936/3944 3935/3942 3931/3941
f 3933/3939 3937/3938 3936/3944 3932/3943
f 3938/3945 3942/3946 3946/3947 3940/3948
f 3941/3949 3949/3950 3945/3951 3939/3952
f 3943/3953 3947/3954 3946/3947 3942/3946
f 3944/3955 3948/3956 3947/3954 3943/3953
f 3945/3951 3949/3950 3948/3956 3944/3955
f 3950/3957 3954/3958 3958/3959 3952/3960
f 3953/3961 3961/3962 3957/3963 3951/3964
f 3955/3965 3959/3966 3958/3959 3954/3958
f 3956/3967 3960/3968 3959/3966 3955/3965
f 3957/3963 3961/3962 3960/3968 3956/3967
f 3962/3969 3966/3970 3970/3971 3964/3972
f 3965/3973 3973/3974 3969/3975 3963/3976
f 3967/3977 3971/3978 3970/3971 3966/3970
f 3968/3979 3972/3980 3971/3978 3967/3977
f 3969/3975 3973/3974 3972/3980 3968/3979
f 3974/3981 3978/3982 3982/3983 3976/3984
f 3977/3985 3985/3986 3981/3987 3975/3988
f 3979/3989 3983/3990 3982/3983 3978/3982
f 3980/3991 3984/3992 3983/3990 3979/3989
f 3981/3987 3985/3986 3984/3992 3980/3991
f 3986/3993 3990/3994 3994/3995 3988/3996
f 3989/3997 3997/3998 3993/3999 3987/4000
f 3991/4001 3995/4002 3994/3995 3990/3994
f 3992/4003 3996/4004 3995/4002 3991/4001
f 3993/3999 3997/3998 3996/4004 3992/4003
f 3998/4005 4002/4006 4006/4007 4000/4008
f 4001/4009 4009/4010 4005/4011 3999/4012
f 4003/4013 4007/4014 4006/4007 4002/4006
f 4004/4015 4008/4016 4007/4014 4003/4013
f 4005/4011 4009/4010 4008/4016 4004/4015
f 4010/4017 4014/4018 4018/4019 4012/4020
f 4013/4021 4021/4022 4017/4023 4011/4024
f 4015/4025 4019/4026 4018/4019 4014/4018
f 4016/4027 4020/4028 4019/4026 4015/4025
f 4017/4023 4021/4022 4020/4028 4016/4027
f 4022/4029 4026/4030 4030/4031 4024/4032
f 4025/4033 4033/4034 4029/4035 4023/4036
f 4027/4037 4031/4038 4030/4031 4026/4030
f 4028/4039 4032/4040 4031/4038 4027/4037
f 4029/4035 4033/4034 4032/4040 4028/4039
f 4034/4041 4038/4042 4042/4043 4036/4044
f 4037/4045 4045/4046 4041/4047 4035/4048
f 4039/4049 4043/4050 4042/4043 4038/4042
f 4040/4051 4044/4052 4043/4050 4039/4049
f 4041/4047 4045/4046 4044/4052 4040/4051
f 4046/4053 4050/4054 4054/4055 4048/4056
f 4049/4057 4057/4058 4053/4059 4047/4060
f 4051/4061 4055/4062 4054/4055 4050/4054
f 4052/4063 4056/4064 4055/4062 4051/4061
f 4053/4059 4057/4058 4056/4064 4052/4063
f 4058/4065 4062/4066 4066/4067 4060/4068
f 4061/4069 4069/4070 4065/4071 4059/4072
f 4063/4073 4067/4074 4066/4067 4062/4066
f 4064/4075 4068/4076 4067/4074 4063/4073
f 4065/4071 4069/4070 4068/4076 4064/4075
f 4070/4077 4074/4078 4078/4079 4072/4080
f 4073/4081 4081/4082 4077/4083 4071/4084
f 4075/4085 4079/4086 4078/4079 4074/4078
f 4076/4087 4080/4088 4079/4086 4075/4085
f 4077/4083 4081/4082 4080/4088 4076/4087
f 4082/4089 4086/4090 4090/4091 4084/4092
f 4085/4093 4093/4094 4089/4095 4083/4096
f 4087/4097 4091/4098 4090/4091 4086/4090
f 4088/4099 4092/4100 4091/4098 4087/4097
f 4089/4095 4093/4094 4092/4100 4088/4099
f 4094/4101 4098/4102 4102/4103 4096/4104
f 4097/4105 4105/4106 4101/4107 4095/4108
f 4099/4109 4103/4110 4102/4103 4098/4102
f 4100/4111 4104/4112 4103/4110 4099/4109
f 4101/4107 4105/4106 4104/4112 4100/4111
f 4106/4113 4110/4114 4114/4115 4108/4116
f 4109/4117 4117/4118 4113/4119 4107/4120
f 4111/4121 4115/4122 4114/4115 4110/4114
f 4112/4123 4116/4124 4115/4122 4111/4121
f 4113/4119 4117/4118 4116/4124 4112/4123
f 4118/4125 4122/4126 4126/4127 4120/4128
f 4121/4129 4129/4130 4125/4131 4119/4132
f 4123/4133 4127/4134 4126/4127 4122/4126
f 4124/4135 4128/4136 4127/4134 4123/4133
f 4125/4131 4129/4130 4128/4136 4124/4135
f 4130/4137 4134/4138 4138/4139 4132/4140
f 4133/4141 4141/4142 4137/4143 4131/4144
f 4135/4145 4139/4146 4138/4139 4134/4138
f 4136/4147 4140/4148 4139/4146 4135/4145
f 4137/4143 4141/4142 4140/4148 4136/4147
f 4142/4149 4146/4150 4150/4151 4144/4152
f 4145/4153 4155/4154 4157/4155 4143/4156
f 4147/4157 4151/4158 4150/4151 4146/4150
f 4148/4159 4152/4160 4151/4158 4147/4157
f 4149/4161 4153/4162 4152/4160 4148/4159
f 4149/4161 4156/4163 4154/4164 4153/4162
f 4154/4164 4156/4163 4157/4155 4155/4154
f 4158/4165 4162/4166 4166/4167 4160/4168
f 4161/4169 4171/4170 4173/4171 4159/4172
f 4163/4173 4167/4174 4166/4167 4162/4166
f 4164/4175 4168/4176 4167/4174 4163/4173
f 4165/4177 4169/4178 4168/4176 4164/4175
f 4165/4177 4172/4179 4170/4180 4169/4178
f 4170/4180 4172/4179 4173/4171 4171/4170
f 4174/4181 4178/4182 4182/4183 4176/4184
f 4177/4185 4187/4186 4189/4187 4175/4188
f 4179/4189 4183/4190 4182/4183 4178/4182
f 4180/4191 4184/4192 4183/4190 4179/4189
f 4181/4193 4185/4194 4184/4192 4180/4191
f 4181/4193 4188/4195 4186/4196 4185/4194
f 4186/4196 4188/4195 4189/4187 4187/4186
f 4190/4197 4194/4198 4198/4199 4192/4200
f 4193/4201 4203/4202 4205/4203 4191/4204
f 4195/4205 4199/4206 4198/4199 4194/4198
f 4196/4207 4200/4208 4199/4206 4195/4205
f 4197/4209 4201/4210 4200/4208 4196/4207
f 4197/4209 4204/4211 4202/4212 4201/4210
f 4202/4212 4204/4211 4205/4203 4203/4202
f 4206/4213 4210/4214 4214/4215 4208/4216
f 4209/4217 4217/4218 4213/4219 4207/4220
f 4211/4221 4215/4222 4214/4215 4210/4214
f 4212/4223 4216/4224 4215/4222 4211/4221
f 4213/4219 4217/4218 4216/4224 4212/4223
f 4218/4225 4222/4226 4226/4227 4220/4228
f 4221/4229 4229/4230 4225/4231 4219/4232
f 4223/4233 4227/4234 4226/4227 4222/4226
f 4224/4235 4228/4236 4227/4234 4223/4233
f 4225/4231 4229/4230 4228/4236 4224/4235
f 4230/4237 4234/4238 4238/4239 4232/4240
f 4233/4241 4241/4242 4237/4243 4231/4244
f 4235/4245 4239/4246 4238/4239 4234/4238
f 4236/4247 4240/4248 4239/4246 4235/4245
f 4237/4243 4241/4242 4240/4248 4236/4247
f 4242/4249 4246/4250 4250/4251 4244/4252
f 4245/4253 4253/4254 4249/4255 4243/4256
f 4247/4257 4251/4258 4250/4251 4246/4250
f 4248/4259 4252/4260 4251/4258 4247/4257
f 4249/4255 4253/4254 4252/4260 4248/4259
f 4254/4261 4258/4262 4262/4263 4256/4264
f 4257/4265 4269/4266 4267/4267 4255/4268
f 4259/4269 4263/4270 4262/4263 4258/4262
f 4260/4271 4264/4272 4263/4270 4259/4269
f 4261/4273 4265/4274 4264/4272 4260/4271
f 4261/4273 4266/4275 4268/4276 4265/4274
f 4267/4267 4269/4266 4268/4276 4266/4275
f 4270/4277 4274/4278 4278/4279 4272/4280
f 4273/4281 4283/4282 4285/4283 4271/4284
f 4275/4285 4279/4286 4278/4279 4274/4278
f 4276/4287 4280/4288 4279/4286 4275/4285
f 4277/4289 4281/4290 4280/4288 4276/4287
f 4277/4289 4284/4291 4282/4292 4281/4290
f 4282/4292 4284/4291 4285/4283 4283/4282
f 4286/4293 4290/4294 4294/4295 4288/4296
f 4289/4297 4299/4298 4301/4299 4287/4300
f 4291/4301 4295/4302 4294/4295 4290/4294
f 4292/4303 4296/4304 4295/4302 4291/4301
f 4293/4305 4297/4306 4296/4304 4292/4303
f 4293/4305 4300/4307 4298/4308 4297/4306
f 4298/4308 4300/4307 4301/4299 4299/4298
f 4302/4309 4306/4310 4310/4311 4304/4312
f 4305/4313 4315/4314 4317/4315 4303/4316
f 4307/4317 4311/4318 4310/4311 4306/4310
f 4308/4319 4312/4320 4311/4318 4307/4317
f 4309/4321 4313/4322 4312/4320 4308/4319
f 4309/4321 4316/4323 4314/4324 4313/4322
f 4314/4324 4316/4323 4317/4315 4315/4314
f 4318/4325 4322/4326 4326/4327 4320/4328
f 4321/4329 4329/4330 4325/4331 4319/4332
f 4323/4333 4327/4334 4326/4327 4322/4326
f 4324/4335 4328/4336 4327/4334 4323/4333
f 4325/4331 4329/4330 4328/4336 4324/4335
f 4330/4337 4334/4338 4338/4339 4332/4340
f 4333/4341 4341/4342 4337/4343 4331/4344
f 4335/4345 4339/4346 4338/4339 4334/4338
f 4336/4347 4340/4348 4339/4346 4335/4345
f 4337/4343 4341/4342 4340/4348 4336/4347
f 4342/4349 4346/4350 4350/4351 4344/4352
f 4345/4353 4353/4354 4349/4355 4343/4356
f 4347/4357 4351/4358 4350/4351 4346/4350
f 4348/4359 4352/4360 4351/4358 4347/4357
f 4349/4355 4353/4354 4352/4360 4348/4359
f 4354/4361 4358/4362 4362/4363 4356/4364
f 4357/4365 4365/4366 4361/4367 4355/4368
f 4359/4369 4363/4370 4362/4363 4358/4362
f 4360/4371 4364/4372 4363/4370 4359/4369
f 4361/4367 4365/4366 4364/4372 4360/4371
f 4366/4373 4370/4374 4374/4375 4368/4376
f 4369/4377 4377/4378 4373/4379 4367/4380
f 4371/4381 4375/4382 4374/4375 4370/4374
f 4372/4383 4376/4384 4375/4382 4371/4381
f 4373/4379 4377/4378 4376/4384 4372/4383
f 4378/4385 4382/4386 4386/4387 4380/4388
f 4381/4389 4389/4390 4385/4391 4379/4392
f 4383/4393 4387/4394 4386/4387 4382/4386
f 4384/4395 4388/4396 4387/4394 4383/4393
f 4385/4391 4389/4390 4388/4396 4384/4395
f 4390/4397 4394/4398 4398/4399 4392/4400
f 4393/4401 4401/4402 4397/4403 4391/4404
f 4395/4405 4399/4406 4398/4399 4394/4398
f 4396/4407 4400/4408 4399/4406 4395/4405
f 4397/4403 4401/4402 4400/4408 4396/4407
f 4402/4409 4406/4410 4410/4411 4404/4412
f 4405/4413 4413/4414 4409/4415 4403/4416
f 4407/4417 4411/4418 4410/4411 4406/4410
f 4408/4419 4412/4420 4411/4418 4407/4417
f 4409/4415 4413/4414 4412/4420 4408/4419
f 4415/4421 4429/4422 4427/4423 4417/4424
f 4416/4425 4422/4426 4418/4427 4414/4428
f 4418/4427 4422/4426 4423/4429 4419/4430
f 4419/4430 4423/4429 4424/4431 4420/4432
f 4420/4432 4424/4431 4425/4433 4421/4434
f 4425/4433 4426/4435 4428/4436 4421/4434
f 4427/4423 4429/4422 4428/4436 4426/4435
f 4430/4437 4434/4438 4438/4439 4432/4440
f 4433/4441 4445/4442 4443/4443 4431/4444
f 4435/4445 4439/4446 4438/4439 4434/4438
f 4436/4447 4440/4448 4439/4446 4435/4445
f 4437/4449 4441/4450 4440/4448 4436/4447
f 4437/4449 4442/4451 4444/4452 4441/4450
f 4443/4443 4445/4442 4444/4452 4442/4451
f 4446/4453 4450/4454 4454/4455 4448/4456
f 4449/4457 4459/4458 4461/4459 4447/4460
f 4451/4461 4455/4462 4454/4455 4450/4454
f 4452/4463 4456/4464 4455/4462 4451/4461
f 4453/4465 4457/4466 4456/4464 4452/4463
f 4453/4465 4460/4467 4458/4468 4457/4466
f 4458/4468 4460/4467 4461/4459 4459/4458
f 4463/4469 4477/4470 4475/4471 4465/4472
f 4464/4473 4470/4474 4466/4475 4462/4476
f 4466/4475 4470/4474 4471/4477 4467/4478
f 4467/4478 4471/4477 4472/4479 4468/4480
f 4468/4480 4472/4479 4473/4481 4469/4482
f 4473/4481 4474/4483 4476/4484 4469/4482
f 4475/4471 4477/4470 4476/4484 4474/4483
f 4478/4485 4482/4486 4486/4487 4480/4488
f 4481/4489 4491/4490 4493/4491 4479/4492
f 4483/4493 4487/4494 4486/4487 4482/4486
f 4484/4495 4488/4496 4487/4494 4483/4493
f 4485/4497 4489/4498 4488/4496 4484/4495
f 4485/4497 4492/4499 4490/4500 4489/4498
f 4490/4500 4492/4499 4493/4491 4491/4490
f 4494/4501 4498/4502 4502/4503 4496/4504
f 4497/4505 4507/4506 4509/4507 4495/4508
f 4499/4509 4503/4510 4502/4503 4498/4502
f 4500/4511 4504/4512 4503/4510 4499/4509
f 4501/4513 4505/4514 4504/4512 4500/4511
f 4501/4513 4508/4515 4506/4516 4505/4514
f 4506/4516 4508/4515 4509/4507 4507/4506
f 4510/4517 4514/4518 4518/4519 4512/4520
f 4513/4521 4523/4522 4525/4523 4511/4524
f 4515/4525 4519/4526 4518/4519 4514/4518
f 4516/4527 4520/4528 4519/4526 4515/4525
f 4517/4529 4521/4530 4520/4528 4516/4527
f 4517/4529 4524/4531 4522/4532 4521/4530
f 4522/4532 4524/4531 4525/4523 4523/4522
f 4526/4533 4530/4534 4534/4535 4528/4536
f 4529/4537 4539/4538 4541/4539 4527/4540
f 4531/4541 4535/4542 4534/4535 4530/4534
f 4532/4543 4536/4544 4535/4542 4531/4541
f 4533/4545 4537/4546 4536/4544 4532/4543
f 4533/4545 4540/4547 4538/4548 4537/4546
f 4538/4548 4540/4547 4541/4539 4539/4538
f 4542/4549 4546/4550 4550/4551 4544/4552
f 4545/4553 4555/4554 4557/4555 4543/4556
f 4547/4557 4551/4558 4550/4551 4546/4550
f 4548/4559 4552/4560 4551/4558 4547/4557
f 4549/4561 4553/4562 4552/4560 4548/4559
f 4549/4561 4556/4563 4554/4564 4553/4562
f 4554/4564 4556/4563 4557/4555 4555/4554
f 4558/4565 4562/4566 4566/4567 4560/4568
f 4561/4569 4573/4570 4571/4571 4559/4572
f 4563/4573 4567/4574 4566/4567 4562/4566
f 4564/4575 4568/4576 4567/4574 4563/4573
f 4565/4577 4569/4578 4568/4576 4564/4575
f 4565/4577 4570/4579 4572/4580 4569/4578
f 4571/4571 4573/4570 4572/4580 4570/4579
f 4574/4581 4578/4582 4582/4583 4576/4584
f 4577/4585 4587/4586 4589/4587 4575/4588
f 4579/4589 4583/4590 4582/4583 4578/4582
f 4580/4591 4584/4592 4583/4590 4579/4589
f 4581/4593 4585/4594 4584/4592 4580/4591
f 4581/4593 4588/4595 4586/4596 4585/4594
f 4586/4596 4588/4595 4589/4587 4587/4586
f 4590/4597 4594/4598 4598/4599 4592/4600
f 4593/4601 4603/4602 4605/4603 4591/4604
f 4595/4605 4599/4606 4598/4599 4594/4598
f 4596/4607 4600/4608 4599/4606 4595/4605
f 4597/4609 4601/4610 4600/4608 4596/4607
f 4597/4609 4604/4611 4602/4612 4601/4610
f 4602/4612 4604/4611 4605/4603 4603/4602
f 4606/4613 4610/4614 4614/4615 4608/4616
f 4609/4617 4617/4618 4613/4619 4607/4620
f 4611/4621 4615/4622 4614/4615 4610/4614
f 4612/4623 4616/4624 4615/4622 4611/4621
f 4613/4619 4617/4618 4616/4624 4612/4623
f 4618/4625 4622/4626 4626/4627 4620/4628
f 4621/4629 4629/4630 4625/4631 4619/4632
f 4623/4633 4627/4634 4626/4627 4622/4626
f 4624/4635 4628/4636 4627/4634 4623/4633
f 4625/4631 4629/4630 4628/4636 4624/4635
f 4630/4637 4634/4638 4638/4639 4632/4640
f 4633/4641 4641/4642 4637/4643 4631/4644
f 4635/4645 4639/4646 4638/4639 4634/4638
f 4636/4647 4640/4648 4639/4646 4635/4645
f 4637/4643 4641/4642 4640/4648 4636/4647
f 4642/4649 4646/4650 4650/4651 4644/4652
f 4645/4653 4653/4654 4649/4655 4643/4656
f 4647/4657 4651/4658 4650/4651 4646/4650
f 4648/4659 4652/4660 4651/4658 4647/4657
f 4649/4655 4653/4654 4652/4660 4648/4659
f 4654/4661 4658/4662 4662/4663 4656/4664
f 4657/4665 4665/4666 4661/4667 4655/4668
f 4659/4669 4663/4670 4662/4663 4658/4662
f 4660/4671 4664/4672 4663/4670 4659/4669
f 4661/4667 4665/4666 4664/4672 4660/4671
f 4666/4673 4670/4674 4674/4675 4668/4676
f 4669/4677 4677/4678 4673/4679 4667/4680
f 4671/4681 4675/4682 4674/4675 4670/4674
f 4672/4683 4676/4684 4675/4682 4671/4681
f 4673/4679 4677/4678 4676/4684 4672/4683
f 4678/4685 4682/4686 4686/4687 4680/4688
f 4681/4689 4689/4690 4685/4691 4679/4692
f 4683/4693 4687/4694 4686/4687 4682/4686
f 4684/4695 4688/4696 4687/4694 4683/4693
f 4685/4691 4689/4690 4688/4696 4684/4695
f 4690/4697 4694/4698 4698/4699 4692/4700
f 4693/4701 4701/4702 4697/4703 4691/4704
f 4695/4705 4699/4706 4698/4699 4694/4698
f 4696/4707 4700/4708 4699/4706 4695/4705
f 4697/4703 4701/4702 4700/4708 4696/4707
f 4702/4709 4706/4710 4710/4711 4704/4712
f 4705/4713 4713/4714 4709/4715 4703/4716
f 4707/4717 4711/4718 4710/4711 4706/4710
f 4708/4719 4712/4720 4711/4718 4707/4717
f 4709/4715 4713/4714 4712/4720 4708/4719
f 4714/4721 4718/4722 4722/4723 4716/4724
f 4717/4725 4729/4726 4727/4727 4715/4728
f 4719/4729 4723/4730 4722/4723 4718/4722
f 4720/4731 4724/4732 4723/4730 4719/4729
f 4721/4733 4725/4734 4724/4732 4720/4731
f 4721/4733 4726/4735 4728/4736 4725/4734
f 4727/4727 4729/4726 4728/4736 4726/4735
f 4730/4737 4734/4738 4738/4739 4732/4740
f 4733/4741 4743/4742 4745/4743 4731/4744
f 4735/4745 4739/4746 4738/4739 4734/4738
f 4736/4747 4740/4748 4739/4746 4735/4745
f 4737/4749 4741/4750 4740/4748 4736/4747
f 4737/4749 4744/4751 4742/4752 4741/4750
f 4742/4752 4744/4751 4745/4743 4743/4742
f 4746/4753 4750/4754 4754/4755 4748/4756
f 4749/4757 4757/4758 4753/4759 4747/4760
f 4751/4761 4755/4762 4754/4755 4750/4754
f 4752/4763 4756/4764 4755/4762 4751/4761
f 4753/4759 4757/4758 4756/4764 4752/4763
f 4758/4765 4762/4766 4766/4767 4760/4768
f 4761/4769 4769/4770 4765/4771 4759/4772
f 4763/4773 4767/4774 4766/4767 4762/4766
f 4764/4775 4768/4776 4767/4774 4763/4773
f 4765/4771 4769/4770 4768/4776 4764/4775
f 4771/4777 4785/4778 4783/4779 4773/4780
f 4772/4781 4778/4782 4774/4783 4770/4784
f 4774/4783 4778/4782 4779/4785 4775/4786
f 4775/4786 4779/4785 4780/4787 4776/4788
f 4776/4788 4780/4787 4781/4789 4777/4790
f 4781/4789 4782/4791 4784/4792 4777/4790
f 4783/4779 4785/4778 4784/4792 4782/4791
f 4787/4793 4793/4794 4797/4795 4789/4796
f 4788/4797 4794/4798 4790/4799 4786/4800
f 4790/4799 4794/4798 4795/4801 4791/4802
f 4791/4802 4795/4801 4796/4803 4792/4804
f 4792/4804 4796/4803 4797/4795 4793/4794
f 4798/4805 4802/4806 4806/4807 4800/4808
f 4801/4809 4809/4810 4805/4811 4799/4812
f 4803/4813 4807/4814 4806/4807 4802/4806
f 4804/4815 4808/4816 4807/4814 4803/4813
f 4805/4811 4809/4810 4808/4816 4804/4815
f 4810/4817 4814/4818 4818/4819 4812/4820
f 4813/4821 4823/4822 4825/4823 4811/4824
f 4815/4825 4819/4826 4818/4819 4814/4818
f 4816/4827 4820/4828 4819/4826 4815/4825
f 4817/4829 4821/4830 4820/4828 4816/4827
f 4817/4829 4824/4831 4822/4832 4821/4830
f 4822/4832 4824/4831 4825/4823 4823/4822
f 4827/4833 4833/4834 4837/4835 4829/4836
f 4828/4837 4834/4838 4830/4839 4826/4840
f 4830/4839 4834/4838 4835/4841 4831/4842
f 4831/4842 4835/4841 4836/4843 4832/4844
f 4832/4844 4836/4843 4837/4835 4833/4834
f 4838/4845 4842/4846 4846/4847 4840/4848
f 4841/4849 4851/4850 4853/4851 4839/4852
f 4843/4853 4847/4854 4846/4847 4842/4846
f 4844/4855 4848/4856 4847/4854 4843/4853
f 4845/4857 4849/4858 4848/4856 4844/4855
f 4845/4857 4852/4859 4850/4860 4849/4858
f 4850/4860 4852/4859 4853/4851 4851/4850
f 4854/4861 4858/4862 4862/4863 4856/4864
f 4857/4865 4867/4866 4869/4867 4855/4868
f 4859/4869 4863/4870 4862/4863 4858/4862
f 4860/4871 4864/4872 4863/4870 4859/4869
f 4861/4873 4865/4874 4864/4872 4860/4871
f 4861/4873 4868/4875 4866/4876 4865/4874
f 4866/4876 4868/4875 4869/4867 4867/4866
f 4871/4877 4885/4878 4883/4879 4873/4880
f 4872/4881 4878/4882 4874/4883 4870/4884
f 4874/4883 4878/4882 4879/4885 4875/4886
f 4875/4886 4879/4885 4880/4887 4876/4888
f 4876/4888 4880/4887 4881/4889 4877/4890
f 4881/4889 4882/4891 4884/4892 4877/4890
f 4883/4879 4885/4878 4884/4892 4882/4891
f 4887/4893 4901/4894 4899/4895 4889/4896
f 4888/4897 4894/4898 4890/4899 4886/4900
f 4890/4899 4894/4898 4895/4901 4891/4902
f 4891/4902 4895/4901 4896/4903 4892/4904
f 4892/4904 4896/4903 4897/4905 4893/4906
f 4897/4905 4898/4907 4900/4908 4893/4906
f 4899/4895 4901/4894 4900/4908 4898/4907
f 4903/4909 4917/4910 4915/4911 4905/4912
f 4904/4913 4910/4914 4906/4915 4902/4916
f 4906/4915 4910/4914 4911/4917 4907/4918
f 4907/4918 4911/4917 4912/4919 4908/4920
f 4908/4920 4912/4919 4913/4921 4909/4922
f 4913/4921 4914/4923 4916/4924 4909/4922
f 4915/4911 4917/4910 4916/4924 4914/4923
f 4919/4925 4933/4926 4931/4927 4921/4928
f 4920/4929 4926/4930 4922/4931 4918/4932
f 4922/4931 4926/4930 4927/4933 4923/4934
f 4923/4934 4927/4933 4928/4935 4924/4936
f 4924/4936 4928/4935 4929/4937 4925/4938
f 4929/4937 4930/4939 4932/4940 4925/4938
f 4931/4927 4933/4926 4932/4940 4930/4939
f 4935/4941 4947/4942 4949/4943 4937/4944
f 4936/4945 4942/4946 4938/4947 4934/4948
f 4938/4947 4942/4946 4943/4949 4939/4950
f 4939/4950 4943/4949 4944/4951 4940/4952
f 4940/4952 4944/4951 4945/4953 4941/4954
f 4945/4953 4948/4955 4946/4956 4941/4954
f 4946/4956 4948/4955 4949/4943 4947/4942
f 4951/4957 4965/4958 4963/4959 4953/4960
f 4952/4961 4958/4962 4954/4963 4950/4964
f 4954/4963 4958/4962 4959/4965 4955/4966
f 4955/4966 4959/4965 4960/4967 4956/4968
f 4956/4968 4960/4967 4961/4969 4957/4970
f 4961/4969 4962/4971 4964/4972 4957/4970
f 4963/4959 4965/4958 4964/4972 4962/4971
f 4967/4973 4981/4974 4979/4975 4969/4976
f 4968/4977 4974/4978 4970/4979 4966/4980
f 4970/4979 4974/4978 4975/4981 4971/4982
f 4971/4982 4975/4981 4976/4983 4972/4984
f 4972/4984 4976/4983 4977/4985 4973/4986
f 4977/4985 4978/4987 4980/4988 4973/4986
f 4979/4975 4981/4974 4980/4988 4978/4987
f 4983/4989 4997/4990 4995/4991 4985/4992
f 4984/4993 4990/4994 4986/4995 4982/4996
f 4986/4995 4990/4994 4991/4997 4987/4998
f 4987/4998 4991/4997 4992/4999 4988/5000
f 4988/5000 4992/4999 4993/5001 4989/5002
f 4993/5001 4994/5003 4996/5004 4989/5002
f 4995/4991 4997/4990 4996/5004 4994/5003
f 4998/5005 5002/5006 5006/5007 5000/5008
f 5001/5009 5011/5010 5013/5011 4999/5012
f 5003/5013 5007/5014 5006/5007 5002/5006
f 5004/5015 5008/5016 5007/5014 5003/5013
f 5005/5017 5009/5018 5008/5016 5004/5015
f 5005/5017 5012/5019 5010/5020 5009/5018
f 5010/5020 5012/5019 5013/5011 5011/5010
f 5014/5021 5018/5022 5022/5023 5016/5024
f 5017/5025 5027/5026 5029/5027 5015/5028
f 5019/5029 5023/5030 5022/5023 5018/5022
f 5020/5031 5024/5032 5023/5030 5019/5029
f 5021/5033 5025/5034 5024/5032 5020/5031
f 5021/5033 5028/5035 5026/5036 5025/5034
f 5026/5036 5028/5035 5029/5027 5027/5026
f 5031/5037 5045/5038 5043/5039 5033/5040
f 5032/5041 5038/5042 5034/5043 5030/5044
f 5034/5043 5038/5042 5039/5045 5035/5046
f 5035/5046 5039/5045 5040/5047 5036/5048
f 5036/5048 5040/5047 5041/5049 5037/5050
f 5041/5049 5042/5051 5044/5052 5037/5050
f 5043/5039 5045/5038 5044/5052 5042/5051
f 5047/5053 5061/5054 5059/5055 5049/5056
f 5048/5057 5054/5058 5050/5059 5046/5060
f 5050/5059 5054/5058 5055/5061 5051/5062
f 5051/5062 5055/5061 5056/5063 5052/5064
f 5052/5064 5056/5063 5057/5065 5053/5066
f 5057/5065 5058/5067 5060/5068 5053/5066
f 5059/5055 5061/5054 5060/5068 5058/5067
f 5063/5069 5077/5070 5075/5071 5065/5072
f 5064/5073 5070/5074 5066/5075 5062/5076
f 5066/5075 5070/5074 5071/5077 5067/5078
f 5067/5078 5071/5077 5072/5079 5068/5080
f 5068/5080 5072/5079 5073/5081 5069/5082
f 5073/5081 5074/5083 5076/5084 5069/5082
f 5075/5071 5077/5070 5076/5084 5074/5083
f 5079/5085 5093/5086 5091/5087 5081/5088
f 5080/5089 5086/5090 5082/5091 5078/5092
f 5082/5091 5086/5090 5087/5093 5083/5094
f 5083/5094 5087/5093 5088/5095 5084/5096
f 5084/5096 5088/5095 5089/5097 5085/5098
f 5089/5097 5090/5099 5092/5100 5085/5098
f 5091/5087 5093/5086 5092/5100 5090/5099
f 5095/5101 5107/5102 5109/5103 5097/5104
f 5096/5105 5102/5106 5098/5107 5094/5108
f 5098/5107 5102/5106 5103/5109 5099/5110
f 5099/5110 5103/5109 5104/5111 5100/5112
f 5100/5112 5104/5111 5105/5113 5101/5114
f 5105/5113 5108/5115 5106/5116 5101/5114
f 5106/5116 5108/5115 5109/5103 5107/5102
f 5111/5117 5125/5118 5123/5119 5113/5120
f 5112/5121 5118/5122 5114/5123 5110/5124
f 5114/5123 5118/5122 5119/5125 5115/5126
f 5115/5126 5119/5125 5120/5127 5116/5128
f 5116/5128 5120/5127 5121/5129 5117/5130
f 5121/5129 5122/5131 5124/5132 5117/5130
f 5123/5119 5125/5118 5124/5132 5122/5131
f 5127/5133 5141/5134 5139/5135 5129/5136
f 5128/5137 5134/5138 5130/5139 5126/5140
f 5130/5139 5134/5138 5135/5141 5131/5142
f 5131/5142 5135/5141 5136/5143 5132/5144
f 5132/5144 5136/5143 5137/5145 5133/5146
f 5137/5145 5138/5147 5140/5148 5133/5146
f 5139/5135 5141/5134 5140/5148 5138/5147
f 5143/5149 5157/5150 5155/5151 5145/5152
f 5144/5153 5150/5154 5146/5155 5142/5156
f 5146/5155 5150/5154 5151/5157 5147/5158
f 5147/5158 5151/5157 5152/5159 5148/5160
f 5148/5160 5152/5159 5153/5161 5149/5162
f 5153/5161 5154/5163 5156/5164 5149/5162
f 5155/5151 5157/5150 5156/5164 5154/5163
f 5158/5165 5162/5166 5166/5167 5160/5168
f 5161/5169 5171/5170 5173/5171 5159/5172
f 5163/5173 5167/5174 5166/5167 5162/5166
f 5164/5175 5168/5176 5167/5174 5163/5173
f 5165/5177 5169/5178 5168/5176 5164/5175
f 5165/5177 5172/5179 5170/5180 5169/5178
f 5170/5180 5172/5179 5173/5171 5171/5170
f 5174/5181 5178/5182 5182/5183 5176/5184
f 5177/5185 5187/5186 5189/5187 5175/5188
f 5179/5189 5183/5190 5182/5183 5178/5182
f 5180/5191 5184/5192 5183/5190 5179/5189
f 5181/5193 5185/5194 5184/5192 5180/5191
f 5181/5193 5188/5195 5186/5196 5185/5194
f 5186/5196 5188/5195 5189/5187 5187/5186
f 5191/5197 5205/5198 5203/5199 5193/5200
f 5192/5201 5198/5202 5194/5203 5190/5204
f 5194/5203 5198/5202 5199/5205 5195/5206
f 5195/5206 5199/5205 5200/5207 5196/5208
f 5196/5208 5200/5207 5201/5209 5197/5210
f 5201/5209 5202/5211 5204/5212 5197/5210
f 5203/5199 5205/5198 5204/5212 5202/5211
f 5207/5213 5221/5214 5219/5215 5209/5216
f 5208/5217 5214/5218 5210/5219 5206/5220
f 5210/5219 5214/5218 5215/5221 5211/5222
f 5211/5222 5215/5221 5216/5223 5212/5224
f 5212/5224 5216/5223 5217/5225 5213/5226
f 5217/5225 5218/5227 5220/5228 5213/5226
f 5219/5215 5221/5214 5220/5228 5218/5227
f 5223/5229 5237/5230 5235/5231 5225/5232
f 5224/5233 5230/5234 5226/5235 5222/5236
f 5226/5235 5230/5234 5231/5237 5227/5238
f 5227/5238 5231/5237 5232/5239 5228/5240
f 5228/5240 5232/5239 5233/5241 5229/5242
f 5233/5241 5234/5243 5236/5244 5229/5242
f 5235/5231 5237/5230 5236/5244 5234/5243
f 5239/5245 5253/5246 5251/5247 5241/5248
f 5240/5249 5246/5250 5242/5251 5238/5252
f 5242/5251 5246/5250 5247/5253 5243/5254
f 5243/5254 5247/5253 5248/5255 5244/5256
f 5244/5256 5248/5255 5249/5257 5245/5258
f 5249/5257 5250/5259 5252/5260 5245/5258
f 5251/5247 5253/5246 5252/5260 5250/5259
f 5255/5261 5267/5262 5269/5263 5257/5264
f 5256/5265 5262/5266 5258/5267 5254/5268
f 5258/5267 5262/5266 5263/5269 5259/5270
f 5259/5270 5263/5269 5264/5271 5260/5272
f 5260/5272 5264/5271 5265/5273 5261/5274
f 5265/5273 5268/5275 5266/5276 5261/5274
f 5266/5276 5268/5275 5269/5263 5267/5262
f 5271/5277 5285/5278 5283/5279 5273/5280
f 5272/5281 5278/5282 5274/5283 5270/5284
f 5274/5283 5278/5282 5279/5285 5275/5286
f 5275/5286 5279/5285 5280/5287 5276/5288
f 5276/5288 5280/5287 5281/5289 5277/5290
f 5281/5289 5282/5291 5284/5292 5277/5290
f 5283/5279 5285/5278 5284/5292 5282/5291
f 5287/5293 5301/5294 5299/5295 5289/5296
f 5288/5297 5294/5298 5290/5299 5286/5300
f 5290/5299 5294/5298 5295/5301 5291/5302
f 5291/5302 5295/5301 5296/5303 5292/5304
f 5292/5304 5296/5303 5297/5305 5293/5306
f 5297/5305 5298/5307 5300/5308 5293/5306
f 5299/5295 5301/5294 5300/5308 5298/5307
f 5303/5309 5317/5310 5315/5311 5305/5312
f 5304/5313 5310/5314 5306/5315 5302/5316
f 5306/5315 5310/5314 5311/5317 5307/5318
f 5307/5318 5311/5317 5312/5319 5308/5320
f 5308/5320 5312/5319 5313/5321 5309/5322
f 5313/5321 5314/5323 5316/5324 5309/5322
f 5315/5311 5317/5310 5316/5324 5314/5323
f 5318/5325 5322/5326 5326/5327 5320/5328
f 5321/5329 5331/5330 5333/5331 5319/5332
f 5323/5333 5327/5334 5326/5327 5322/5326
f 5324/5335 5328/5336 5327/5334 5323/5333
f 5325/5337 5329/5338 5328/5336 5324/5335
f 5325/5337 5332/5339 5330/5340 5329/5338
f 5330/5340 5332/5339 5333/5331 5331/5330
f 5334/5341 5338/5342 5342/5343 5336/5344
f 5337/5345 5347/5346 5349/5347 5335/5348
f 5339/5349 5343/5350 5342/5343 5338/5342
f 5340/5351 5344/5352 5343/5350 5339/5349
f 5341/5353 5345/5354 5344/5352 5340/5351
f 5341/5353 5348/5355 5346/5356 5345/5354
f 5346/5356 5348/5355 5349/5347 5347/5346
f 5351/5357 5357/5358 5361/5359 5353/5360
f 5352/5361 5358/5362 5354/5363 5350/5364
f 5354/5363 5358/5362 5359/5365 5355/5366
f 5355/5366 5359/5365 5360/5367 5356/5368
f 5356/5368 5360/5367 5361/5359 5357/5358
f 5363/5369 5369/5370 5373/5371 5365/5372
f 5364/5373 5370/5374 5366/5375 5362/5376
f 5366/5375 5370/5374 5371/5377 5367/5378
f 5367/5378 5371/5377 5372/5379 5368/5380
f 5368/5380 5372/5379 5373/5371 5369/5370
f 5375/5381 5381/5382 5385/5383 5377/5384
f 5376/5385 5382/5386 5378/5387 5374/5388
f 5378/5387 5382/5386 5383/5389 5379/5390
f 5379/5390 5383/5389 5384/5391 5380/5392
f 5380/5392 5384/5391 5385/5383 5381/5382
f 5387/5393 5393/5394 5397/5395 5389/5396
f 5388/5397 5394/5398 5390/5399 5386/5400
f 5390/5399 5394/5398 5395/5401 5391/5402
f 5391/5402 5395/5401 5396/5403 5392/5404
f 5392/5404 5396/5403 5397/5395 5393/5394
f 5399/5405 5405/5406 5409/5407 5401/5408
f 5400/5409 5406/5410 5402/5411 5398/5412
f 5402/5411 5406/5410 5407/5413 5403/5414
f 5403/5414 5407/5413 5408/5415 5404/5416
f 5404/5416 5408/5415 5409/5407 5405/5406
f 5411/5417 5417/5418 5421/5419 5413/5420
f 5412/5421 5418/5422 5414/5423 5410/5424
f 5414/5423 5418/5422 5419/5425 5415/5426
f 5415/5426 5419/5425 5420/5427 5416/5428
f 5416/5428 5420/5427 5421/5419 5417/5418
f 5423/5429 5429/5430 5433/5431 5425/5432
f 5424/5433 5430/5434 5426/5435 5422/5436
f 5426/5435 5430/5434 5431/5437 5427/5438
f 5427/5438 5431/5437 5432/5439 5428/5440
f 5428/5440 5432/5439 5433/5431 5429/5430
f 5435/5441 5441/5442 5445/5443 5437/5444
f 5436/5445 5442/5446 5438/5447 5434/5448
f 5438/5447 5442/5446 5443/5449 5439/5450
f 5439/5450 5443/5449 5444/5451 5440/5452
f 5440/5452 5444/5451 5445/5443 5441/5442
f 5447/5453 5453/5454 5457/5455 5449/5456
f 5448/5457 5454/5458 5450/5459 5446/5460
f 5450/5459 5454/5458 5455/5461 5451/5462
f 5451/5462 5455/5461 5456/5463 5452/5464
f 5452/5464 5456/5463 5457/5455 5453/5454
f 5459/5465 5465/5466 5469/5467 5461/5468
f 5460/5469 5466/5470 5462/5471 5458/5472
f 5462/5471 5466/5470 5467/5473 5463/5474
f 5463/5474 5467/5473 5468/5475 5464/5476
f 5464/5476 5468/5475 5469/5467 5465/5466
f 5471/5477 5477/5478 5481/5479 5473/5480
f 5472/5481 5478/5482 5474/5483 5470/5484
f 5474/5483 5478/5482 5479/5485 5475/5486
f 5475/5486 5479/5485 5480/5487 5476/5488
f 5476/5488 5480/5487 5481/5479 5477/5478
f 5483/5489 5489/5490 5493/5491 5485/5492
f 5484/5493 5490/5494 5486/5495 5482/5496
f 5486/5495 5490/5494 5491/5497 5487/5498
f 5487/5498 5491/5497 5492/5499 5488/5500
f 5488/5500 5492/5499 5493/5491 5489/5490
f 5495/5501 5501/5502 5505/5503 5497/5504
f 5496/5505 5502/5506 5498/5507 5494/5508
f 5498/5507 5502/5506 5503/5509 5499/5510
f 5499/5510 5503/5509 5504/5511 5500/5512
f 5500/5512 5504/5511 5505/5503 5501/5502
f 5507/5513 5513/5514 5517/5515 5509/5516
f 5508/5517 5514/5518 5510/5519 5506/5520
f 5510/5519 5514/5518 5515/5521 5511/5522
f 5511/5522 5515/5521 5516/5523 5512/5524
f 5512/5524 5516/5523 5517/5515 5513/5514
f 5519/5525 5525/5526 5529/5527 5521/5528
f 5520/5529 5526/5530 5522/5531 5518/5532
f 5522/5531 5526/5530 5527/5533 5523/5534
f 5523/5534 5527/5533 5528/5535 5524/5536
f 5524/5536 5528/5535 5529/5527 5525/5526
f 5531/5537 5537/5538 5541/5539 5533/5540
f 5532/5541 5538/5542 5534/5543 5530/5544
f 5534/5543 5538/5542 5539/5545 5535/5546
f 5535/5546 5539/5545 5540/5547 5536/5548
f 5536/5548 5540/5547 5541/5539 5537/5538
f 5543/5549 5549/5550 5553/5551 5545/5552
f 5544/5553 5550/5554 5546/5555 5542/5556
f 5546/5555 5550/5554 5551/5557 5547/5558
f 5547/5558 5551/5557 5552/5559 5548/5560
f 5548/5560 5552/5559 5553/5551 5549/5550
f 5555/5561 5561/5562 5565/5563 5557/5564
f 5556/5565 5562/5566 5558/5567 5554/5568
f 5558/5567 5562/5566 5563/5569 5559/5570
f 5559/5570 5563/5569 5564/5571 5560/5572
f 5560/5572 5564/5571 5565/5563 5561/5562
f 5567/5573 5573/5574 5577/5575 5569/5576
f 5568/5577 5574/5578 5570/5579 5566/5580
f 5570/5579 5574/5578 5575/5581 5571/5582
f 5571/5582 5575/5581 5576/5583 5572/5584
f 5572/5584 5576/5583 5577/5575 5573/5574
f 5579/5585 5585/5586 5589/5587 5581/5588
f 5580/5589 5586/5590 5582/5591 5578/5592
f 5582/5591 5586/5590 5587/5593 5583/5594
f 5583/5594 5587/5593 5588/5595 5584/5596
f 5584/5596 5588/5595 5589/5587 5585/5586
f 5591/5597 5597/5598 5601/5599 5593/5600
f 5592/5601 5598/5602 5594/5603 5590/5604
f 5594/5603 5598/5602 5599/5605 5595/5606
f 5595/5606 5599/5605 5600/5607 5596/5608
f 5596/5608 5600/5607 5601/5599 5597/5598
f 5603/5609 5609/5610 5613/5611 5605/5612
f 5604/5613 5610/5614 5606/5615 5602/5616
f 5606/5615 5610/5614 5611/5617 5607/5618
f 5607/5618 5611/5617 5612/5619 5608/5620
f 5608/5620 5612/5619 5613/5611 5609/5610
f 5615/5621 5621/5622 5625/5623 5617/5624
f 5616/5625 5622/5626 5618/5627 5614/5628
f 5618/5627 5622/5626 5623/5629 5619/5630
f 5619/5630 5623/5629 5624/5631 5620/5632
f 5620/5632 5624/5631 5625/5623 5621/5622
f 5627/5633 5633/5634 5637/5635 5629/5636
f 5628/5637 5634/5638 5630/5639 5626/5640
f 5630/5639 5634/5638 5635/5641 5631/5642
f 5631/5642 5635/5641 5636/5643 5632/5644
f 5632/5644 5636/5643 5637/5635 5633/5634
f 5639/5645 5645/5646 5649/5647 5641/5648
f 5640/5649 5646/5650 5642/5651 5638/5652
f 5642/5651 5646/5650 5647/5653 5643/5654
f 5643/5654 5647/5653 5648/5655 5644/5656
f 5644/5656 5648/5655 5649/5647 5645/5646
f 5651/5657 5657/5658 5661/5659 5653/5660
f 5652/5661 5658/5662 5654/5663 5650/5664
f 5654/5663 5658/5662 5659/5665 5655/5666
f 5655/5666 5659/5665 5660/5667 5656/5668
f 5656/5668 5660/5667 5661/5659 5657/5658
f 5663/5669 5669/5670 5673/5671 5665/5672
f 5664/5673 5670/5674 5666/5675 5662/5676
f 5666/5675 5670/5674 5671/5677 5667/5678
f 5667/5678 5671/5677 5672/5679 5668/5680
f 5668/5680 5672/5679 5673/5671 5669/5670
f 5675/5681 5681/5682 5685/5683 5677/5684
f 5676/5685 5682/5686 5678/5687 5674/5688
f 5678/5687 5682/5686 5683/5689 5679/5690
f 5679/5690 5683/5689 5684/5691 5680/5692
f 5680/5692 5684/5691 5685/5683 5681/5682
f 5687/5693 5693/5694 5697/5695 5689/5696
f 5688/5697 5694/5698 5690/5699 5686/5700
f 5690/5699 5694/5698 5695/5701 5691/5702
f 5691/5702 5695/5701 5696/5703 5692/5704
f 5692/5704 5696/5703 5697/5695 5693/5694
f 5699/5705 5705/5706 5709/5707 5701/5708
f 5700/5709 5706/5710 5702/5711 5698/5712
f 5702/5711 5706/5710 5707/5713 5703/5714
f 5703/5714 5707/5713 5708/5715 5704/5716
f 5704/5716 5708/5715 5709/5707 5705/5706
f 5711/5717 5717/5718 5721/5719 5713/5720
f 5712/5721 5718/5722 5714/5723 5710/5724
f 5714/5723 5718/5722 5719/5725 5715/5726
f 5715/5726 5719/5725 5720/5727 5716/5728
f 5716/5728 5720/5727 5721/5719 5717/5718
f 5723/5729 5729/5730 5733/5731 5725/5732
f 5724/5733 5730/5734 5726/5735 5722/5736
f 5726/5735 5730/5734 5731/5737 5727/5738
f 5727/5738 5731/5737 5732/5739 5728/5740
f 5728/5740 5732/5739 5733/5731 5729/5730
f 5735/5741 5741/5742 5745/5743 5737/5744
f 5736/5745 5742/5746 5738/5747 5734/5748
f 5738/5747 5742/5746 5743/5749 5739/5750
f 5739/5750 5743/5749 5744/5751 5740/5752
f 5740/5752 5744/5751 5745/5743 5741/5742
f 5747/5753 5753/5754 5757/5755 5749/5756
f 5748/5757 5754/5758 5750/5759 5746/5760
f 5750/5759 5754/5758 5755/5761 5751/5762
f 5751/5762 5755/5761 5756/5763 5752/5764
f 5752/5764 5756/5763 5757/5755 5753/5754
f 5759/5765 5765/5766 5769/5767 5761/5768
f 5760/5769 5766/5770 5762/5771 5758/5772
f 5762/5771 5766/5770 5767/5773 5763/5774
f 5763/5774 5767/5773 5768/5775 5764/5776
f 5764/5776 5768/5775 5769/5767 5765/5766
f 5771/5777 5777/5778 5781/5779 5773/5780
f 5772/5781 5778/5782 5774/5783 5770/5784
f 5774/5783 5778/5782 5779/5785 5775/5786
f 5775/5786 5779/5785 5780/5787 5776/5788
f 5776/5788 5780/5787 5781/5779 5777/5778
f 5783/5789 5789/5790 5793/5791 5785/5792
f 5784/5793 5790/5794 5786/5795 5782/5796
f 5786/5795 5790/5794 5791/5797 5787/5798
f 5787/5798 5791/5797 5792/5799 5788/5800
f 5788/5800 5792/5799 5793/5791 5789/5790
f 5795/5801 5801/5802 5805/5803 5797/5804
f 5796/5805 5802/5806 5798/5807 5794/5808
f 5798/5807 5802/5806 5803/5809 5799/5810
f 5799/5810 5803/5809 5804/5811 5800/5812
f 5800/5812 5804/5811 5805/5803 5801/5802
f 5807/5813 5813/5814 5817/5815 5809/5816
f 5808/5817 5814/5818 5810/5819 5806/5820
f 5810/5819 5814/5818 5815/5821 5811/5822
f 5811/5822 5815/5821 5816/5823 5812/5824
f 5812/5824 5816/5823 5817/5815 5813/5814
f 5819/5825 5825/5826 5829/5827 5821/5828
f 5820/5829 5826/5830 5822/5831 5818/5832
f 5822/5831 5826/5830 5827/5833 5823/5834
f 5823/5834 5827/5833 5828/5835 5824/5836
f 5824/5836 5828/5835 5829/5827 5825/5826
f 5831/5837 5837/5838 5841/5839 5833/5840
f 5832/5841 5838/5842 5834/5843 5830/5844
f 5834/5843 5838/5842 5839/5845 5835/5846
f 5835/5846 5839/5845 5840/5847 5836/5848
f 5836/5848 5840/5847 5841/5839 5837/5838
f 5843/5849 5849/5850 5853/5851 5845/5852
f 5844/5853 5850/5854 5846/5855 5842/5856
f 5846/5855 5850/5854 5851/5857 5847/5858
f 5847/5858 5851/5857 5852/5859 5848/5860
f 5848/5860 5852/5859 5853/5851 5849/5850
f 5855/5861 5861/5862 5865/5863 5857/5864
f 5856/5865 5862/5866 5858/5867 5854/5868
f 5858/5867 5862/5866 5863/5869 5859/5870
f 5859/5870 5863/5869 5864/5871 5860/5872
f 5860/5872 5864/5871 5865/5863 5861/5862
f 5867/5873 5873/5874 5877/5875 5869/5876
f 5868/5877 5874/5878 5870/5879 5866/5880
f 5870/5879 5874/5878 5875/5881 5871/5882
f 5871/5882 5875/5881 5876/5883 5872/5884
f 5872/5884 5876/5883 5877/5875 5873/5874
f 5879/5885 5885/5886 5889/5887 5881/5888
f 5880/5889 5886/5890 5882/5891 5878/5892
f 5882/5891 5886/5890 5887/5893 5883/5894
f 5883/5894 5887/5893 5888/5895 5884/5896
f 5884/5896 5888/5895 5889/5887 5885/5886
f 5891/5897 5897/5898 5901/5899 5893/5900
f 5892/5901 5898/5902 5894/5903 5890/5904
f 5894/5903 5898/5902 5899/5905 5895/5906
f 5895/5906 5899/5905 5900/5907 5896/5908
f 5896/5908 5900/5907 5901/5899 5897/5898
f 5903/5909 5917/5910 5915/5911 5905/5912
f 5904/5913 5910/5914 5906/5915 5902/5916
f 5906/5915 5910/5914 5911/5917 5907/5918
f 5907/5918 5911/5917 5912/5919 5908/5920
f 5908/5920 5912/5919 5913/5921 5909/5922
f 5913/5921 5914/5923 5916/5924 5909/5922
f 5915/5911 5917/5910 5916/5924 5914/5923
f 5919/5925 5933/5926 5931/5927 5921/5928
f 5920/5929 5926/5930 5922/5931 5918/5932
f 5922/5931 5926/5930 5927/5933 5923/5934
f 5923/5934 5927/5933 5928/5935 5924/5936
f 5924/5936 5928/5935 5929/5937 5925/5938
f 5929/5937 5930/5939 5932/5940 5925/5938
f 5931/5927 5933/5926 5932/5940 5930/5939
f 5935/5941 5949/5942 5947/5943 5937/5944
f 5936/5945 5942/5946 5938/5947 5934/5948
f 5938/5947 5942/5946 5943/5949 5939/5950
f 5939/5950 5943/5949 5944/5951 5940/5952
f 5940/5952 5944/5951 5945/5953 5941/5954
f 5945/5953 5946/5955 5948/5956 5941/5954
f 5947/5943 5949/5942 5948/5956 5946/5955
f 5951/5957 5965/5958 5963/5959 5953/5960
f 5952/5961 5958/5962 5954/5963 5950/5964
f 5954/5963 5958/5962 5959/5965 5955/5966
f 5955/5966 5959/5965 5960/5967 5956/5968
f 5956/5968 5960/5967 5961/5969 5957/5970
f 5961/5969 5962/5971 5964/5972 5957/5970
f 5963/5959 5965/5958 5964/5972 5962/5971
f 5967/5973 5973/5974 5977/5975 5969/5976
f 5968/5977 5974/5978 5970/5979 5966/5980
f 5970/5979 5974/5978 5975/5981 5971/5982
f 5971/5982 5975/5981 5976/5983 5972/5984
f 5972/5984 5976/5983 5977/5975 5973/5974
f 5979/5985 5985/5986 5989/5987 5981/5988
f 5980/5989 5986/5990 5982/5991 5978/5992
f 5982/5991 5986/5990 5987/5993 5983/5994
f 5983/5994 5987/5993 5988/5995 5984/5996
f 5984/5996 5988/5995 5989/5987 5985/5986
f 5991/5997 5997/5998 6001/5999 5993/6000
f 5992/6001 5998/6002 5994/6003 5990/6004
f 5994/6003 5998/6002 5999/6005 5995/6006
f 5995/6006 5999/6005 6000/6007 5996/6008
f 5996/6008 6000/6007 6001/5999 5997/5998
f 6003/6009 6009/6010 6013/6011 6005/6012
f 6004/6013 6010/6014 6006/6015 6002/6016
f 6006/6015 6010/6014 6011/6017 6007/6018
f 6007/6018 6011/6017 6012/6019 6008/6020
f 6008/6020 6012/6019 6013/6011 6009/6010
f 6015/6021 6027/6022 6029/6023 6017/6024
f 6016/6025 6022/6026 6018/6027 6014/6028
f 6018/6027 6022/6026 6023/6029 6019/6030
f 6019/6030 6023/6029 6024/6031 6020/6032
f 6020/6032 6024/6031 6025/6033 6021/6034
f 6025/6033 6028/6035 6026/6036 6021/6034
f 6026/6036 6028/6035 6029/6023 6027/6022
f 6031/6037 6045/6038 6043/6039 6033/6040
f 6032/6041 6038/6042 6034/6043 6030/6044
f 6034/6043 6038/6042 6039/6045 6035/6046
f 6035/6046 6039/6045 6040/6047 6036/6048
f 6036/6048 6040/6047 6041/6049 6037/6050
f 6041/6049 6042/6051 6044/6052 6037/6050
f 6043/6039 6045/6038 6044/6052 6042/6051
f 6047/6053 6061/6054 6059/6055 6049/6056
f 6048/6057 6054/6058 6050/6059 6046/6060
f 6050/6059 6054/6058 6055/6061 6051/6062
f 6051/6062 6055/6061 6056/6063 6052/6064
f 6052/6064 6056/6063 6057/6065 6053/6066
f 6057/6065 6058/6067 6060/6068 6053/6066
f 6059/6055 6061/6054 6060/6068 6058/6067
f 6063/6069 6077/6070 6075/6071 6065/6072
f 6064/6073 6070/6074 6066/6075 6062/6076
f 6066/6075 6070/6074 6071/6077 6067/6078
f 6067/6078 6071/6077 6072/6079 6068/6080
f 6068/6080 6072/6079 6073/6081 6069/6082
f 6073/6081 6074/6083 6076/6084 6069/6082
f 6075/6071 6077/6070 6076/6084 6074/6083
f 6079/6085 6085/6086 6089/6087 6081/6088
f 6080/6089 6086/6090 6082/6091 6078/6092
f 6082/6091 6086/6090 6087/6093 6083/6094
f 6083/6094 6087/6093 6088/6095 6084/6096
f 6084/6096 6088/6095 6089/6087 6085/6086
f 6091/6097 6097/6098 6101/6099 6093/6100
f 6092/6101 6098/6102 6094/6103 6090/6104
f 6094/6103 6098/6102 6099/6105 6095/6106
f 6095/6106 6099/6105 6100/6107 6096/6108
f 6096/6108 6100/6107 6101/6099 6097/6098
f 6103/6109 6109/6110 6113/6111 6105/6112
f 6104/6113 6110/6114 6106/6115 6102/6116
f 6106/6115 6110/6114 6111/6117 6107/6118
f 6107/6118 6111/6117 6112/6119 6108/6120
f 6108/6120 6112/6119 6113/6111 6109/6110
f 6115/6121 6121/6122 6125/6123 6117/6124
f 6116/6125 6122/6126 6118/6127 6114/6128
f 6118/6127 6122/6126 6123/6129 6119/6130
f 6119/6130 6123/6129 6124/6131 6120/6132
f 6120/6132 6124/6131 6125/6123 6121/6122
f 6127/6133 6133/6134 6137/6135 6129/6136
f 6128/6137 6134/6138 6130/6139 6126/6140
f 6130/6139 6134/6138 6135/6141 6131/6142
f 6131/6142 6135/6141 6136/6143 6132/6144
f 6132/6144 6136/6143 6137/6135 6133/6134
f 6139/6145 6145/6146 6149/6147 6141/6148
f 6140/6149 6146/6150 6142/6151 6138/6152
f 6142/6151 6146/6150 6147/6153 6143/6154
f 6143/6154 6147/6153 6148/6155 6144/6156
f 6144/6156 6148/6155 6149/6147 6145/6146
f 6151/6157 6157/6158 6161/6159 6153/6160
f 6152/6161 6158/6162 6154/6163 6150/6164
f 6154/6163 6158/6162 6159/6165 6155/6166
f 6155/6166 6159/6165 6160/6167 6156/6168
f 6156/6168 6160/6167 6161/6159 6157/6158
f 6163/6169 6169/6170 6173/6171 6165/6172
f 6164/6173 6170/6174 6166/6175 6162/6176
f 6166/6175 6170/6174 6171/6177 6167/6178
f 6167/6178 6171/6177 6172/6179 6168/6180
f 6168/6180 6172/6179 6173/6171 6169/6170
f 6174/6181 6178/6182 6182/6183 6176/6184
f 6177/6185 6187/6186 6189/6187 6175/6188
f 6179/6189 6183/6190 6182/6183 6178/6182
f 6180/6191 6184/6192 6183/6190 6179/6189
f 6181/6193 6185/6194 6184/6192 6180/6191
f 6181/6193 6188/6195 6186/6196 6185/6194
f 6186/6196 6188/6195 6189/6187 6187/6186
f 6191/6197 6203/6198 6205/6199 6193/6200
f 6192/6201 6198/6202 6194/6203 6190/6204
f 6194/6203 6198/6202 6199/6205 6195/6206
f 6195/6206 6199/6205 6200/6207 6196/6208
f 6196/6208 6200/6207 6201/6209 6197/6210
f 6201/6209 6204/6211 6202/6212 6197/6210
f 6202/6212 6204/6211 6205/6199 6203/6198
f 6207/6213 6221/6214 6219/6215 6209/6216
f 6208/6217 6214/6218 6210/6219 6206/6220
f 6210/6219 6214/6218 6215/6221 6211/6222
f 6211/6222 6215/6221 6216/6223 6212/6224
f 6212/6224 6216/6223 6217/6225 6213/6226
f 6217/6225 6218/6227 6220/6228 6213/6226
f 6219/6215 6221/6214 6220/6228 6218/6227
f 6222/6229 6226/6230 6230/6231 6224/6232
f 6225/6233 6235/6234 6237/6235 6223/6236
f 6227/6237 6231/6238 6230/6231 6226/6230
f 6228/6239 6232/6240 6231/6238 6227/6237
f 6229/6241 6233/6242 6232/6240 6228/6239
f 6229/6241 6236/6243 6234/6244 6233/6242
f 6234/6244 6236/6243 6237/6235 6235/6234
f 6239/6245 6253/6246 6251/6247 6241/6248
f 6240/6249 6246/6250 6242/6251 6238/6252
f 6242/6251 6246/6250 6247/6253 6243/6254
f 6243/6254 6247/6253 6248/6255 6244/6256
f 6244/6256 6248/6255 6249/6257 6245/6258
f 6249/6257 6250/6259 6252/6260 6245/6258
f 6251/6247 6253/6246 6252/6260 6250/6259
f 6255/6261 6269/6262 6267/6263 6257/6264
f 6256/6265 6262/6266 6258/6267 6254/6268
f 6258/6267 6262/6266 6263/6269 6259/6270
f 6259/6270 6263/6269 6264/6271 6260/6272
f 6260/6272 6264/6271 6265/6273 6261/6274
f 6265/6273 6266/6275 6268/6276 6261/6274
f 6267/6263 6269/6262 6268/6276 6266/6275
f 6271/6277 6285/6278 6283/6279 6273/6280
f 6272/6281 6278/6282 6274/6283 6270/6284
f 6274/6283 6278/6282 6279/6285 6275/6286
f 6275/6286 6279/6285 6280/6287 6276/6288
f 6276/6288 6280/6287 6281/6289 6277/6290
f 6281/6289 6282/6291 6284/6292 6277/6290
f 6283/6279 6285/6278 6284/6292 6282/6291
f 6287/6293 6301/6294 6299/6295 6289/6296
f 6288/6297 6294/6298 6290/6299 6286/6300
f 6290/6299 6294/6298 6295/6301 6291/6302
f 6291/6302 6295/6301 6296/6303 6292/6304
f 6292/6304 6296/6303 6297/6305 6293/6306
f 6297/6305 6298/6307 6300/6308 6293/6306
f 6299/6295 6301/6294 6300/6308 6298/6307
f 6303/6309 6317/6310 6315/6311 6305/6312
f 6304/6313 6310/6314 6306/6315 6302/6316
f 6306/6315 6310/6314 6311/6317 6307/6318
f 6307/6318 6311/6317 6312/6319 6308/6320
f 6308/6320 6312/6319 6313/6321 6309/6322
f 6313/6321 6314/6323 6316/6324 6309/6322
f 6315/6311 6317/6310 6316/6324 6314/6323
f 6319/6325 6331/6326 6333/6327 6321/6328
f 6320/6329 6326/6330 6322/6331 6318/6332
f 6322/6331 6326/6330 6327/6333 6323/6334
f 6323/6334 6327/6333 6328/6335 6324/6336
f 6324/6336 6328/6335 6329/6337 6325/6338
f 6329/6337 6332/6339 6330/6340 6325/6338
f 6330/6340 6332/6339 6333/6327 6331/6326
f 6335/6341 6349/6342 6347/6343 6337/6344
f 6336/6345 6342/6346 6338/6347 6334/6348
f 6338/6347 6342/6346 6343/6349 6339/6350
f 6339/6350 6343/6349 6344/6351 6340/6352
f 6340/6352 6344/6351 6345/6353 6341/6354
f 6345/6353 6346/6355 6348/6356 6341/6354
f 6347/6343 6349/6342 6348/6356 6346/6355
f 6351/6357 6365/6358 6363/6359 6353/6360
f 6352/6361 6358/6362 6354/6363 6350/6364
f 6354/6363 6358/6362 6359/6365 6355/6366
f 6355/6366 6359/6365 6360/6367 6356/6368
f 6356/6368 6360/6367 6361/6369 6357/6370
f 6361/6369 6362/6371 6364/6372 6357/6370
f 6363/6359 6365/6358 6364/6372 6362/6371
f 6367/6373 6373/6374 6377/6375 6369/6376
f 6368/6377 6374/6378 6370/6379 6366/6380
f 6370/6379 6374/6378 6375/6381 6371/6382
f 6371/6382 6375/6381 6376/6383 6372/6384
f 6372/6384 6376/6383 6377/6375 6373/6374
f 6379/6385 6385/6386 6389/6387 6381/6388
f 6380/6389 6386/6390 6382/6391 6378/6392
f 6382/6391 6386/6390 6387/6393 6383/6394
f 6383/6394 6387/6393 6388/6395 6384/6396
f 6384/6396 6388/6395 6389/6387 6385/6386
f 6391/6397 6397/6398 6401/6399 6393/6400
f 6392/6401 6398/6402 6394/6403 6390/6404
f 6394/6403 6398/6402 6399/6405 6395/6406
f 6395/6406 6399/6405 6400/6407 6396/6408
f 6396/6408 6400/6407 6401/6399 6397/6398
f 6403/6409 6409/6410 6413/6411 6405/6412
f 6404/6413 6410/6414 6406/6415 6402/6416
f 6406/6415 6410/6414 6411/6417 6407/6418
f 6407/6418 6411/6417 6412/6419 6408/6420
f 6408/6420 6412/6419 6413/6411 6409/6410
f 6415/6421 6421/6422 6425/6423 6417/6424
f 6416/6425 6422/6426 6418/6427 6414/6428
f 6418/6427 6422/6426 6423/6429 6419/6430
f 6419/6430 6423/6429 6424/6431 6420/6432
f 6420/6432 6424/6431 6425/6423 6421/6422
f 6427/6433 6433/6434 6437/6435 6429/6436
f 6428/6437 6434/6438 6430/6439 6426/6440
f 6430/6439 6434/6438 6435/6441 6431/6442
f 6431/6442 6435/6441 6436/6443 6432/6444
f 6432/6444 6436/6443 6437/6435 6433/6434
f 6439/6445 6445/6446 6449/6447 6441/6448
f 6440/6449 6446/6450 6442/6451 6438/6452
f 6442/6451 6446/6450 6447/6453 6443/6454
f 6443/6454 6447/6453 6448/6455 6444/6456
f 6444/6456 6448/6455 6449/6447 6445/6446
f 6451/6457 6457/6458 6461/6459 6453/6460
f 6452/6461 6458/6462 6454/6463 6450/6464
f 6454/6463 6458/6462 6459/6465 6455/6466
f 6455/6466 6459/6465 6460/6467 6456/6468
f 6456/6468 6460/6467 6461/6459 6457/6458
f 6463/6469 6469/6470 6473/6471 6465/6472
f 6464/6473 6470/6474 6466/6475 6462/6476
f 6466/6475 6470/6474 6471/6477 6467/6478
f 6467/6478 6471/6477 6472/6479 6468/6480
f 6468/6480 6472/6479 6473/6471 6469/6470
f 6475/6481 6487/6482 6489/6483 6477/6484
f 6476/6485 6482/6486 6478/6487 6474/6488
f 6478/6487 6482/6486 6483/6489 6479/6490
f 6479/6490 6483/6489 6484/6491 6480/6492
f 6480/6492 6484/6491 6485/6493 6481/6494
f 6485/6493 6488/6495 6486/6496 6481/6494
f 6486/6496 6488/6495 6489/6483 6487/6482
f 6491/6497 6505/6498 6503/6499 6493/6500
f 6492/6501 6498/6502 6494/6503 6490/6504
f 6494/6503 6498/6502 6499/6505 6495/6506
f 6495/6506 6499/6505 6500/6507 6496/6508
f 6496/6508 6500/6507 6501/6509 6497/6510
f 6501/6509 6502/6511 6504/6512 6497/6510
f 6503/6499 6505/6498 6504/6512 6502/6511
f 6507/6513 6513/6514 6517/6515 6509/6516
f 6508/6517 6514/6518 6510/6519 6506/6520
f 6510/6519 6514/6518 6515/6521 6511/6522
f 6511/6522 6515/6521 6516/6523 6512/6524
f 6512/6524 6516/6523 6517/6515 6513/6514
f 6519/6525 6525/6526 6529/6527 6521/6528
f 6520/6529 6526/6530 6522/6531 6518/6532
f 6522/6531 6526/6530 6527/6533 6523/6534
f 6523/6534 6527/6533 6528/6535 6524/6536
f 6524/6536 6528/6535 6529/6527 6525/6526
f 6530/6537 6534/6538 6538/6539 6532/6540
f 6533/6541 6543/6542 6545/6543 6531/6544
f 6535/6545 6539/6546 6538/6539 6534/6538
f 6536/6547 6540/6548 6539/6546 6535/6545
f 6537/6549 6541/6550 6540/6548 6536/6547
f 6537/6549 6544/6551 6542/6552 6541/6550
f 6542/6552 6544/6551 6545/6543 6543/6542
f 6546/6553 6550/6554 6554/6555 6548/6556
f 6549/6557 6557/6558 6553/6559 6547/6560
f 6551/6561 6555/6562 6554/6555 6550/6554
f 6552/6563 6556/6564 6555/6562 6551/6561
f 6553/6559 6557/6558 6556/6564 6552/6563