# Exported from MakeClothes (TM)
# author Rehman Polanski
# license AGPL3 (see also http://www.makehuman.org/doc/node/external_tools_license.html)
# homepage http://www.makehuman.org/
v 0.6878 1.7714 1.5902
v 0.6666 1.6636 1.5923
v 0.6071 1.5720 1.6054
v 0.5186 1.5106 1.6274
v 0.4144 1.4888 1.6550
v 0.3104 1.5099 1.6839
v 0.2225 1.5706 1.7099
v 0.1640 1.6618 1.7288
v 0.1439 1.7695 1.7380
v 0.1651 1.8774 1.7358
v 0.2246 1.9690 1.7228
v 0.3132 2.0304 1.7008
v 0.4174 2.0522 1.6732
v 0.5213 2.0311 1.6442
v 0.6092 1.9703 1.6183
v 0.6677 1.8792 1.5993
v 0.6837 1.7704 1.6223
v 0.6634 1.6673 1.6244
v 0.6066 1.5797 1.6368
v 0.5219 1.5210 1.6579
v 0.4223 1.5002 1.6842
v 0.3229 1.5204 1.7119
v 0.2388 1.5784 1.7367
v 0.1829 1.6656 1.7549
v 0.1637 1.7686 1.7636
v 0.1840 1.8717 1.7615
v 0.2409 1.9593 1.7491
v 0.3255 2.0179 1.7280
v 0.4251 2.0388 1.7017
v 0.5245 2.0186 1.6740
v 0.6086 1.9606 1.6492
v 0.6645 1.8734 1.6310
v 0.6581 1.7699 1.6421
v 0.6400 1.6782 1.6439
v 0.5895 1.6004 1.6550
v 0.5142 1.5482 1.6737
v 0.4257 1.5297 1.6972
v 0.3373 1.5476 1.7218
v 0.2626 1.5993 1.7438
v 0.2129 1.6767 1.7599
v 0.1958 1.7683 1.7677
v 0.2139 1.8600 1.7659
v 0.2644 1.9378 1.7548
v 0.3397 1.9899 1.7361
v 0.4282 2.0085 1.7127
v 0.5166 1.9906 1.6881
v 0.5913 1.9389 1.6660
v 0.6410 1.8614 1.6499
v 0.6259 1.7702 1.6380
v 0.6101 1.6900 1.6396
v 0.5659 1.6219 1.6493
v 0.5001 1.5763 1.6657
v 0.4226 1.5600 1.6862
v 0.3453 1.5757 1.7077
v 0.2799 1.6209 1.7270
v 0.2364 1.6887 1.7411
v 0.2215 1.7688 1.7479
v 0.2373 1.8490 1.7463
v 0.2815 1.9171 1.7366
v 0.3473 1.9627 1.7202
v 0.4248 1.9790 1.6997
v 0.5021 1.9633 1.6782
v 0.5675 1.9181 1.6589
v 0.6110 1.8503 1.6448
v 0.6061 1.7711 1.6124
v 0.5912 1.6957 1.6139
v 0.5497 1.6316 1.6230
v 0.4877 1.5887 1.6384
v 0.4148 1.5734 1.6577
v 0.3421 1.5882 1.6780
v 0.2806 1.6307 1.6961
v 0.2397 1.6944 1.7094
v 0.2256 1.7698 1.7158
v 0.2405 1.8453 1.7143
v 0.2821 1.9093 1.7051
v 0.3440 1.9523 1.6898
v 0.4169 1.9675 1.6705
v 0.4896 1.9528 1.6502
v 0.5511 1.9103 1.6320
v 0.5920 1.8465 1.6188
v 0.6102 1.7722 1.5803
v 0.5944 1.6920 1.5819
v 0.5502 1.6238 1.5916
v 0.4844 1.5782 1.6079
v 0.4069 1.5620 1.6284
v 0.3296 1.5777 1.6500
v 0.2642 1.6228 1.6692
v 0.2207 1.6906 1.6834
v 0.2058 1.7707 1.6901
v 0.2216 1.8510 1.6886
v 0.2658 1.9191 1.6788
v 0.3316 1.9647 1.6625
v 0.4091 1.9809 1.6420
v 0.4864 1.9652 1.6204
v 0.5518 1.9201 1.6012
v 0.5953 1.8523 1.5870
v 0.6359 1.7727 1.5605
v 0.6178 1.6810 1.5623
v 0.5673 1.6032 1.5734
v 0.4920 1.5510 1.5921
v 0.4035 1.5325 1.6155
v 0.3151 1.5504 1.6401
v 0.2404 1.6020 1.6622
v 0.1907 1.6795 1.6783
v 0.1736 1.7710 1.6860
v 0.1917 1.8627 1.6842
v 0.2422 1.9405 1.6731
v 0.3175 1.9927 1.6544
v 0.4060 2.0112 1.6310
v 0.4944 1.9933 1.6064
v 0.5691 1.9417 1.5843
v 0.6188 1.8642 1.5682
v 0.6680 1.7724 1.5646
v 0.6477 1.6692 1.5666
v 0.5909 1.5817 1.5791
v 0.5062 1.5230 1.6001
v 0.4066 1.5022 1.6265
v 0.3072 1.5223 1.6542
v 0.2231 1.5804 1.6790
v 0.1672 1.6676 1.6971
v 0.1480 1.7705 1.7058
v 0.1683 1.8737 1.7038
v 0.2252 1.9612 1.6913
v 0.3098 2.0199 1.6703
v 0.4094 2.0407 1.6439
v 0.5088 2.0206 1.6162
v 0.5929 1.9625 1.5914
v 0.6488 1.8753 1.5733
v -1.3531 1.7321 -0.5476
v -1.1648 1.7450 -0.6931
v -1.6498 1.7041 -0.0688
v -1.5221 1.7145 -0.3280
v -1.7096 1.7022 0.5222
v -1.7154 1.7005 0.2280
v -1.6435 1.7013 0.8036
v -1.5072 1.6974 1.0492
v 0.4795 1.6105 1.6403
v -1.3150 1.6911 1.2519
v -0.4252 1.6249 1.5881
v -0.6391 1.6427 1.5531
v -1.1027 1.6784 1.3973
v -0.8683 1.6625 1.4993
v -0.1962 1.6145 1.6053
v -0.1326 1.8013 -0.8292
v 0.0005 1.8055 -0.8285
v -0.9717 1.7585 -0.7931
v -0.7842 1.7687 -0.8426
v -0.6096 1.7785 -0.8625
v -0.4439 1.7878 -0.8632
v -0.2827 1.7957 -0.8515
v 1.3542 1.8299 -0.5476
v 1.1659 1.8305 -0.6931
v 1.6553 1.8234 -0.0688
v 1.5232 1.8217 -0.3280
v 1.7166 1.8218 0.5229
v 1.7228 1.8213 0.2276
v 1.6513 1.8193 0.8037
v 1.5167 1.7988 1.0489
v 1.3268 1.7690 1.2519
v 0.5501 1.6145 1.6199
v 0.6626 1.6384 1.5849
v 1.1178 1.7305 1.3972
v 0.8858 1.6857 1.4999
v 0.3219 0.4021 1.7009
v 0.1336 1.8109 -0.8292
v 0.9728 1.8319 -0.7931
v 0.7852 1.8261 -0.8426
v 0.6106 1.8199 -0.8625
v 0.4449 1.8160 -0.8632
v 0.2838 1.8126 -0.8515
v -0.9802 2.0956 -0.5885
v -0.8128 2.1122 -0.6238
v -0.6568 2.1271 -0.6419
v -0.4986 2.1423 -0.6567
v -0.3311 2.1579 -0.6619
v -0.1606 2.1664 -0.6472
v 0.0005 2.1698 -0.6223
v -1.0714 2.0265 1.4382
v -0.8392 2.0096 1.5376
v -0.4078 1.9763 1.6170
v -0.1850 1.9676 1.6241
v 0.4795 1.9648 1.6541
v -1.2845 2.0315 1.2990
v -0.6229 1.9892 1.5844
v -1.1627 2.0773 -0.5152
v -1.3378 2.0537 -0.3882
v -1.6927 2.0149 0.3294
v -1.6491 2.0193 0.0596
v -1.4676 2.0361 1.1199
v -1.5944 2.0321 0.8744
v -1.6697 2.0229 0.6119
v -1.5103 2.0346 -0.2126
v 0.9812 2.1689 -0.5885
v 0.8143 2.1693 -0.6237
v 0.6577 2.1684 -0.6419
v 0.4996 2.1705 -0.6567
v 0.3321 2.1748 -0.6619
v 0.1616 2.1759 -0.6472
v 1.0422 2.0720 1.4382
v 0.8126 2.0266 1.5382
v 0.4947 1.9618 1.6522
v 0.1039 0.3880 1.6586
v 1.2529 2.1031 1.2990
v 0.6093 1.9811 1.6182
v 1.1637 2.1629 -0.5152
v 1.3388 2.1515 -0.3882
v 1.6765 2.1332 0.3295
v 1.6401 2.1381 0.0597
v 1.4340 2.1300 1.1199
v 1.5604 2.1415 0.8744
v 1.6362 2.1351 0.6120
v 1.5113 2.1417 -0.2126
v -1.3498 1.7210 -0.5372
v -1.1652 1.7313 -0.6810
v -1.6399 1.6995 -0.0655
v -1.5152 1.7068 -0.3201
v -1.6991 1.6996 0.5161
v -1.7046 1.6974 0.2260
v -1.6340 1.6999 0.7933
v -1.5006 1.6978 1.0333
v 0.4793 1.6118 1.6174
v -1.3124 1.6926 1.2322
v -0.4293 1.6271 1.5650
v -0.6435 1.6451 1.5300
v -1.1031 1.6803 1.3756
v -0.8716 1.6648 1.4764
v -0.1992 1.6161 1.5823
v -0.1393 1.7862 -0.8143
v -0.0005 1.7904 -0.8133
v -0.9761 1.7428 -0.7802
v -0.7912 1.7518 -0.8296
v -0.6170 1.7616 -0.8493
v -0.4509 1.7715 -0.8494
v -0.2904 1.7803 -0.8369
v 1.3488 1.8188 -0.5372
v 1.1642 1.8168 -0.6810
v 1.6436 1.8182 -0.0655
v 1.5142 1.8140 -0.3201
v 1.7044 1.8178 0.5168
v 1.7101 1.8174 0.2256
v 1.6401 1.8164 0.7934
v 1.5081 1.7981 1.0331
v 1.3219 1.7700 1.2322
v 0.5496 1.6168 1.5980
v 0.6550 1.6399 1.5634
v 1.1159 1.7322 1.3756
v 0.8820 1.6872 1.4791
v 0.3259 0.3972 1.6794
v 0.1383 1.7957 -0.8143
v 0.9752 1.8161 -0.7802
v 0.7902 1.8092 -0.8296
v 0.6160 1.8029 -0.8493
v 0.4499 1.7997 -0.8494
v 0.2894 1.7972 -0.8369
v -0.9847 2.0798 -0.5737
v -0.8204 2.0953 -0.6086
v -0.6650 2.1102 -0.6265
v -0.5066 2.1260 -0.6409
v -0.3396 2.1425 -0.6456
v -0.1678 2.1513 -0.6307
v -0.0005 2.1547 -0.6053
v -1.0712 2.0284 1.4155
v -0.8419 2.0119 1.5136
v -0.4116 1.9784 1.5926
v -0.1878 1.9692 1.5996
v 0.4793 1.9661 1.6296
v -1.2812 2.0331 1.2784
v -0.6270 1.9916 1.5600
v -1.1630 2.0636 -0.5017
v -1.3342 2.0427 -0.3767
v -1.6814 2.0118 0.3275
v -1.6392 2.0147 0.0634
v -1.4602 2.0365 1.1035
v -1.5841 2.0306 0.8635
v -1.6584 2.0204 0.6056
v -1.5031 2.0268 -0.2044
v 0.9837 2.1531 -0.5737
v 0.8198 2.1525 -0.6085
v 0.6640 2.1515 -0.6266
v 0.5056 2.1543 -0.6409
v 0.3386 2.1594 -0.6456
v 0.1668 2.1608 -0.6307
v 1.0397 2.0736 1.4155
v 0.8083 2.0279 1.5163
v 0.4941 1.9641 1.6290
v 0.1080 0.3832 1.6371
v 1.2475 2.1040 1.2784
v 0.6015 1.9826 1.5954
v 1.1620 2.1492 -0.5017
v 1.3332 2.1404 -0.3767
v 1.6634 2.1292 0.3275
v 1.6284 2.1329 0.0635
v 1.4247 2.1293 1.1035
v 1.5483 2.1385 0.8636
v 1.6233 2.1309 0.6056
v 1.5021 2.1340 -0.2044
v 0.4930 1.6060 1.6710
v 0.3993 1.5953 1.6925
v 0.3346 1.5896 1.6577
v 0.0769 1.5647 1.6634
v 0.2106 2.0083 1.6051
v 0.2152 2.0068 1.6313
v 0.2183 1.9886 1.6472
v 0.2213 1.9653 1.6529
v 0.2256 1.9461 1.6549
v 0.4380 1.9535 1.7022
v 0.3373 1.9421 1.7190
v 0.2781 1.9373 1.6859
v 0.0047 1.9136 1.6928
v -0.1429 2.0042 1.6066
v -0.1384 2.0020 1.6316
v -0.1354 1.9845 1.6464
v -0.1324 1.9620 1.6519
v -0.1281 1.9356 1.6538
v 0.2255 1.9414 1.6330
v 0.2211 1.9612 1.6310
v 0.2181 1.9801 1.6267
v 0.2151 1.9868 1.6216
v 0.2106 1.9867 1.6103
v 0.0755 1.5746 1.6441
v 0.3340 1.5918 1.6361
v 0.4033 1.5981 1.6712
v 0.4919 1.6082 1.6492
v -0.1280 1.9310 1.6320
v -0.1325 1.9580 1.6300
v -0.1354 1.9761 1.6258
v -0.1383 1.9821 1.6218
v -0.1428 1.9826 1.6118
v 0.0033 1.9157 1.6700
v 0.2774 1.9395 1.6629
v 0.3414 1.9450 1.6964
v 0.4367 1.9557 1.6791
v 0.2546 1.6124 1.6093
v 0.0317 1.6134 1.6073
v 0.0392 1.9670 1.6244
v 0.2583 1.9663 1.6247
v 0.0297 1.6149 1.5843
v 0.2535 1.6138 1.5863
v 0.2573 1.9677 1.6002
v 0.0373 1.9685 1.5999
v 0.0490 1.5460 1.6565
v 0.0320 1.5215 1.6397
v 0.0239 1.5025 1.6157
v 0.0199 1.5073 1.5446
v 0.0157 1.5318 1.5303
v 0.0323 1.5813 1.5288
v 0.1907 1.9500 1.5672
v 0.2021 1.9808 1.5787
v 0.2071 1.9976 1.5866
v -0.1409 1.8545 1.6836
v -0.2353 1.7692 1.6741
v -0.3107 1.6592 1.6626
v -0.3347 1.5410 1.5788
v -0.3371 1.5573 1.5447
v -0.3209 1.5980 1.5329
v -0.1628 1.9480 1.5683
v -0.1514 1.9782 1.5802
v -0.1464 1.9944 1.5883
v 0.2071 1.9818 1.6022
v 0.2020 1.9716 1.5990
v 0.1904 1.9485 1.5894
v 0.0320 1.5873 1.5495
v 0.0163 1.5462 1.5490
v 0.0168 1.5274 1.5560
v 0.0214 1.5221 1.6068
v 0.0297 1.5369 1.6246
v 0.0471 1.5556 1.6372
v -0.1463 1.9786 1.6039
v -0.1514 1.9690 1.6004
v -0.1629 1.9464 1.5905
v -0.3210 1.6044 1.5550
v -0.3363 1.5778 1.5612
v -0.3326 1.5685 1.5776
v -0.3132 1.6592 1.6397
v -0.2377 1.7700 1.6513
v -0.1429 1.8560 1.6607
v 0.0197 1.4938 1.5882
v -0.3299 1.5948 1.6379
v 0.0156 1.5171 1.5851
v -0.3301 1.6071 1.6203
v 0.0169 1.5181 1.5691
v -0.3314 1.5805 1.6022
v 0.0183 1.4954 1.5652
v -0.3323 1.5613 1.6155
v 0.3841 0.8277 1.6876
v 0.3880 1.2457 1.6413
v 0.3852 1.5115 1.5973
v 0.3810 1.5504 1.6014
v 0.3703 1.6188 1.6067
v 0.3491 1.6870 1.6119
v 0.2314 1.9019 1.6172
v 0.2308 1.9113 1.6225
v 0.2290 1.9227 1.6277
v 0.0369 0.8137 1.6212
v 0.0364 1.2316 1.6052
v 0.0318 1.4973 1.5959
v 0.0292 1.5137 1.6003
v 0.0268 1.5344 1.6056
v 0.0192 1.5593 1.6109
v -0.0792 1.7326 1.6161
v -0.1107 1.8190 1.6214
v -0.1221 1.8801 1.6267
v 0.2286 1.9275 1.6496
v 0.2297 1.9160 1.6443
v 0.2292 1.9063 1.6391
v 0.3474 1.6917 1.6338
v 0.3693 1.6237 1.6285
v 0.3806 1.5555 1.6232
v 0.3852 1.5162 1.6192
v 0.3858 1.2505 1.6632
v 0.3800 0.8325 1.7092
v -0.1226 1.8847 1.6486
v -0.1119 1.8236 1.6433
v -0.0814 1.7369 1.6380
v 0.0175 1.5638 1.6327
v 0.0257 1.5392 1.6274
v 0.0287 1.5186 1.6222
v 0.0317 1.5020 1.6178
v 0.0341 1.2363 1.6271
v 0.0328 0.8184 1.6427
v -2.5238 6.1169 0.6092
v -2.2599 5.9130 0.9539
v -2.0956 5.7970 1.0286
v -1.8846 5.6368 1.1259
v -1.8009 5.5184 1.1775
v -1.7391 5.4122 1.2200
v -1.6541 5.2999 1.2838
v -1.6149 5.1969 1.3285
v -1.8947 5.9971 0.9796
v -2.0717 6.0982 0.9068
v -2.3261 6.2869 0.5871
v -1.6401 5.8376 1.0918
v -1.5637 5.7314 1.1665
v -1.5153 5.5963 1.2603
v -1.4210 5.4300 1.3641
v -1.3808 5.2825 1.4337
v -1.6542 6.1516 0.8974
v -1.7972 6.2509 0.8164
v -1.9857 6.4134 0.5496
v -1.3661 5.9481 1.0507
v -1.2489 5.8199 1.1589
v -1.1738 5.6599 1.2765
v -1.1308 5.4892 1.4067
v -1.1144 5.3446 1.4876
v -1.3983 6.2520 0.8244
v -1.5136 6.3463 0.7388
v -1.6558 6.4943 0.5133
v -1.0983 6.0666 1.0123
v -0.8811 5.9391 1.1457
v -0.8525 5.7129 1.2917
v -0.8233 5.5305 1.4018
v -0.8259 5.3792 1.5003
v -1.1431 6.3199 0.7613
v -1.2324 6.3989 0.6740
v -1.3412 6.5404 0.4952
v -0.8852 6.1898 0.9475
v -0.0002 5.7408 1.3202
v -0.0002 5.5731 1.4038
v -0.0003 5.3794 1.4838
v -0.6922 6.1371 1.0382
v -2.8426 5.6595 0.5583
v -2.6038 5.4446 0.8666
v -2.4574 5.3176 0.9251
v -2.2001 5.0885 0.8967
v -2.0908 5.0270 0.8661
v -2.0050 4.9746 0.8517
v -1.9514 4.9062 0.8392
v -1.9020 4.8180 0.8194
v -3.0016 5.4277 0.5142
v -2.7701 5.2353 0.8240
v -2.6265 5.1061 0.8769
v -2.3486 4.8461 0.7472
v -2.2236 4.7642 0.6029
v -2.1410 4.7029 0.3861
v -1.9587 4.7664 0.4059
v -1.9256 4.6507 0.3680
v -3.0880 5.3178 0.4952
v -2.8469 5.1354 0.8424
v -2.6826 5.0150 0.8911
v -2.4063 4.7393 0.7397
v -2.3012 4.6433 0.5555
v -2.2179 4.5473 0.3327
v -2.6618 5.9265 0.5969
v -2.4081 5.7153 0.9304
v -2.2557 5.6022 1.0059
v -2.0449 5.4197 1.0822
v -1.9733 5.3462 1.1132
v -1.8774 5.2493 1.1558
v -1.8047 5.1469 1.1907
v -1.7661 5.0579 1.2084
v -2.9205 5.5410 0.5360
v -2.6834 5.3387 0.8400
v -2.5435 5.2078 0.8912
v -2.2666 4.9642 0.8016
v -2.1231 4.8810 0.6663
v -2.0137 4.8786 0.6428
v -1.9606 4.8179 0.6273
v -1.9221 4.7170 0.5952
v -2.4144 6.0232 0.8138
v -2.2175 6.2074 0.7709
v -1.9166 6.3422 0.7017
v -1.6051 6.4284 0.6390
v -1.2946 6.4687 0.5887
v -2.7414 5.5605 0.7479
v -2.9055 5.3428 0.6985
v -2.9800 5.2547 0.6905
v -2.5426 5.8457 0.7959
v -2.8202 5.4503 0.7213
v -0.5308 6.2064 0.8694
v -0.3829 6.1747 0.9377
v -0.8526 6.2943 0.6906
v -0.9280 6.3377 0.6102
v -0.9875 6.3841 0.5304
v -0.4056 6.4952 -0.4835
v -0.1959 6.4652 -0.4664
v -0.0009 6.4520 -0.4572
v -0.6175 6.5431 -0.4771
v -0.8214 6.5957 -0.4390
v -1.0035 6.6433 -0.3623
v -0.5477 5.9266 1.2047
v -0.2833 6.0676 1.1340
v -0.1352 5.3921 1.4901
v -0.1226 5.5793 1.4141
v -1.1540 6.6730 -0.2448
v -1.2744 6.6864 -0.0939
v -1.3562 6.6819 0.0816
v -1.3842 6.6563 0.2453
v -1.3680 6.6046 0.3846
v -1.1191 6.6505 0.4098
v -1.1426 6.7198 0.2831
v -1.1292 6.7614 0.1335
v -1.0693 6.7763 -0.0156
v -0.9830 6.7658 -0.1492
v -0.8655 6.7375 -0.2586
v -0.7171 6.6914 -0.3423
v -0.5412 6.6431 -0.3928
v -0.0007 6.5641 -0.4051
v -0.1694 6.5727 -0.4100
v -0.3526 6.6008 -0.4121
v -0.3818 6.5716 -0.3648
v -0.1684 6.5632 -0.3612
v -0.0004 6.5650 -0.3638
v -0.5757 6.5847 -0.3444
v -0.7550 6.5975 -0.2796
v -0.9028 6.6038 -0.1918
v -0.9946 6.5976 -0.0865
v -1.0661 6.5861 0.0240
v -0.1407 5.7414 1.3231
v -1.1313 6.5632 0.1422
v -1.1384 6.5236 0.2608
v -1.1003 6.4789 0.3668
v -0.3323 5.7416 1.3241
v -0.3193 5.5732 1.4270
v -0.3187 5.9118 1.2283
v -0.4854 6.0991 1.0999
v -0.2463 6.1508 0.9605
v -0.6435 6.2320 0.8305
v -1.0498 6.4314 0.4538
v -0.7073 6.2919 0.8900
v -0.2413 6.1861 1.0495
v -0.5636 6.2571 0.9589
v -0.4051 6.2224 1.0132
v -0.9218 6.3803 0.7307
v -0.9885 6.4411 0.6528
v -1.0428 6.5079 0.5778
v -1.0838 6.5765 0.5034
v -0.1087 6.1318 0.9644
v -0.0001 6.1234 0.9716
v -0.1024 6.1564 1.0621
v -0.0002 6.1455 1.0643
v -0.1198 6.0449 1.1431
v -0.0002 6.0362 1.1428
v -0.1337 5.9017 1.2316
v -0.0002 5.8950 1.2315
v -0.3160 5.3998 1.5030
v -0.5471 5.3972 1.5034
v -0.5339 5.5551 1.4195
v -0.5657 5.7366 1.3103
v -0.4470 6.3633 -0.5536
v -0.2165 6.3321 -0.5221
v -0.0007 6.3205 -0.5047
v -0.6845 6.4147 -0.5680
v -0.9151 6.4687 -0.5456
v -1.1374 6.5126 -0.4744
v -1.3330 6.5443 -0.3478
v -1.4972 6.5634 -0.1736
v -1.6044 6.5768 0.0214
v -1.6661 6.5746 0.2061
v -1.6738 6.5464 0.3745
v -0.4761 6.2131 -0.6242
v -0.2282 6.1858 -0.5756
v -0.0005 6.1776 -0.5543
v -0.7326 6.2572 -0.6613
v -0.9903 6.3075 -0.6530
v -1.2577 6.3420 -0.5827
v -1.5070 6.3757 -0.4403
v -1.7029 6.4206 -0.2481
v -1.8546 6.4637 -0.0325
v -1.9508 6.4790 0.1759
v -1.9953 6.4625 0.3712
v -1.7345 6.1432 -0.5395
v -1.5882 5.8833 -0.6950
v -1.5211 5.6719 -0.7618
v -1.4162 5.0682 -0.8101
v -1.3373 6.1413 -0.7124
v -1.3188 5.8897 -0.8038
v -1.2725 5.6693 -0.8752
v -1.1477 5.1380 -0.9178
v -1.0325 6.1218 -0.7646
v -1.0216 5.8793 -0.8533
v -0.9843 5.6724 -0.9184
v -0.9034 5.1360 -0.9374
v -0.7676 6.0732 -0.7874
v -0.7567 5.8878 -0.8567
v -0.7261 5.6764 -0.9240
v -0.6872 5.1441 -0.9338
v -0.4885 6.0379 -0.6827
v -0.4625 5.8650 -0.7744
v -0.4636 5.6813 -0.8286
v -0.4744 5.1538 -0.8665
v -0.2214 6.0380 -0.6162
v -0.2226 5.8416 -0.6687
v -0.2294 5.6575 -0.7096
v -0.2520 5.1903 -0.7987
v -0.0004 6.0266 -0.5789
v -0.0004 5.8551 -0.6214
v -0.0004 5.6879 -0.6580
v -0.0004 5.2252 -0.7535
v -1.8943 6.2737 -0.3085
v -2.1004 6.3684 -0.0799
v -2.2485 6.3844 0.1418
v -2.3209 6.3547 0.3878
v -2.0920 6.1367 -0.3455
v -2.3197 6.2212 -0.1232
v -2.4616 6.2378 0.1109
v -2.5430 6.1883 0.3706
v -1.9238 6.0087 -0.5032
v -1.7924 5.8273 -0.6283
v -1.8468 5.5474 -0.6312
v -1.7627 4.8087 -0.4204
v -2.2385 6.0274 -0.3443
v -2.4360 6.0978 -0.1384
v -2.6020 6.0695 0.0929
v -2.6761 6.0153 0.3488
v -2.0792 5.8925 -0.4799
v -1.9406 5.7373 -0.5752
v -1.7104 5.6297 -0.6925
v -1.8809 4.6301 -0.1309
v -2.5165 5.7631 -0.3347
v -2.6879 5.8025 -0.1597
v -2.8198 5.7919 0.0697
v -2.8723 5.7382 0.3220
v -2.3385 5.6699 -0.4530
v -2.1927 5.5307 -0.5173
v -1.9272 4.9393 -0.2773
v -1.9417 4.8645 -0.0611
v -1.9113 4.6273 0.1370
v -2.6205 5.6243 -0.3269
v -2.7817 5.6702 -0.1606
v -2.9016 5.6620 0.0609
v -2.9511 5.6174 0.3065
v -2.4546 5.5358 -0.4374
v -2.3049 5.4108 -0.4945
v -1.9738 4.9008 -0.2552
v -1.9694 4.8358 -0.0734
v -2.0113 4.7940 0.2189
v -2.7340 5.4740 -0.3152
v -2.8824 5.5241 -0.1574
v -2.9938 5.5263 0.0536
v -3.0351 5.4922 0.2906
v -2.5778 5.3852 -0.4157
v -2.4352 5.2685 -0.4685
v -2.0671 4.7716 -0.2350
v -2.0576 4.7115 -0.0390
v -2.0863 4.6770 0.1590
v -1.9863 4.8266 0.4333
v -2.8373 5.3143 -0.3119
v -2.9857 5.3809 -0.1713
v -3.1001 5.3860 0.0372
v -3.1241 5.3618 0.2814
v -2.6928 5.2246 -0.3982
v -2.5590 5.1162 -0.4439
v -2.1625 4.5947 -0.2276
v -2.1594 4.5258 -0.0638
v -2.1748 4.5203 0.1158
v -2.0417 4.8096 0.4303
v -1.9681 4.8214 0.1639
v -1.9394 4.7574 0.1706
v -1.8836 4.9238 -0.3321
v -2.0790 5.6398 -0.5441
v -1.9075 4.7972 -0.1047
v -2.7194 5.9244 0.0823
v -2.7789 5.8700 0.3353
v -2.5758 5.9391 -0.1505
v -2.3997 5.8913 -0.3332
v -2.2240 5.7863 -0.4661
v -2.3676 5.4495 0.9672
v -2.5181 5.5726 0.8935
v -2.7549 5.7883 0.5736
v -1.9153 5.0184 1.0598
v -1.9703 5.1013 1.0179
v -2.0497 5.1684 1.0020
v -2.1335 5.2421 0.9991
v -2.6530 5.6911 0.7686
v -1.8608 4.9293 1.0767
v -2.0741 5.3682 -0.5320
v -2.1823 5.2619 -0.5026
v -2.3174 5.1281 -0.4771
v -2.4451 4.9885 -0.4525
v -1.9792 5.4624 -0.5689
v -1.6125 4.9542 -0.6352
v -3.2370 5.1503 0.4918
v -2.9547 5.0056 0.8504
v -2.8025 4.8662 0.9074
v -2.5026 4.6390 0.7521
v -2.4101 4.5407 0.5685
v -2.3378 4.4453 0.3496
v -3.1187 5.0966 0.6999
v -3.0371 5.0726 -0.2903
v -3.1515 5.1405 -0.1613
v -3.2413 5.1888 0.0261
v -3.2715 5.1908 0.2675
v -2.8964 4.9830 -0.3769
v -2.7770 4.8789 -0.4188
v -2.3499 4.4126 -0.1865
v -2.2967 4.3894 -0.0278
v -2.3095 4.3920 0.1601
v -2.6116 4.7881 -0.4283
v -3.4005 4.9622 0.5165
v -3.1161 4.8267 0.8764
v -2.9585 4.7030 0.9444
v -2.6416 4.4962 0.7780
v -2.5661 4.4044 0.6021
v -2.5091 4.3146 0.3814
v -3.2669 4.9262 0.7251
v -3.2421 4.8124 -0.2712
v -3.3378 4.9004 -0.1409
v -3.4242 4.9488 0.0470
v -3.4379 4.9867 0.2836
v -3.1021 4.7314 -0.3596
v -2.9657 4.6314 -0.3797
v -2.4969 4.2695 -0.1309
v -2.4681 4.2485 0.0181
v -2.4561 4.2723 0.1933
v -2.8179 4.5305 -0.3760
v -3.5823 4.8333 0.5850
v -3.2952 4.6593 0.9734
v -3.1322 4.5184 1.0318
v -2.8259 4.2816 0.8614
v -2.7131 4.2099 0.6593
v -2.6235 4.1493 0.4512
v -3.4858 4.7578 0.8107
v -3.4414 4.6169 -0.2851
v -3.5330 4.7181 -0.1406
v -3.6419 4.7652 0.0738
v -3.6394 4.8333 0.3285
v -3.2841 4.5140 -0.3746
v -3.1425 4.4208 -0.4020
v -2.6491 4.0681 -0.1122
v -2.5938 4.0634 0.0465
v -2.5613 4.0985 0.2314
v -2.9856 4.3234 -0.3966
v -3.6350 4.5461 0.5263
v -3.4306 4.4068 0.8012
v -3.3163 4.3014 0.8461
v -3.0950 4.1161 0.7253
v -2.9912 4.0600 0.5756
v -2.9112 4.0102 0.4022
v -3.5565 4.5021 0.6863
v -3.5088 4.3709 -0.1549
v -3.5875 4.4410 -0.0359
v -3.6671 4.5079 0.1396
v -3.6779 4.5452 0.3479
v -3.4085 4.2861 -0.2286
v -3.2942 4.2159 -0.2545
v -2.9098 3.9813 -0.0469
v -2.8734 3.9545 0.0690
v -2.8657 3.9483 0.2165
v -3.1772 4.1526 -0.2439
v -3.7025 4.4454 0.5165
v -3.5127 4.2996 0.7700
v -3.4018 4.2070 0.8092
v -3.1833 3.9756 0.6993
v -3.0777 3.9296 0.5554
v -2.9954 3.8857 0.3833
v -3.6284 4.3899 0.6657
v -3.6021 4.2363 -0.1638
v -3.6747 4.3307 -0.0381
v -3.7403 4.4004 0.1457
v -3.7437 4.4377 0.3451
v -3.5092 4.1432 -0.2315
v -3.3955 4.0928 -0.2639
v -3.0027 3.9099 -0.0743
v -2.9583 3.8834 0.0283
v -2.9494 3.8541 0.1797
v -3.2866 4.0332 -0.2585
v -3.7841 4.3469 0.5709
v -3.5761 4.2096 0.8055
v -3.4665 4.0984 0.8279
v -3.2176 3.8783 0.7271
v -3.1130 3.8108 0.5883
v -3.0416 3.7546 0.4187
v -3.7003 4.3030 0.7156
v -3.7135 4.1057 -0.1157
v -3.7931 4.2017 0.0064
v -3.8486 4.2886 0.1955
v -3.8325 4.3378 0.3955
v -3.6259 3.9981 -0.1797
v -3.5009 3.9236 -0.1883
v -3.0944 3.7745 -0.0476
v -3.0338 3.7498 0.0604
v -3.0021 3.7351 0.2105
v -3.3970 3.8832 -0.2129
v -3.8382 4.2445 0.6050
v -3.6407 4.1309 0.8095
v -3.5283 4.0164 0.8167
v -3.2946 3.8066 0.7128
v -3.1863 3.7461 0.6005
v -3.1197 3.6980 0.4402
v -3.7580 4.2088 0.7295
v -3.8081 3.9839 -0.0200
v -3.8707 4.0841 0.0886
v -3.9157 4.1716 0.2588
v -3.8909 4.2258 0.4446
v -3.7324 3.8810 -0.0879
v -3.6421 3.8207 -0.1290
v -3.2196 3.6902 0.0175
v -3.1529 3.6744 0.1228
v -3.1170 3.6700 0.2659
v -3.5079 3.7881 -0.1278
v -3.9089 4.1814 0.6924
v -3.7011 4.0797 0.8868
v -3.5715 3.9632 0.8927
v -3.3345 3.7415 0.7687
v -3.2250 3.6662 0.6609
v -3.1633 3.6108 0.5048
v -3.8176 4.1527 0.8108
v -3.9017 3.8918 0.0665
v -3.9608 3.9920 0.1775
v -3.9950 4.0974 0.3345
v -3.9691 4.1577 0.5320
v -3.8307 3.7997 -0.0080
v -3.7346 3.7103 -0.0772
v -3.3006 3.5757 0.0699
v -3.2267 3.5635 0.1835
v -3.1784 3.5725 0.3292
v -3.6175 3.6540 -0.0766
v -3.9857 4.1205 0.7754
v -3.7590 4.0306 0.9650
v -3.6170 3.9187 0.9653
v -3.3799 3.6788 0.8313
v -3.2869 3.5742 0.7285
v -3.2381 3.5004 0.5794
v -3.8872 4.0946 0.8954
v -4.0232 3.7913 0.1702
v -4.0737 3.9020 0.2786
v -4.0905 4.0203 0.4253
v -4.0543 4.0927 0.6172
v -3.9562 3.6872 0.0883
v -3.8567 3.5750 0.0213
v -3.4261 3.4390 0.1795
v -3.3346 3.4391 0.2806
v -3.2678 3.4586 0.4113
v -3.7436 3.5231 0.0218
v -4.0617 4.0096 0.8697
v -3.8260 3.9485 1.0371
v -3.6711 3.8698 1.0295
v -3.4518 3.6113 0.9123
v -3.3877 3.4948 0.8176
v -3.3619 3.4049 0.6869
v -3.9581 3.9927 0.9755
v -4.1357 3.6564 0.3473
v -4.1815 3.7753 0.4357
v -4.1853 3.8929 0.5709
v -4.1408 3.9692 0.7410
v -4.0772 3.5483 0.2780
v -3.9571 3.4635 0.2087
v -3.5600 3.3315 0.3697
v -3.4660 3.3363 0.4542
v -3.3951 3.3643 0.5600
v -3.8701 3.4104 0.2379
v -4.1829 3.8818 0.9778
v -3.9104 3.8815 1.1126
v -3.7749 3.7929 1.1393
v -3.5460 3.5105 1.0509
v -3.4913 3.3932 0.9574
v -3.4830 3.2846 0.8481
v -4.0605 3.8912 1.0667
v -4.2893 3.4985 0.5153
v -4.3380 3.6150 0.6010
v -4.3273 3.7404 0.7239
v -4.2738 3.8254 0.8696
v -4.2154 3.3904 0.4537
v -4.1139 3.3197 0.4168
v -3.6952 3.1776 0.5730
v -3.5950 3.1993 0.6504
v -3.5292 3.2342 0.7415
v -4.0216 3.2632 0.4209
v -4.3364 3.7164 1.1536
v -4.0710 3.7273 1.2860
v -3.9336 3.6447 1.3147
v -3.7105 3.3604 1.2576
v -3.6689 3.2389 1.1880
v -3.6595 3.1421 1.0949
v -4.2135 3.7399 1.2282
v -4.4736 3.3186 0.7370
v -4.5116 3.4382 0.8146
v -4.4903 3.5645 0.9401
v -4.4300 3.6519 1.0641
v -4.3971 3.2201 0.6862
v -4.2847 3.1502 0.6662
v -3.8660 3.0216 0.8274
v -3.7799 3.0409 0.9056
v -3.7089 3.0869 1.0046
v -4.1870 3.0987 0.6670
v -4.5215 3.5064 1.3798
v -4.2701 3.5204 1.4935
v -4.1429 3.4449 1.5163
v -3.9425 3.2096 1.4753
v -3.9011 3.0954 1.4191
v -3.9002 3.0061 1.3387
v -4.4044 3.5312 1.4456
v -4.6502 3.1606 1.0125
v -4.6856 3.2583 1.1044
v -4.6694 3.3672 1.2066
v -4.6108 3.4494 1.3055
v -4.5867 3.0616 0.9446
v -4.4798 2.9798 0.9467
v -4.0584 2.8766 1.1119
v -3.9844 2.9052 1.1793
v -3.9251 2.9532 1.2576
v -4.3858 2.9396 0.9439
v -4.6872 3.3069 1.6388
v -4.4673 3.3075 1.7550
v -4.3445 3.2594 1.7565
v -4.1672 3.0601 1.7131
v -4.1344 2.9613 1.6640
v -4.1293 2.8844 1.5905
v -4.5859 3.3228 1.6979
v -4.8218 3.0076 1.3203
v -4.8407 3.0969 1.4000
v -4.8290 3.1845 1.4891
v -4.7689 3.2651 1.5642
v -4.7896 2.8999 1.2973
v -4.6890 2.8513 1.2284
v -4.2864 2.7319 1.3827
v -4.2103 2.7725 1.4476
v -4.1524 2.8181 1.5231
v -4.5990 2.7824 1.2473
v -4.8195 3.1130 1.8439
v -4.6367 3.1171 1.9556
v -4.5368 3.0816 1.9692
v -4.3828 2.9202 1.9281
v -4.3546 2.8384 1.8784
v -4.3531 2.7712 1.8179
v -4.7318 3.1346 1.9027
v -4.9486 2.8826 1.5986
v -4.9536 2.9544 1.6560
v -4.9355 3.0177 1.7200
v -4.8885 3.0705 1.7838
v -4.9225 2.8087 1.5547
v -4.8736 2.7303 1.5369
v -4.5065 2.6136 1.6252
v -4.4336 2.6534 1.6818
v -4.3807 2.7023 1.7480
v -4.7987 2.6660 1.5380
v -4.9249 2.9847 2.0284
v -4.7510 3.0094 2.1249
v -4.6590 2.9789 2.1550
v -4.5121 2.8254 2.1239
v -4.4871 2.7434 2.0751
v -4.4897 2.6668 2.0162
v -4.8446 3.0087 2.0834
v -5.0689 2.7841 1.7916
v -5.0633 2.8498 1.8471
v -5.0349 2.9047 1.9082
v -4.9880 2.9485 1.9691
v -5.0493 2.7124 1.7512
v -5.0021 2.6336 1.7269
v -4.6427 2.4994 1.8118
v -4.5726 2.5379 1.8781
v -4.5182 2.5941 1.9467
v -4.9405 2.5593 1.7267
v -5.0011 2.8723 2.1729
v -4.8440 2.9088 2.2545
v -4.7569 2.8836 2.2933
v -4.6342 2.7439 2.2812
v -4.6097 2.6727 2.2322
v -4.6111 2.5996 2.1740
v -4.9297 2.8979 2.2192
v -5.1562 2.6916 1.9601
v -5.1387 2.7556 2.0044
v -5.1061 2.8047 2.0594
v -5.0597 2.8413 2.1173
v -5.1444 2.6190 1.9222
v -5.0997 2.5510 1.8922
v -4.7514 2.4139 1.9745
v -4.6781 2.4629 2.0322
v -4.6345 2.5245 2.1063
v -5.0417 2.4826 1.8867
v -5.0740 2.8165 2.3031
v -4.9122 2.8535 2.4139
v -4.8238 2.8252 2.4657
v -4.6599 2.6956 2.4265
v -4.6248 2.6171 2.3706
v -4.6229 2.5371 2.3092
v -4.9998 2.8439 2.3622
v -5.2429 2.6091 2.0575
v -5.2251 2.6781 2.1121
v -5.1862 2.7357 2.1777
v -5.1332 2.7816 2.2431
v -5.2289 2.5345 2.0103
v -5.1923 2.4550 1.9836
v -4.7810 2.3126 2.0698
v -4.6991 2.3733 2.1437
v -4.6476 2.4509 2.2297
v -5.1301 2.3870 1.9650
v -0.7533 6.2582 0.7663
v -0.8254 6.3277 0.8160
v -1.0256 6.2494 0.8549
v -1.2599 6.1595 0.9110
v -1.5085 6.0493 0.9671
v -1.7626 5.9258 1.0322
v -1.9955 5.7227 1.0811
v -2.1386 5.5107 1.0476
v -2.2494 5.3331 0.9874
v -2.3193 5.1881 0.9244
v -2.4058 5.0716 0.8694
v -2.4805 4.9724 0.8482
v -2.5416 4.8678 0.8579
v -2.6354 4.7637 0.8767
v -2.7938 4.5925 0.9038
v -2.9791 4.3777 0.9948
v -3.2016 4.1989 0.8177
v -3.2862 4.0954 0.7896
v -4.5737 2.9129 2.1524
v -4.6884 2.8162 2.3099
v -4.7294 2.7677 2.4613
v -4.4395 3.0237 1.9452
v -1.4775 5.4634 -0.7957
v -1.2344 5.4710 -0.9122
v -0.9673 5.4741 -0.9390
v -0.7164 5.4961 -0.9439
v -0.4622 5.4947 -0.8644
v -0.2302 5.5098 -0.7409
v -0.0004 5.5227 -0.6944
v -1.8154 5.3581 -0.6165
v -1.9943 5.2028 -0.4951
v -2.0800 5.1102 -0.4661
v -2.2021 4.9977 -0.4443
v -2.3459 4.8490 -0.4260
v -1.9138 5.2782 -0.5426
v -1.6785 5.4277 -0.7042
v -2.4998 4.6751 -0.3969
v -2.6922 4.4355 -0.3356
v -2.8439 4.2327 -0.3449
v -3.0661 4.0963 -0.2019
v -3.1669 3.9903 -0.2146
v -3.2668 3.8557 -0.1923
v -3.3914 3.7549 -0.1097
v -3.5028 3.6219 -0.0631
v -3.6292 3.4847 0.0313
v -3.7703 3.3777 0.2528
v -3.9205 3.2223 0.4400
v -4.0861 3.0529 0.6915
v -4.2941 2.8864 0.9731
v -4.4975 2.7229 1.2776
v -4.7010 2.6117 1.5506
v -4.8509 2.5015 1.7483
v -4.9473 2.4292 1.8934
v -5.0246 2.3222 1.9764
v -1.4482 5.2695 -0.8007
v -1.1951 5.2986 -0.9215
v -0.9384 5.3039 -0.9450
v -0.7057 5.3113 -0.9391
v -0.4668 5.3260 -0.8755
v -0.2373 5.3529 -0.7694
v -0.0004 5.3730 -0.7100
v -1.7814 5.1269 -0.5484
v -1.9413 5.0627 -0.4263
v -2.0056 4.9969 -0.3951
v -2.1134 4.8740 -0.3692
v -2.2506 4.7139 -0.3565
v -1.8789 5.0782 -0.4690
v -2.4356 4.5177 -0.3154
v -2.5831 4.3416 -0.2581
v -2.7205 4.1562 -0.2621
v -2.9751 4.0213 -0.1334
v -3.0763 3.9432 -0.1503
v -3.1716 3.8114 -0.1321
v -3.3020 3.7159 -0.0619
v -3.3922 3.5930 -0.0111
v -3.5247 3.4518 0.0883
v -3.6645 3.3499 0.2978
v -3.7995 3.1965 0.4902
v -3.9711 3.0240 0.7460
v -4.1762 2.8586 1.0295
v -4.3961 2.7068 1.3318
v -4.6034 2.5909 1.5831
v -4.7453 2.4790 1.7762
v -4.8378 2.4025 1.9194
v -4.8880 2.2937 2.0026
v -1.6859 5.2433 -0.6660
v -4.0384 3.3419 1.5076
v -4.2488 3.1846 1.7378
v -3.8141 3.5203 1.2983
v -3.6411 3.6657 1.1058
v -3.5473 3.7415 0.9804
v -3.4917 3.7953 0.9003
v -3.4500 3.8387 0.8331
v -3.4188 3.9023 0.7808
v -3.3585 3.9818 0.8053
v 2.5228 6.1169 0.6093
v 2.2590 5.9131 0.9539
v 2.0955 5.7953 1.0288
v 1.8837 5.6367 1.1259
v 1.8000 5.5184 1.1775
v 1.7382 5.4122 1.2200
v 1.6532 5.2999 1.2838
v 1.6140 5.1975 1.3283
v 1.8930 5.9961 0.9801
v 2.0708 6.0983 0.9068
v 2.3252 6.2869 0.5871
v 1.6392 5.8376 1.0918
v 1.5628 5.7314 1.1665
v 1.5144 5.5963 1.2603
v 1.4202 5.4300 1.3641
v 1.3801 5.2836 1.4333
v 1.6535 6.1514 0.8976
v 1.7965 6.2510 0.8162
v 1.9850 6.4135 0.5493
v 1.3655 5.9481 1.0506
v 1.2480 5.8203 1.1586
v 1.1728 5.6603 1.2763
v 1.1300 5.4892 1.4067
v 1.1134 5.3453 1.4873
v 1.3975 6.2520 0.8244
v 1.5127 6.3463 0.7388
v 1.6555 6.4941 0.5138
v 1.0982 6.0660 1.0124
v 0.8824 5.9388 1.1455
v 0.8513 5.7138 1.2911
v 0.8202 5.5305 1.4018
v 0.8237 5.3805 1.4996
v 1.1427 6.3199 0.7613
v 1.2319 6.3989 0.6739
v 1.3412 6.5396 0.4964
v 0.8857 6.1882 0.9481
v 0.6959 6.1361 1.0380
v 2.8423 5.6598 0.5571
v 2.6043 5.4460 0.8653
v 2.4553 5.3180 0.9251
v 2.1994 5.0919 0.8974
v 2.0920 5.0286 0.8659
v 2.0052 4.9750 0.8516
v 1.9502 4.9062 0.8392
v 1.9011 4.8180 0.8194
v 3.0025 5.4264 0.5134
v 2.7709 5.2357 0.8232
v 2.6261 5.1066 0.8768
v 2.3485 4.8462 0.7472
v 2.2248 4.7644 0.6076
v 2.1405 4.7000 0.4180
v 1.9619 4.7641 0.4590
v 1.9247 4.6506 0.3681
v 3.0934 5.3082 0.4957
v 2.8483 5.1360 0.8419
v 2.6826 5.0160 0.8913
v 2.4054 4.7393 0.7397
v 2.3005 4.6436 0.5559
v 2.2157 4.5489 0.3332
v 2.6614 5.9258 0.5968
v 2.4066 5.7163 0.9305
v 2.2540 5.6030 1.0062
v 2.0434 5.4187 1.0823
v 1.9724 5.3462 1.1132
v 1.8765 5.2493 1.1558
v 1.8038 5.1469 1.1907
v 1.7653 5.0579 1.2084
v 2.9200 5.5411 0.5354
v 2.6830 5.3389 0.8397
v 2.5430 5.2081 0.8911
v 2.2669 4.9645 0.8016
v 2.1219 4.8813 0.6810
v 2.0146 4.8788 0.6704
v 1.9602 4.8178 0.6457
v 1.9211 4.7169 0.5953
v 2.4135 6.0232 0.8138
v 2.2194 6.2086 0.7671
v 1.9162 6.3424 0.7011
v 1.6042 6.4284 0.6390
v 1.2938 6.4685 0.5888
v 2.7418 5.5617 0.7466
v 2.9061 5.3421 0.6979
v 2.9807 5.2545 0.6888
v 2.5417 5.8457 0.7959
v 2.8205 5.4506 0.7207
v 0.5299 6.2064 0.8694
v 0.3820 6.1747 0.9377
v 0.8517 6.2943 0.6906
v 0.9271 6.3377 0.6102
v 0.9866 6.3841 0.5304
v 0.4043 6.4950 -0.4835
v 0.1946 6.4650 -0.4664
v 0.6167 6.5431 -0.4771
v 0.8206 6.5957 -0.4390
v 1.0043 6.6434 -0.3609
v 0.5507 5.9269 1.2038
v 0.2857 6.0676 1.1335
v 0.1344 5.3921 1.4901
v 0.1217 5.5793 1.4141
v 1.1560 6.6732 -0.2425
v 1.2766 6.6860 -0.0921
v 1.3587 6.6819 0.0797
v 1.3871 6.6559 0.2442
v 1.3705 6.6043 0.3836
v 1.1205 6.6500 0.4096
v 1.1451 6.7198 0.2814
v 1.1302 6.7614 0.1321
v 1.0686 6.7763 -0.0151
v 0.9826 6.7658 -0.1485
v 0.8646 6.7377 -0.2581
v 0.7162 6.6914 -0.3423
v 0.5404 6.6431 -0.3928
v 0.1681 6.5725 -0.4100
v 0.3515 6.6007 -0.4121
v 0.3810 6.5716 -0.3648
v 0.1676 6.5632 -0.3612
v 0.5748 6.5847 -0.3444
v 0.7541 6.5975 -0.2796
v 0.9019 6.6038 -0.1918
v 0.9937 6.5976 -0.0865
v 1.0652 6.5861 0.0240
v 0.1397 5.7414 1.3231
v 1.1304 6.5632 0.1422
v 1.1375 6.5236 0.2608
v 1.0994 6.4789 0.3668
v 0.3312 5.7420 1.3239
v 0.3184 5.5732 1.4270
v 0.3194 5.9125 1.2277
v 0.4887 6.0976 1.1000
v 0.2454 6.1508 0.9605
v 0.6426 6.2320 0.8305
v 1.0489 6.4314 0.4538
v 0.7074 6.2910 0.8904
v 0.2420 6.1852 1.0497
v 0.5656 6.2550 0.9596
v 0.4082 6.2213 1.0133
v 0.9217 6.3803 0.7307
v 0.9879 6.4411 0.6528
v 1.0421 6.5077 0.5780
v 1.0833 6.5761 0.5041
v 0.1078 6.1318 0.9644
v 0.1014 6.1561 1.0623
v 0.1188 6.0445 1.1434
v 0.1328 5.9018 1.2316
v 0.3151 5.3999 1.5029
v 0.5459 5.3974 1.5033
v 0.5310 5.5569 1.4188
v 0.5642 5.7378 1.3096
v 0.4459 6.3631 -0.5536
v 0.2152 6.3319 -0.5222
v 0.6836 6.4147 -0.5680
v 0.9148 6.4679 -0.5461
v 1.1401 6.5111 -0.4739
v 1.3364 6.5433 -0.3461
v 1.5009 6.5630 -0.1713
v 1.6080 6.5760 0.0216
v 1.6694 6.5742 0.2050
v 1.6752 6.5460 0.3746
v 0.4751 6.2129 -0.6243
v 0.2271 6.1854 -0.5757
v 0.7317 6.2572 -0.6613
v 0.9906 6.3058 -0.6541
v 1.2589 6.3407 -0.5830
v 1.5112 6.3733 -0.4397
v 1.7084 6.4184 -0.2462
v 1.8570 6.4624 -0.0317
v 1.9518 6.4786 0.1764
v 1.9943 6.4625 0.3711
v 1.7346 6.1428 -0.5393
v 1.5855 5.8819 -0.6963
v 1.5160 5.6677 -0.7642
v 1.4153 5.0682 -0.8101
v 1.3363 6.1413 -0.7124
v 1.3179 5.8897 -0.8038
v 1.2716 5.6693 -0.8752
v 1.1468 5.1380 -0.9178
v 1.0314 6.1215 -0.7647
v 1.0207 5.8793 -0.8533
v 0.9813 5.6724 -0.9185
v 0.9025 5.1360 -0.9374
v 0.7667 6.0732 -0.7874
v 0.7559 5.8878 -0.8567
v 0.7264 5.6764 -0.9239
v 0.6864 5.1441 -0.9338
v 0.4876 6.0379 -0.6827
v 0.4617 5.8650 -0.7744
v 0.4627 5.6813 -0.8286
v 0.4735 5.1538 -0.8665
v 0.2195 6.0352 -0.6170
v 0.2217 5.8416 -0.6687
v 0.2285 5.6575 -0.7096
v 0.2511 5.1903 -0.7987
v 1.9101 6.2629 -0.3076
v 2.0996 6.3684 -0.0799
v 2.2476 6.3844 0.1418
v 2.3200 6.3547 0.3878
v 2.0914 6.1367 -0.3453
v 2.3188 6.2212 -0.1232
v 2.4607 6.2378 0.1109
v 2.5420 6.1884 0.3707
v 1.9233 6.0085 -0.5031
v 1.7915 5.8273 -0.6283
v 1.8458 5.5472 -0.6312
v 1.7620 4.8090 -0.4203
v 2.2379 6.0273 -0.3443
v 2.4427 6.0936 -0.1327
v 2.6061 6.0667 0.0967
v 2.6784 6.0121 0.3529
v 2.0804 5.8888 -0.4809
v 1.9408 5.7335 -0.5751
v 1.7095 5.6297 -0.6925
v 1.8800 4.6301 -0.1309
v 2.5168 5.7635 -0.3335
v 2.6877 5.8030 -0.1588
v 2.8189 5.7921 0.0696
v 2.8715 5.7386 0.3216
v 2.3408 5.6690 -0.4517
v 2.1959 5.5293 -0.5162
v 1.9245 4.9363 -0.2422
v 1.9451 4.8568 0.0343
v 1.9104 4.6272 0.1371
v 2.6197 5.6243 -0.3268
v 2.7809 5.6703 -0.1604
v 2.9007 5.6625 0.0608
v 2.9503 5.6176 0.3065
v 2.4539 5.5358 -0.4374
v 2.3044 5.4106 -0.4944
v 1.9701 4.8996 -0.2279
v 1.9709 4.8271 -0.0161
v 2.0137 4.7870 0.2872
v 2.7331 5.4741 -0.3152
v 2.8815 5.5241 -0.1574
v 2.9929 5.5265 0.0533
v 3.0349 5.4916 0.2900
v 2.5768 5.3853 -0.4157
v 2.4343 5.2686 -0.4685
v 2.0686 4.7718 -0.2232
v 2.0614 4.7085 0.0072
v 2.0897 4.6733 0.2140
v 1.9869 4.8213 0.4964
v 2.8364 5.3143 -0.3119
v 2.9848 5.3809 -0.1713
v 3.0989 5.3864 0.0372
v 3.1238 5.3620 0.2794
v 2.6921 5.2248 -0.3981
v 2.5581 5.1162 -0.4439
v 2.1613 4.5951 -0.2278
v 2.1588 4.5255 -0.0638
v 2.1724 4.5221 0.1166
v 2.0525 4.8036 0.4936
v 1.9685 4.8121 0.2934
v 1.9408 4.7508 0.2390
v 1.8796 4.9210 -0.2976
v 2.0806 5.6381 -0.5436
v 1.9038 4.7922 -0.0544
v 2.7201 5.9236 0.0839
v 2.7791 5.8694 0.3357
v 2.5778 5.9387 -0.1479
v 2.4000 5.8909 -0.3323
v 2.2289 5.7843 -0.4639
v 2.3639 5.4511 0.9679
v 2.5178 5.5728 0.8925
v 2.7551 5.7883 0.5731
v 1.9145 5.0184 1.0598
v 1.9696 5.1016 1.0178
v 2.0496 5.1713 1.0020
v 2.1295 5.2433 1.0005
v 2.6532 5.6930 0.7669
v 1.8599 4.9293 1.0767
v 2.0763 5.3667 -0.5309
v 2.1817 5.2618 -0.5025
v 2.3164 5.1282 -0.4771
v 2.4442 4.9885 -0.4525
v 1.9838 5.4594 -0.5668
v 1.6116 4.9542 -0.6352
v 3.2360 5.1505 0.4918
v 2.9541 5.0053 0.8504
v 2.8064 4.8638 0.9072
v 2.5017 4.6390 0.7521
v 2.4078 4.5406 0.5665
v 2.3366 4.4458 0.3502
v 3.1183 5.0973 0.6992
v 3.0362 5.0726 -0.2903
v 3.1506 5.1405 -0.1613
v 3.2418 5.1907 0.0303
v 3.2706 5.1908 0.2677
v 2.8956 4.9830 -0.3769
v 2.7762 4.8789 -0.4188
v 2.3488 4.4129 -0.1866
v 2.2959 4.3892 -0.0303
v 2.3086 4.3920 0.1601
v 2.6107 4.7881 -0.4283
v 3.3995 4.9624 0.5164
v 3.1153 4.8267 0.8764
v 2.9580 4.7026 0.9445
v 2.6442 4.4969 0.7802
v 2.5647 4.4063 0.6039
v 2.5082 4.3146 0.3815
v 3.2628 4.9303 0.7241
v 3.2412 4.8124 -0.2712
v 3.3369 4.9000 -0.1411
v 3.4240 4.9495 0.0488
v 3.4370 4.9866 0.2836
v 3.1013 4.7314 -0.3596
v 2.9648 4.6314 -0.3797
v 2.4960 4.2696 -0.1309
v 2.4672 4.2485 0.0180
v 2.4553 4.2722 0.1932
v 2.8170 4.5305 -0.3760
v 3.5814 4.8333 0.5849
v 3.2935 4.6673 0.9696
v 3.1311 4.5187 1.0318
v 2.8270 4.2835 0.8635
v 2.7129 4.2114 0.6625
v 2.6225 4.1493 0.4512
v 3.4849 4.7578 0.8107
v 3.4405 4.6169 -0.2851
v 3.5325 4.7194 -0.1395
v 3.6408 4.7653 0.0738
v 3.6380 4.8338 0.3277
v 3.2831 4.5140 -0.3746
v 3.1416 4.4208 -0.4020
v 2.6487 4.0677 -0.1121
v 2.5975 4.0587 0.0413
v 2.5634 4.0954 0.2279
v 2.9847 4.3234 -0.3966
v 3.6338 4.5465 0.5039
v 3.4297 4.4068 0.7824
v 3.3154 4.3014 0.8279
v 3.0940 4.1163 0.7055
v 2.9903 4.0600 0.5539
v 2.9095 4.0111 0.3780
v 3.5556 4.5021 0.6660
v 3.5079 4.3709 -0.1863
v 3.5876 4.4396 -0.0656
v 3.6678 4.5058 0.1123
v 3.6770 4.5452 0.3231
v 3.4079 4.2857 -0.2610
v 3.2934 4.2159 -0.2872
v 2.9089 3.9791 -0.0769
v 2.8712 3.9580 0.0399
v 2.8628 3.9525 0.1897
v 3.1763 4.1526 -0.2765
v 3.6976 4.4451 0.5392
v 3.5079 4.2996 0.7890
v 3.3969 4.2070 0.8276
v 3.1785 3.9756 0.7192
v 3.0729 3.9296 0.5772
v 2.9915 3.8851 0.4087
v 3.6236 4.3899 0.6861
v 3.5973 4.2363 -0.1326
v 3.6699 4.3307 -0.0086
v 3.7358 4.4004 0.1741
v 3.7389 4.4377 0.3696
v 3.5044 4.1432 -0.1995
v 3.3907 4.0928 -0.2314
v 2.9978 3.9099 -0.0443
v 2.9534 3.8834 0.0570
v 2.9446 3.8541 0.2064
v 3.2818 4.0332 -0.2261
v 3.7536 4.3245 0.5509
v 3.5591 4.1962 0.7703
v 3.4567 4.0922 0.7912
v 3.2239 3.8863 0.6969
v 3.1261 3.8233 0.5672
v 3.0593 3.7707 0.4086
v 3.6752 4.2835 0.6862
v 3.6876 4.0990 -0.0911
v 3.7620 4.1888 0.0231
v 3.8139 4.2700 0.1999
v 3.7989 4.3160 0.3863
v 3.6057 3.9984 -0.1509
v 3.4888 3.9287 -0.1590
v 3.1090 3.7896 -0.0281
v 3.0521 3.7662 0.0736
v 3.0224 3.7525 0.2139
v 3.3917 3.8910 -0.1820
v 3.8232 4.2579 0.6169
v 3.6178 4.1397 0.8296
v 3.5008 4.0207 0.8371
v 3.2588 3.8032 0.7297
v 3.1451 3.7395 0.6123
v 3.0759 3.6893 0.4454
v 3.7397 4.2208 0.7464
v 3.7918 3.9869 -0.0332
v 3.8571 4.0914 0.0801
v 3.9038 4.1820 0.2568
v 3.8780 4.2385 0.4501
v 3.7131 3.8798 -0.1038
v 3.6192 3.8171 -0.1466
v 3.1797 3.6813 0.0058
v 3.1104 3.6649 0.1154
v 3.0732 3.6601 0.2643
v 3.4796 3.7832 -0.1453
v 3.8800 4.1696 0.6819
v 3.6790 4.0712 0.8699
v 3.5538 3.9586 0.8756
v 3.3246 3.7442 0.7557
v 3.2194 3.6717 0.6521
v 3.1590 3.6178 0.5005
v 3.7917 4.1418 0.7964
v 3.8730 3.8895 0.0767
v 3.9300 3.9868 0.1840
v 3.9629 4.0885 0.3356
v 3.9380 4.1468 0.5265
v 3.8044 3.8005 0.0047
v 3.7114 3.7140 -0.0622
v 3.2918 3.5839 0.0800
v 3.2203 3.5721 0.1899
v 3.1736 3.5808 0.3307
v 3.5982 3.6596 -0.0617
v 3.9781 4.1098 0.7668
v 3.7586 4.0228 0.9512
v 3.6195 3.9135 0.9515
v 3.3889 3.6802 0.8211
v 3.2986 3.5787 0.7214
v 3.2510 3.5067 0.5761
v 3.8823 4.0846 0.8835
v 4.0148 3.7903 0.1786
v 4.0636 3.8973 0.2836
v 4.0799 4.0123 0.4257
v 4.0448 4.0827 0.6129
v 3.9493 3.6884 0.0985
v 3.8591 3.5807 0.0341
v 3.4338 3.4469 0.1873
v 3.3449 3.4471 0.2856
v 3.2799 3.4661 0.4127
v 3.7444 3.5266 0.0353
v 4.0679 4.0067 0.8677
v 3.8340 3.9461 1.0338
v 3.6802 3.8680 1.0263
v 3.4626 3.6114 0.9100
v 3.3992 3.4965 0.8163
v 3.3734 3.4065 0.6862
v 3.9650 3.9899 0.9727
v 4.1452 3.6572 0.3534
v 4.1889 3.7720 0.4393
v 4.1906 3.8909 0.5712
v 4.1464 3.9665 0.7399
v 4.0695 3.5584 0.2650
v 3.9640 3.4648 0.2117
v 3.5700 3.3338 0.3715
v 3.4767 3.3385 0.4553
v 3.4061 3.3666 0.5598
v 3.8777 3.4120 0.2407
v 4.1839 3.8956 0.9858
v 3.9016 3.8952 1.1253
v 3.7613 3.8035 1.1530
v 3.5241 3.5107 1.0615
v 3.4675 3.3894 0.9646
v 3.4588 3.2770 0.8515
v 4.0571 3.9054 1.0778
v 4.2942 3.4985 0.5066
v 4.3446 3.6191 0.5953
v 4.3335 3.7490 0.7226
v 4.2782 3.8371 0.8736
v 4.2176 3.3865 0.4428
v 4.1125 3.3133 0.4045
v 3.6787 3.1660 0.5663
v 3.5749 3.1885 0.6466
v 3.5067 3.2247 0.7409
v 4.0169 3.2547 0.4087
v 4.3220 3.7164 1.1536
v 4.0566 3.7273 1.2860
v 3.9192 3.6447 1.3147
v 3.6961 3.3604 1.2576
v 3.6545 3.2389 1.1880
v 3.6450 3.1412 1.0941
v 4.1991 3.7399 1.2282
v 4.4592 3.3186 0.7370
v 4.4971 3.4382 0.8146
v 4.4758 3.5645 0.9401
v 4.4155 3.6519 1.0641
v 4.3827 3.2201 0.6862
v 4.2702 3.1502 0.6662
v 3.8516 3.0216 0.8274
v 3.7654 3.0409 0.9056
v 3.6967 3.0848 1.0037
v 4.1725 3.0987 0.6670
v 4.4996 3.5159 1.3840
v 4.2414 3.5305 1.5009
v 4.1110 3.4530 1.5242
v 3.9044 3.2108 1.4822
v 3.8617 3.0938 1.4243
v 3.8609 3.0016 1.3418
v 4.3792 3.5413 1.4516
v 4.6319 3.1604 1.0065
v 4.6685 3.2595 1.0996
v 4.6516 3.3728 1.2060
v 4.5914 3.4573 1.3076
v 4.5666 3.0587 0.9367
v 4.4568 2.9745 0.9388
v 4.0236 2.8684 1.1087
v 3.9475 2.8981 1.1766
v 3.8865 2.9472 1.2584
v 4.3601 2.9332 0.9359
v 4.6737 3.3069 1.6388
v 4.4538 3.3075 1.7550
v 4.3310 3.2594 1.7565
v 4.1537 3.0601 1.7131
v 4.1210 2.9611 1.6641
v 4.1158 2.8844 1.5905
v 4.5724 3.3228 1.6979
v 4.8083 3.0076 1.3203
v 4.8269 3.0953 1.3976
v 4.8167 3.1830 1.4890
v 4.7562 3.2641 1.5641
v 4.7761 2.8999 1.2973
v 4.6755 2.8513 1.2284
v 4.2727 2.7320 1.3820
v 4.1968 2.7725 1.4476
v 4.1389 2.8181 1.5231
v 4.5855 2.7824 1.2473
v 4.8155 3.1357 1.8533
v 4.6160 3.1402 1.9752
v 4.5069 3.1014 1.9900
v 4.3389 2.9253 1.9452
v 4.3082 2.8356 1.8910
v 4.3059 2.7629 1.8243
v 4.7198 3.1593 1.9175
v 4.9570 2.8867 1.5861
v 4.9619 2.9626 1.6482
v 4.9421 3.0316 1.7181
v 4.8907 3.0892 1.7877
v 4.9279 2.8035 1.5376
v 4.8745 2.7180 1.5182
v 4.4739 2.5906 1.6146
v 4.3943 2.6340 1.6764
v 4.3365 2.6874 1.7487
v 4.7928 2.6478 1.5194
v 4.9059 2.9845 2.0283
v 4.7322 3.0092 2.1247
v 4.6403 2.9786 2.1547
v 4.4935 2.8254 2.1237
v 4.4685 2.7429 2.0744
v 4.4711 2.6668 2.0159
v 4.8257 3.0084 2.0832
v 5.0504 2.7862 1.7930
v 5.0441 2.8497 1.8471
v 5.0157 2.9046 1.9082
v 4.9690 2.9483 1.9691
v 5.0301 2.7125 1.7514
v 4.9830 2.6338 1.7271
v 4.6240 2.4997 1.8119
v 4.5540 2.5381 1.8782
v 4.4996 2.5943 1.9467
v 4.9215 2.5595 1.7270
v 4.9820 2.8726 2.1724
v 4.8249 2.9088 2.2545
v 4.7378 2.8836 2.2933
v 4.6151 2.7439 2.2812
v 4.5907 2.6727 2.2322
v 4.5920 2.5996 2.1740
v 4.9106 2.8979 2.2192
v 5.1385 2.6888 1.9607
v 5.1198 2.7554 2.0030
v 5.0870 2.8047 2.0594
v 5.0405 2.8415 2.1167
v 5.1254 2.6190 1.9222
v 5.0806 2.5510 1.8922
v 4.7323 2.4139 1.9745
v 4.6590 2.4629 2.0322
v 4.6154 2.5245 2.1063
v 5.0226 2.4826 1.8867
v 5.0806 2.8165 2.3031
v 4.9188 2.8535 2.4139
v 4.8304 2.8252 2.4656
v 4.6665 2.6956 2.4265
v 4.6320 2.6190 2.3732
v 4.6295 2.5371 2.3092
v 5.0064 2.8439 2.3622
v 5.2495 2.6091 2.0575
v 5.2317 2.6781 2.1121
v 5.1928 2.7357 2.1777
v 5.1398 2.7816 2.2431
v 5.2355 2.5345 2.0103
v 5.1988 2.4550 1.9836
v 4.7876 2.3126 2.0698
v 4.7057 2.3732 2.1437
v 4.6542 2.4509 2.2297
v 5.1367 2.3869 1.9649
v 0.7524 6.2582 0.7663
v 0.8249 6.3277 0.8160
v 1.0252 6.2493 0.8550
v 1.2590 6.1595 0.9110
v 1.5081 6.0490 0.9672
v 1.7653 5.9247 1.0327
v 1.9959 5.7216 1.0813
v 2.1368 5.5034 1.0488
v 2.2477 5.3339 0.9879
v 2.3153 5.1897 0.9257
v 2.4046 5.0717 0.8694
v 2.4795 4.9729 0.8483
v 2.5397 4.8698 0.8580
v 2.6343 4.7648 0.8770
v 2.7942 4.5940 0.9041
v 2.9784 4.3779 0.9949
v 3.2007 4.1989 0.7991
v 3.2814 4.0954 0.8083
v 4.5550 2.9127 2.1522
v 4.6694 2.8162 2.3099
v 4.7360 2.7677 2.4613
v 4.4007 3.0382 1.9639
v 1.4742 5.4607 -0.7966
v 1.2330 5.4683 -0.9123
v 0.9664 5.4741 -0.9390
v 0.7146 5.4906 -0.9445
v 0.4613 5.4948 -0.8644
v 0.2293 5.5098 -0.7409
v 1.8231 5.3524 -0.6118
v 1.9938 5.2022 -0.4945
v 2.0790 5.1102 -0.4661
v 2.2012 4.9978 -0.4443
v 2.3450 4.8490 -0.4260
v 1.9147 5.2772 -0.5416
v 1.6775 5.4276 -0.7043
v 2.4989 4.6751 -0.3969
v 2.6914 4.4355 -0.3356
v 2.8430 4.2327 -0.3449
v 3.0652 4.0963 -0.2340
v 3.1620 3.9912 -0.1831
v 3.2699 3.8653 -0.1627
v 3.3609 3.7483 -0.1265
v 3.4873 3.6286 -0.0486
v 3.6314 3.4914 0.0431
v 3.7787 3.3796 0.2555
v 3.9124 3.2125 0.4284
v 4.0717 3.0529 0.6915
v 4.2658 2.8785 0.9659
v 4.4840 2.7229 1.2776
v 4.6862 2.5885 1.5332
v 4.8319 2.5017 1.7485
v 4.9282 2.4292 1.8934
v 5.0328 2.3226 1.9760
v 1.4474 5.2695 -0.8007
v 1.1942 5.2986 -0.9215
v 0.9375 5.3039 -0.9450
v 0.7048 5.3113 -0.9391
v 0.4659 5.3248 -0.8756
v 0.2364 5.3529 -0.7694
v 1.7805 5.1270 -0.5484
v 1.9399 5.0630 -0.4259
v 2.0057 4.9968 -0.3950
v 2.1134 4.8743 -0.3693
v 2.2491 4.7148 -0.3567
v 1.8787 5.0778 -0.4674
v 2.4347 4.5177 -0.3154
v 2.5822 4.3416 -0.2581
v 2.7196 4.1561 -0.2621
v 2.9735 4.0451 -0.1647
v 3.0713 3.9440 -0.1199
v 3.1812 3.8242 -0.1067
v 3.2655 3.7086 -0.0773
v 3.3852 3.6014 -0.0002
v 3.5297 3.4594 0.0986
v 3.6737 3.3520 0.3001
v 3.7868 3.1856 0.4806
v 3.9502 3.0290 0.7382
v 4.1446 2.8499 1.0239
v 4.3826 2.7069 1.3317
v 4.5796 2.5658 1.5687
v 4.7265 2.4793 1.7764
v 4.8188 2.4025 1.9194
v 4.8946 2.2937 2.0026
v 1.6842 5.2420 -0.6663
v 4.0038 3.3473 1.5157
v 4.2363 3.1839 1.7389
v 3.7997 3.5203 1.2983
v 3.6226 3.6717 1.1184
v 3.5574 3.7406 0.9775
v 3.4976 3.7935 0.8882
v 3.4362 3.8382 0.8179
v 3.3869 3.9019 0.7998
v 3.3557 3.9836 0.7702
v -0.4775 6.3965 0.8714
v -0.3433 6.3662 0.9307
v -0.7639 6.4898 0.7119
v -0.8290 6.5355 0.6419
v -0.8761 6.5819 0.5766
v -0.3183 6.7986 -0.3327
v -0.1377 6.7869 -0.3337
v -0.0004 6.7872 -0.3377
v -0.4894 6.8158 -0.3096
v -0.6503 6.8329 -0.2449
v -0.7869 6.8428 -0.1549
v -0.8743 6.8368 -0.0483
v -0.9402 6.8244 0.0597
v -0.9996 6.7982 0.1859
v -1.0038 6.7475 0.3186
v -0.9686 6.6901 0.4285
v -0.2109 6.3426 0.9515
v -0.5783 6.4217 0.8372
v -0.9258 6.6329 0.5109
v -0.0862 6.3230 0.9544
v -0.0002 6.3133 0.9616
v -3.7421 4.6410 0.6125
v -3.4796 4.4539 0.9704
v -3.3242 4.3105 1.0306
v -3.0283 4.0616 0.8655
v -2.8959 3.9893 0.6731
v -2.8086 3.9343 0.4850
v -3.6416 4.5825 0.8193
v -3.5829 4.4034 -0.2432
v -3.6908 4.5005 -0.0817
v -3.7863 4.5897 0.1342
v -3.7961 4.6404 0.3872
v -3.4505 4.2955 -0.3365
v -3.3130 4.2088 -0.3665
v -2.8197 3.9154 -0.0872
v -2.7701 3.8904 0.0685
v -2.7565 3.8883 0.2655
v -3.1658 4.1220 -0.3528
v -0.6766 6.4503 0.7794
v -3.1718 4.1740 0.9921
v -3.0274 4.0439 -0.2991
v -2.9107 3.9719 -0.2104
v 0.4766 6.3965 0.8714
v 0.3424 6.3662 0.9307
v 0.7630 6.4898 0.7119
v 0.8281 6.5355 0.6419
v 0.8752 6.5819 0.5766
v 0.3174 6.7986 -0.3327
v 0.1368 6.7869 -0.3337
v 0.4885 6.8158 -0.3096
v 0.6494 6.8329 -0.2449
v 0.7861 6.8428 -0.1549
v 0.8735 6.8368 -0.0483
v 0.9393 6.8244 0.0597
v 0.9987 6.7982 0.1859
v 1.0029 6.7475 0.3186
v 0.9677 6.6901 0.4285
v 0.2100 6.3426 0.9515
v 0.5775 6.4217 0.8372
v 0.9249 6.6329 0.5109
v 0.0852 6.3230 0.9544
v 3.7412 4.6410 0.6125
v 3.4785 4.4538 0.9706
v 3.3237 4.3108 1.0307
v 3.0274 4.0616 0.8654
v 2.8950 3.9899 0.6737
v 2.8074 3.9341 0.4842
v 3.6416 4.5816 0.8193
v 3.5819 4.4036 -0.2432
v 3.6908 4.4993 -0.0814
v 3.7876 4.5871 0.1352
v 3.7960 4.6395 0.3874
v 3.4496 4.2956 -0.3365
v 3.3139 4.2067 -0.3661
v 2.8190 3.9155 -0.0875
v 2.7680 3.8917 0.0683
v 2.7537 3.8903 0.2651
v 3.1649 4.1220 -0.3528
v 0.6757 6.4503 0.7794
v 3.1709 4.1740 0.9921
v 3.0265 4.0440 -0.2991
v 2.9098 3.9719 -0.2104
v -0.4918 6.3874 0.9144
v -0.3529 6.3580 0.9745
v -0.7854 6.4826 0.7508
v -0.8512 6.5290 0.6799
v -0.8967 6.5750 0.6157
v -0.3156 6.8051 -0.3717
v -0.1350 6.7919 -0.3747
v -0.0004 6.7913 -0.3797
v -0.4903 6.8244 -0.3455
v -0.6558 6.8436 -0.2757
v -0.7983 6.8554 -0.1777
v -0.8908 6.8496 -0.0620
v -0.9594 6.8367 0.0533
v -1.0210 6.8090 0.1930
v -1.0243 6.7530 0.3424
v -0.9876 6.6894 0.4626
v -0.2121 6.3348 0.9960
v -0.5956 6.4121 0.8795
v -0.9448 6.6276 0.5496
v -0.0831 6.3150 0.9988
v -0.0002 6.3047 1.0066
v -0.6965 6.4416 0.8200
v 0.4909 6.3874 0.9144
v 0.3520 6.3580 0.9745
v 0.7845 6.4827 0.7508
v 0.8503 6.5290 0.6799
v 0.8958 6.5751 0.6157
v 0.3147 6.8051 -0.3717
v 0.1341 6.7919 -0.3747
v 0.4894 6.8244 -0.3455
v 0.6549 6.8436 -0.2757
v 0.7975 6.8554 -0.1777
v 0.8900 6.8496 -0.0620
v 0.9585 6.8367 0.0533
v 1.0201 6.8090 0.1930
v 1.0235 6.7530 0.3423
v 0.9867 6.6894 0.4626
v 0.2112 6.3348 0.9960
v 0.5947 6.4121 0.8795
v 0.9439 6.6276 0.5496
v 0.0822 6.3150 0.9987
v 0.6956 6.4417 0.8200
v -3.5508 4.6780 0.5022
v -3.7100 4.6124 0.5943
v -3.3438 4.5344 0.7871
v -3.4649 4.4399 0.9262
v -3.2253 4.4251 0.8342
v -3.3221 4.3081 0.9816
v -2.9974 4.2339 0.7065
v -3.0489 4.0786 0.8304
v -2.8925 4.1770 0.5521
v -2.9250 4.0111 0.6514
v -2.8162 4.1293 0.3842
v -2.8395 3.9574 0.4673
v -3.4714 4.6329 0.6675
v -3.6161 4.5583 0.7864
v -3.4239 4.4966 -0.1942
v -3.5606 4.3938 -0.2071
v -3.5057 4.5698 -0.0688
v -3.6596 4.4826 -0.0590
v -3.5843 4.6387 0.1092
v -3.7505 4.5651 0.1443
v -3.5940 4.6773 0.3194
v -3.7607 4.6117 0.3836
v -3.3211 4.4110 -0.2698
v -3.4379 4.2929 -0.2943
v -3.2082 4.3409 -0.2954
v -3.3071 4.2110 -0.3231
v -2.8187 4.0968 -0.0774
v -2.8465 3.9427 -0.0664
v -2.7810 4.0710 0.0443
v -2.8009 3.9183 0.0767
v -2.7721 4.0665 0.1988
v -2.7892 3.9148 0.2581
v -3.0906 4.2751 -0.2845
v -3.1689 4.1314 -0.3103
v -3.1075 4.3197 0.8043
v -3.1811 4.1818 0.9462
v -2.9793 4.2163 -0.2413
v -3.0385 4.0600 -0.2603
v -2.8872 4.1389 -0.1704
v -2.9296 3.9942 -0.1779
v 3.5498 4.6783 0.5022
v 3.7090 4.6125 0.5943
v 3.3428 4.5343 0.7872
v 3.4639 4.4398 0.9263
v 3.2245 4.4252 0.8343
v 3.3214 4.3083 0.9816
v 2.9964 4.2340 0.7065
v 3.0479 4.0786 0.8304
v 2.8916 4.1772 0.5523
v 2.9241 4.0115 0.6518
v 2.8147 4.1298 0.3839
v 2.8381 3.9576 0.4668
v 3.4708 4.6326 0.6675
v 3.6158 4.5577 0.7864
v 3.4229 4.4967 -0.1942
v 3.5596 4.3940 -0.2071
v 3.5057 4.5686 -0.0686
v 3.6596 4.4814 -0.0588
v 3.5851 4.6366 0.1096
v 3.7516 4.5626 0.1451
v 3.5933 4.6770 0.3194
v 3.7603 4.6111 0.3838
v 3.3204 4.4108 -0.2698
v 3.4371 4.2928 -0.2943
v 3.2079 4.3403 -0.2953
v 3.3075 4.2095 -0.3228
v 2.8179 4.0946 -0.0775
v 2.8457 3.9429 -0.0666
v 2.7789 4.0743 0.0438
v 2.7987 3.9198 0.0764
v 2.7694 4.0704 0.1985
v 2.7863 3.9170 0.2578
v 3.0897 4.2751 -0.2845
v 3.1680 4.1314 -0.3103
v 3.1066 4.3197 0.8043
v 3.1802 4.1819 0.9462
v 2.9784 4.2163 -0.2413
v 3.0376 4.0600 -0.2603
v 2.8858 4.1625 -0.1705
v 2.9285 3.9944 -0.1780
v -4.9734 2.7974 2.3401
v -5.0390 2.7732 2.2877
v -5.0926 2.7418 2.2331
v -5.1402 2.7006 2.1740
v -5.1735 2.6512 2.1173
v -5.1881 2.5958 2.0747
v -5.1774 2.5377 2.0383
v -5.1488 2.4726 2.0186
v -5.1001 2.4190 2.0042
v -5.0130 2.3648 2.0145
v -4.8991 2.3426 2.0342
v -4.8140 2.3577 2.0876
v -4.7443 2.4097 2.1489
v -4.6988 2.4783 2.2250
v -4.6769 2.5547 2.2957
v -4.6786 2.6218 2.3474
v -4.7073 2.6833 2.3936
v -4.7628 2.7386 2.4226
v -4.8346 2.7812 2.4269
v -4.8995 2.8055 2.3838
v 5.0456 2.7732 2.2877
v 4.9800 2.7974 2.3401
v 4.9061 2.8055 2.3838
v 4.8412 2.7812 2.4269
v 4.7694 2.7386 2.4226
v 4.7138 2.6831 2.3935
v 4.6858 2.6234 2.3498
v 4.6835 2.5547 2.2957
v 4.7054 2.4783 2.2250
v 4.7509 2.4097 2.1489
v 4.8206 2.3576 2.0876
v 4.9057 2.3426 2.0342
v 5.0211 2.3651 2.0141
v 5.1066 2.4189 2.0042
v 5.1554 2.4725 2.0186
v 5.1840 2.5377 2.0383
v 5.1947 2.5958 2.0747
v 5.1801 2.6512 2.1173
v 5.1468 2.7006 2.1740
v 5.0992 2.7418 2.2331
v -4.7193 2.9722 1.9852
v -4.7762 2.9503 1.9375
v -4.8234 2.9213 1.8868
v -4.8652 2.8835 1.8321
v -4.8933 2.8398 1.7817
v -4.9050 2.7940 1.7475
v -4.8970 2.7475 1.7188
v -4.8751 2.6926 1.7039
v -4.8378 2.6492 1.6925
v -4.7670 2.6023 1.7019
v -4.6737 2.5846 1.7171
v -4.6072 2.5970 1.7608
v -4.5489 2.6429 1.8132
v -4.5095 2.7052 1.8824
v -4.4905 2.7747 1.9469
v -4.4920 2.8327 1.9917
v -4.5152 2.8821 2.0310
v -4.5586 2.9256 2.0560
v -4.6120 2.9578 2.0604
v -4.6579 2.9792 2.0233
v 4.7828 2.9503 1.9375
v 4.7259 2.9722 1.9852
v 4.6645 2.9792 2.0233
v 4.6186 2.9578 2.0603
v 4.5652 2.9256 2.0560
v 4.5215 2.8818 2.0309
v 4.4992 2.8341 1.9940
v 4.4971 2.7746 1.9468
v 4.5161 2.7052 1.8824
v 4.5555 2.6429 1.8132
v 4.6138 2.5970 1.7607
v 4.6802 2.5846 1.7171
v 4.7749 2.6026 1.7016
v 4.8442 2.6490 1.6925
v 4.8817 2.6925 1.7039
v 4.9036 2.7475 1.7188
v 4.9116 2.7940 1.7475
v 4.8999 2.8398 1.7817
v 4.8718 2.8835 1.8321
v 4.8300 2.9213 1.8867
v -1.5486 5.0533 1.3943
v -1.4960 4.9001 1.4251
v -1.3414 5.1324 1.5057
v -1.3189 4.9801 1.5339
v -1.0972 5.1925 1.5689
v -1.0971 5.0357 1.6038
v -0.8313 5.2284 1.5821
v -0.8406 5.0797 1.6461
v -0.0003 5.1925 1.5419
v -1.8412 4.6885 0.8266
v -1.8129 4.5323 0.8572
v -1.9008 4.4587 0.3571
v -1.8833 4.3208 0.3761
v -1.6941 4.9261 1.2523
v -1.6225 4.7740 1.2751
v -1.8639 4.5637 0.5852
v -1.8491 4.4098 0.6055
v -0.0003 5.0194 1.5874
v -0.1364 5.0336 1.6013
v -0.1382 5.2085 1.5518
v -0.3268 5.2222 1.5751
v -0.3401 5.0539 1.6307
v -0.5825 5.0749 1.6500
v -0.5441 5.2414 1.5816
v -1.3504 4.8784 -0.8050
v -1.3301 4.7143 -0.8264
v -1.1147 4.9701 -0.9076
v -1.1023 4.7723 -0.9308
v -0.8840 4.9665 -0.9368
v -0.8800 4.8057 -0.9524
v -0.6607 5.0008 -0.9241
v -0.6587 4.8290 -0.9284
v -0.4728 4.9920 -0.8591
v -0.4819 4.8262 -0.8905
v -0.2629 5.0149 -0.8182
v -0.2647 4.8481 -0.8477
v -0.0004 5.0559 -0.7698
v -0.0004 4.8765 -0.8056
v -1.6832 4.5991 -0.3982
v -1.6664 4.4330 -0.4022
v -1.8160 4.4729 -0.1255
v -1.7901 4.3097 -0.1432
v -1.8841 4.4175 0.1240
v -1.7416 4.6426 1.0866
v -1.7927 4.7934 1.0687
v -1.8620 4.2282 0.1490
v -1.5211 4.5378 -0.6730
v -1.5469 4.7481 -0.6423
v -1.0826 4.8447 1.5900
v -0.8477 4.8915 1.6514
v -0.5917 4.8813 1.6669
v -0.3474 4.8763 1.6444
v -0.3596 4.6980 1.6562
v -0.3702 4.5087 1.6696
v -0.3766 4.2999 1.6940
v -0.6239 4.2137 1.6803
v -0.8573 4.1411 1.6170
v -1.1138 4.0865 1.4910
v -1.3205 4.0073 1.3119
v -1.3510 4.2472 1.3059
v -1.3957 4.4771 1.3255
v -1.5250 4.6302 1.2771
v -1.4193 4.7542 1.4197
v -1.2792 4.8193 1.5184
v -0.0003 4.8641 1.5904
v -0.0003 4.7363 1.5968
v -0.0004 4.5983 1.6139
v -0.0010 4.4148 1.6615
v -0.1398 4.8654 1.6074
v -0.1482 4.7228 1.6159
v -0.1541 4.5794 1.6364
v -0.1568 4.3879 1.6817
v -1.7318 4.3902 0.8632
v -1.7839 4.1760 0.4097
v -1.7768 4.2868 0.6251
v -1.2314 4.5143 -0.7860
v -1.0343 4.5799 -0.8858
v -0.8235 4.6113 -0.9073
v -0.6416 4.6572 -0.8989
v -0.4542 4.6508 -0.8666
v -0.2382 4.6461 -0.8154
v -0.0004 4.6552 -0.7792
v -1.5872 4.2734 -0.3753
v -1.7035 4.1784 -0.1374
v -1.7753 4.1219 0.1616
v -1.4576 4.3984 -0.6381
v -1.6655 4.2104 0.8655
v -1.7138 3.9875 0.4182
v -1.7034 4.0945 0.6375
v -1.1631 4.2957 -0.7710
v -0.9711 4.3618 -0.8483
v -0.7911 4.4172 -0.8727
v -0.6272 4.4391 -0.8797
v -0.4269 4.4364 -0.8628
v -0.2226 4.4243 -0.7997
v -0.0004 4.4231 -0.7560
v -1.5305 4.0923 -0.3632
v -1.6463 4.0113 -0.1185
v -1.7124 3.9455 0.1676
v -1.4054 4.1926 -0.6195
v -1.6183 4.0265 0.8724
v -1.6624 3.8207 0.4135
v -1.6501 3.9130 0.6338
v -1.0960 4.0508 -0.7360
v -0.9291 4.1277 -0.8157
v -0.7611 4.1777 -0.8548
v -0.5908 4.1950 -0.8680
v -0.4020 4.1959 -0.8449
v -0.2152 4.1801 -0.7860
v -0.0004 4.2176 -0.7701
v -1.4733 3.8734 -0.3455
v -1.5856 3.7932 -0.1096
v -1.6549 3.7561 0.1682
v -1.3253 3.9303 -0.5738
v -1.5922 3.7849 0.8995
v -1.6653 3.6155 0.4023
v -1.6557 3.6743 0.6596
v -1.0905 3.7931 -0.7086
v -0.9005 3.8740 -0.8145
v -0.7407 3.8961 -0.8566
v -0.5598 3.9091 -0.8723
v -0.3726 3.9125 -0.8466
v -0.1985 3.9230 -0.7947
v 0.0193 3.9251 -0.7771
v -1.4410 3.6552 -0.3402
v -1.5471 3.5997 -0.1153
v -1.6347 3.5989 0.1346
v -1.2997 3.7000 -0.5553
v -1.5407 3.5503 0.9124
v -1.5898 3.3890 0.3917
v -1.6071 3.4390 0.6736
v -1.0808 3.5410 -0.6202
v -0.9145 3.5828 -0.7161
v -0.7280 3.6088 -0.7749
v -0.5554 3.6018 -0.7872
v -0.3908 3.6240 -0.7750
v -0.2163 3.6344 -0.7382
v -0.0004 3.6318 -0.7171
v -1.3884 3.4343 -0.2848
v -1.4780 3.3766 -0.0813
v -1.5638 3.3624 0.1429
v -1.2607 3.5059 -0.4907
v -1.5824 3.3412 0.9425
v -1.6362 3.1896 0.4209
v -1.6535 3.2287 0.6916
v -1.1519 3.3109 -0.6011
v -0.9738 3.3485 -0.6950
v -0.7822 3.3520 -0.7509
v -0.6159 3.3630 -0.7773
v -0.4428 3.3804 -0.7872
v -0.2490 3.3758 -0.7598
v -0.0169 3.3911 -0.7541
v -1.4430 3.2278 -0.2615
v -1.5208 3.1735 -0.0607
v -1.6108 3.1646 0.1596
v -1.3272 3.2751 -0.4640
v -1.5012 3.1253 0.9372
v -1.5463 3.0422 0.4553
v -1.5506 3.0632 0.7007
v -1.0944 3.1274 -0.4975
v -0.9328 3.1514 -0.5855
v -0.7532 3.1703 -0.6548
v -0.5909 3.1763 -0.6917
v -0.4120 3.1579 -0.6992
v -0.2120 3.1716 -0.6750
v -0.0009 3.1680 -0.6682
v -1.3620 3.0617 -0.1851
v -1.4509 3.0344 0.0048
v -1.5198 3.0281 0.2149
v -1.2514 3.0775 -0.3576
v -1.4890 2.9118 0.9471
v -1.5665 2.8784 0.4839
v -1.5531 2.8776 0.7291
v -1.0942 2.9589 -0.4336
v -0.9507 2.9812 -0.5303
v -0.7818 3.0015 -0.6067
v -0.6057 3.0083 -0.6498
v -0.4120 2.9970 -0.6638
v -0.2096 2.9937 -0.6370
v -0.0004 2.9766 -0.6225
v -1.3629 2.8992 -0.1472
v -1.4625 2.8680 0.0378
v -1.5357 2.8554 0.2476
v -1.2436 2.9173 -0.3041
v -1.5196 2.6160 0.9500
v -1.6126 2.5550 0.4583
v -1.5960 2.5648 0.7305
v -0.5934 2.7586 1.5560
v -1.1276 2.7942 -0.4267
v -0.9800 2.8240 -0.5247
v -0.8163 2.8577 -0.6043
v -0.6326 2.8737 -0.6581
v -0.4224 2.8665 -0.6791
v -0.1975 2.8675 -0.6578
v 0.0078 2.8733 -0.6100
v -0.1702 2.7702 1.6021
v -1.4588 2.5649 0.0329
v -1.5556 2.5487 0.2262
v -1.2305 2.6188 -0.2694
v -1.5488 2.4617 0.9438
v -1.6281 2.3866 0.4123
v -1.6162 2.4242 0.7058
v -0.3750 2.7661 1.5965
v -1.0691 2.5150 -0.3842
v -0.9269 2.5513 -0.4536
v -0.7855 2.5893 -0.5127
v -0.6219 2.6380 -0.5718
v -0.4221 2.6623 -0.6020
v -0.2140 2.6809 -0.5943
v -0.0004 2.6865 -0.5625
v -1.4680 2.4227 0.0022
v -1.5671 2.3916 0.1935
v -1.2163 2.4829 -0.2847
v -1.6385 4.4945 1.0840
v -1.5674 4.3225 1.0847
v -1.5132 4.1306 1.0894
v -1.4287 3.6716 1.1197
v -1.4734 3.9102 1.1110
v 0.0001 2.7725 1.6000
v -0.0021 3.9093 1.7009
v 0.0001 3.2921 1.6270
v -0.8489 3.9128 1.5893
v -1.0822 3.8448 1.4732
v -1.2194 2.7003 1.2850
v -0.1640 3.2873 1.6369
v -0.1810 3.9012 1.7040
v -0.3605 3.2669 1.6445
v -0.8432 3.6998 1.6154
v -1.0799 3.6145 1.5052
v -1.2024 3.0621 1.3101
v -0.5721 3.2322 1.6218
v -0.1688 4.1686 1.6789
v -0.5845 3.5045 1.6382
v -0.8140 3.4415 1.5788
v -1.0176 3.3622 1.4815
v -1.2199 3.2792 1.3229
v -0.3721 3.5576 1.6588
v -0.0016 4.1940 1.6708
v -0.1669 3.5863 1.6604
v -0.8055 3.1802 1.5583
v -1.0018 3.1264 1.4495
v -1.2845 3.5300 1.3449
v -0.0014 3.5909 1.6583
v -0.6221 3.9924 1.6557
v -0.4023 3.8518 1.7034
v -0.8165 2.7462 1.4815
v -1.0180 2.7291 1.3953
v -1.2781 3.7724 1.3114
v -0.6264 3.7820 1.6683
v -0.3918 4.0773 1.6793
v -1.4424 3.4429 1.1567
v -1.3851 3.2203 1.1524
v -1.3785 2.9916 1.1415
v -1.3997 2.6586 1.1355
v -1.3542 2.5892 -0.1293
v -0.0004 2.5391 1.6003
v -0.1720 2.5424 1.6024
v -0.1655 2.3497 1.5521
v -0.0003 2.3504 1.5538
v -0.6041 2.5455 1.5511
v -0.3800 2.5408 1.5958
v -1.2285 2.5312 1.2832
v -0.8225 2.5522 1.4711
v -1.0261 2.5509 1.3911
v -1.4106 2.5007 1.1339
v -1.4902 2.3453 0.9073
v -1.5572 2.2621 0.3924
v -1.5491 2.2998 0.6681
v -1.4091 2.3187 -0.0125
v -1.5073 2.2962 0.1844
v -0.5800 2.3670 1.5102
v -0.3668 2.3549 1.5499
v -1.1801 2.3873 1.2464
v -0.7849 2.3923 1.4410
v -0.9877 2.4039 1.3522
v -1.3533 2.3464 1.1017
v -1.5997 2.6953 0.2358
v -1.5108 2.7005 0.0334
v -1.5542 2.7477 0.9701
v -1.6209 2.7086 0.7523
v -1.6494 2.6861 0.4839
v -1.2788 2.7588 -0.3039
v -0.6235 2.7584 -0.5882
v -0.4156 2.7680 -0.6173
v -0.2079 2.7772 -0.6042
v -0.0004 2.7579 -0.5619
v -1.0858 2.6551 -0.3793
v -0.9440 2.6858 -0.4618
v -0.1668 3.0183 1.6403
v -0.7971 2.7173 -0.5296
v -1.4153 2.8103 1.1520
v 0.0005 3.0227 1.6367
v -0.5893 2.9796 1.6064
v -0.3703 3.0088 1.6398
v -0.8139 2.9498 1.5395
v -1.0238 2.9164 1.4362
v -1.2310 2.8700 1.3121
v -1.4060 2.7325 -0.1493
v -1.3476 2.4460 -0.1539
v -1.2776 2.3467 -0.1680
v -0.9961 2.4225 -0.3661
v -0.8510 2.4616 -0.4173
v -0.7097 2.4909 -0.4622
v -0.5708 2.5334 -0.5061
v -0.3937 2.5759 -0.5391
v -0.1952 2.5976 -0.5364
v -0.0004 2.6308 -0.5046
v -1.1427 2.3842 -0.2834
v -1.3157 1.6902 -0.5484
v -0.9565 1.5463 -0.8742
v -0.7622 1.5521 -0.9267
v -0.5814 1.5645 -0.9381
v -0.4157 1.5815 -0.9645
v -0.2628 1.5997 -0.9454
v -0.1282 1.6112 -0.9312
v -0.0004 1.6253 -0.9247
v -1.1304 1.7045 -0.6938
v -1.3400 1.5407 -0.6066
v -1.1519 1.5399 -0.7620
v -0.9603 1.2347 -0.9621
v -0.7553 1.2310 -1.0199
v -0.5620 1.2352 -1.0340
v -0.3898 1.2467 -1.0454
v -0.2433 1.2597 -1.0226
v -0.1159 1.2700 -1.0019
v -0.0005 1.2722 -0.9931
v -1.3692 1.2600 -0.6689
v -0.9807 0.9266 -0.9796
v -0.7595 0.9145 -1.0390
v -0.5567 0.9151 -1.0455
v -0.3814 0.9253 -1.0489
v -0.2340 0.9390 -1.0257
v -0.1106 0.9498 -1.0082
v -0.0005 0.9537 -1.0015
v -1.1683 1.2457 -0.8421
v -1.4209 0.9799 -0.6753
v -0.9877 0.6377 -1.0072
v -0.7600 0.6223 -1.0863
v -0.5539 0.6203 -1.0690
v -0.3773 0.6317 -1.0444
v -0.2315 0.6467 -1.0194
v -0.1092 0.6580 -1.0013
v -0.0004 0.6621 -0.9935
v -1.2054 0.9514 -0.8536
v -1.4459 0.7109 -0.6807
v -1.0130 0.3749 -1.0370
v -0.7801 0.3550 -1.1283
v -0.5691 0.3529 -1.1011
v -0.3890 0.3641 -1.0345
v -0.2397 0.3796 -0.9988
v -0.1134 0.3914 -0.9584
v -0.0005 0.3957 -0.9237
v -1.2205 0.6714 -0.8580
v -1.4889 0.4608 -0.6946
v -1.2542 0.4129 -0.8750
v -1.5204 0.2323 -0.6885
v -1.2823 0.1805 -0.8699
v -1.5609 0.0221 -0.6816
v -1.3220 -0.0308 -0.8652
v -1.6082 1.6597 -0.0696
v -1.4822 1.6717 -0.3303
v -1.6661 1.6588 0.5226
v -1.6723 1.6564 0.2281
v -1.6007 1.6580 0.8041
v -1.4664 1.6526 1.0520
v -1.6373 1.5236 -0.1070
v -1.5070 1.5335 -0.3692
v -1.7223 1.4934 0.4927
v -1.7127 1.5122 0.1913
v -1.6577 1.4944 0.7773
v -1.5283 1.4757 1.0141
v -1.6785 1.2745 -0.1443
v -1.5425 1.2697 -0.4241
v -1.7812 1.2583 0.4781
v -1.7627 1.2699 0.1653
v -1.7253 1.2421 0.7723
v -1.5948 1.2238 1.0251
v -1.7526 1.0251 -0.1440
v -1.6057 1.0093 -0.4274
v -1.8696 1.0200 0.4903
v -1.8446 1.0294 0.1711
v -1.8169 1.0010 0.7891
v -1.6844 0.9772 1.0462
v -1.7944 0.7797 -0.1604
v -1.6391 0.7541 -0.4389
v -1.9190 0.7878 0.4700
v -1.8908 0.7929 0.1520
v -1.8671 0.7695 0.7683
v -1.7338 0.7436 1.0250
v -1.8556 0.5468 -0.1732
v -1.6932 0.5098 -0.4537
v -1.9881 0.5660 0.4693
v -1.9580 0.5666 0.1440
v -1.9354 0.5483 0.7759
v -1.7985 0.5224 1.0402
v -1.8983 0.3271 -0.1743
v -1.7301 0.2854 -0.4518
v -2.0360 0.3549 0.4708
v -2.0050 0.3514 0.1427
v -1.9817 0.3403 0.7819
v -1.8428 0.3137 1.0505
v -1.9470 0.1213 -0.1705
v -1.7745 0.0765 -0.4469
v -2.0884 0.1561 0.4810
v -2.0569 0.1491 0.1483
v -0.0002 1.5781 1.6136
v -1.2773 1.6458 1.2554
v -0.4100 1.5982 1.5910
v -0.6171 1.6034 1.5565
v -1.0690 1.6346 1.4010
v -0.8397 1.6203 1.5028
v -0.0002 1.2552 1.5752
v -1.3453 1.4670 1.2186
v -0.4446 1.2999 1.5511
v -0.6687 1.3446 1.5149
v -1.1250 1.4317 1.3538
v -0.8991 1.3923 1.4553
v -0.0002 0.9957 1.5957
v -1.4091 1.2008 1.2332
v -0.4637 1.0361 1.5787
v -0.6995 1.0797 1.5471
v -1.1782 1.1692 1.3787
v -0.9397 1.1273 1.4839
v -0.0002 0.7571 1.6131
v -1.4912 0.9485 1.2575
v -0.4858 0.7937 1.6318
v -0.7360 0.8327 1.6325
v -1.2483 0.9155 1.4091
v -0.9938 0.8751 1.5430
v -1.5377 0.7110 1.2353
v -1.2890 0.6783 1.3927
v -1.5973 0.4886 1.2568
v -1.3412 0.4554 1.4237
v -1.6388 0.2812 1.2713
v -1.3792 0.2486 1.4434
v -0.1892 1.5805 1.6079
v -0.2085 1.2678 1.5688
v -0.2166 1.0062 1.5918
v -0.2262 0.7665 1.6143
v -0.1250 1.7542 -0.8489
v -0.0004 1.7560 -0.8480
v -0.9401 1.7181 -0.7930
v -0.7565 1.7283 -0.8422
v -0.5873 1.7367 -0.8624
v -0.4270 1.7439 -0.8759
v -0.2700 1.7496 -0.8670
v -1.6235 -0.1785 -0.6845
v -1.3830 -0.2313 -0.8726
v -2.0179 -0.0773 -0.1695
v -1.8414 -0.1247 -0.4480
v -2.1625 -0.0364 0.4938
v -2.1307 -0.0467 0.1539
v -1.4211 0.0551 1.4739
v -1.6839 0.0873 1.2987
v -1.8909 0.1192 1.0726
v -1.4784 -0.1311 1.5121
v -1.7473 -0.0990 1.3330
v -1.9591 -0.0686 1.1008
v -2.0326 0.1441 0.7982
v -2.1045 -0.0451 0.8191
v -1.6586 -0.3830 -0.6611
v -1.4213 -0.4327 -0.8496
v -2.0507 -0.2849 -0.1522
v -1.8746 -0.3320 -0.4275
v -2.1932 -0.2389 0.5056
v -2.1629 -0.2532 0.1684
v -1.5063 -0.3228 1.5213
v -1.7767 -0.2924 1.3416
v -1.9884 -0.2642 1.1101
v -2.1343 -0.2442 0.8293
v -1.7151 -0.6145 -0.6620
v -1.4822 -0.6543 -0.8507
v -2.1063 -0.5318 -0.1419
v -1.9277 -0.5714 -0.4230
v -2.2491 -0.4904 0.5173
v -2.2192 -0.5036 0.1794
v -1.5506 -0.5547 1.5474
v -1.8259 -0.5311 1.3648
v -2.0394 -0.5087 1.1291
v -2.1883 -0.4932 0.8441
v -1.3220 -0.3387 -0.4481
v -1.1624 -0.3387 -0.5763
v -1.6413 -0.3387 -0.0469
v -1.4989 -0.3387 -0.2679
v -1.7528 -0.3387 0.4647
v -1.7301 -0.3387 0.2036
v -1.2066 -0.3387 1.2567
v -1.4171 -0.3387 1.1167
v -1.5899 -0.3387 0.9416
v -1.7049 -0.3387 0.7160
v 1.5480 5.0546 1.3938
v 1.4954 4.9008 1.4248
v 1.3414 5.1422 1.5021
v 1.3186 4.9815 1.5333
v 1.0966 5.1937 1.5684
v 1.0968 5.0363 1.6035
v 0.8310 5.2286 1.5821
v 0.8422 5.0797 1.6461
v 1.8404 4.6872 0.8253
v 1.8121 4.5323 0.8572
v 1.8999 4.4586 0.3571
v 1.8824 4.3207 0.3761
v 1.6932 4.9261 1.2522
v 1.6217 4.7740 1.2751
v 1.8627 4.5636 0.5862
v 1.8480 4.4124 0.6091
v 0.1354 5.0350 1.6010
v 0.1374 5.2087 1.5518
v 0.3259 5.2222 1.5751
v 0.3392 5.0542 1.6307
v 0.5820 5.0749 1.6500
v 0.5433 5.2415 1.5816
v 1.3495 4.8784 -0.8050
v 1.3283 4.7105 -0.8264
v 1.1138 4.9701 -0.9076
v 1.1015 4.7723 -0.9308
v 0.8831 4.9665 -0.9368
v 0.8791 4.8057 -0.9524
v 0.6599 5.0008 -0.9241
v 0.6562 4.8218 -0.9277
v 0.4720 4.9920 -0.8591
v 0.4809 4.8280 -0.8906
v 0.2618 5.0182 -0.8181
v 0.2600 4.8496 -0.8470
v 1.6819 4.5980 -0.3981
v 1.6647 4.4318 -0.4029
v 1.8151 4.4729 -0.1255
v 1.7893 4.3093 -0.1428
v 1.8833 4.4172 0.1246
v 1.7407 4.6426 1.0866
v 1.7918 4.7934 1.0687
v 1.8611 4.2282 0.1490
v 1.5202 4.5378 -0.6730
v 1.5460 4.7481 -0.6423
v 1.0826 4.8448 1.5899
v 0.8499 4.8915 1.6514
v 0.5915 4.8814 1.6669
v 0.3468 4.8774 1.6443
v 0.3587 4.6981 1.6562
v 0.3733 4.5087 1.6696
v 0.4016 4.2999 1.6940
v 0.6511 4.2137 1.6803
v 0.8767 4.1410 1.6170
v 1.1409 4.0856 1.4909
v 1.3483 4.0066 1.3119
v 1.3554 4.2470 1.3059
v 1.3949 4.4771 1.3255
v 1.5241 4.6302 1.2771
v 1.4187 4.7542 1.4196
v 1.2807 4.8197 1.5176
v 0.1388 4.8668 1.6073
v 0.1474 4.7230 1.6159
v 0.1544 4.5794 1.6364
v 0.1572 4.3879 1.6817
v 1.7309 4.3902 0.8632
v 1.7817 4.1724 0.4093
v 1.7759 4.2868 0.6251
v 1.2305 4.5143 -0.7860
v 1.0334 4.5799 -0.8858
v 0.8226 4.6113 -0.9073
v 0.6407 4.6573 -0.8989
v 0.4533 4.6508 -0.8666
v 0.2369 4.6447 -0.8152
v 1.5861 4.2746 -0.3764
v 1.7020 4.1759 -0.1365
v 1.7744 4.1220 0.1615
v 1.4567 4.3984 -0.6381
v 1.6646 4.2104 0.8655
v 1.7129 3.9875 0.4182
v 1.7025 4.0945 0.6375
v 1.1622 4.2957 -0.7710
v 0.9702 4.3618 -0.8483
v 0.7902 4.4172 -0.8727
v 0.6263 4.4391 -0.8797
v 0.4260 4.4364 -0.8628
v 0.2218 4.4243 -0.7997
v 1.5296 4.0923 -0.3632
v 1.6455 4.0113 -0.1184
v 1.7115 3.9455 0.1676
v 1.4045 4.1926 -0.6195
v 1.6174 4.0265 0.8724
v 1.6615 3.8207 0.4135
v 1.6492 3.9130 0.6338
v 1.0951 4.0508 -0.7360
v 0.9282 4.1277 -0.8157
v 0.7602 4.1777 -0.8548
v 0.5899 4.1950 -0.8680
v 0.4011 4.1959 -0.8449
v 0.2143 4.1801 -0.7860
v 1.4721 3.8685 -0.3436
v 1.5848 3.7932 -0.1096
v 1.6540 3.7561 0.1682
v 1.3245 3.9304 -0.5739
v 1.6307 3.7849 0.8995
v 1.7038 3.6155 0.4023
v 1.6942 3.6742 0.6595
v 1.1291 3.7931 -0.7086
v 0.9390 3.8740 -0.8145
v 0.7792 3.8961 -0.8566
v 0.5983 3.9091 -0.8723
v 0.4112 3.9125 -0.8466
v 0.2371 3.9230 -0.7947
v 1.4795 3.6552 -0.3402
v 1.5856 3.5997 -0.1153
v 1.6732 3.5989 0.1346
v 1.3383 3.7000 -0.5553
v 1.5398 3.5503 0.9124
v 1.5890 3.3890 0.3916
v 1.6070 3.4374 0.6704
v 1.0799 3.5410 -0.6202
v 0.9136 3.5828 -0.7161
v 0.7271 3.6088 -0.7749
v 0.5545 3.6018 -0.7872
v 0.3899 3.6240 -0.7750
v 0.2154 3.6344 -0.7382
v 1.3875 3.4343 -0.2848
v 1.4771 3.3766 -0.0813
v 1.5630 3.3624 0.1429
v 1.2598 3.5059 -0.4907
v 1.5486 3.3412 0.9425
v 1.6025 3.1896 0.4209
v 1.6198 3.2287 0.6916
v 1.1182 3.3109 -0.6011
v 0.9401 3.3485 -0.6950
v 0.7485 3.3520 -0.7509
v 0.5822 3.3630 -0.7773
v 0.4090 3.3804 -0.7872
v 0.2153 3.3758 -0.7598
v 1.4093 3.2278 -0.2615
v 1.4870 3.1734 -0.0607
v 1.5770 3.1646 0.1596
v 1.2934 3.2751 -0.4640
v 1.5004 3.1253 0.9372
v 1.5454 3.0418 0.4553
v 1.5497 3.0632 0.7007
v 1.0935 3.1274 -0.4975
v 0.9319 3.1514 -0.5855
v 0.7523 3.1703 -0.6548
v 0.5900 3.1763 -0.6917
v 0.4111 3.1579 -0.6992
v 0.2107 3.1691 -0.6745
v 1.3612 3.0617 -0.1851
v 1.4498 3.0357 0.0041
v 1.5189 3.0281 0.2148
v 1.2506 3.0775 -0.3576
v 1.4881 2.9118 0.9471
v 1.5656 2.8784 0.4839
v 1.5522 2.8776 0.7291
v 1.0933 2.9588 -0.4336
v 0.9499 2.9812 -0.5303
v 0.7809 3.0015 -0.6067
v 0.6048 3.0083 -0.6498
v 0.4111 2.9970 -0.6638
v 0.2087 2.9937 -0.6370
v 1.3620 2.8992 -0.1471
v 1.4616 2.8680 0.0378
v 1.5348 2.8554 0.2476
v 1.2427 2.9174 -0.3041
v 1.5187 2.6160 0.9500
v 1.6117 2.5550 0.4583
v 1.5951 2.5648 0.7305
v 0.5941 2.7586 1.5561
v 1.1432 2.7963 -0.4268
v 0.9955 2.8240 -0.5247
v 0.8319 2.8577 -0.6043
v 0.6481 2.8737 -0.6581
v 0.4379 2.8665 -0.6791
v 0.2130 2.8675 -0.6578
v 0.1702 2.7708 1.6021
v 1.4579 2.5649 0.0329
v 1.5547 2.5487 0.2262
v 1.2296 2.6188 -0.2694
v 1.5480 2.4617 0.9438
v 1.6272 2.3866 0.4123
v 1.6153 2.4242 0.7058
v 0.3761 2.7662 1.5965
v 1.0683 2.5150 -0.3841
v 0.9260 2.5514 -0.4536
v 0.7846 2.5892 -0.5127
v 0.6210 2.6380 -0.5718
v 0.4212 2.6623 -0.6020
v 0.2131 2.6809 -0.5943
v 1.4671 2.4227 0.0023
v 1.5662 2.3916 0.1935
v 1.2155 2.4829 -0.2847
v 1.6376 4.4945 1.0840
v 1.5665 4.3225 1.0847
v 1.5177 4.1305 1.0894
v 1.4287 3.6715 1.1197
v 1.5011 3.9097 1.1110
v 0.8512 3.9127 1.5893
v 1.0826 3.8447 1.4732
v 1.2207 2.7004 1.2850
v 0.1641 3.2866 1.6367
v 0.1582 3.9014 1.7040
v 0.3621 3.2668 1.6444
v 0.8311 3.6998 1.6154
v 1.0564 3.6145 1.5052
v 1.2037 3.0621 1.3101
v 0.5723 3.2298 1.6217
v 0.1650 4.1686 1.6789
v 0.5794 3.5043 1.6382
v 0.8069 3.4414 1.5788
v 1.0125 3.3622 1.4815
v 1.2146 3.2792 1.3229
v 0.3668 3.5575 1.6587
v 0.1627 3.5863 1.6604
v 0.8023 3.1799 1.5583
v 1.0022 3.1264 1.4495
v 1.2597 3.5300 1.3449
v 0.6225 3.9924 1.6557
v 0.3774 3.8518 1.7034
v 0.8149 2.7462 1.4816
v 1.0186 2.7292 1.3953
v 1.2781 3.7723 1.3114
v 0.6029 3.7820 1.6683
v 0.3903 4.0773 1.6793
v 1.4175 3.4429 1.1567
v 1.3798 3.2203 1.1524
v 1.3798 2.9916 1.1415
v 1.4011 2.6586 1.1354
v 1.3533 2.5892 -0.1293
v 0.1703 2.5424 1.6024
v 0.1646 2.3521 1.5521
v 0.6029 2.5455 1.5512
v 0.3789 2.5408 1.5958
v 1.2276 2.5328 1.2831
v 0.8195 2.5521 1.4718
v 1.0250 2.5510 1.3911
v 1.4097 2.5009 1.1339
v 1.4894 2.3453 0.9073
v 1.5567 2.2605 0.3934
v 1.5482 2.2998 0.6681
v 1.4083 2.3187 -0.0124
v 1.5070 2.2941 0.1857
v 0.5790 2.3670 1.5102
v 0.3659 2.3561 1.5499
v 1.1793 2.3875 1.2463
v 0.7835 2.3923 1.4410
v 0.9867 2.4040 1.3522
v 1.3524 2.3573 1.1017
v 1.6152 2.6953 0.2358
v 1.5263 2.7005 0.0334
v 1.5698 2.7477 0.9701
v 1.6366 2.7086 0.7519
v 1.6649 2.6861 0.4839
v 1.2949 2.7588 -0.3035
v 0.6226 2.7584 -0.5882
v 0.4147 2.7680 -0.6173
v 0.2070 2.7772 -0.6042
v 1.0849 2.6551 -0.3793
v 0.9431 2.6858 -0.4618
v 0.1759 3.0202 1.6404
v 0.7953 2.7215 -0.5308
v 1.4264 2.8103 1.1520
v 0.5993 2.9793 1.6064
v 0.3812 3.0088 1.6398
v 0.8173 2.9497 1.5395
v 1.0338 2.9164 1.4362
v 1.2421 2.8700 1.3121
v 1.4216 2.7326 -0.1493
v 1.3468 2.4460 -0.1539
v 1.2767 2.3467 -0.1680
v 0.9953 2.4226 -0.3661
v 0.8579 2.4556 -0.4151
v 0.7083 2.4909 -0.4624
v 0.5701 2.5356 -0.5064
v 0.3928 2.5758 -0.5391
v 0.1943 2.5976 -0.5364
v 1.1418 2.3842 -0.2834
v 1.3148 1.6902 -0.5484
v 0.9555 1.5463 -0.8742
v 0.7614 1.5521 -0.9267
v 0.5805 1.5646 -0.9381
v 0.4149 1.5816 -0.9645
v 0.2619 1.5997 -0.9453
v 0.1273 1.6112 -0.9312
v 1.1295 1.7045 -0.6938
v 1.3391 1.5407 -0.6066
v 1.1511 1.5399 -0.7620
v 0.9595 1.2347 -0.9621
v 0.7544 1.2310 -1.0199
v 0.5611 1.2353 -1.0340
v 0.3888 1.2466 -1.0454
v 0.2421 1.2598 -1.0225
v 0.1149 1.2700 -1.0019
v 1.3683 1.2600 -0.6689
v 0.9798 0.9266 -0.9906
v 0.7587 0.9145 -1.0516
v 0.5558 0.9152 -1.0483
v 0.3803 0.9253 -1.0525
v 0.2334 0.9390 -1.0270
v 0.1094 0.9498 -1.0082
v 1.1675 1.2457 -0.8421
v 1.4200 0.9799 -0.6753
v 0.9868 0.6377 -0.9898
v 0.7591 0.6223 -1.0768
v 0.5530 0.6203 -1.0938
v 0.3762 0.6317 -1.0724
v 0.2304 0.6467 -1.0237
v 0.1080 0.6580 -1.0012
v 1.2045 0.9514 -0.8675
v 1.4450 0.7109 -0.6807
v 1.0121 0.3749 -0.9894
v 0.7793 0.3550 -1.0916
v 0.5682 0.3529 -1.1344
v 0.3880 0.3641 -1.0810
v 0.2387 0.3795 -1.0072
v 0.1124 0.3914 -0.9584
v 1.2196 0.6714 -0.8684
v 1.4880 0.4608 -0.6946
v 1.2533 0.4129 -0.8667
v 1.5195 0.2323 -0.6885
v 1.2814 0.1805 -0.8591
v 1.5600 0.0221 -0.6794
v 1.3211 -0.0308 -0.8505
v 1.6073 1.6597 -0.0697
v 1.4813 1.6717 -0.3303
v 1.6650 1.6589 0.5233
v 1.6715 1.6564 0.2278
v 1.5998 1.6579 0.8042
v 1.4657 1.6526 1.0517
v 1.6364 1.5236 -0.1070
v 1.5061 1.5335 -0.3692
v 1.7217 1.4932 0.4919
v 1.7119 1.5122 0.1909
v 1.6571 1.4944 0.7767
v 1.5275 1.4758 1.0140
v 1.6776 1.2745 -0.1443
v 1.5416 1.2697 -0.4241
v 1.7804 1.2583 0.4780
v 1.7618 1.2700 0.1651
v 1.7244 1.2423 0.7721
v 1.5940 1.2239 1.0250
v 1.7517 1.0251 -0.1440
v 1.6048 1.0093 -0.4274
v 1.8687 1.0201 0.4902
v 1.8436 1.0297 0.1710
v 1.8159 1.0013 0.7890
v 1.6835 0.9774 1.0461
v 1.7935 0.7798 -0.1604
v 1.6383 0.7541 -0.4389
v 1.9181 0.7879 0.4699
v 1.8899 0.7932 0.1519
v 1.8662 0.7699 0.7682
v 1.7329 0.7436 1.0249
v 1.8547 0.5468 -0.1732
v 1.6923 0.5098 -0.4537
v 1.9872 0.5661 0.4693
v 1.9571 0.5668 0.1439
v 1.9345 0.5485 0.7759
v 1.7975 0.5226 1.0401
v 1.8974 0.3272 -0.1743
v 1.7292 0.2855 -0.4518
v 2.0350 0.3552 0.4707
v 2.0040 0.3517 0.1427
v 1.9808 0.3405 0.7818
v 1.8419 0.3138 1.0505
v 1.9461 0.1216 -0.1704
v 1.7736 0.0766 -0.4462
v 2.0874 0.1565 0.4810
v 2.0560 0.1494 0.1483
v 1.2765 1.6458 1.2554
v 0.4091 1.5887 1.5910
v 0.6162 1.6034 1.5799
v 1.0682 1.6347 1.4010
v 0.8387 1.6203 1.5028
v 1.3444 1.4670 1.2186
v 0.4437 1.2997 1.5511
v 0.6679 1.3445 1.5149
v 1.1242 1.4318 1.3538
v 0.8983 1.3924 1.4553
v 1.4082 1.2009 1.2332
v 0.4628 1.0361 1.5730
v 0.6986 1.0797 1.5383
v 1.1773 1.1692 1.3774
v 0.9388 1.1273 1.4782
v 1.4902 0.9487 1.2575
v 0.4848 0.7936 1.5943
v 0.7351 0.8328 1.5633
v 1.2473 0.9158 1.4037
v 0.9929 0.8754 1.5055
v 1.5368 0.7111 1.2353
v 1.2881 0.6785 1.3821
v 1.5964 0.4889 1.2568
v 1.3403 0.4555 1.4085
v 1.6378 0.2814 1.2713
v 1.3783 0.2488 1.4256
v 0.1882 1.5766 1.6016
v 0.2075 1.2680 1.5688
v 0.2156 1.0061 1.5905
v 0.2250 0.7664 1.6090
v 0.1241 1.7542 -0.8489
v 0.9393 1.7181 -0.7930
v 0.7557 1.7283 -0.8422
v 0.5864 1.7367 -0.8624
v 0.4261 1.7439 -0.8759
v 0.2691 1.7496 -0.8670
v 1.6226 -0.1784 -0.6724
v 1.3821 -0.2313 -0.8429
v 2.0169 -0.0770 -0.1695
v 1.8405 -0.1244 -0.4467
v 2.1615 -0.0359 0.4938
v 2.1299 -0.0468 0.1539
v 1.4203 0.0552 1.4560
v 1.6831 0.0873 1.2986
v 1.8899 0.1194 1.0726
v 1.4775 -0.1311 1.4939
v 1.7464 -0.0989 1.3330
v 1.9582 -0.0685 1.1008
v 2.0316 0.1443 0.7981
v 2.1036 -0.0452 0.8191
v 1.6577 -0.3830 -0.6589
v 1.4205 -0.4327 -0.8347
v 2.0498 -0.2848 -0.1521
v 1.8737 -0.3318 -0.4269
v 2.1922 -0.2386 0.5057
v 2.1619 -0.2527 0.1684
v 1.5054 -0.3228 1.5016
v 1.7758 -0.2923 1.3416
v 1.9875 -0.2640 1.1100
v 2.1334 -0.2440 0.8293
v 1.7142 -0.6144 -0.6619
v 1.4813 -0.6544 -0.8387
v 2.1053 -0.5317 -0.1419
v 1.9268 -0.5713 -0.4230
v 2.2482 -0.4904 0.5173
v 2.2183 -0.5034 0.1794
v 1.5497 -0.5547 1.5276
v 1.8251 -0.5311 1.3648
v 2.0385 -0.5087 1.1290
v 2.1874 -0.4932 0.8441
v 1.3211 -0.3387 -0.4481
v 1.1616 -0.3387 -0.5683
v 1.6404 -0.3387 -0.0469
v 1.4980 -0.3387 -0.2679
v 1.7519 -0.3387 0.4647
v 1.7292 -0.3387 0.2036
v 1.2057 -0.3387 1.2440
v 1.4162 -0.3387 1.1167
v 1.5891 -0.3387 0.9416
v 1.7040 -0.3387 0.7160
v 0.9696 -0.3387 -0.6809
v 0.7777 -0.3387 -0.7976
v 0.5975 -0.3387 -0.8497
v 0.4337 -0.3387 -0.8144
v 0.2948 -0.3387 -0.7467
v 0.1525 -0.3387 -0.6885
v -0.0004 -0.3387 -0.6384
v -0.1534 -0.3387 -0.6885
v -0.2963 -0.3387 -0.7387
v -0.4389 -0.3387 -0.7616
v -0.5941 -0.3387 -0.8502
v -0.7780 -0.3387 -0.8360
v -0.9705 -0.3387 -0.7389
v -0.9618 -0.3387 1.4264
v -0.7166 -0.3387 1.5070
v -0.4721 -0.3387 1.4850
v -0.2142 -0.3387 1.3583
v -0.0002 -0.3387 1.3163
v 0.2133 -0.3387 1.3456
v 0.4712 -0.3387 1.3834
v 0.7157 -0.3387 1.3694
v 0.9609 -0.3387 1.3247
v -1.2502 -0.5740 1.7677
v -1.2143 -0.3462 1.7451
v -1.1894 -0.1570 1.7165
v -1.1398 0.0273 1.6817
v -1.1027 0.2181 1.6489
v -1.0695 0.4217 1.6145
v -1.0264 0.6405 1.5559
v 1.0255 0.6407 1.4833
v 1.0686 0.4220 1.5129
v 1.1018 0.2184 1.5321
v 1.1389 0.0274 1.5646
v 1.1885 -0.1570 1.6044
v 1.2134 -0.3462 1.6102
v 1.2493 -0.5740 1.6412
v -0.9343 -0.5887 1.8857
v -0.9080 -0.3634 1.8583
v -0.8876 -0.1774 1.8213
v -0.8480 0.0040 1.7843
v -0.8179 0.1910 1.7503
v -0.7915 0.3897 1.7132
v -0.7593 0.6038 1.6534
v 0.7583 0.6040 1.5397
v 0.7906 0.3897 1.5705
v 0.8170 0.1912 1.5905
v 0.8471 0.0040 1.6240
v 0.8867 -0.1774 1.6647
v 0.9071 -0.3634 1.6696
v 0.9334 -0.5887 1.7051
v -0.6179 -0.5972 1.8538
v -0.6022 -0.3739 1.8268
v -0.5880 -0.1914 1.8019
v -0.5603 -0.0132 1.7678
v -0.5390 0.1697 1.7352
v -0.5209 0.3630 1.7005
v -0.4998 0.5716 1.6410
v 0.4988 0.5716 1.5685
v 0.5199 0.3631 1.5989
v 0.5381 0.1697 1.6184
v 0.5594 -0.0132 1.6507
v 0.5871 -0.1914 1.6899
v 0.6014 -0.3739 1.6919
v 0.6170 -0.5972 1.7272
v -0.2864 -0.6012 1.7067
v -0.2808 -0.3798 1.6835
v -0.2740 -0.1998 1.6922
v -0.2607 -0.0243 1.6587
v -0.2504 0.1553 1.6399
v -0.2417 0.3448 1.6219
v -0.2321 0.5492 1.5904
v 0.2311 0.5493 1.5797
v 0.2407 0.3448 1.6067
v 0.2494 0.1553 1.6221
v 0.2597 -0.0243 1.6408
v 0.2731 -0.1998 1.6740
v 0.2799 -0.3798 1.6638
v 0.2855 -0.6012 1.6869
v -0.0002 -0.6026 1.6544
v -0.0002 -0.3817 1.6329
v -0.0002 -0.2027 1.6452
v -0.0002 -0.0283 1.6136
v -0.0002 0.1502 1.5973
v -0.0002 0.3383 1.5941
v -0.0002 0.5414 1.5818
v -1.0398 0.1400 -1.0480
v -1.0805 -0.0722 -1.0473
v -1.1413 -0.2721 -1.0577
v -1.1837 -0.4702 -1.0352
v -1.2408 -0.6857 -1.0380
v 1.2399 -0.6858 -0.9698
v 1.1828 -0.4702 -0.9654
v 1.1404 -0.2721 -0.9822
v 1.0796 -0.0722 -0.9777
v 1.0389 0.1400 -0.9833
v 0.8057 0.1184 -1.1050
v 0.8474 -0.0950 -1.1070
v 0.9074 -0.2954 -1.1117
v 0.9519 -0.4910 -1.1054
v 0.9978 -0.7044 -1.1186
v 0.5934 0.1149 -1.1528
v 0.6338 -0.1007 -1.1599
v 0.6901 -0.3028 -1.1630
v 0.7337 -0.4991 -1.1686
v 0.7680 -0.7130 -1.1911
v 0.4100 0.1248 -1.0982
v 0.4454 -0.0934 -1.1088
v 0.4935 -0.2983 -1.1267
v 0.5326 -0.4970 -1.1258
v 0.5615 -0.7127 -1.1508
v 0.2552 0.1393 -1.0063
v 0.2814 -0.0812 -1.0163
v 0.3164 -0.2890 -1.0444
v 0.3471 -0.4907 -1.0393
v 0.3756 -0.7087 -1.0652
v -0.8066 0.1184 -1.1476
v -0.8483 -0.0950 -1.1543
v -0.9084 -0.2954 -1.1606
v -0.9529 -0.4910 -1.1535
v -0.9987 -0.7044 -1.1658
v -0.7691 -0.7131 -1.1904
v -0.7346 -0.4992 -1.1695
v -0.6911 -0.3028 -1.1716
v -0.6347 -0.1007 -1.1594
v -0.5943 0.1149 -1.1372
v -0.5624 -0.7124 -1.0902
v -0.5338 -0.4970 -1.0667
v -0.4945 -0.2982 -1.0753
v -0.4463 -0.0934 -1.0491
v -0.4109 0.1248 -1.0377
v -0.3769 -0.7087 -1.0532
v -0.3479 -0.4909 -1.0277
v -0.3174 -0.2889 -1.0334
v -0.2823 -0.0812 -1.0049
v -0.2561 0.1393 -0.9955
v -0.1904 -0.7051 -0.9915
v -0.1718 -0.4853 -0.9641
v -0.1548 -0.2808 -0.9671
v -0.1362 -0.0711 -0.9381
v -0.1222 0.1507 -0.9373
v 0.1893 -0.7051 -0.9915
v 0.1708 -0.4854 -0.9641
v 0.1538 -0.2809 -0.9671
v 0.1353 -0.0711 -0.9381
v 0.1212 0.1507 -0.9373
v -0.0005 0.1550 -0.8873
v -0.0004 -0.0673 -0.8791
v -0.0005 -0.2780 -0.9078
v -0.0004 -0.4830 -0.9056
v -0.0005 -0.7036 -0.9338
v 0.6251 4.4477 1.6705
v 0.6082 4.6767 1.6721
v -0.6084 4.6767 1.6721
v -0.6205 4.4477 1.6705
v 0.8604 4.6681 1.6394
v 0.8683 4.3908 1.6190
v -0.8611 4.3908 1.6190
v -0.8573 4.6681 1.6394
v 1.1578 4.5935 1.5138
v 1.1395 4.3329 1.4881
v -1.1580 4.5935 1.5138
v -1.1350 4.3330 1.4881
v 1.3532 4.6485 1.4308
v 1.2776 4.6817 1.4844
v -1.2782 4.6816 1.4845
v -1.3539 4.6485 1.4309
v -0.9476 2.1251 -0.5638
v -0.7850 2.1439 -0.5980
v -0.6340 2.1604 -0.6156
v -0.4812 2.1770 -0.6299
v -0.3191 2.1941 -0.6351
v -0.1546 2.2034 -0.6210
v -0.0004 2.2103 -0.5970
v -1.0370 2.0432 1.4050
v -0.8117 2.0244 1.5015
v -0.3944 1.9875 1.5783
v -0.1793 1.9781 1.5851
v -0.0002 1.9760 1.5861
v -1.2437 2.0489 1.2700
v -0.6023 2.0018 1.5468
v -1.1251 2.1043 -0.4926
v -1.2954 2.0773 -0.3693
v -1.6404 2.0318 0.3278
v -1.5979 2.0372 0.0656
v -1.4218 2.0544 1.0957
v -1.5452 2.0504 0.8570
v -1.6182 2.0406 0.6021
v -1.4631 2.0550 -0.1987
v 0.9467 2.1251 -0.5638
v 0.7846 2.1436 -0.5979
v 0.6331 2.1603 -0.6156
v 0.4803 2.1771 -0.6300
v 0.3182 2.1941 -0.6351
v 0.1537 2.2034 -0.6210
v 1.0361 2.0432 1.4050
v 0.8108 2.0244 1.5015
v 0.3936 1.9875 1.5783
v 0.1784 1.9743 1.5692
v 1.2428 2.0489 1.2700
v 0.6014 2.0018 1.6062
v 1.1242 2.1043 -0.4926
v 1.2946 2.0773 -0.3693
v 1.6395 2.0318 0.3279
v 1.5971 2.0372 0.0656
v 1.4209 2.0544 1.0957
v 1.5443 2.0504 0.8570
v 1.6173 2.0406 0.6021
v 1.4622 2.0550 -0.1987
v -1.7488 -0.8332 -0.6646
v -1.6999 -0.8359 -0.6366
v -1.5202 -0.8396 -0.8489
v -1.4795 -0.8359 -0.8143
v -2.1524 -0.7649 -0.1393
v -2.0946 -0.7808 -0.1269
v -1.9692 -0.7712 -0.4250
v -1.9151 -0.7808 -0.4051
v -2.2979 -0.8442 0.5263
v -2.2363 -0.8669 0.5209
v -2.2678 -0.8154 0.1856
v -2.2072 -0.8359 0.1897
v -1.5844 -0.8231 1.5655
v -1.5407 -0.8359 1.5311
v -1.8638 -0.7671 1.3809
v -1.8129 -0.7835 1.3516
v -2.0841 -0.7636 1.1455
v -2.0281 -0.7835 1.1234
v -2.2355 -0.8136 0.8556
v -2.1757 -0.8359 0.8412
v 1.7480 -0.8332 -0.6646
v 1.6990 -0.8359 -0.6366
v 1.5194 -0.8396 -0.8369
v 1.4787 -0.8359 -0.8022
v 2.1515 -0.8742 -0.1393
v 2.0937 -0.8901 -0.1269
v 1.9683 -0.8805 -0.4250
v 1.9142 -0.8901 -0.4051
v 2.2970 -0.8132 0.5263
v 2.2355 -0.8359 0.5209
v 2.2669 -0.8154 0.1856
v 2.2063 -0.8359 0.1897
v 1.5835 -0.8707 1.5463
v 1.5399 -0.8835 1.5119
v 1.8629 -0.7937 1.3809
v 1.8121 -0.8101 1.3516
v 2.0832 -0.8014 1.1455
v 2.0272 -0.8214 1.1234
v 2.2347 -0.7699 0.8556
v 2.1748 -0.7923 0.8412
v 1.2379 -0.8854 -0.9369
v 1.2715 -0.8941 -0.9741
v 0.9946 -0.8854 -1.0837
v 1.0222 -0.8973 -1.1234
v 0.7647 -0.8359 -1.1528
v 0.7863 -0.8493 -1.1949
v 0.5581 -0.8359 -1.1039
v 0.5742 -0.8494 -1.1547
v 0.3763 -0.8053 -1.0159
v 0.3867 -0.8183 -1.0699
v 0.1922 -0.8053 -0.9426
v 0.1969 -0.8178 -0.9962
v -0.0004 -0.8359 -0.8849
v -0.0005 -0.8481 -0.9384
v -0.1932 -0.8359 -0.9426
v -0.1979 -0.8483 -0.9962
v -0.3780 -0.8359 -1.0038
v -0.3881 -0.8488 -1.0579
v -0.5609 -0.8359 -1.0430
v -0.5767 -0.8494 -1.0938
v -0.7637 -0.8359 -1.1522
v -0.7857 -0.8493 -1.1943
v -0.9949 -0.8944 -1.1312
v -1.0229 -0.9064 -1.1710
v -1.2388 -0.8944 -1.0055
v -1.2724 -0.9032 -1.0427
v -1.2367 -0.8359 1.7435
v -1.2732 -0.8263 1.7828
v -0.9224 -0.8359 1.8484
v -0.9506 -0.8286 1.8913
v -0.6086 -0.8359 1.8228
v -0.6277 -0.8301 1.8668
v -0.2797 -0.8704 1.6753
v -0.2891 -0.8653 1.7195
v -0.0002 -0.9010 1.6223
v -0.0002 -0.8961 1.6667
v 0.2787 -0.8704 1.6561
v 0.2881 -0.8652 1.7003
v 0.6077 -0.8359 1.6993
v 0.6268 -0.8301 1.7427
v 0.9215 -0.8359 1.6803
v 0.9497 -0.8286 1.7221
v 1.2358 -0.8835 1.6200
v 1.2723 -0.8739 1.6587
v -1.5592 2.3524 0.9352
v -1.6325 2.2705 0.3976
v -1.6229 2.3088 0.6884
v -1.0535 2.4230 -0.3987
v -0.9045 2.4619 -0.4577
v -0.7585 2.4946 -0.5088
v -0.6068 2.5399 -0.5593
v -0.4162 2.5771 -0.5924
v -0.2079 2.5982 -0.5879
v -0.0004 2.6227 -0.5551
v -1.4755 2.3212 -0.0224
v -1.5773 2.2955 0.1791
v -1.2052 2.3861 -0.3077
v -0.0003 2.3817 1.6064
v -0.1731 2.3823 1.6059
v -0.6073 2.3952 1.5595
v -0.3833 2.3854 1.6022
v -1.2354 2.4044 1.2856
v -0.8235 2.4147 1.4844
v -1.0333 2.4223 1.3956
v -1.4173 2.3662 1.1345
v -1.3433 2.3482 -0.1833
v 1.5583 2.3524 0.9352
v 1.6319 2.2694 0.3983
v 1.6220 2.3088 0.6884
v 1.0527 2.4231 -0.3987
v 0.9091 2.4578 -0.4562
v 0.7573 2.4946 -0.5089
v 0.6060 2.5415 -0.5595
v 0.4153 2.5771 -0.5924
v 0.2070 2.5981 -0.5879
v 1.4746 2.3212 -0.0224
v 1.5767 2.2940 0.1800
v 1.2043 2.3861 -0.3077
v 0.1720 2.3840 1.6059
v 0.6062 2.3952 1.5595
v 0.3824 2.3862 1.6022
v 1.2345 2.4050 1.2855
v 0.8216 2.4147 1.4847
v 1.0323 2.4224 1.3956
v 1.4164 2.3771 1.1345
v 1.3425 2.3482 -0.1833
vt 0.6728 0.0126
vt 0.6728 0.0330
vt 0.6479 0.0330
vt 0.6479 0.0126
vt 0.6728 0.1898
vt 0.6728 0.1695
vt 0.6968 0.1695
vt 0.6968 0.1898
vt 0.6220 0.0330
vt 0.6220 0.0126
vt 0.6479 0.1898
vt 0.6479 0.1695
vt 0.5957 0.0330
vt 0.5957 0.0126
vt 0.6220 0.1898
vt 0.6220 0.1695
vt 0.5702 0.0330
vt 0.5702 0.0126
vt 0.5957 0.1898
vt 0.5957 0.1695
vt 0.9588 0.0126
vt 0.9588 0.0330
vt 0.9346 0.0330
vt 0.9346 0.0126
vt 0.5704 0.1898
vt 0.5704 0.1695
vt 0.9082 0.0330
vt 0.9082 0.0126
vt 0.9346 0.1898
vt 0.9346 0.1695
vt 0.9588 0.1695
vt 0.9588 0.1898
vt 0.8824 0.0330
vt 0.8824 0.0126
vt 0.9082 0.1898
vt 0.9082 0.1695
vt 0.8575 0.0330
vt 0.8575 0.0126
vt 0.8824 0.1898
vt 0.8824 0.1695
vt 0.8335 0.0330
vt 0.8335 0.0126
vt 0.8575 0.1898
vt 0.8575 0.1695
vt 0.8103 0.0330
vt 0.8103 0.0126
vt 0.8335 0.1898
vt 0.8335 0.1695
vt 0.7876 0.0330
vt 0.7876 0.0126
vt 0.8103 0.1898
vt 0.8103 0.1695
vt 0.7651 0.0330
vt 0.7651 0.0126
vt 0.7876 0.1898
vt 0.7876 0.1695
vt 0.7427 0.0330
vt 0.7427 0.0126
vt 0.7651 0.1898
vt 0.7651 0.1695
vt 0.7200 0.0330
vt 0.7200 0.0126
vt 0.7427 0.1898
vt 0.7427 0.1695
vt 0.6968 0.0330
vt 0.6968 0.0126
vt 0.7200 0.1898
vt 0.7200 0.1695
vt 0.6728 0.0554
vt 0.6479 0.0554
vt 0.6220 0.0554
vt 0.5957 0.0554
vt 0.5704 0.0554
vt 0.9588 0.0554
vt 0.9346 0.0554
vt 0.9082 0.0554
vt 0.8824 0.0554
vt 0.8575 0.0554
vt 0.8335 0.0554
vt 0.8103 0.0554
vt 0.7876 0.0554
vt 0.7651 0.0554
vt 0.7427 0.0554
vt 0.7200 0.0554
vt 0.6968 0.0554
vt 0.6728 0.0792
vt 0.6479 0.0792
vt 0.6220 0.0792
vt 0.5957 0.0792
vt 0.5704 0.0792
vt 0.9588 0.0792
vt 0.9346 0.0792
vt 0.9082 0.0792
vt 0.8824 0.0792
vt 0.8575 0.0792
vt 0.8335 0.0792
vt 0.8103 0.0792
vt 0.7876 0.0792
vt 0.7651 0.0792
vt 0.7427 0.0792
vt 0.7200 0.0792
vt 0.6968 0.0792
vt 0.6728 0.1015
vt 0.6479 0.1015
vt 0.6220 0.1015
vt 0.5957 0.1015
vt 0.5704 0.1015
vt 0.9588 0.1015
vt 0.9346 0.1015
vt 0.9082 0.1015
vt 0.8824 0.1015
vt 0.8575 0.1015
vt 0.8335 0.1015
vt 0.8103 0.1015
vt 0.7876 0.1015
vt 0.7651 0.1015
vt 0.7427 0.1015
vt 0.7200 0.1015
vt 0.6968 0.1015
vt 0.6728 0.1242
vt 0.6479 0.1242
vt 0.6220 0.1242
vt 0.5957 0.1242
vt 0.5704 0.1242
vt 0.9588 0.1242
vt 0.9346 0.1242
vt 0.9082 0.1242
vt 0.8824 0.1242
vt 0.8575 0.1242
vt 0.8335 0.1242
vt 0.8103 0.1242
vt 0.7876 0.1242
vt 0.7651 0.1242
vt 0.7427 0.1242
vt 0.7200 0.1242
vt 0.6968 0.1242
vt 0.6728 0.1481
vt 0.6479 0.1481
vt 0.6220 0.1481
vt 0.5957 0.1481
vt 0.5704 0.1481
vt 0.9588 0.1481
vt 0.9346 0.1481
vt 0.9082 0.1481
vt 0.8824 0.1481
vt 0.8575 0.1481
vt 0.8335 0.1481
vt 0.8103 0.1481
vt 0.7876 0.1481
vt 0.7651 0.1481
vt 0.7427 0.1481
vt 0.7200 0.1481
vt 0.6968 0.1481
vt 0.8828 0.4433
vt 0.9554 0.4433
vt 0.9554 0.4507
vt 0.8828 0.4507
vt 0.8828 0.4433
vt 0.8706 0.4433
vt 0.8706 0.4347
vt 0.8828 0.4347
vt 0.9554 0.4575
vt 0.8828 0.4575
vt 0.8706 0.4507
vt 0.8828 0.4251
vt 0.9554 0.4251
vt 0.9554 0.4347
vt 0.8828 0.4347
vt 0.8828 0.4251
vt 0.8706 0.4251
vt 0.8706 0.4159
vt 0.8828 0.4159
vt 0.8828 0.4068
vt 0.9554 0.4068
vt 0.9554 0.4159
vt 0.8828 0.4159
vt 0.8828 0.4068
vt 0.8706 0.4068
vt 0.8706 0.3973
vt 0.8828 0.3972
vt 0.9554 0.3990
vt 0.8706 0.3901
vt 0.8828 0.3901
vt 0.9554 0.3901
vt 0.8706 0.3826
vt 0.8828 0.3826
vt 0.8835 0.3335
vt 0.8834 0.3251
vt 0.9559 0.3251
vt 0.9560 0.3335
vt 0.8828 0.3372
vt 0.8706 0.3372
vt 0.9554 0.3826
vt 0.8706 0.3756
vt 0.8828 0.3756
vt 0.8828 0.3561
vt 0.9554 0.3561
vt 0.9554 0.3623
vt 0.8828 0.3622
vt 0.8828 0.3561
vt 0.8706 0.3561
vt 0.8706 0.3497
vt 0.8828 0.3497
vt 0.9554 0.3686
vt 0.8828 0.3686
vt 0.8706 0.3622
vt 0.9554 0.3756
vt 0.8706 0.3686
vt 0.8828 0.3686
vt 0.9554 0.3497
vt 0.8828 0.3433
vt 0.9554 0.3433
vt 0.8828 0.4849
vt 0.9554 0.4856
vt 0.9554 0.4910
vt 0.8828 0.4895
vt 0.8828 0.4849
vt 0.8706 0.4848
vt 0.8706 0.4797
vt 0.8828 0.4798
vt 0.9554 0.4954
vt 0.8828 0.4953
vt 0.8706 0.4895
vt 0.9554 0.4635
vt 0.8828 0.4634
vt 0.8706 0.4575
vt 0.9554 0.4689
vt 0.8828 0.4689
vt 0.8706 0.4634
vt 0.9554 0.4744
vt 0.8828 0.4745
vt 0.8706 0.4689
vt 0.9554 0.4800
vt 0.8828 0.4798
vt 0.8706 0.4744
vt 0.8835 0.5354
vt 0.9561 0.5356
vt 0.9561 0.5448
vt 0.8836 0.5429
vt 0.8835 0.5354
vt 0.8713 0.5354
vt 0.8714 0.5274
vt 0.8833 0.5274
vt 0.9555 0.5273
vt 0.8709 0.5221
vt 0.8830 0.5220
vt 0.8836 0.5515
vt 0.9561 0.5539
vt 0.9561 0.5620
vt 0.8836 0.5603
vt 0.8836 0.5515
vt 0.8713 0.5516
vt 0.8713 0.5431
vt 0.8836 0.5429
vt 0.8836 0.5687
vt 0.9561 0.5703
vt 0.9561 0.5783
vt 0.8836 0.5768
vt 0.8836 0.5687
vt 0.8713 0.5687
vt 0.8713 0.5603
vt 0.8836 0.5603
vt 0.9561 0.5860
vt 0.8836 0.5846
vt 0.8713 0.5768
vt 0.9561 0.5928
vt 0.8836 0.5923
vt 0.8713 0.5846
vt 0.9561 0.5996
vt 0.8836 0.5994
vt 0.8713 0.5922
vt 0.8840 0.6210
vt 0.8718 0.6210
vt 0.8718 0.6134
vt 0.8840 0.6134
vt 0.8840 0.6265
vt 0.8718 0.6265
vt 0.9566 0.6134
vt 0.9566 0.6210
vt 0.8713 0.6067
vt 0.8836 0.6067
vt 0.9561 0.6065
vt 0.8836 0.6067
vt 0.8713 0.5993
vt 0.8849 0.7960
vt 0.8848 0.7907
vt 0.9572 0.7900
vt 0.9573 0.7961
vt 0.9554 0.5008
vt 0.8828 0.5008
vt 0.8706 0.4953
vt 0.9554 0.5221
vt 0.8710 0.5172
vt 0.8831 0.5171
vt 0.9554 0.5171
vt 0.8708 0.5121
vt 0.8829 0.5120
vt 0.9554 0.5117
vt 0.8706 0.5063
vt 0.8828 0.5063
vt 0.9554 0.5063
vt 0.8706 0.5008
vt 0.8828 0.5008
vt 0.9684 0.4575
vt 0.9684 0.4635
vt 0.9684 0.4689
vt 0.9684 0.4740
vt 0.9684 0.4796
vt 0.9684 0.4853
vt 0.9684 0.4909
vt 0.9684 0.4954
vt 0.9684 0.3756
vt 0.9684 0.3826
vt 0.9684 0.3686
vt 0.9684 0.3561
vt 0.9684 0.3623
vt 0.9684 0.3497
vt 0.9684 0.3433
vt 0.9554 0.3372
vt 0.9684 0.3901
vt 0.9684 0.4507
vt 0.9684 0.4433
vt 0.9684 0.4159
vt 0.9684 0.4251
vt 0.9684 0.4347
vt 0.9684 0.3993
vt 0.9684 0.4068
vt 0.9684 0.5223
vt 0.9684 0.5274
vt 0.9684 0.5171
vt 0.9684 0.5117
vt 0.9684 0.5063
vt 0.9684 0.5008
vt 0.9684 0.5992
vt 0.9684 0.6061
vt 0.9689 0.6134
vt 0.9566 0.6262
vt 0.9572 0.8016
vt 0.8848 0.8016
vt 0.9695 0.7906
vt 0.9684 0.5923
vt 0.9689 0.6210
vt 0.9684 0.5356
vt 0.9684 0.5447
vt 0.9684 0.5617
vt 0.9684 0.5700
vt 0.9684 0.5538
vt 0.9684 0.5856
vt 0.9684 0.5779
vt 0.9546 0.6680
vt 0.8856 0.6682
vt 0.8856 0.6742
vt 0.9546 0.6740
vt 0.9546 0.6618
vt 0.8856 0.6621
vt 0.9546 0.6797
vt 0.8856 0.6799
vt 0.8856 0.6853
vt 0.9546 0.6850
vt 0.9546 0.6966
vt 0.8856 0.6968
vt 0.8856 0.7056
vt 0.9546 0.7054
vt 0.8856 0.7160
vt 0.9546 0.7158
vt 0.8856 0.7291
vt 0.9546 0.7287
vt 0.9546 0.7992
vt 0.9546 0.7954
vt 0.8856 0.7958
vt 0.8856 0.7996
vt 0.8856 0.7412
vt 0.9546 0.7408
vt 0.9546 0.7768
vt 0.8856 0.7772
vt 0.8856 0.7881
vt 0.9546 0.7877
vt 0.9546 0.7645
vt 0.8856 0.7649
vt 0.8856 0.7537
vt 0.9546 0.7533
vt 0.8706 0.3433
vt 0.9546 0.6228
vt 0.8856 0.6230
vt 0.8856 0.6300
vt 0.9546 0.6298
vt 0.9546 0.6183
vt 0.8856 0.6186
vt 0.9546 0.6559
vt 0.8856 0.6562
vt 0.9546 0.6496
vt 0.8856 0.6498
vt 0.9546 0.6437
vt 0.8856 0.6439
vt 0.9546 0.6359
vt 0.8856 0.6361
vt 0.9546 0.5710
vt 0.8856 0.5713
vt 0.8856 0.5769
vt 0.9546 0.5767
vt 0.8856 0.5826
vt 0.9546 0.5824
vt 0.9546 0.5574
vt 0.8856 0.5576
vt 0.8856 0.5638
vt 0.9546 0.5636
vt 0.9546 0.5417
vt 0.8856 0.5419
vt 0.8856 0.5517
vt 0.9546 0.5514
vt 0.9546 0.5320
vt 0.8856 0.5322
vt 0.9546 0.5222
vt 0.8856 0.5225
vt 0.9546 0.5111
vt 0.8856 0.5113
vt 0.9546 0.4633
vt 0.8856 0.4635
vt 0.8856 0.4754
vt 0.9546 0.4752
vt 0.9546 0.4577
vt 0.8856 0.4579
vt 0.8856 0.4875
vt 0.9546 0.4873
vt 0.9546 0.5000
vt 0.8856 0.5002
vt 0.8725 0.7905
vt 0.9546 0.6139
vt 0.8856 0.6141
vt 0.8856 0.5887
vt 0.9546 0.5885
vt 0.8856 0.5956
vt 0.9546 0.5954
vt 0.8856 0.6012
vt 0.9546 0.6010
vt 0.8856 0.6072
vt 0.9546 0.6070
vt 0.8856 0.7919
vt 0.9546 0.7915
vt 0.9684 0.3372
vt 0.9689 0.6253
vt 0.8856 0.3560
vt 0.8856 0.3588
vt 0.9546 0.3586
vt 0.9546 0.3558
vt 0.9566 0.6325
vt 0.8840 0.6323
vt 0.9566 0.6372
vt 0.8840 0.6372
vt 0.8718 0.6325
vt 0.9566 0.6454
vt 0.8840 0.6447
vt 0.8718 0.6372
vt 0.8718 0.6445
vt 0.8840 0.6509
vt 0.8718 0.6509
vt 0.8846 0.7131
vt 0.9571 0.7131
vt 0.9571 0.7174
vt 0.8846 0.7174
vt 0.8846 0.7098
vt 0.9571 0.7098
vt 0.9571 0.7210
vt 0.8846 0.7210
vt 0.8724 0.7174
vt 0.8724 0.7131
vt 0.9571 0.7263
vt 0.8846 0.7263
vt 0.8724 0.7210
vt 0.9571 0.7317
vt 0.8846 0.7317
vt 0.8724 0.7263
vt 0.8724 0.7317
vt 0.8846 0.7388
vt 0.8724 0.7388
vt 0.9689 0.6317
vt 0.9689 0.6372
vt 0.9689 0.6452
vt 0.9566 0.6509
vt 0.9694 0.7131
vt 0.9694 0.7174
vt 0.9694 0.7098
vt 0.9694 0.7210
vt 0.9694 0.7263
vt 0.9694 0.7317
vt 0.9571 0.7388
vt 0.9546 0.3839
vt 0.8856 0.3840
vt 0.8856 0.3896
vt 0.9546 0.3894
vt 0.9546 0.3811
vt 0.8856 0.3813
vt 0.8856 0.3952
vt 0.9546 0.3950
vt 0.8856 0.4008
vt 0.9546 0.4006
vt 0.8856 0.4050
vt 0.9546 0.4048
vt 0.8724 0.7098
vt 0.9546 0.4431
vt 0.8856 0.4433
vt 0.8856 0.4467
vt 0.9546 0.4465
vt 0.9546 0.4397
vt 0.8856 0.4399
vt 0.8856 0.4523
vt 0.9546 0.4521
vt 0.9694 0.7388
vt 0.8856 0.4084
vt 0.9546 0.4082
vt 0.9689 0.6509
vt 0.9566 0.6560
vt 0.8840 0.6560
vt 0.9565 0.6647
vt 0.8838 0.6647
vt 0.8718 0.6560
vt 0.8715 0.6647
vt 0.8838 0.6726
vt 0.8715 0.6726
vt 0.8838 0.6816
vt 0.9565 0.6816
vt 0.9565 0.6859
vt 0.8838 0.6859
vt 0.8838 0.6772
vt 0.9565 0.6772
vt 0.9565 0.6921
vt 0.8838 0.6921
vt 0.8715 0.6859
vt 0.8715 0.6816
vt 0.9571 0.7002
vt 0.8846 0.7002
vt 0.8715 0.6921
vt 0.9571 0.7065
vt 0.8846 0.7065
vt 0.8724 0.7002
vt 0.8724 0.7065
vt 0.9689 0.6560
vt 0.9688 0.6647
vt 0.9565 0.6726
vt 0.9688 0.6816
vt 0.9688 0.6859
vt 0.9688 0.6772
vt 0.9688 0.6921
vt 0.9694 0.7002
vt 0.9694 0.7065
vt 0.8856 0.4118
vt 0.9546 0.4116
vt 0.8856 0.4152
vt 0.9546 0.4150
vt 0.8856 0.4186
vt 0.9546 0.4184
vt 0.8856 0.4220
vt 0.9546 0.4219
vt 0.8856 0.4250
vt 0.9546 0.4248
vt 0.8715 0.6772
vt 0.9546 0.4334
vt 0.8856 0.4336
vt 0.8856 0.4365
vt 0.9546 0.4363
vt 0.9546 0.4291
vt 0.8856 0.4293
vt 0.8856 0.4272
vt 0.9546 0.4270
vt 0.9688 0.6726
vt 0.8856 0.3616
vt 0.9546 0.3614
vt 0.8856 0.3644
vt 0.9546 0.3642
vt 0.8726 0.7821
vt 0.8849 0.7824
vt 0.8856 0.3672
vt 0.9546 0.3670
vt 0.8726 0.7771
vt 0.8849 0.7771
vt 0.8856 0.3700
vt 0.9546 0.3699
vt 0.8726 0.7707
vt 0.8849 0.7707
vt 0.8856 0.3728
vt 0.9546 0.3726
vt 0.8726 0.7642
vt 0.8849 0.7642
vt 0.8856 0.3756
vt 0.9546 0.3755
vt 0.8726 0.7576
vt 0.8849 0.7576
vt 0.8856 0.3784
vt 0.9546 0.3783
vt 0.8724 0.7518
vt 0.8846 0.7518
vt 0.8724 0.7451
vt 0.8846 0.7451
vt 0.9573 0.7819
vt 0.9696 0.7824
vt 0.9573 0.7771
vt 0.9696 0.7771
vt 0.9573 0.7707
vt 0.9696 0.7707
vt 0.9573 0.7643
vt 0.9696 0.7643
vt 0.9573 0.7576
vt 0.9696 0.7576
vt 0.9571 0.7518
vt 0.9694 0.7518
vt 0.9571 0.7451
vt 0.9694 0.7451
vt 0.0660 0.7920
vt 0.0729 0.7846
vt 0.0853 0.7966
vt 0.0785 0.8029
vt 0.0660 0.7920
vt 0.0648 0.7982
vt 0.0564 0.7873
vt 0.0573 0.7800
vt 0.0827 0.7766
vt 0.0733 0.7643
vt 0.0829 0.7566
vt 0.0930 0.7688
vt 0.0729 0.7846
vt 0.0649 0.7735
vt 0.1057 0.7818
vt 0.0945 0.7887
vt 0.0993 0.7637
vt 0.1140 0.7769
vt 0.1063 0.7579
vt 0.0962 0.7445
vt 0.1007 0.7396
vt 0.1116 0.7501
vt 0.0993 0.7637
vt 0.0903 0.7505
vt 0.1265 0.7636
vt 0.1217 0.7709
vt 0.1068 0.7332
vt 0.1155 0.7430
vt 0.1296 0.7542
vt 0.1114 0.7264
vt 0.1208 0.7355
vt 0.1341 0.7413
vt 0.1128 0.7182
vt 0.1220 0.7288
vt 0.1377 0.7288
vt 0.1272 0.7186
vt 0.1406 0.7178
vt 0.1208 0.7922
vt 0.1118 0.7990
vt 0.1300 0.7852
vt 0.1043 0.8056
vt 0.0999 0.8112
vt 0.0788 0.8086
vt 0.1464 0.7693
vt 0.1390 0.7782
vt 0.1511 0.7562
vt 0.1538 0.7431
vt 0.1546 0.7302
vt 0.1560 0.7192
vt 0.1370 0.7990
vt 0.1297 0.8056
vt 0.1457 0.7926
vt 0.1239 0.8115
vt 0.1207 0.8166
vt 0.0993 0.8155
vt 0.1706 0.7770
vt 0.1559 0.7860
vt 0.1718 0.7578
vt 0.1718 0.7445
vt 0.1718 0.7310
vt 0.1718 0.7200
vt 0.1530 0.8038
vt 0.1474 0.8094
vt 0.1604 0.7987
vt 0.1435 0.8144
vt 0.1406 0.8196
vt 0.1196 0.8208
vt 0.1815 0.7903
vt 0.1693 0.7942
vt 0.1848 0.7759
vt 0.1848 0.7875
vt 0.1848 0.7586
vt 0.1848 0.7453
vt 0.1848 0.7315
vt 0.1848 0.7205
vt 0.1668 0.8085
vt 0.1625 0.8129
vt 0.1729 0.8045
vt 0.1591 0.8176
vt 0.1389 0.8244
vt 0.1565 0.8225
vt 0.1543 0.8278
vt 0.2242 0.7586
vt 0.2111 0.7586
vt 0.2111 0.7461
vt 0.2242 0.7459
vt 0.2243 0.7736
vt 0.2116 0.7740
vt 0.2375 0.7586
vt 0.2370 0.7740
vt 0.2111 0.7313
vt 0.2242 0.7308
vt 0.2375 0.7461
vt 0.2375 0.7313
vt 0.2242 0.7190
vt 0.2375 0.7196
vt 0.1894 0.7991
vt 0.1803 0.8017
vt 0.1431 0.9802
vt 0.1431 0.9942
vt 0.1347 0.9942
vt 0.1347 0.9802
vt 0.1530 0.9802
vt 0.1530 0.9942
vt 0.1431 0.9556
vt 0.1347 0.9556
vt 0.1347 0.9409
vt 0.1431 0.9409
vt 0.1431 0.9699
vt 0.1347 0.9699
vt 0.1530 0.9556
vt 0.1530 0.9699
vt 0.1530 0.9409
vt 0.1431 0.9270
vt 0.1530 0.9270
vt 0.1431 0.9151
vt 0.1347 0.9151
vt 0.1347 0.9061
vt 0.1431 0.9061
vt 0.1431 0.9270
vt 0.1347 0.9270
vt 0.1347 0.8980
vt 0.1431 0.8980
vt 0.1530 0.9061
vt 0.1530 0.9151
vt 0.1347 0.8915
vt 0.1431 0.8915
vt 0.1530 0.8980
vt 0.1347 0.8847
vt 0.1431 0.8847
vt 0.1530 0.8915
vt 0.1530 0.8847
vt 0.1431 0.8742
vt 0.1530 0.8742
vt 0.1183 0.9802
vt 0.1183 0.9699
vt 0.1347 0.9699
vt 0.1347 0.9802
vt 0.1183 0.9802
vt 0.1183 0.9942
vt 0.1084 0.9942
vt 0.1084 0.9802
vt 0.1183 0.9556
vt 0.1084 0.9556
vt 0.1084 0.9409
vt 0.1183 0.9409
vt 0.1183 0.9699
vt 0.1084 0.9699
vt 0.1183 0.9270
vt 0.1347 0.9270
vt 0.1183 0.9151
vt 0.1084 0.9151
vt 0.1084 0.9061
vt 0.1183 0.9061
vt 0.1183 0.9270
vt 0.1084 0.9270
vt 0.1084 0.8987
vt 0.1183 0.8987
vt 0.1284 0.8987
vt 0.7882 0.8966
vt 0.7839 0.9039
vt 0.7845 0.8748
vt 0.7888 0.8748
vt 0.1284 0.8847
vt 0.1284 0.8915
vt 0.1284 0.8742
vt 0.1347 0.8742
vt 0.0957 0.9802
vt 0.0957 0.9699
vt 0.0957 0.9556
vt 0.0957 0.9409
vt 0.0957 0.9151
vt 0.0957 0.9061
vt 0.0957 0.9270
vt 0.0957 0.8987
vt 0.8198 0.8967
vt 0.8197 0.9039
vt 0.8048 0.9039
vt 0.8048 0.8967
vt 0.8336 0.8967
vt 0.8336 0.9039
vt 0.1659 0.9802
vt 0.1530 0.9802
vt 0.1530 0.9699
vt 0.1659 0.9699
vt 0.1659 0.9556
vt 0.1659 0.9409
vt 0.1659 0.9151
vt 0.1659 0.9061
vt 0.1659 0.9270
vt 0.1530 0.9270
vt 0.1659 0.8980
vt 0.1659 0.8915
vt 0.1659 0.8847
vt 0.1181 0.7092
vt 0.1284 0.8980
vt 0.1984 0.8360
vt 0.1954 0.8208
vt 0.2038 0.8181
vt 0.2062 0.8331
vt 0.2121 0.8157
vt 0.2135 0.8306
vt 0.1814 0.8443
vt 0.1775 0.8294
vt 0.1830 0.8257
vt 0.1867 0.8409
vt 0.1762 0.8492
vt 0.1743 0.8336
vt 0.1724 0.8544
vt 0.1716 0.8381
vt 0.7080 0.7918
vt 0.7052 0.8000
vt 0.6962 0.7982
vt 0.6962 0.7901
vt 0.7080 0.7918
vt 0.7102 0.7826
vt 0.7230 0.7858
vt 0.7194 0.7950
vt 0.6861 0.7977
vt 0.6861 0.7893
vt 0.6962 0.7810
vt 0.6861 0.7804
vt 0.6761 0.7901
vt 0.6761 0.7809
vt 0.7154 0.8029
vt 0.7354 0.7895
vt 0.7304 0.7988
vt 0.7249 0.8065
vt 0.7474 0.7931
vt 0.7402 0.8026
vt 0.7330 0.8104
vt 0.7579 0.7964
vt 0.7483 0.8057
vt 0.1986 0.7590
vt 0.1976 0.7753
vt 0.1971 0.7859
vt 0.2050 0.7946
vt 0.1966 0.7974
vt 0.1848 0.7875
vt 0.2100 0.7837
vt 0.2128 0.7919
vt 0.2111 0.7196
vt 0.1986 0.7462
vt 0.1986 0.7318
vt 0.7393 0.8133
vt 0.7668 0.7994
vt 0.7548 0.8081
vt 0.7440 0.8153
vt 0.7725 0.8022
vt 0.7592 0.8096
vt 0.7478 0.8174
vt 0.7814 0.8106
vt 0.7663 0.8163
vt 0.7535 0.8214
vt 0.7888 0.8188
vt 0.7723 0.8226
vt 0.7592 0.8265
vt 0.7491 0.8320
vt 0.7441 0.8271
vt 0.7395 0.8237
vt 0.7352 0.8216
vt 0.7317 0.8199
vt 0.7269 0.8174
vt 0.7197 0.8136
vt 0.7112 0.8098
vt 0.7023 0.8071
vt 0.6761 0.7982
vt 0.6861 0.8055
vt 0.6761 0.8056
vt 0.6962 0.8056
vt 0.7036 0.8406
vt 0.7026 0.8221
vt 0.7113 0.8246
vt 0.7120 0.8424
vt 0.6971 0.8397
vt 0.6963 0.8209
vt 0.6870 0.8399
vt 0.6863 0.8208
vt 0.7195 0.8280
vt 0.7197 0.8452
vt 0.7265 0.8314
vt 0.7261 0.8478
vt 0.7310 0.8336
vt 0.7301 0.8495
vt 0.7343 0.8352
vt 0.7332 0.8508
vt 0.7384 0.8375
vt 0.7376 0.8525
vt 0.1986 0.7590
vt 0.7432 0.8407
vt 0.7419 0.8561
vt 0.7483 0.8458
vt 0.7472 0.8620
vt 0.1657 0.8626
vt 0.1658 0.8485
vt 0.1687 0.8417
vt 0.1686 0.8577
vt 0.2195 0.8136
vt 0.2203 0.8285
vt 0.1925 0.8386
vt 0.1891 0.8232
vt 0.1895 0.8076
vt 0.1834 0.8101
vt 0.2124 0.8007
vt 0.2040 0.8029
vt 0.1957 0.8054
vt 0.1781 0.8138
vt 0.1742 0.8180
vt 0.1715 0.8222
vt 0.1686 0.8270
vt 0.1660 0.8327
vt 0.2252 0.8126
vt 0.2265 0.8277
vt 0.2309 0.8136
vt 0.2326 0.8285
vt 0.2243 0.7831
vt 0.2248 0.7912
vt 0.2198 0.7986
vt 0.2250 0.7976
vt 0.2385 0.7837
vt 0.2367 0.7919
vt 0.1986 0.7200
vt 0.7118 0.7723
vt 0.7256 0.7747
vt 0.6962 0.7710
vt 0.6861 0.7707
vt 0.6761 0.7710
vt 0.7395 0.7780
vt 0.7539 0.7810
vt 0.7673 0.7846
vt 0.7778 0.7894
vt 0.7860 0.7944
vt 0.7968 0.8041
vt 0.8061 0.8133
vt 0.7120 0.7601
vt 0.7258 0.7619
vt 0.6962 0.7611
vt 0.6861 0.7607
vt 0.6761 0.7609
vt 0.7418 0.7650
vt 0.7566 0.7660
vt 0.7710 0.7664
vt 0.7881 0.7794
vt 0.7992 0.7878
vt 0.8128 0.7977
vt 0.8236 0.8066
vt 0.7566 0.7481
vt 0.7710 0.7481
vt 0.7929 0.7591
vt 0.8003 0.7689
vt 0.7560 0.7292
vt 0.7704 0.7292
vt 0.7843 0.7481
vt 0.7837 0.7292
vt 0.7704 0.7169
vt 0.7837 0.7169
vt 0.7698 0.6919
vt 0.7704 0.7054
vt 0.7560 0.7054
vt 0.7554 0.6919
vt 0.7698 0.6919
vt 0.7698 0.6813
vt 0.7831 0.6813
vt 0.7831 0.6919
vt 0.7433 0.7481
vt 0.7427 0.7292
vt 0.7560 0.7169
vt 0.7427 0.7054
vt 0.7421 0.6919
vt 0.7554 0.6813
vt 0.7258 0.7481
vt 0.7252 0.7292
vt 0.7427 0.7169
vt 0.7252 0.7054
vt 0.7245 0.6919
vt 0.7421 0.6813
vt 0.7120 0.7481
vt 0.7114 0.7292
vt 0.7252 0.7169
vt 0.7114 0.7054
vt 0.7107 0.6919
vt 0.7245 0.6813
vt 0.6962 0.7481
vt 0.6956 0.7292
vt 0.7114 0.7169
vt 0.6956 0.7054
vt 0.6949 0.6919
vt 0.7107 0.6813
vt 0.6861 0.7481
vt 0.6856 0.7292
vt 0.6956 0.7169
vt 0.6856 0.7054
vt 0.6849 0.6919
vt 0.6949 0.6813
vt 0.6761 0.7481
vt 0.6755 0.7292
vt 0.6856 0.7169
vt 0.6755 0.7169
vt 0.6849 0.6813
vt 0.8110 0.7778
vt 0.8243 0.7880
vt 0.8356 0.7957
vt 0.8077 0.7618
vt 0.8173 0.7697
vt 0.8318 0.7769
vt 0.8427 0.7843
vt 0.7981 0.7531
vt 0.7982 0.7481
vt 0.7976 0.7292
vt 0.7506 0.9388
vt 0.7615 0.9391
vt 0.7615 0.9486
vt 0.7506 0.9483
vt 0.7506 0.9303
vt 0.7615 0.9306
vt 0.7970 0.6919
vt 0.7976 0.7054
vt 0.7837 0.7054
vt 0.7831 0.6919
vt 0.7970 0.6919
vt 0.7970 0.6810
vt 0.8106 0.6807
vt 0.8106 0.6919
vt 0.7506 0.9673
vt 0.7615 0.9676
vt 0.7615 0.9757
vt 0.7506 0.9754
vt 0.7615 0.9815
vt 0.7506 0.9812
vt 0.7615 0.9981
vt 0.7506 0.9981
vt 0.1659 0.9942
vt 0.7506 0.9577
vt 0.7615 0.9580
vt 0.7976 0.7169
vt 0.7793 0.8748
vt 0.7787 0.9039
vt 0.7614 0.9039
vt 0.7511 0.8748
vt 0.8234 0.6807
vt 0.8234 0.6919
vt 0.7788 0.9676
vt 0.7917 0.9676
vt 0.7917 0.9757
vt 0.7788 0.9757
vt 0.7788 0.9676
vt 0.7788 0.9580
vt 0.7917 0.9815
vt 0.7788 0.9815
vt 0.7917 0.9981
vt 0.7788 0.9981
vt 0.7917 0.9580
vt 0.7788 0.9486
vt 0.7917 0.9486
vt 0.7788 0.9391
vt 0.7917 0.9391
vt 0.7788 0.9201
vt 0.7788 0.9127
vt 0.7788 0.9255
vt 0.7615 0.9254
vt 0.7917 0.9127
vt 0.7917 0.9201
vt 0.7879 0.9039
vt 0.7917 0.9039
vt 0.7839 0.9039
vt 0.8355 0.6807
vt 0.8355 0.6919
vt 0.8048 0.9676
vt 0.8048 0.9757
vt 0.8048 0.9815
vt 0.8048 0.9981
vt 0.8048 0.9580
vt 0.8048 0.9486
vt 0.8048 0.9391
vt 0.7917 0.9255
vt 0.8048 0.9127
vt 0.8048 0.9201
vt 0.8048 0.9039
vt 0.7906 0.8966
vt 0.7921 0.8967
vt 0.8197 0.9676
vt 0.8197 0.9757
vt 0.8197 0.9815
vt 0.8197 0.9981
vt 0.8197 0.9580
vt 0.8197 0.9486
vt 0.8197 0.9391
vt 0.8048 0.9255
vt 0.8197 0.9127
vt 0.8197 0.9201
vt 0.8336 0.9676
vt 0.8336 0.9757
vt 0.8336 0.9815
vt 0.8336 0.9981
vt 0.0957 0.9942
vt 0.8336 0.9580
vt 0.8336 0.9486
vt 0.8197 0.9255
vt 0.8336 0.9127
vt 0.8336 0.9201
vt 0.7506 0.9250
vt 0.1659 0.8742
vt 0.7788 0.9306
vt 0.7917 0.9306
vt 0.8048 0.9306
vt 0.8197 0.9306
vt 0.8336 0.9391
vt 0.8336 0.9306
vt 0.0778 0.9802
vt 0.0778 0.9699
vt 0.0778 0.9556
vt 0.0778 0.9409
vt 0.0778 0.9151
vt 0.0778 0.9061
vt 0.0778 0.9270
vt 0.0778 0.8987
vt 0.8488 0.8967
vt 0.8487 0.9039
vt 0.8487 0.9676
vt 0.8487 0.9757
vt 0.8487 0.9815
vt 0.8487 0.9981
vt 0.0778 0.9942
vt 0.8487 0.9580
vt 0.8487 0.9486
vt 0.8336 0.9255
vt 0.8487 0.9127
vt 0.8487 0.9201
vt 0.8487 0.9391
vt 0.8487 0.9306
vt 0.0586 0.9802
vt 0.0586 0.9699
vt 0.0586 0.9556
vt 0.0586 0.9409
vt 0.0586 0.9151
vt 0.0586 0.9061
vt 0.0586 0.9270
vt 0.0586 0.8987
vt 0.8629 0.8967
vt 0.8628 0.9039
vt 0.8628 0.9676
vt 0.8628 0.9757
vt 0.8628 0.9815
vt 0.8628 0.9981
vt 0.0586 0.9942
vt 0.8628 0.9580
vt 0.8628 0.9486
vt 0.8487 0.9255
vt 0.8628 0.9127
vt 0.8628 0.9201
vt 0.8628 0.9391
vt 0.8628 0.9306
vt 0.0382 0.9802
vt 0.0382 0.9699
vt 0.0382 0.9556
vt 0.0382 0.9409
vt 0.0382 0.9270
vt 0.0382 0.9151
vt 0.0382 0.9061
vt 0.0382 0.8987
vt 0.8774 0.8967
vt 0.8774 0.9039
vt 0.8774 0.9676
vt 0.8774 0.9757
vt 0.8774 0.9815
vt 0.8774 0.9981
vt 0.0382 0.9942
vt 0.8774 0.9580
vt 0.8774 0.9486
vt 0.8628 0.9255
vt 0.8774 0.9201
vt 0.8774 0.9255
vt 0.8774 0.9127
vt 0.8774 0.9391
vt 0.0235 0.2516
vt 0.0235 0.2388
vt 0.0329 0.2388
vt 0.0329 0.2516
vt 0.0235 0.2516
vt 0.0235 0.2644
vt 0.0143 0.2644
vt 0.0143 0.2516
vt 0.0432 0.2520
vt 0.0432 0.2392
vt 0.0535 0.2392
vt 0.0535 0.2520
vt 0.0432 0.2520
vt 0.0432 0.2649
vt 0.0329 0.2644
vt 0.0329 0.2516
vt 0.0535 0.2649
vt 0.0825 0.2520
vt 0.0825 0.2392
vt 0.0970 0.2392
vt 0.0970 0.2520
vt 0.0666 0.2520
vt 0.0666 0.2392
vt 0.0825 0.2649
vt 0.0666 0.2649
vt 0.1081 0.2392
vt 0.1081 0.2520
vt 0.0970 0.2649
vt 0.1199 0.2392
vt 0.1199 0.2520
vt 0.1081 0.2649
vt 0.2258 0.2518
vt 0.2258 0.2391
vt 0.2395 0.2391
vt 0.2395 0.2518
vt 0.2258 0.2518
vt 0.2258 0.2647
vt 0.2091 0.2647
vt 0.2091 0.2518
vt 0.2519 0.2391
vt 0.2519 0.2518
vt 0.2395 0.2647
vt 0.2650 0.2391
vt 0.2650 0.2518
vt 0.2519 0.2647
vt 0.0143 0.2388
vt 0.2650 0.2647
vt 0.2091 0.2391
vt 0.1949 0.2647
vt 0.1949 0.2518
vt 0.1949 0.2391
vt 0.1816 0.2647
vt 0.1816 0.2518
vt 0.1432 0.2520
vt 0.1432 0.2649
vt 0.1315 0.2649
vt 0.1315 0.2520
vt 0.1315 0.2392
vt 0.1432 0.2392
vt 0.1199 0.2649
vt 0.1199 0.2520
vt 0.1816 0.2391
vt 0.1692 0.2518
vt 0.1692 0.2391
vt 0.1692 0.2647
vt 0.0235 0.2252
vt 0.0329 0.2252
vt 0.0432 0.2256
vt 0.0535 0.2256
vt 0.0825 0.2256
vt 0.0970 0.2256
vt 0.0666 0.2256
vt 0.1081 0.2256
vt 0.1199 0.2256
vt 0.2258 0.2255
vt 0.2395 0.2255
vt 0.2519 0.2255
vt 0.2650 0.2255
vt 0.0143 0.2252
vt 0.2091 0.2255
vt 0.1949 0.2255
vt 0.1564 0.2388
vt 0.1564 0.2516
vt 0.1315 0.2256
vt 0.1432 0.2256
vt 0.1816 0.2255
vt 0.1692 0.2255
vt 0.0235 0.2142
vt 0.0329 0.2142
vt 0.0432 0.2147
vt 0.0535 0.2147
vt 0.0825 0.2147
vt 0.0970 0.2147
vt 0.0666 0.2147
vt 0.1081 0.2147
vt 0.1199 0.2147
vt 0.2258 0.2145
vt 0.2395 0.2145
vt 0.2519 0.2145
vt 0.2650 0.2145
vt 0.0143 0.2142
vt 0.2091 0.2145
vt 0.1949 0.2145
vt 0.1564 0.2252
vt 0.1315 0.2147
vt 0.1432 0.2147
vt 0.1816 0.2145
vt 0.1692 0.2145
vt 0.0235 0.2044
vt 0.0329 0.2044
vt 0.0432 0.2048
vt 0.0535 0.2048
vt 0.0825 0.2048
vt 0.0970 0.2048
vt 0.0666 0.2048
vt 0.1081 0.2048
vt 0.1199 0.2048
vt 0.2258 0.2046
vt 0.2395 0.2046
vt 0.2519 0.2046
vt 0.2650 0.2046
vt 0.0143 0.2044
vt 0.2091 0.2046
vt 0.1949 0.2046
vt 0.1564 0.2142
vt 0.1315 0.2048
vt 0.1432 0.2048
vt 0.1816 0.2046
vt 0.1692 0.2046
vt 0.0235 0.1934
vt 0.0329 0.1934
vt 0.0432 0.1938
vt 0.0535 0.1938
vt 0.0825 0.1938
vt 0.0970 0.1938
vt 0.0666 0.1938
vt 0.1081 0.1938
vt 0.1199 0.1938
vt 0.2258 0.1937
vt 0.2395 0.1937
vt 0.2519 0.1937
vt 0.2650 0.1937
vt 0.0143 0.1934
vt 0.2091 0.1937
vt 0.1949 0.1937
vt 0.1564 0.2043
vt 0.1315 0.1938
vt 0.1432 0.1938
vt 0.1816 0.1937
vt 0.1692 0.1937
vt 0.0235 0.1800
vt 0.0329 0.1800
vt 0.0432 0.1804
vt 0.0535 0.1804
vt 0.0825 0.1804
vt 0.0970 0.1804
vt 0.0666 0.1804
vt 0.1081 0.1804
vt 0.1199 0.1804
vt 0.2258 0.1803
vt 0.2395 0.1803
vt 0.2519 0.1803
vt 0.2650 0.1803
vt 0.0143 0.1800
vt 0.2091 0.1803
vt 0.1949 0.1803
vt 0.1564 0.1934
vt 0.1315 0.1804
vt 0.1432 0.1804
vt 0.1816 0.1803
vt 0.1692 0.1803
vt 0.0235 0.1629
vt 0.0329 0.1629
vt 0.0432 0.1633
vt 0.0535 0.1633
vt 0.0825 0.1633
vt 0.0970 0.1633
vt 0.0666 0.1633
vt 0.1081 0.1633
vt 0.1199 0.1633
vt 0.2258 0.1631
vt 0.2395 0.1631
vt 0.2519 0.1631
vt 0.2650 0.1631
vt 0.0143 0.1629
vt 0.2091 0.1631
vt 0.1949 0.1631
vt 0.1564 0.1800
vt 0.1315 0.1633
vt 0.1432 0.1633
vt 0.1816 0.1631
vt 0.1692 0.1631
vt 0.0235 0.1404
vt 0.0329 0.1404
vt 0.0432 0.1408
vt 0.0535 0.1408
vt 0.0825 0.1408
vt 0.0970 0.1408
vt 0.0666 0.1408
vt 0.1081 0.1408
vt 0.1199 0.1408
vt 0.2258 0.1407
vt 0.2395 0.1407
vt 0.2519 0.1407
vt 0.2650 0.1407
vt 0.0143 0.1404
vt 0.2091 0.1407
vt 0.1949 0.1407
vt 0.1564 0.1628
vt 0.1315 0.1408
vt 0.1432 0.1408
vt 0.1816 0.1407
vt 0.1692 0.1407
vt 0.0235 0.1161
vt 0.0329 0.1161
vt 0.0432 0.1165
vt 0.0535 0.1165
vt 0.0825 0.1165
vt 0.0970 0.1165
vt 0.0666 0.1165
vt 0.1081 0.1165
vt 0.1199 0.1165
vt 0.2258 0.1164
vt 0.2395 0.1164
vt 0.2519 0.1164
vt 0.2650 0.1164
vt 0.0143 0.1161
vt 0.2091 0.1164
vt 0.1949 0.1164
vt 0.1564 0.1404
vt 0.1315 0.1165
vt 0.1432 0.1165
vt 0.1816 0.1164
vt 0.1692 0.1164
vt 0.0235 0.0923
vt 0.0329 0.0923
vt 0.0432 0.0927
vt 0.0535 0.0927
vt 0.0825 0.0927
vt 0.0970 0.0927
vt 0.0666 0.0927
vt 0.1081 0.0927
vt 0.1199 0.0927
vt 0.2258 0.0926
vt 0.2395 0.0926
vt 0.2519 0.0926
vt 0.2650 0.0926
vt 0.0143 0.0923
vt 0.2091 0.0926
vt 0.1949 0.0926
vt 0.1564 0.1161
vt 0.1315 0.0927
vt 0.1432 0.0927
vt 0.1816 0.0926
vt 0.1692 0.0926
vt 0.0235 0.0742
vt 0.0329 0.0742
vt 0.0432 0.0747
vt 0.0535 0.0747
vt 0.0825 0.0747
vt 0.0970 0.0747
vt 0.0666 0.0747
vt 0.1081 0.0747
vt 0.1199 0.0747
vt 0.2258 0.0745
vt 0.2395 0.0745
vt 0.2519 0.0745
vt 0.2650 0.0745
vt 0.0143 0.0742
vt 0.2091 0.0745
vt 0.1949 0.0745
vt 0.1564 0.0923
vt 0.1315 0.0747
vt 0.1432 0.0747
vt 0.1816 0.0745
vt 0.1692 0.0745
vt 0.0235 0.0631
vt 0.0329 0.0631
vt 0.0432 0.0636
vt 0.0535 0.0636
vt 0.0825 0.0636
vt 0.0970 0.0636
vt 0.0666 0.0636
vt 0.1081 0.0636
vt 0.1199 0.0636
vt 0.2258 0.0634
vt 0.2395 0.0634
vt 0.2519 0.0634
vt 0.2650 0.0634
vt 0.0143 0.0631
vt 0.2091 0.0634
vt 0.1949 0.0634
vt 0.1564 0.0742
vt 0.1315 0.0636
vt 0.1432 0.0636
vt 0.1816 0.0634
vt 0.1692 0.0634
vt 0.0235 0.0521
vt 0.0329 0.0521
vt 0.0433 0.0525
vt 0.0536 0.0525
vt 0.0827 0.0525
vt 0.0972 0.0525
vt 0.0667 0.0525
vt 0.1083 0.0525
vt 0.1201 0.0525
vt 0.2260 0.0523
vt 0.2397 0.0523
vt 0.2521 0.0523
vt 0.2652 0.0523
vt 0.0143 0.0521
vt 0.2093 0.0523
vt 0.1950 0.0523
vt 0.1564 0.0631
vt 0.1316 0.0525
vt 0.1434 0.0525
vt 0.1818 0.0523
vt 0.1693 0.0523
vt 0.0235 0.0394
vt 0.0329 0.0394
vt 0.0435 0.0399
vt 0.0538 0.0399
vt 0.0829 0.0399
vt 0.0973 0.0399
vt 0.0669 0.0399
vt 0.1085 0.0399
vt 0.1202 0.0399
vt 0.2261 0.0397
vt 0.2398 0.0397
vt 0.2522 0.0397
vt 0.2653 0.0397
vt 0.0143 0.0394
vt 0.2094 0.0397
vt 0.1952 0.0397
vt 0.1566 0.0520
vt 0.1318 0.0399
vt 0.1435 0.0399
vt 0.1820 0.0397
vt 0.1695 0.0397
vt 0.0235 0.0269
vt 0.0329 0.0269
vt 0.0438 0.0273
vt 0.0541 0.0273
vt 0.0672 0.0273
vt 0.0832 0.0273
vt 0.0977 0.0273
vt 0.1088 0.0273
vt 0.1206 0.0273
vt 0.2264 0.0272
vt 0.2401 0.0272
vt 0.2526 0.0272
vt 0.2656 0.0272
vt 0.0143 0.0269
vt 0.2098 0.0272
vt 0.1955 0.0272
vt 0.1567 0.0394
vt 0.1439 0.0273
vt 0.1570 0.0269
vt 0.1321 0.0273
vt 0.1823 0.0272
vt 0.6755 0.7054
vt 0.8774 0.9306
vt 0.1564 0.2644
vt 0.1698 0.0272
vt 0.6749 0.6919
vt 0.3841 0.7920
vt 0.3772 0.7846
vt 0.3852 0.7735
vt 0.3928 0.7799
vt 0.3841 0.7920
vt 0.3853 0.7982
vt 0.3713 0.8086
vt 0.3716 0.8029
vt 0.3674 0.7766
vt 0.3556 0.7887
vt 0.3444 0.7817
vt 0.3571 0.7687
vt 0.3772 0.7846
vt 0.3649 0.7967
vt 0.3671 0.7566
vt 0.3767 0.7643
vt 0.3509 0.7636
vt 0.3597 0.7500
vt 0.3438 0.7579
vt 0.3284 0.7709
vt 0.3236 0.7636
vt 0.3385 0.7501
vt 0.3509 0.7636
vt 0.3363 0.7768
vt 0.3205 0.7538
vt 0.3346 0.7430
vt 0.3494 0.7396
vt 0.3538 0.7444
vt 0.3160 0.7419
vt 0.3293 0.7355
vt 0.3433 0.7332
vt 0.3124 0.7302
vt 0.3281 0.7288
vt 0.3387 0.7264
vt 0.3373 0.7181
vt 0.3229 0.7186
vt 0.3319 0.7092
vt 0.3383 0.7990
vt 0.3293 0.7921
vt 0.3458 0.8056
vt 0.3508 0.8155
vt 0.3502 0.8112
vt 0.3111 0.7782
vt 0.3037 0.7693
vt 0.3201 0.7852
vt 0.2990 0.7562
vt 0.2963 0.7431
vt 0.2955 0.7302
vt 0.3096 0.7203
vt 0.3204 0.8056
vt 0.3131 0.7990
vt 0.3262 0.8115
vt 0.3306 0.8208
vt 0.3294 0.8165
vt 0.2943 0.7859
vt 0.2771 0.7768
vt 0.3044 0.7926
vt 0.2771 0.7578
vt 0.2771 0.7444
vt 0.2771 0.7310
vt 0.2941 0.7192
vt 0.3027 0.8094
vt 0.2971 0.8038
vt 0.3066 0.8144
vt 0.3114 0.8244
vt 0.3096 0.8195
vt 0.2809 0.7941
vt 0.2689 0.7902
vt 0.2897 0.7986
vt 0.2632 0.7764
vt 0.2633 0.7589
vt 0.2633 0.7456
vt 0.2633 0.7317
vt 0.2771 0.7200
vt 0.2876 0.8129
vt 0.2834 0.8085
vt 0.2936 0.8225
vt 0.2910 0.8176
vt 0.2698 0.8017
vt 0.2609 0.7989
vt 0.2773 0.8045
vt 0.2635 0.7879
vt 0.2558 0.7962
vt 0.3125 0.9808
vt 0.3125 0.9706
vt 0.3260 0.9706
vt 0.3260 0.9808
vt 0.3007 0.9808
vt 0.3007 0.9706
vt 0.3125 0.9562
vt 0.3007 0.9562
vt 0.3007 0.9414
vt 0.3125 0.9414
vt 0.3260 0.9414
vt 0.3260 0.9562
vt 0.3125 0.9275
vt 0.3260 0.9275
vt 0.3125 0.9156
vt 0.3007 0.9156
vt 0.3007 0.9066
vt 0.3125 0.9066
vt 0.3125 0.9275
vt 0.3007 0.9275
vt 0.3260 0.9066
vt 0.3260 0.9156
vt 0.3007 0.8918
vt 0.3125 0.8918
vt 0.3259 0.8918
vt 0.3007 0.8851
vt 0.3125 0.8851
vt 0.3260 0.8851
vt 0.3007 0.8744
vt 0.3125 0.8744
vt 0.3257 0.8744
vt 0.3563 0.7180
vt 0.3509 0.7091
vt 0.3603 0.7091
vt 0.3659 0.7180
vt 0.3487 0.9808
vt 0.3487 0.9706
vt 0.3584 0.9706
vt 0.3584 0.9808
vt 0.3487 0.9808
vt 0.3489 0.9956
vt 0.3266 0.9956
vt 0.3260 0.9808
vt 0.3487 0.9562
vt 0.3487 0.9414
vt 0.3487 0.9706
vt 0.3260 0.9706
vt 0.3584 0.9414
vt 0.3584 0.9562
vt 0.3487 0.9275
vt 0.3584 0.9275
vt 0.3487 0.9156
vt 0.3487 0.9066
vt 0.3487 0.9275
vt 0.3260 0.9275
vt 0.3584 0.9066
vt 0.3584 0.9156
vt 0.3356 0.8979
vt 0.3487 0.8979
vt 0.3584 0.8979
vt 0.5773 0.8979
vt 0.5773 0.9122
vt 0.5662 0.9122
vt 0.5662 0.8982
vt 0.5868 0.8979
vt 0.5868 0.9122
vt 0.3357 0.8851
vt 0.3354 0.8744
vt 0.3355 0.8918
vt 0.5988 0.8979
vt 0.6103 0.9122
vt 0.5944 0.9122
vt 0.5944 0.8979
vt 0.5988 0.8744
vt 0.6103 0.8744
vt 0.5339 0.6921
vt 0.5339 0.6802
vt 0.5474 0.6805
vt 0.5474 0.6924
vt 0.3591 0.9956
vt 0.3711 0.9808
vt 0.3718 0.9956
vt 0.3711 0.9562
vt 0.3711 0.9706
vt 0.3711 0.9414
vt 0.3711 0.9275
vt 0.3711 0.9066
vt 0.3711 0.9156
vt 0.3711 0.8979
vt 0.3939 0.7871
vt 0.2858 0.9808
vt 0.3007 0.9808
vt 0.3009 0.9956
vt 0.2860 0.9956
vt 0.2858 0.9562
vt 0.3007 0.9562
vt 0.3007 0.9706
vt 0.2858 0.9706
vt 0.2858 0.9414
vt 0.2858 0.9275
vt 0.3007 0.9275
vt 0.2858 0.9066
vt 0.2858 0.9156
vt 0.2858 0.8918
vt 0.2858 0.8851
vt 0.2858 0.8744
vt 0.3427 0.7091
vt 0.3482 0.7180
vt 0.3127 0.9956
vt 0.3675 0.7091
vt 0.3720 0.7180
vt 0.2545 0.8360
vt 0.2550 0.8208
vt 0.2613 0.8232
vt 0.2604 0.8386
vt 0.2467 0.8331
vt 0.2466 0.8181
vt 0.2715 0.8443
vt 0.2728 0.8294
vt 0.2769 0.8337
vt 0.2755 0.8484
vt 0.2798 0.8381
vt 0.2786 0.8529
vt 0.2829 0.8430
vt 0.2819 0.8575
vt 0.6644 0.7918
vt 0.6672 0.8000
vt 0.6570 0.8029
vt 0.6530 0.7950
vt 0.6644 0.7918
vt 0.6622 0.7826
vt 0.6475 0.8065
vt 0.6420 0.7988
vt 0.6494 0.7858
vt 0.6394 0.8104
vt 0.6321 0.8026
vt 0.6369 0.7894
vt 0.6331 0.8133
vt 0.6239 0.8057
vt 0.6248 0.7930
vt 0.2520 0.7846
vt 0.2515 0.7741
vt 0.2506 0.7311
vt 0.2506 0.7454
vt 0.2506 0.7193
vt 0.2506 0.7582
vt 0.6284 0.8153
vt 0.6174 0.8081
vt 0.6142 0.7963
vt 0.6238 0.8182
vt 0.6123 0.8118
vt 0.6054 0.7994
vt 0.6216 0.8220
vt 0.6088 0.8168
vt 0.5980 0.8042
vt 0.6182 0.8284
vt 0.6050 0.8246
vt 0.5936 0.8112
vt 0.2960 0.8278
vt 0.5886 0.8207
vt 0.2841 0.8327
vt 0.2815 0.8270
vt 0.6312 0.8278
vt 0.6284 0.8339
vt 0.6333 0.8250
vt 0.6372 0.8216
vt 0.6407 0.8199
vt 0.6454 0.8174
vt 0.6527 0.8136
vt 0.6612 0.8098
vt 0.6701 0.8071
vt 0.6706 0.8406
vt 0.6701 0.8221
vt 0.6763 0.8209
vt 0.6770 0.8397
vt 0.6622 0.8424
vt 0.6614 0.8246
vt 0.6545 0.8452
vt 0.6532 0.8280
vt 0.6481 0.8478
vt 0.6462 0.8314
vt 0.6441 0.8495
vt 0.6417 0.8336
vt 0.6410 0.8508
vt 0.6384 0.8352
vt 0.6370 0.8534
vt 0.6349 0.8382
vt 0.6343 0.8583
vt 0.6324 0.8413
vt 0.6322 0.8640
vt 0.6295 0.8478
vt 0.2446 0.7935
vt 0.2394 0.8306
vt 0.2383 0.8157
vt 0.2674 0.8257
vt 0.2662 0.8409
vt 0.2856 0.8484
vt 0.2846 0.8621
vt 0.2606 0.8076
vt 0.2544 0.8054
vt 0.2377 0.8007
vt 0.2303 0.7986
vt 0.2461 0.8029
vt 0.2720 0.8138
vt 0.2667 0.8102
vt 0.2759 0.8180
vt 0.2786 0.8222
vt 0.2633 0.7207
vt 0.6606 0.7722
vt 0.6468 0.7747
vt 0.6343 0.7784
vt 0.6184 0.7809
vt 0.6048 0.7844
vt 0.5942 0.7893
vt 0.5848 0.7960
vt 0.5784 0.8047
vt 0.5714 0.8153
vt 0.6605 0.7605
vt 0.6470 0.7629
vt 0.6343 0.7654
vt 0.6188 0.7675
vt 0.5928 0.7686
vt 0.5833 0.7787
vt 0.5731 0.7878
vt 0.5625 0.7983
vt 0.5539 0.8085
vt 0.5928 0.7686
vt 0.5794 0.7591
vt 0.5921 0.7481
vt 0.6051 0.7481
vt 0.6188 0.7481
vt 0.5915 0.7292
vt 0.6045 0.7292
vt 0.6182 0.7292
vt 0.6045 0.7169
vt 0.6182 0.7169
vt 0.6038 0.6919
vt 0.6045 0.7054
vt 0.5915 0.7054
vt 0.5908 0.6919
vt 0.6038 0.6919
vt 0.6038 0.6813
vt 0.6175 0.6813
vt 0.6175 0.6919
vt 0.6343 0.7481
vt 0.6338 0.7292
vt 0.6338 0.7169
vt 0.6182 0.7054
vt 0.6331 0.6813
vt 0.6331 0.6919
vt 0.6470 0.7481
vt 0.6464 0.7292
vt 0.6464 0.7169
vt 0.6338 0.7054
vt 0.6458 0.6813
vt 0.6458 0.6919
vt 0.6605 0.7481
vt 0.6599 0.7292
vt 0.6599 0.7169
vt 0.6464 0.7054
vt 0.6593 0.6813
vt 0.6593 0.6919
vt 0.6599 0.7054
vt 0.6749 0.6813
vt 0.6749 0.6919
vt 0.5719 0.7685
vt 0.5613 0.7778
vt 0.5510 0.7886
vt 0.5420 0.7977
vt 0.5644 0.7619
vt 0.5742 0.7528
vt 0.5547 0.7695
vt 0.5432 0.7774
vt 0.5346 0.7861
vt 0.5794 0.7481
vt 0.5788 0.7292
vt 0.5788 0.7169
vt 0.5915 0.7169
vt 0.5915 0.7292
vt 0.6197 0.9224
vt 0.6103 0.9224
vt 0.6103 0.9168
vt 0.6197 0.8743
vt 0.6197 0.9285
vt 0.6103 0.9285
vt 0.5782 0.6923
vt 0.5782 0.6810
vt 0.5908 0.6813
vt 0.5908 0.6919
vt 0.6197 0.9754
vt 0.6103 0.9754
vt 0.6103 0.9651
vt 0.6197 0.9651
vt 0.6197 0.9843
vt 0.6103 0.9843
vt 0.6197 0.9908
vt 0.6103 0.9908
vt 0.6197 0.9989
vt 0.6103 0.9989
vt 0.6103 0.9550
vt 0.6197 0.9550
vt 0.6103 0.9450
vt 0.6197 0.9450
vt 0.5613 0.6926
vt 0.5613 0.6807
vt 0.5944 0.9754
vt 0.5868 0.9754
vt 0.5868 0.9651
vt 0.5944 0.9651
vt 0.5944 0.9754
vt 0.5944 0.9843
vt 0.5868 0.9843
vt 0.5944 0.9908
vt 0.5868 0.9908
vt 0.5944 0.9989
vt 0.5868 0.9989
vt 0.5868 0.9550
vt 0.5944 0.9550
vt 0.5944 0.9450
vt 0.5944 0.9224
vt 0.5868 0.9224
vt 0.5870 0.9168
vt 0.5946 0.9168
vt 0.5944 0.9285
vt 0.5868 0.9285
vt 0.5773 0.9754
vt 0.5773 0.9651
vt 0.5773 0.9843
vt 0.5773 0.9908
vt 0.5773 0.9989
vt 0.5773 0.9550
vt 0.5868 0.9450
vt 0.5773 0.9224
vt 0.5775 0.9168
vt 0.5773 0.9285
vt 0.5868 0.9122
vt 0.5944 0.9122
vt 0.5662 0.9754
vt 0.5662 0.9651
vt 0.5662 0.9843
vt 0.5662 0.9908
vt 0.5662 0.9989
vt 0.5662 0.9550
vt 0.5773 0.9450
vt 0.5662 0.9224
vt 0.5665 0.9168
vt 0.5662 0.9285
vt 0.5517 0.9754
vt 0.5517 0.9651
vt 0.5517 0.9843
vt 0.5517 0.9908
vt 0.5517 0.9989
vt 0.5517 0.9550
vt 0.5662 0.9450
vt 0.5517 0.9450
vt 0.5517 0.9224
vt 0.5519 0.9168
vt 0.5517 0.9285
vt 0.5517 0.9122
vt 0.5517 0.8982
vt 0.5944 0.9362
vt 0.6103 0.9362
vt 0.5868 0.9362
vt 0.5773 0.9362
vt 0.5662 0.9362
vt 0.6197 0.9362
vt 0.5788 0.7054
vt 0.3890 0.9808
vt 0.3892 0.9956
vt 0.3890 0.9562
vt 0.3890 0.9706
vt 0.3890 0.9414
vt 0.3890 0.9275
vt 0.3890 0.9066
vt 0.3890 0.9156
vt 0.3890 0.8979
vt 0.5363 0.9754
vt 0.5363 0.9651
vt 0.5363 0.9843
vt 0.5363 0.9908
vt 0.5363 0.9989
vt 0.5363 0.9550
vt 0.5363 0.9450
vt 0.5363 0.9224
vt 0.5365 0.9168
vt 0.5363 0.9285
vt 0.5363 0.9122
vt 0.5363 0.8982
vt 0.5517 0.9362
vt 0.4082 0.9808
vt 0.4083 0.9956
vt 0.4082 0.9562
vt 0.4082 0.9706
vt 0.4082 0.9414
vt 0.4082 0.9275
vt 0.4082 0.9066
vt 0.4082 0.9156
vt 0.4082 0.8979
vt 0.5221 0.9754
vt 0.5221 0.9651
vt 0.5221 0.9843
vt 0.5221 0.9908
vt 0.5221 0.9989
vt 0.5221 0.9550
vt 0.5221 0.9450
vt 0.5221 0.9224
vt 0.5223 0.9168
vt 0.5221 0.9285
vt 0.5221 0.9122
vt 0.5221 0.8982
vt 0.5363 0.9362
vt 0.4287 0.9808
vt 0.4288 0.9956
vt 0.4287 0.9562
vt 0.4287 0.9706
vt 0.4287 0.9414
vt 0.4287 0.9156
vt 0.4287 0.9275
vt 0.4287 0.9066
vt 0.4287 0.8979
vt 0.5075 0.9754
vt 0.5075 0.9651
vt 0.5075 0.9843
vt 0.5075 0.9908
vt 0.5075 0.9989
vt 0.5075 0.9550
vt 0.5075 0.9450
vt 0.5075 0.9224
vt 0.5078 0.9168
vt 0.5075 0.9122
vt 0.5075 0.8982
vt 0.5221 0.9362
vt 0.5075 0.9362
vt 0.5185 0.2488
vt 0.5185 0.2360
vt 0.5319 0.2360
vt 0.5319 0.2488
vt 0.5185 0.2488
vt 0.5185 0.2616
vt 0.5051 0.2616
vt 0.5051 0.2488
vt 0.4881 0.2488
vt 0.4881 0.2360
vt 0.5051 0.2360
vt 0.5051 0.2488
vt 0.4881 0.2488
vt 0.4881 0.2616
vt 0.4675 0.2616
vt 0.4675 0.2488
vt 0.4675 0.2360
vt 0.4483 0.2488
vt 0.4483 0.2360
vt 0.4483 0.2616
vt 0.4294 0.2488
vt 0.4294 0.2616
vt 0.4126 0.2616
vt 0.4126 0.2488
vt 0.4126 0.2360
vt 0.4294 0.2360
vt 0.3981 0.2626
vt 0.3981 0.2498
vt 0.3981 0.2370
vt 0.3861 0.2622
vt 0.3861 0.2494
vt 0.3071 0.2494
vt 0.3071 0.2366
vt 0.3141 0.2366
vt 0.3141 0.2494
vt 0.3071 0.2494
vt 0.3071 0.2622
vt 0.2997 0.2618
vt 0.2997 0.2489
vt 0.2997 0.2362
vt 0.2907 0.2618
vt 0.2907 0.2489
vt 0.2907 0.2362
vt 0.2812 0.2618
vt 0.2812 0.2489
vt 0.2812 0.2362
vt 0.5319 0.2616
vt 0.3228 0.2366
vt 0.3228 0.2494
vt 0.3141 0.2622
vt 0.3339 0.2366
vt 0.3339 0.2494
vt 0.3228 0.2622
vt 0.3622 0.2494
vt 0.3622 0.2366
vt 0.3731 0.2366
vt 0.3731 0.2494
vt 0.3528 0.2494
vt 0.3528 0.2366
vt 0.3622 0.2622
vt 0.3528 0.2622
vt 0.3861 0.2366
vt 0.3861 0.2494
vt 0.3731 0.2622
vt 0.3339 0.2622
vt 0.5185 0.2220
vt 0.5319 0.2220
vt 0.4881 0.2220
vt 0.5051 0.2220
vt 0.4675 0.2220
vt 0.4483 0.2220
vt 0.4126 0.2220
vt 0.4294 0.2220
vt 0.3981 0.2230
vt 0.3071 0.2226
vt 0.3141 0.2226
vt 0.2997 0.2222
vt 0.2907 0.2222
vt 0.2812 0.2222
vt 0.3228 0.2226
vt 0.3339 0.2226
vt 0.3622 0.2226
vt 0.3731 0.2226
vt 0.3528 0.2226
vt 0.3861 0.2226
vt 0.3447 0.2366
vt 0.3447 0.2494
vt 0.5185 0.2112
vt 0.5319 0.2112
vt 0.4881 0.2112
vt 0.5051 0.2112
vt 0.4675 0.2112
vt 0.4483 0.2112
vt 0.4126 0.2112
vt 0.4294 0.2112
vt 0.3981 0.2123
vt 0.3071 0.2118
vt 0.3141 0.2118
vt 0.2997 0.2114
vt 0.2907 0.2114
vt 0.2812 0.2114
vt 0.3228 0.2118
vt 0.3339 0.2118
vt 0.3622 0.2118
vt 0.3731 0.2118
vt 0.3528 0.2118
vt 0.3861 0.2118
vt 0.3447 0.2226
vt 0.5185 0.2015
vt 0.5319 0.2015
vt 0.4881 0.2015
vt 0.5051 0.2015
vt 0.4675 0.2015
vt 0.4483 0.2015
vt 0.4126 0.2015
vt 0.4294 0.2015
vt 0.3981 0.2025
vt 0.3071 0.2021
vt 0.3141 0.2021
vt 0.2997 0.2017
vt 0.2907 0.2017
vt 0.2812 0.2017
vt 0.3228 0.2021
vt 0.3339 0.2021
vt 0.3622 0.2021
vt 0.3731 0.2021
vt 0.3528 0.2021
vt 0.3861 0.2021
vt 0.3447 0.2118
vt 0.5185 0.1906
vt 0.5319 0.1906
vt 0.4881 0.1906
vt 0.5051 0.1906
vt 0.4675 0.1906
vt 0.4483 0.1906
vt 0.4126 0.1906
vt 0.4294 0.1906
vt 0.3981 0.1916
vt 0.3071 0.1911
vt 0.3141 0.1911
vt 0.2997 0.1907
vt 0.2907 0.1907
vt 0.2812 0.1907
vt 0.3228 0.1911
vt 0.3339 0.1911
vt 0.3622 0.1911
vt 0.3731 0.1911
vt 0.3528 0.1911
vt 0.3861 0.1911
vt 0.3447 0.2021
vt 0.5185 0.1774
vt 0.5319 0.1774
vt 0.4881 0.1774
vt 0.5051 0.1774
vt 0.4675 0.1774
vt 0.4483 0.1774
vt 0.4126 0.1774
vt 0.4294 0.1774
vt 0.3981 0.1784
vt 0.3071 0.1779
vt 0.3141 0.1779
vt 0.2997 0.1775
vt 0.2907 0.1775
vt 0.2812 0.1775
vt 0.3228 0.1779
vt 0.3339 0.1779
vt 0.3622 0.1779
vt 0.3731 0.1779
vt 0.3528 0.1779
vt 0.3861 0.1779
vt 0.3447 0.1911
vt 0.5185 0.1604
vt 0.5319 0.1604
vt 0.4881 0.1604
vt 0.5051 0.1604
vt 0.4675 0.1604
vt 0.4483 0.1604
vt 0.4126 0.1604
vt 0.4294 0.1604
vt 0.3981 0.1615
vt 0.3071 0.1610
vt 0.3141 0.1610
vt 0.2997 0.1606
vt 0.2907 0.1606
vt 0.2812 0.1606
vt 0.3228 0.1610
vt 0.3339 0.1610
vt 0.3622 0.1610
vt 0.3731 0.1610
vt 0.3528 0.1610
vt 0.3861 0.1610
vt 0.3447 0.1779
vt 0.5185 0.1383
vt 0.5319 0.1383
vt 0.4881 0.1383
vt 0.5051 0.1383
vt 0.4675 0.1383
vt 0.4483 0.1383
vt 0.4126 0.1383
vt 0.4294 0.1383
vt 0.3981 0.1393
vt 0.3071 0.1389
vt 0.3141 0.1389
vt 0.2997 0.1384
vt 0.2907 0.1384
vt 0.2812 0.1384
vt 0.3228 0.1389
vt 0.3339 0.1389
vt 0.3622 0.1389
vt 0.3731 0.1389
vt 0.3528 0.1389
vt 0.3861 0.1389
vt 0.3447 0.1610
vt 0.5185 0.1142
vt 0.5319 0.1142
vt 0.4881 0.1142
vt 0.5051 0.1142
vt 0.4675 0.1142
vt 0.4483 0.1142
vt 0.4126 0.1142
vt 0.4294 0.1142
vt 0.3981 0.1152
vt 0.3071 0.1148
vt 0.3141 0.1148
vt 0.2997 0.1144
vt 0.2907 0.1144
vt 0.2812 0.1144
vt 0.3228 0.1148
vt 0.3339 0.1148
vt 0.3622 0.1148
vt 0.3731 0.1148
vt 0.3528 0.1148
vt 0.3861 0.1148
vt 0.3447 0.1389
vt 0.5185 0.0905
vt 0.5319 0.0905
vt 0.4881 0.0905
vt 0.5051 0.0905
vt 0.4675 0.0905
vt 0.4483 0.0905
vt 0.4126 0.0905
vt 0.4294 0.0905
vt 0.3981 0.0915
vt 0.3071 0.0911
vt 0.3141 0.0911
vt 0.2997 0.0907
vt 0.2907 0.0907
vt 0.2812 0.0907
vt 0.3228 0.0911
vt 0.3339 0.0911
vt 0.3622 0.0911
vt 0.3731 0.0911
vt 0.3528 0.0911
vt 0.3861 0.0911
vt 0.3447 0.1148
vt 0.5185 0.0730
vt 0.5319 0.0730
vt 0.4881 0.0730
vt 0.5051 0.0730
vt 0.4675 0.0730
vt 0.4483 0.0730
vt 0.4126 0.0730
vt 0.4294 0.0730
vt 0.3981 0.0740
vt 0.3071 0.0736
vt 0.3141 0.0736
vt 0.2997 0.0732
vt 0.2907 0.0732
vt 0.2812 0.0732
vt 0.3228 0.0736
vt 0.3339 0.0736
vt 0.3622 0.0736
vt 0.3731 0.0736
vt 0.3528 0.0736
vt 0.3861 0.0736
vt 0.3447 0.0911
vt 0.5185 0.0620
vt 0.5319 0.0620
vt 0.4881 0.0620
vt 0.5051 0.0620
vt 0.4675 0.0620
vt 0.4483 0.0620
vt 0.4126 0.0620
vt 0.4294 0.0620
vt 0.3981 0.0630
vt 0.3071 0.0626
vt 0.3141 0.0626
vt 0.2997 0.0622
vt 0.2907 0.0622
vt 0.2812 0.0622
vt 0.3228 0.0626
vt 0.3339 0.0626
vt 0.3622 0.0626
vt 0.3731 0.0626
vt 0.3528 0.0626
vt 0.3861 0.0626
vt 0.3447 0.0736
vt 0.5187 0.0507
vt 0.5320 0.0507
vt 0.4883 0.0507
vt 0.5053 0.0507
vt 0.4676 0.0507
vt 0.4484 0.0507
vt 0.4128 0.0507
vt 0.4296 0.0507
vt 0.3982 0.0517
vt 0.3073 0.0513
vt 0.3142 0.0513
vt 0.2997 0.0509
vt 0.2907 0.0509
vt 0.2812 0.0509
vt 0.3230 0.0513
vt 0.3340 0.0513
vt 0.3624 0.0513
vt 0.3732 0.0513
vt 0.3530 0.0513
vt 0.3863 0.0513
vt 0.3447 0.0626
vt 0.5189 0.0379
vt 0.5322 0.0379
vt 0.4884 0.0379
vt 0.5054 0.0379
vt 0.4678 0.0379
vt 0.4486 0.0379
vt 0.4130 0.0379
vt 0.4297 0.0379
vt 0.3984 0.0389
vt 0.3074 0.0385
vt 0.3144 0.0385
vt 0.2997 0.0381
vt 0.2907 0.0381
vt 0.2812 0.0381
vt 0.3232 0.0385
vt 0.3342 0.0385
vt 0.3626 0.0385
vt 0.3734 0.0385
vt 0.3531 0.0385
vt 0.3865 0.0385
vt 0.3448 0.0513
vt 0.5192 0.0252
vt 0.5325 0.0252
vt 0.4888 0.0252
vt 0.5058 0.0252
vt 0.4681 0.0252
vt 0.4301 0.0252
vt 0.4489 0.0252
vt 0.4133 0.0252
vt 0.3987 0.0262
vt 0.3078 0.0258
vt 0.3147 0.0258
vt 0.2997 0.0253
vt 0.2907 0.0253
vt 0.2812 0.0253
vt 0.3235 0.0258
vt 0.3345 0.0258
vt 0.3629 0.0258
vt 0.3737 0.0258
vt 0.3868 0.0258
vt 0.3450 0.0385
vt 0.3453 0.0258
vt 0.5075 0.9285
vt 0.3447 0.2622
vt 0.3535 0.0258
vt 0.0238 0.9802
vt 0.0238 0.9699
vt 0.0238 0.9556
vt 0.0238 0.9409
vt 0.0238 0.9270
vt 0.0238 0.9151
vt 0.0238 0.9061
vt 0.0238 0.8987
vt 0.8869 0.8967
vt 0.8868 0.9039
vt 0.8868 0.9676
vt 0.8868 0.9757
vt 0.8868 0.9815
vt 0.8868 0.9981
vt 0.0238 0.9942
vt 0.8868 0.9580
vt 0.8868 0.9486
vt 0.8868 0.9201
vt 0.8868 0.9255
vt 0.8868 0.9127
vt 0.8868 0.9391
vt 0.8868 0.9306
vt 0.4456 0.9808
vt 0.4462 0.9956
vt 0.4456 0.9562
vt 0.4456 0.9706
vt 0.4456 0.9414
vt 0.4456 0.9156
vt 0.4456 0.9275
vt 0.4456 0.9066
vt 0.4456 0.8979
vt 0.4978 0.9754
vt 0.4978 0.9651
vt 0.4978 0.9843
vt 0.4978 0.9908
vt 0.4978 0.9989
vt 0.4978 0.9550
vt 0.4978 0.9450
vt 0.4978 0.9224
vt 0.4980 0.9168
vt 0.4978 0.9122
vt 0.4978 0.8982
vt 0.4978 0.9362
vt 0.4978 0.9285
vt 0.0075 0.9802
vt 0.0075 0.9699
vt 0.0075 0.9942
vt 0.0075 0.9556
vt 0.0075 0.9409
vt 0.0075 0.9270
vt 0.0075 0.9151
vt 0.0075 0.9061
vt 0.0075 0.8987
vt 0.9000 0.8967
vt 0.9000 0.9039
vt 0.9000 0.9676
vt 0.9000 0.9757
vt 0.9000 0.9580
vt 0.9000 0.9815
vt 0.9000 0.9981
vt 0.9000 0.9486
vt 0.9000 0.9391
vt 0.9000 0.9201
vt 0.9000 0.9255
vt 0.9000 0.9127
vt 0.9000 0.9306
vt 0.4633 0.9808
vt 0.4633 0.9956
vt 0.4633 0.9706
vt 0.4633 0.9562
vt 0.4633 0.9414
vt 0.4633 0.9275
vt 0.4633 0.9156
vt 0.4633 0.9066
vt 0.4633 0.8979
vt 0.4860 0.9122
vt 0.4860 0.8982
vt 0.4860 0.9754
vt 0.4860 0.9651
vt 0.4860 0.9843
vt 0.4860 0.9908
vt 0.4860 0.9989
vt 0.4860 0.9550
vt 0.4860 0.9450
vt 0.4860 0.9224
vt 0.4860 0.9168
vt 0.4860 0.9285
vt 0.4860 0.9362
vt 0.0329 0.0131
vt 0.0442 0.0131
vt 0.0235 0.0131
vt 0.0143 0.0131
vt 0.2530 0.0131
vt 0.2660 0.0131
vt 0.2405 0.0131
vt 0.2268 0.0131
vt 0.2101 0.0131
vt 0.1959 0.0131
vt 0.1827 0.0131
vt 0.1702 0.0131
vt 0.1574 0.0131
vt 0.1442 0.0131
vt 0.1325 0.0131
vt 0.1209 0.0131
vt 0.1092 0.0131
vt 0.0980 0.0131
vt 0.0836 0.0131
vt 0.0676 0.0131
vt 0.0545 0.0131
vt 0.5196 0.0109
vt 0.5329 0.0109
vt 0.5061 0.0109
vt 0.4892 0.0109
vt 0.4685 0.0109
vt 0.4493 0.0109
vt 0.4305 0.0109
vt 0.4137 0.0109
vt 0.3991 0.0119
vt 0.3872 0.0115
vt 0.3741 0.0115
vt 0.3633 0.0115
vt 0.3539 0.0115
vt 0.3457 0.0115
vt 0.3349 0.0115
vt 0.3239 0.0115
vt 0.3151 0.0115
vt 0.3082 0.0115
vt 0.2997 0.0111
vt 0.2907 0.0111
vt 0.2812 0.0111
vt 0.1222 0.6990
vt 0.1299 0.7069
vt 0.1429 0.7083
vt 0.1354 0.6976
vt 0.1461 0.6982
vt 0.1569 0.7093
vt 0.1573 0.6981
vt 0.1718 0.7103
vt 0.1718 0.6977
vt 0.1848 0.7101
vt 0.1848 0.6979
vt 0.2111 0.7091
vt 0.2242 0.7087
vt 0.0979 0.7090
vt 0.0884 0.7090
vt 0.0925 0.6988
vt 0.1018 0.6988
vt 0.1095 0.6988
vt 0.1056 0.7091
vt 0.1089 0.6898
vt 0.1165 0.6898
vt 0.8235 0.6706
vt 0.8356 0.6706
vt 0.0845 0.6987
vt 0.0812 0.7090
vt 0.0905 0.6897
vt 0.0999 0.6898
vt 0.1291 0.6902
vt 0.2375 0.7092
vt 0.2111 0.6980
vt 0.2242 0.6980
vt 0.1986 0.7098
vt 0.1986 0.6979
vt 0.7554 0.6705
vt 0.7698 0.6705
vt 0.7831 0.6705
vt 0.7698 0.6599
vt 0.7831 0.6599
vt 0.7421 0.6705
vt 0.7554 0.6599
vt 0.7245 0.6705
vt 0.7421 0.6599
vt 0.7107 0.6705
vt 0.7245 0.6599
vt 0.6949 0.6705
vt 0.7107 0.6599
vt 0.6849 0.6705
vt 0.6949 0.6599
vt 0.6749 0.6705
vt 0.6849 0.6599
vt 0.6749 0.6599
vt 0.7971 0.6705
vt 0.8108 0.6706
vt 0.7970 0.6596
vt 0.8107 0.6593
vt 0.8235 0.6593
vt 0.8356 0.6593
vt 0.1575 0.6821
vt 0.1717 0.6821
vt 0.1848 0.6817
vt 0.1986 0.6821
vt 0.2110 0.6821
vt 0.1848 0.6673
vt 0.1986 0.6677
vt 0.2110 0.6677
vt 0.1848 0.6543
vt 0.1989 0.6547
vt 0.2114 0.6547
vt 0.1989 0.6401
vt 0.2114 0.6401
vt 0.1848 0.6398
vt 0.1717 0.6677
vt 0.1720 0.6547
vt 0.1720 0.6401
vt 0.1575 0.6677
vt 0.1577 0.6547
vt 0.1577 0.6401
vt 0.1439 0.6677
vt 0.1439 0.6547
vt 0.1439 0.6402
vt 0.1292 0.6677
vt 0.1293 0.6547
vt 0.1575 0.6821
vt 0.1439 0.6816
vt 0.1292 0.6815
vt 0.1439 0.6816
vt 0.1396 0.6886
vt 0.1506 0.6888
vt 0.2241 0.6821
vt 0.2375 0.6980
vt 0.2241 0.6677
vt 0.2374 0.6821
vt 0.2246 0.6547
vt 0.2374 0.6677
vt 0.2377 0.6547
vt 0.2246 0.6401
vt 0.0941 0.6814
vt 0.1073 0.6815
vt 0.1174 0.6817
vt 0.7698 0.6475
vt 0.7831 0.6475
vt 0.7554 0.6475
vt 0.7421 0.6475
vt 0.7245 0.6475
vt 0.7107 0.6475
vt 0.6949 0.6475
vt 0.6849 0.6475
vt 0.6749 0.6475
vt 0.7970 0.6472
vt 0.8107 0.6469
vt 0.8235 0.6469
vt 0.8356 0.6469
vt 0.0941 0.6676
vt 0.1073 0.6676
vt 0.1174 0.6678
vt 0.7698 0.6333
vt 0.7831 0.6333
vt 0.7554 0.6333
vt 0.7421 0.6333
vt 0.7245 0.6333
vt 0.7107 0.6333
vt 0.6949 0.6333
vt 0.6849 0.6333
vt 0.6749 0.6333
vt 0.7970 0.6333
vt 0.8107 0.6332
vt 0.8235 0.6332
vt 0.8356 0.6332
vt 0.0941 0.6546
vt 0.1073 0.6547
vt 0.1175 0.6549
vt 0.7698 0.6173
vt 0.7831 0.6173
vt 0.7554 0.6173
vt 0.7421 0.6173
vt 0.7245 0.6173
vt 0.7107 0.6173
vt 0.6949 0.6173
vt 0.6849 0.6173
vt 0.6749 0.6173
vt 0.7970 0.6172
vt 0.8106 0.6170
vt 0.8234 0.6170
vt 0.8355 0.6170
vt 0.0940 0.6401
vt 0.1072 0.6402
vt 0.1173 0.6404
vt 0.7698 0.6020
vt 0.7831 0.6020
vt 0.7554 0.6020
vt 0.7421 0.6020
vt 0.7245 0.6020
vt 0.7107 0.6020
vt 0.6949 0.6020
vt 0.6849 0.6020
vt 0.6749 0.6020
vt 0.7970 0.6017
vt 0.8107 0.6015
vt 0.8234 0.6015
vt 0.8356 0.6015
vt 0.1292 0.6402
vt 0.0941 0.6241
vt 0.1074 0.6242
vt 0.1175 0.6244
vt 0.7698 0.5882
vt 0.7831 0.5882
vt 0.7554 0.5882
vt 0.7421 0.5882
vt 0.7245 0.5882
vt 0.7107 0.5882
vt 0.6949 0.5882
vt 0.6849 0.5882
vt 0.6749 0.5882
vt 0.7970 0.5880
vt 0.8107 0.5878
vt 0.8234 0.5878
vt 0.8356 0.5878
vt 0.1293 0.6242
vt 0.0942 0.6083
vt 0.1074 0.6083
vt 0.1175 0.6085
vt 0.7698 0.5774
vt 0.7831 0.5774
vt 0.7554 0.5774
vt 0.7421 0.5774
vt 0.7245 0.5774
vt 0.7107 0.5774
vt 0.6949 0.5774
vt 0.6849 0.5774
vt 0.6749 0.5774
vt 0.7970 0.5773
vt 0.8106 0.5772
vt 0.8234 0.5772
vt 0.8355 0.5772
vt 0.1294 0.6084
vt 0.0943 0.5920
vt 0.1075 0.5921
vt 0.1176 0.5923
vt 0.7698 0.5677
vt 0.7831 0.5677
vt 0.7554 0.5677
vt 0.7421 0.5677
vt 0.7245 0.5677
vt 0.7107 0.5677
vt 0.6949 0.5677
vt 0.6849 0.5677
vt 0.6749 0.5677
vt 0.7969 0.5677
vt 0.8105 0.5677
vt 0.8233 0.5677
vt 0.8354 0.5677
vt 0.1294 0.5921
vt 0.1175 0.5772
vt 0.1293 0.5770
vt 0.0941 0.5770
vt 0.1074 0.5770
vt 0.7698 0.5590
vt 0.7831 0.5590
vt 0.7554 0.5590
vt 0.7421 0.5590
vt 0.7245 0.5590
vt 0.7107 0.5590
vt 0.6949 0.5590
vt 0.6849 0.5590
vt 0.6749 0.5590
vt 0.7970 0.5590
vt 0.8106 0.5590
vt 0.8234 0.5590
vt 0.8355 0.5590
vt 0.1171 0.5618
vt 0.1069 0.5616
vt 0.0938 0.5615
vt 0.0939 0.5503
vt 0.1070 0.5504
vt 0.1069 0.5616
vt 0.8355 0.5518
vt 0.8234 0.5518
vt 0.1171 0.5506
vt 0.1848 0.5639
vt 0.1848 0.5501
vt 0.1989 0.5505
vt 0.1989 0.5645
vt 0.1848 0.5639
vt 0.1848 0.5760
vt 0.1720 0.5764
vt 0.1720 0.5635
vt 0.7698 0.5520
vt 0.7831 0.5520
vt 0.7554 0.5520
vt 0.7421 0.5520
vt 0.7245 0.5520
vt 0.7107 0.5520
vt 0.6949 0.5520
vt 0.6849 0.5520
vt 0.6749 0.5520
vt 0.2114 0.5640
vt 0.2114 0.5505
vt 0.2246 0.5505
vt 0.2246 0.5642
vt 0.2114 0.5640
vt 0.2114 0.5764
vt 0.1989 0.5764
vt 0.1989 0.5645
vt 0.8106 0.5518
vt 0.8107 0.5443
vt 0.8235 0.5443
vt 0.8234 0.5518
vt 0.7970 0.5519
vt 0.7970 0.5445
vt 0.8356 0.5443
vt 0.7698 0.5447
vt 0.7831 0.5447
vt 0.1290 0.5504
vt 0.1289 0.5616
vt 0.1173 0.5416
vt 0.1291 0.5415
vt 0.0940 0.5414
vt 0.1072 0.5414
vt 0.7554 0.5447
vt 0.7698 0.5392
vt 0.7831 0.5392
vt 0.7421 0.5447
vt 0.7554 0.5392
vt 0.7245 0.5447
vt 0.7421 0.5392
vt 0.7107 0.5447
vt 0.7245 0.5392
vt 0.6949 0.5447
vt 0.7107 0.5392
vt 0.6849 0.5447
vt 0.6949 0.5392
vt 0.6849 0.5392
vt 0.8106 0.5392
vt 0.8234 0.5392
vt 0.8355 0.5392
vt 0.7970 0.5392
vt 0.1439 0.6244
vt 0.1439 0.6402
vt 0.2246 0.5764
vt 0.2377 0.5641
vt 0.2377 0.5764
vt 0.2246 0.6245
vt 0.2114 0.6245
vt 0.2377 0.6245
vt 0.2377 0.6401
vt 0.2246 0.5914
vt 0.2246 0.6082
vt 0.2114 0.6082
vt 0.2114 0.5914
vt 0.2377 0.5914
vt 0.2377 0.6082
vt 0.1577 0.6245
vt 0.1720 0.6245
vt 0.1439 0.5614
vt 0.1439 0.5504
vt 0.1577 0.5505
vt 0.1577 0.5631
vt 0.1439 0.5614
vt 0.1439 0.5767
vt 0.1293 0.5770
vt 0.1289 0.5616
vt 0.1989 0.6082
vt 0.1989 0.5914
vt 0.1989 0.6245
vt 0.1848 0.6078
vt 0.1848 0.5910
vt 0.1848 0.6241
vt 0.1577 0.6082
vt 0.1720 0.6082
vt 0.1439 0.6083
vt 0.1439 0.5918
vt 0.1577 0.5914
vt 0.1439 0.5767
vt 0.1577 0.5764
vt 0.1720 0.6082
vt 0.1720 0.5914
vt 0.1720 0.5505
vt 0.1577 0.5631
vt 0.2377 0.5505
vt 0.2246 0.5416
vt 0.2377 0.5416
vt 0.2114 0.5416
vt 0.2114 0.5371
vt 0.2114 0.5166
vt 0.2246 0.5166
vt 0.2246 0.5371
vt 0.2114 0.5371
vt 0.2114 0.5416
vt 0.1989 0.5416
vt 0.1989 0.5371
vt 0.2377 0.5166
vt 0.2377 0.5371
vt 0.1848 0.5412
vt 0.1989 0.5416
vt 0.1439 0.5415
vt 0.1577 0.5416
vt 0.1720 0.5416
vt 0.1174 0.5372
vt 0.1171 0.5167
vt 0.1289 0.5165
vt 0.1292 0.5370
vt 0.1174 0.5372
vt 0.1073 0.5370
vt 0.0941 0.5369
vt 0.0938 0.5164
vt 0.1070 0.5165
vt 0.1073 0.5370
vt 0.8354 0.5367
vt 0.8233 0.5367
vt 0.8105 0.5367
vt 0.8105 0.5178
vt 0.8233 0.5178
vt 0.8233 0.5367
vt 0.8105 0.5367
vt 0.8106 0.5392
vt 0.7970 0.5392
vt 0.7969 0.5365
vt 0.8355 0.5178
vt 0.1848 0.5367
vt 0.1848 0.5162
vt 0.1989 0.5166
vt 0.1989 0.5371
vt 0.1848 0.5367
vt 0.1720 0.5371
vt 0.1439 0.5371
vt 0.1439 0.5166
vt 0.1577 0.5166
vt 0.1577 0.5371
vt 0.1439 0.5371
vt 0.1292 0.5370
vt 0.1720 0.5166
vt 0.1577 0.5371
vt 0.6749 0.5447
vt 0.7970 0.5180
vt 0.7831 0.5364
vt 0.7698 0.5364
vt 0.7698 0.5182
vt 0.7831 0.5182
vt 0.7831 0.5364
vt 0.7698 0.5364
vt 0.7554 0.5364
vt 0.7554 0.5182
vt 0.7421 0.5364
vt 0.7421 0.5182
vt 0.7245 0.5364
vt 0.7245 0.5182
vt 0.7107 0.5364
vt 0.7107 0.5182
vt 0.6949 0.5364
vt 0.6949 0.5182
vt 0.6849 0.5364
vt 0.6849 0.5182
vt 0.6749 0.5392
vt 0.6749 0.5364
vt 0.7970 0.4883
vt 0.7831 0.4888
vt 0.7698 0.4816
vt 0.7698 0.4615
vt 0.7831 0.4615
vt 0.7831 0.4816
vt 0.7698 0.4816
vt 0.7698 0.4888
vt 0.7554 0.4888
vt 0.7554 0.4816
vt 0.7554 0.4615
vt 0.7421 0.4888
vt 0.7421 0.4816
vt 0.7421 0.4615
vt 0.7245 0.4888
vt 0.7245 0.4816
vt 0.7245 0.4615
vt 0.7107 0.4888
vt 0.7107 0.4816
vt 0.7107 0.4615
vt 0.6949 0.4888
vt 0.6949 0.4816
vt 0.6949 0.4615
vt 0.6849 0.4888
vt 0.6849 0.4816
vt 0.6849 0.4615
vt 0.6749 0.4816
vt 0.6749 0.4615
vt 0.7831 0.4816
vt 0.7970 0.4812
vt 0.7698 0.4888
vt 0.8105 0.4808
vt 0.8105 0.4879
vt 0.7970 0.4615
vt 0.7554 0.4421
vt 0.7698 0.4421
vt 0.7421 0.4421
vt 0.7245 0.4421
vt 0.7107 0.4421
vt 0.6949 0.4421
vt 0.6849 0.4421
vt 0.6749 0.4421
vt 0.8106 0.4620
vt 0.7831 0.4421
vt 0.7554 0.4245
vt 0.7698 0.4245
vt 0.7421 0.4245
vt 0.7245 0.4245
vt 0.7107 0.4245
vt 0.6949 0.4245
vt 0.6849 0.4245
vt 0.6749 0.4245
vt 0.7970 0.4420
vt 0.8106 0.4419
vt 0.7831 0.4245
vt 0.7554 0.4085
vt 0.7698 0.4085
vt 0.7421 0.4085
vt 0.7245 0.4085
vt 0.7107 0.4085
vt 0.6949 0.4085
vt 0.6849 0.4085
vt 0.6749 0.4085
vt 0.7970 0.4244
vt 0.8106 0.4243
vt 0.7831 0.4085
vt 0.7698 0.3943
vt 0.7831 0.3943
vt 0.7554 0.3943
vt 0.7421 0.3943
vt 0.7245 0.3943
vt 0.7107 0.3943
vt 0.6949 0.3943
vt 0.6849 0.3943
vt 0.7970 0.4083
vt 0.8106 0.4081
vt 0.7970 0.3942
vt 0.8107 0.3940
vt 0.7831 0.3814
vt 0.7970 0.3811
vt 0.7698 0.3814
vt 0.8107 0.3809
vt 0.7970 0.3687
vt 0.8107 0.3685
vt 0.7831 0.3690
vt 0.7698 0.3690
vt 0.8233 0.4879
vt 0.8233 0.4808
vt 0.8355 0.4808
vt 0.8355 0.4879
vt 0.8233 0.4879
vt 0.8105 0.4879
vt 0.1072 0.4890
vt 0.1076 0.4759
vt 0.1177 0.4761
vt 0.1174 0.4892
vt 0.1072 0.4890
vt 0.0940 0.4890
vt 0.0943 0.4759
vt 0.1295 0.4760
vt 0.1292 0.4891
vt 0.8234 0.4620
vt 0.8355 0.4620
vt 0.1074 0.4616
vt 0.1175 0.4618
vt 0.0942 0.4616
vt 0.1293 0.4617
vt 0.1439 0.4757
vt 0.1439 0.4892
vt 0.8234 0.4419
vt 0.8355 0.4419
vt 0.1075 0.4428
vt 0.1176 0.4430
vt 0.0943 0.4427
vt 0.1294 0.4428
vt 0.1439 0.4618
vt 0.8234 0.4243
vt 0.8355 0.4243
vt 0.1075 0.4283
vt 0.1177 0.4285
vt 0.0943 0.4282
vt 0.1295 0.4283
vt 0.1439 0.4428
vt 0.8234 0.4081
vt 0.8355 0.4081
vt 0.1074 0.4146
vt 0.1175 0.4148
vt 0.0942 0.4145
vt 0.1293 0.4146
vt 0.1439 0.4282
vt 0.8234 0.3940
vt 0.8356 0.3940
vt 0.1075 0.4015
vt 0.1176 0.4017
vt 0.0942 0.4014
vt 0.1294 0.4015
vt 0.1439 0.4145
vt 0.8235 0.3809
vt 0.8356 0.3809
vt 0.1075 0.3894
vt 0.1176 0.3896
vt 0.0943 0.3893
vt 0.1294 0.3894
vt 0.1439 0.4015
vt 0.1439 0.3895
vt 0.8234 0.3685
vt 0.8356 0.3685
vt 0.0943 0.3774
vt 0.1076 0.3775
vt 0.2246 0.4893
vt 0.2114 0.4893
vt 0.2114 0.4753
vt 0.2246 0.4753
vt 0.1577 0.4753
vt 0.1577 0.4893
vt 0.1989 0.4893
vt 0.1848 0.4889
vt 0.1848 0.4749
vt 0.1989 0.4753
vt 0.1720 0.4893
vt 0.1720 0.4753
vt 0.1720 0.4893
vt 0.2116 0.4619
vt 0.2248 0.4619
vt 0.2377 0.4753
vt 0.2377 0.4893
vt 0.1579 0.4619
vt 0.1848 0.4615
vt 0.1992 0.4619
vt 0.1722 0.4619
vt 0.2114 0.4427
vt 0.2246 0.4427
vt 0.2379 0.4619
vt 0.1577 0.4427
vt 0.1848 0.4423
vt 0.1989 0.4427
vt 0.1720 0.4427
vt 0.2377 0.4427
vt 0.2246 0.4281
vt 0.2377 0.4281
vt 0.1577 0.4281
vt 0.1989 0.4281
vt 0.2114 0.4281
vt 0.1848 0.4277
vt 0.1720 0.4281
vt 0.1577 0.4143
vt 0.1577 0.4016
vt 0.1720 0.4143
vt 0.1577 0.3895
vt 0.1720 0.4016
vt 0.6749 0.4888
vt 0.6749 0.5182
vt 0.7970 0.3569
vt 0.8107 0.3567
vt 0.7831 0.3571
vt 0.7698 0.3571
vt 0.8235 0.3567
vt 0.8356 0.3567
vt 0.1177 0.3777
vt 0.1076 0.3659
vt 0.1177 0.3661
vt 0.0943 0.3658
vt 0.1720 0.3895
vt 0.1439 0.3776
vt 0.1577 0.3777
vt 0.1295 0.3775
vt 0.1720 0.3777
vt 0.1439 0.3659
vt 0.1577 0.3659
vt 0.1295 0.3659
vt 0.7969 0.3435
vt 0.8105 0.3433
vt 0.7831 0.3438
vt 0.7698 0.3438
vt 0.8233 0.3433
vt 0.8354 0.3433
vt 0.1076 0.3509
vt 0.1178 0.3511
vt 0.0944 0.3509
vt 0.1720 0.3659
vt 0.1439 0.3511
vt 0.1577 0.3513
vt 0.1295 0.3510
vt 0.7970 0.3334
vt 0.8107 0.3330
vt 0.7831 0.3338
vt 0.8234 0.3330
vt 0.8356 0.3330
vt 0.1078 0.3371
vt 0.1179 0.3373
vt 0.0945 0.3371
vt 0.1720 0.3513
vt 0.1579 0.3372
vt 0.1722 0.3372
vt 0.1440 0.3372
vt 0.1297 0.3372
vt 0.7966 0.3089
vt 0.7970 0.3218
vt 0.7831 0.3222
vt 0.7831 0.3089
vt 0.7698 0.3222
vt 0.7698 0.3089
vt 0.8228 0.3089
vt 0.8234 0.3214
vt 0.8106 0.3214
vt 0.8100 0.3089
vt 0.1078 0.3068
vt 0.1078 0.3237
vt 0.0945 0.3236
vt 0.0945 0.3067
vt 0.8350 0.3089
vt 0.8355 0.3214
vt 0.1577 0.3067
vt 0.1577 0.3235
vt 0.1439 0.3236
vt 0.1439 0.3068
vt 0.1296 0.3237
vt 0.1297 0.3068
vt 0.1178 0.3239
vt 0.1179 0.3070
vt 0.3072 0.7083
vt 0.3202 0.7069
vt 0.3278 0.6990
vt 0.3147 0.6975
vt 0.3209 0.6904
vt 0.2932 0.7093
vt 0.3043 0.6982
vt 0.2771 0.7102
vt 0.2928 0.6981
vt 0.2633 0.7102
vt 0.2771 0.6977
vt 0.3388 0.6988
vt 0.3469 0.6988
vt 0.3562 0.6988
vt 0.3399 0.6903
vt 0.3488 0.6903
vt 0.3641 0.6988
vt 0.5339 0.6700
vt 0.5474 0.6703
vt 0.5339 0.6594
vt 0.5474 0.6597
vt 0.3317 0.6903
vt 0.3582 0.6903
vt 0.2506 0.7091
vt 0.2506 0.6977
vt 0.2633 0.6979
vt 0.5908 0.6705
vt 0.6038 0.6705
vt 0.6175 0.6705
vt 0.6038 0.6599
vt 0.6175 0.6599
vt 0.6331 0.6705
vt 0.6331 0.6599
vt 0.6458 0.6705
vt 0.6458 0.6599
vt 0.6593 0.6705
vt 0.6593 0.6599
vt 0.5613 0.6705
vt 0.5782 0.6705
vt 0.5782 0.6599
vt 0.5908 0.6599
vt 0.5613 0.6598
vt 0.2916 0.6821
vt 0.2995 0.6888
vt 0.2771 0.6821
vt 0.2632 0.6821
vt 0.2505 0.6818
vt 0.2505 0.6674
vt 0.2509 0.6544
vt 0.2632 0.6677
vt 0.2635 0.6547
vt 0.2509 0.6399
vt 0.2635 0.6401
vt 0.2774 0.6401
vt 0.2774 0.6547
vt 0.2919 0.6401
vt 0.2919 0.6547
vt 0.2771 0.6677
vt 0.3046 0.6404
vt 0.3046 0.6549
vt 0.2916 0.6677
vt 0.3046 0.6679
vt 0.3174 0.6550
vt 0.3173 0.6681
vt 0.3174 0.6407
vt 0.3177 0.6820
vt 0.3046 0.6820
vt 0.2916 0.6821
vt 0.3105 0.6886
vt 0.3289 0.6820
vt 0.3400 0.6820
vt 0.5341 0.6468
vt 0.5475 0.6471
vt 0.3511 0.6820
vt 0.6038 0.6475
vt 0.6175 0.6475
vt 0.6331 0.6475
vt 0.6458 0.6475
vt 0.6593 0.6475
vt 0.5783 0.6474
vt 0.5908 0.6475
vt 0.5615 0.6473
vt 0.3284 0.6681
vt 0.3395 0.6681
vt 0.5341 0.6329
vt 0.5475 0.6332
vt 0.3507 0.6681
vt 0.6038 0.6333
vt 0.6175 0.6333
vt 0.6331 0.6333
vt 0.6458 0.6333
vt 0.6593 0.6333
vt 0.5783 0.6334
vt 0.5908 0.6333
vt 0.5615 0.6334
vt 0.3286 0.6550
vt 0.3396 0.6550
vt 0.5340 0.6170
vt 0.5475 0.6173
vt 0.3508 0.6550
vt 0.6038 0.6173
vt 0.6175 0.6173
vt 0.6331 0.6173
vt 0.6458 0.6173
vt 0.6593 0.6173
vt 0.5782 0.6174
vt 0.5908 0.6173
vt 0.5614 0.6175
vt 0.3285 0.6407
vt 0.3396 0.6407
vt 0.5339 0.6014
vt 0.5474 0.6017
vt 0.3508 0.6407
vt 0.6038 0.6020
vt 0.6175 0.6020
vt 0.6331 0.6020
vt 0.6458 0.6020
vt 0.6593 0.6020
vt 0.5782 0.6019
vt 0.5908 0.6020
vt 0.5613 0.6019
vt 0.3285 0.6248
vt 0.3396 0.6248
vt 0.3174 0.6248
vt 0.5340 0.5877
vt 0.5474 0.5880
vt 0.3508 0.6248
vt 0.6038 0.5882
vt 0.6175 0.5882
vt 0.6331 0.5882
vt 0.6458 0.5882
vt 0.6593 0.5882
vt 0.5782 0.5882
vt 0.5908 0.5882
vt 0.5614 0.5882
vt 0.3286 0.6085
vt 0.3397 0.6085
vt 0.3174 0.6085
vt 0.5341 0.5766
vt 0.5475 0.5769
vt 0.3508 0.6085
vt 0.6038 0.5774
vt 0.6175 0.5774
vt 0.6331 0.5774
vt 0.6458 0.5774
vt 0.6593 0.5774
vt 0.5783 0.5772
vt 0.5908 0.5774
vt 0.5615 0.5771
vt 0.3286 0.5918
vt 0.3397 0.5918
vt 0.3175 0.5918
vt 0.5341 0.5672
vt 0.5476 0.5675
vt 0.3508 0.5918
vt 0.6038 0.5677
vt 0.6175 0.5677
vt 0.6331 0.5677
vt 0.6458 0.5677
vt 0.6593 0.5677
vt 0.5783 0.5677
vt 0.5908 0.5677
vt 0.5615 0.5676
vt 0.3285 0.5766
vt 0.3395 0.5766
vt 0.5340 0.5584
vt 0.5474 0.5587
vt 0.3507 0.5766
vt 0.6038 0.5590
vt 0.6175 0.5590
vt 0.6331 0.5590
vt 0.6458 0.5590
vt 0.6593 0.5590
vt 0.5782 0.5589
vt 0.5908 0.5590
vt 0.5614 0.5589
vt 0.3284 0.5631
vt 0.3285 0.5507
vt 0.3396 0.5507
vt 0.3395 0.5631
vt 0.3173 0.5631
vt 0.3174 0.5507
vt 0.3285 0.5766
vt 0.3173 0.5766
vt 0.5339 0.5518
vt 0.5340 0.5442
vt 0.5474 0.5445
vt 0.5474 0.5521
vt 0.3507 0.5631
vt 0.3395 0.5631
vt 0.3508 0.5507
vt 0.2635 0.5644
vt 0.2635 0.5505
vt 0.2774 0.5505
vt 0.2774 0.5633
vt 0.2635 0.5644
vt 0.2635 0.5764
vt 0.2509 0.5761
vt 0.2509 0.5632
vt 0.6038 0.5520
vt 0.6175 0.5520
vt 0.6331 0.5520
vt 0.6458 0.5520
vt 0.6593 0.5520
vt 0.2509 0.5502
vt 0.2509 0.5632
vt 0.5613 0.5523
vt 0.5474 0.5521
vt 0.5614 0.5447
vt 0.5908 0.5520
vt 0.5782 0.5522
vt 0.5782 0.5447
vt 0.5908 0.5447
vt 0.3285 0.5418
vt 0.3396 0.5418
vt 0.5340 0.5386
vt 0.5474 0.5389
vt 0.3507 0.5419
vt 0.6038 0.5447
vt 0.6038 0.5392
vt 0.6175 0.5392
vt 0.6175 0.5447
vt 0.6331 0.5392
vt 0.6331 0.5447
vt 0.6458 0.5392
vt 0.6458 0.5447
vt 0.6593 0.5392
vt 0.6593 0.5447
vt 0.6749 0.5392
vt 0.6749 0.5447
vt 0.5614 0.5391
vt 0.5782 0.5391
vt 0.5908 0.5392
vt 0.2774 0.6245
vt 0.2919 0.6245
vt 0.2635 0.6245
vt 0.3046 0.5629
vt 0.3046 0.5506
vt 0.3046 0.5629
vt 0.3046 0.5765
vt 0.2919 0.5764
vt 0.2919 0.5631
vt 0.2509 0.5911
vt 0.2509 0.6242
vt 0.2509 0.6079
vt 0.2635 0.5914
vt 0.2774 0.6082
vt 0.2919 0.6082
vt 0.2635 0.6082
vt 0.3046 0.6246
vt 0.3046 0.5916
vt 0.3046 0.6083
vt 0.3046 0.5765
vt 0.3173 0.5766
vt 0.2635 0.6082
vt 0.2774 0.5914
vt 0.2774 0.5764
vt 0.2509 0.6242
vt 0.2919 0.5914
vt 0.3046 0.6083
vt 0.2919 0.5764
vt 0.2919 0.5505
vt 0.2919 0.5631
vt 0.2509 0.5413
vt 0.2509 0.5163
vt 0.2509 0.5368
vt 0.2635 0.5416
vt 0.2774 0.5416
vt 0.3046 0.5417
vt 0.3173 0.5418
vt 0.2919 0.5416
vt 0.3285 0.5374
vt 0.3285 0.5169
vt 0.3396 0.5169
vt 0.3396 0.5374
vt 0.3285 0.5374
vt 0.3173 0.5374
vt 0.5340 0.5357
vt 0.5339 0.5175
vt 0.5474 0.5178
vt 0.5474 0.5360
vt 0.3507 0.5374
vt 0.3396 0.5374
vt 0.3508 0.5169
vt 0.5614 0.5362
vt 0.5613 0.5180
vt 0.5782 0.5181
vt 0.5782 0.5363
vt 0.5614 0.5362
vt 0.5474 0.5360
vt 0.2635 0.5371
vt 0.2635 0.5166
vt 0.2774 0.5166
vt 0.2774 0.5371
vt 0.2635 0.5371
vt 0.2509 0.5368
vt 0.3046 0.5373
vt 0.3046 0.5167
vt 0.3174 0.5169
vt 0.3173 0.5374
vt 0.3046 0.5373
vt 0.2919 0.5371
vt 0.2919 0.5166
vt 0.2919 0.5371
vt 0.5908 0.5182
vt 0.5908 0.5364
vt 0.6038 0.5364
vt 0.6038 0.5182
vt 0.6175 0.5182
vt 0.6175 0.5364
vt 0.6038 0.5364
vt 0.5908 0.5364
vt 0.6331 0.5182
vt 0.6331 0.5364
vt 0.6458 0.5182
vt 0.6458 0.5364
vt 0.6593 0.5182
vt 0.6593 0.5364
vt 0.6749 0.5182
vt 0.6749 0.5364
vt 0.5782 0.4887
vt 0.5782 0.4814
vt 0.5908 0.4816
vt 0.5908 0.4888
vt 0.5613 0.4886
vt 0.5614 0.4811
vt 0.6038 0.4816
vt 0.6038 0.4615
vt 0.6175 0.4615
vt 0.6175 0.4816
vt 0.6038 0.4816
vt 0.6038 0.4888
vt 0.6331 0.4615
vt 0.6331 0.4816
vt 0.6175 0.4888
vt 0.6458 0.4615
vt 0.6458 0.4816
vt 0.6331 0.4888
vt 0.6593 0.4615
vt 0.6593 0.4816
vt 0.6458 0.4888
vt 0.6593 0.4888
vt 0.5782 0.4616
vt 0.5908 0.4615
vt 0.5613 0.4616
vt 0.6038 0.4421
vt 0.6175 0.4421
vt 0.5908 0.4421
vt 0.6331 0.4421
vt 0.6458 0.4421
vt 0.6593 0.4421
vt 0.5781 0.4419
vt 0.5613 0.4417
vt 0.6038 0.4245
vt 0.6175 0.4245
vt 0.5908 0.4245
vt 0.6331 0.4245
vt 0.6458 0.4245
vt 0.6593 0.4245
vt 0.5782 0.4244
vt 0.5614 0.4243
vt 0.6038 0.4085
vt 0.6175 0.4085
vt 0.5908 0.4085
vt 0.6331 0.4085
vt 0.6458 0.4085
vt 0.6593 0.4085
vt 0.5782 0.4086
vt 0.5614 0.4086
vt 0.6038 0.3943
vt 0.6175 0.3943
vt 0.6331 0.3943
vt 0.6458 0.3943
vt 0.6593 0.3943
vt 0.6749 0.3943
vt 0.5782 0.3944
vt 0.5908 0.3943
vt 0.5614 0.3945
vt 0.5782 0.3813
vt 0.5908 0.3814
vt 0.5614 0.3813
vt 0.5782 0.3691
vt 0.5908 0.3690
vt 0.6038 0.3814
vt 0.5474 0.4884
vt 0.5475 0.4809
vt 0.5474 0.4884
vt 0.5339 0.4881
vt 0.3396 0.4896
vt 0.3396 0.4757
vt 0.3507 0.4757
vt 0.3507 0.4896
vt 0.3396 0.4896
vt 0.3285 0.4896
vt 0.5340 0.4806
vt 0.3285 0.4757
vt 0.3173 0.4896
vt 0.3174 0.4757
vt 0.3046 0.4895
vt 0.3046 0.4755
vt 0.5474 0.4614
vt 0.3395 0.4621
vt 0.3507 0.4621
vt 0.5339 0.4611
vt 0.3285 0.4621
vt 0.3173 0.4621
vt 0.3046 0.4620
vt 0.5473 0.4415
vt 0.3396 0.4431
vt 0.3508 0.4431
vt 0.5339 0.4412
vt 0.3286 0.4431
vt 0.3174 0.4431
vt 0.3046 0.4429
vt 0.5474 0.4241
vt 0.3396 0.4285
vt 0.3508 0.4285
vt 0.5340 0.4238
vt 0.3285 0.4285
vt 0.3174 0.4285
vt 0.3046 0.4283
vt 0.5474 0.4084
vt 0.3396 0.4147
vt 0.3508 0.4147
vt 0.5340 0.4081
vt 0.3285 0.4147
vt 0.3174 0.4147
vt 0.3046 0.4145
vt 0.5474 0.3943
vt 0.3396 0.4018
vt 0.3508 0.4018
vt 0.5340 0.3940
vt 0.3285 0.4018
vt 0.3174 0.4018
vt 0.3046 0.4017
vt 0.5474 0.3811
vt 0.3397 0.3897
vt 0.3508 0.3897
vt 0.5340 0.3808
vt 0.3286 0.3897
vt 0.3174 0.3897
vt 0.5474 0.3690
vt 0.5614 0.3692
vt 0.3397 0.3780
vt 0.3508 0.3780
vt 0.3286 0.3780
vt 0.5340 0.3688
vt 0.2919 0.4893
vt 0.2509 0.4890
vt 0.2509 0.4750
vt 0.2635 0.4753
vt 0.2635 0.4893
vt 0.2774 0.4753
vt 0.2774 0.4893
vt 0.2919 0.4753
vt 0.2774 0.4893
vt 0.2511 0.4616
vt 0.2637 0.4619
vt 0.2776 0.4619
vt 0.2921 0.4619
vt 0.2509 0.4424
vt 0.2635 0.4427
vt 0.2774 0.4427
vt 0.2919 0.4427
vt 0.2509 0.4278
vt 0.2635 0.4281
vt 0.2774 0.4281
vt 0.2919 0.4281
vt 0.2919 0.4143
vt 0.2774 0.4143
vt 0.2919 0.4016
vt 0.2774 0.4016
vt 0.3046 0.3896
vt 0.2919 0.3895
vt 0.2774 0.3895
vt 0.5782 0.3572
vt 0.5908 0.3571
vt 0.6038 0.3690
vt 0.5475 0.3572
vt 0.5615 0.3574
vt 0.3396 0.3663
vt 0.3507 0.3663
vt 0.5340 0.3569
vt 0.2919 0.3777
vt 0.3046 0.3779
vt 0.2774 0.3777
vt 0.3174 0.3780
vt 0.2919 0.3659
vt 0.3046 0.3661
vt 0.2774 0.3659
vt 0.3173 0.3663
vt 0.3285 0.3663
vt 0.5782 0.3439
vt 0.5908 0.3438
vt 0.6038 0.3571
vt 0.5475 0.3439
vt 0.5614 0.3441
vt 0.3395 0.3516
vt 0.3507 0.3516
vt 0.5340 0.3436
vt 0.2919 0.3513
vt 0.3046 0.3514
vt 0.2774 0.3513
vt 0.3173 0.3516
vt 0.3285 0.3516
vt 0.5782 0.3339
vt 0.5908 0.3338
vt 0.6038 0.3438
vt 0.6038 0.3338
vt 0.5474 0.3338
vt 0.5614 0.3340
vt 0.3398 0.3375
vt 0.3510 0.3375
vt 0.5340 0.3335
vt 0.2920 0.3372
vt 0.3047 0.3373
vt 0.3176 0.3375
vt 0.3288 0.3375
vt 0.5782 0.3086
vt 0.5782 0.3219
vt 0.5613 0.3217
vt 0.5613 0.3084
vt 0.5908 0.3089
vt 0.5908 0.3222
vt 0.5474 0.3082
vt 0.5474 0.3215
vt 0.5339 0.3212
vt 0.5339 0.3079
vt 0.3397 0.3068
vt 0.3397 0.3239
vt 0.3286 0.3239
vt 0.3286 0.3068
vt 0.3508 0.3068
vt 0.3508 0.3239
vt 0.2919 0.3067
vt 0.2919 0.3235
vt 0.2774 0.3235
vt 0.2774 0.3067
vt 0.3046 0.3067
vt 0.3046 0.3237
vt 0.3174 0.3068
vt 0.3175 0.3239
vt 0.6038 0.3089
vt 0.6038 0.3222
vt 0.6175 0.3089
vt 0.6175 0.3222
vt 0.6331 0.3089
vt 0.6331 0.3222
vt 0.6458 0.3089
vt 0.6458 0.3222
vt 0.6593 0.3089
vt 0.6593 0.3222
vt 0.6749 0.3089
vt 0.6749 0.3222
vt 0.6849 0.3089
vt 0.6849 0.3222
vt 0.6949 0.3089
vt 0.6949 0.3222
vt 0.7107 0.3089
vt 0.7107 0.3222
vt 0.7245 0.3089
vt 0.7245 0.3222
vt 0.7421 0.3089
vt 0.7421 0.3222
vt 0.7554 0.3089
vt 0.7554 0.3222
vt 0.1720 0.3067
vt 0.1720 0.3235
vt 0.1848 0.3063
vt 0.1848 0.3231
vt 0.1989 0.3067
vt 0.1989 0.3235
vt 0.2114 0.3067
vt 0.2114 0.3235
vt 0.2246 0.3067
vt 0.2246 0.3235
vt 0.2377 0.3067
vt 0.2377 0.3235
vt 0.2509 0.3064
vt 0.2509 0.3232
vt 0.2635 0.3067
vt 0.2635 0.3235
vt 0.1848 0.3509
vt 0.1848 0.3655
vt 0.1848 0.3368
vt 0.1848 0.3773
vt 0.1848 0.3891
vt 0.1848 0.4012
vt 0.1848 0.4139
vt 0.2635 0.4143
vt 0.2635 0.4016
vt 0.2635 0.3895
vt 0.2635 0.3777
vt 0.2635 0.3659
vt 0.2635 0.3513
vt 0.2775 0.3372
vt 0.1989 0.3513
vt 0.1989 0.3659
vt 0.1991 0.3372
vt 0.1989 0.3777
vt 0.1989 0.3895
vt 0.1989 0.4016
vt 0.1989 0.4143
vt 0.2509 0.4140
vt 0.2509 0.4013
vt 0.2509 0.3892
vt 0.2509 0.3774
vt 0.2509 0.3656
vt 0.2509 0.3510
vt 0.2637 0.3372
vt 0.2114 0.3513
vt 0.2114 0.3659
vt 0.2115 0.3372
vt 0.2114 0.3777
vt 0.2114 0.3895
vt 0.2114 0.4016
vt 0.2114 0.4143
vt 0.2377 0.4143
vt 0.2377 0.4016
vt 0.2377 0.3895
vt 0.2377 0.3777
vt 0.2377 0.3659
vt 0.2377 0.3513
vt 0.2510 0.3369
vt 0.2246 0.3513
vt 0.2246 0.3659
vt 0.2247 0.3372
vt 0.2246 0.3777
vt 0.2246 0.3895
vt 0.2246 0.4016
vt 0.2246 0.4143
vt 0.2378 0.3372
vt 0.7554 0.3814
vt 0.7554 0.3690
vt 0.7554 0.3571
vt 0.7554 0.3438
vt 0.7698 0.3338
vt 0.6175 0.3438
vt 0.6175 0.3571
vt 0.6175 0.3338
vt 0.6175 0.3690
vt 0.6175 0.3814
vt 0.6331 0.3814
vt 0.6331 0.3690
vt 0.6331 0.3571
vt 0.6331 0.3438
vt 0.6331 0.3338
vt 0.6458 0.3814
vt 0.6458 0.3690
vt 0.6458 0.3571
vt 0.6458 0.3438
vt 0.6458 0.3338
vt 0.6593 0.3814
vt 0.6593 0.3690
vt 0.6593 0.3571
vt 0.6593 0.3438
vt 0.6593 0.3338
vt 0.6749 0.3814
vt 0.6749 0.3690
vt 0.6749 0.3571
vt 0.6749 0.3438
vt 0.6749 0.3338
vt 0.7421 0.3814
vt 0.7421 0.3690
vt 0.7421 0.3571
vt 0.7421 0.3438
vt 0.7554 0.3338
vt 0.7421 0.3338
vt 0.7245 0.3571
vt 0.7245 0.3438
vt 0.7245 0.3690
vt 0.7245 0.3814
vt 0.7245 0.3338
vt 0.7107 0.3571
vt 0.7107 0.3438
vt 0.7107 0.3690
vt 0.7107 0.3814
vt 0.7107 0.3338
vt 0.6949 0.3571
vt 0.6949 0.3438
vt 0.6949 0.3690
vt 0.6949 0.3814
vt 0.6949 0.3338
vt 0.6849 0.3571
vt 0.6849 0.3438
vt 0.6849 0.3690
vt 0.6849 0.3814
vt 0.6849 0.3338
f 1/1 17/2 18/3 2/4
f 1/5 113/6 128/7 16/8
f 2/4 18/3 19/9 3/10
f 2/11 114/12 113/6 1/5
f 3/10 19/9 20/13 4/14
f 3/15 115/16 114/12 2/11
f 4/14 20/13 21/17 5/18
f 4/19 116/20 115/16 3/15
f 5/21 21/22 22/23 6/24
f 5/25 117/26 116/20 4/19
f 6/24 22/23 23/27 7/28
f 6/29 118/30 117/31 5/32
f 7/28 23/27 24/33 8/34
f 7/35 119/36 118/30 6/29
f 8/34 24/33 25/37 9/38
f 8/39 120/40 119/36 7/35
f 9/38 25/37 26/41 10/42
f 9/43 121/44 120/40 8/39
f 10/42 26/41 27/45 11/46
f 10/47 122/48 121/44 9/43
f 11/46 27/45 28/49 12/50
f 11/51 123/52 122/48 10/47
f 12/50 28/49 29/53 13/54
f 12/55 124/56 123/52 11/51
f 13/54 29/53 30/57 14/58
f 13/59 125/60 124/56 12/55
f 14/58 30/57 31/61 15/62
f 14/63 126/64 125/60 13/59
f 15/62 31/61 32/65 16/66
f 15/67 127/68 126/64 14/63
f 16/66 32/65 17/2 1/1
f 16/8 128/7 127/68 15/67
f 17/2 33/69 34/70 18/3
f 18/3 34/70 35/71 19/9
f 19/9 35/71 36/72 20/13
f 20/13 36/72 37/73 21/17
f 21/22 37/74 38/75 22/23
f 22/23 38/75 39/76 23/27
f 23/27 39/76 40/77 24/33
f 24/33 40/77 41/78 25/37
f 25/37 41/78 42/79 26/41
f 26/41 42/79 43/80 27/45
f 27/45 43/80 44/81 28/49
f 28/49 44/81 45/82 29/53
f 29/53 45/82 46/83 30/57
f 30/57 46/83 47/84 31/61
f 31/61 47/84 48/85 32/65
f 32/65 48/85 33/69 17/2
f 33/69 49/86 50/87 34/70
f 34/70 50/87 51/88 35/71
f 35/71 51/88 52/89 36/72
f 36/72 52/89 53/90 37/73
f 37/74 53/91 54/92 38/75
f 38/75 54/92 55/93 39/76
f 39/76 55/93 56/94 40/77
f 40/77 56/94 57/95 41/78
f 41/78 57/95 58/96 42/79
f 42/79 58/96 59/97 43/80
f 43/80 59/97 60/98 44/81
f 44/81 60/98 61/99 45/82
f 45/82 61/99 62/100 46/83
f 46/83 62/100 63/101 47/84
f 47/84 63/101 64/102 48/85
f 48/85 64/102 49/86 33/69
f 49/86 65/103 66/104 50/87
f 50/87 66/104 67/105 51/88
f 51/88 67/105 68/106 52/89
f 52/89 68/106 69/107 53/90
f 53/91 69/108 70/109 54/92
f 54/92 70/109 71/110 55/93
f 55/93 71/110 72/111 56/94
f 56/94 72/111 73/112 57/95
f 57/95 73/112 74/113 58/96
f 58/96 74/113 75/114 59/97
f 59/97 75/114 76/115 60/98
f 60/98 76/115 77/116 61/99
f 61/99 77/116 78/117 62/100
f 62/100 78/117 79/118 63/101
f 63/101 79/118 80/119 64/102
f 64/102 80/119 65/103 49/86
f 65/103 81/120 82/121 66/104
f 66/104 82/121 83/122 67/105
f 67/105 83/122 84/123 68/106
f 68/106 84/123 85/124 69/107
f 69/108 85/125 86/126 70/109
f 70/109 86/126 87/127 71/110
f 71/110 87/127 88/128 72/111
f 72/111 88/128 89/129 73/112
f 73/112 89/129 90/130 74/113
f 74/113 90/130 91/131 75/114
f 75/114 91/131 92/132 76/115
f 76/115 92/132 93/133 77/116
f 77/116 93/133 94/134 78/117
f 78/117 94/134 95/135 79/118
f 79/118 95/135 96/136 80/119
f 80/119 96/136 81/120 65/103
f 81/120 97/137 98/138 82/121
f 82/121 98/138 99/139 83/122
f 83/122 99/139 100/140 84/123
f 84/123 100/140 101/141 85/124
f 85/125 101/142 102/143 86/126
f 86/126 102/143 103/144 87/127
f 87/127 103/144 104/145 88/128
f 88/128 104/145 105/146 89/129
f 89/129 105/146 106/147 90/130
f 90/130 106/147 107/148 91/131
f 91/131 107/148 108/149 92/132
f 92/132 108/149 109/150 93/133
f 93/133 109/150 110/151 94/134
f 94/134 110/151 111/152 95/135
f 95/135 111/152 112/153 96/136
f 96/136 112/153 97/137 81/120
f 97/137 113/6 114/12 98/138
f 98/138 114/12 115/16 99/139
f 99/139 115/16 116/20 100/140
f 100/140 116/20 117/26 101/141
f 101/142 117/31 118/30 102/143
f 102/143 118/30 119/36 103/144
f 103/144 119/36 120/40 104/145
f 104/145 120/40 121/44 105/146
f 105/146 121/44 122/48 106/147
f 106/147 122/48 123/52 107/148
f 107/148 123/52 124/56 108/149
f 108/149 124/56 125/60 109/150
f 109/150 125/60 126/64 110/151
f 110/151 126/64 127/68 111/152
f 111/152 127/68 128/7 112/153
f 112/153 128/7 113/6 97/137
f 129/154 186/155 185/156 130/157
f 129/158 213/159 216/160 132/161
f 130/157 185/156 171/162 146/163
f 130/157 214/164 213/159 129/154
f 131/165 188/166 192/167 132/168
f 131/169 215/170 218/171 134/172
f 132/168 192/167 186/155 129/158
f 132/161 216/160 215/170 131/165
f 133/173 191/174 187/175 134/176
f 133/177 217/178 219/179 135/180
f 134/172 187/175 188/166 131/169
f 134/176 218/171 217/178 133/173
f 135/180 190/181 191/174 133/177
f 135/180 219/179 220/182 136/183
f 136/183 189/184 190/181 135/180
f 136/183 220/182 222/185 138/186
f 137/187 221/188 266/189 182/190
f 137/187 333/191 338/192 221/188
f 138/186 183/193 189/184 136/183
f 138/186 222/185 225/194 141/195
f 139/196 180/197 184/198 140/199
f 139/200 223/201 227/202 143/203
f 140/199 184/198 179/204 142/205
f 140/199 224/206 223/201 139/196
f 141/195 178/207 183/193 138/186
f 141/195 225/194 226/208 142/209
f 142/209 179/204 178/207 141/195
f 142/205 226/208 224/206 140/199
f 143/203 181/210 180/197 139/200
f 143/203 334/211 335/212 181/210
f 144/213 176/214 177/215 145/216
f 144/217 228/218 234/219 150/220
f 145/216 177/215 198/221 165/222
f 145/216 229/223 228/218 144/213
f 146/163 171/162 172/224 147/225
f 146/163 230/226 214/164 130/157
f 147/225 172/224 173/227 148/228
f 147/225 231/229 230/226 146/163
f 148/228 173/227 174/230 149/231
f 148/228 232/232 231/229 147/225
f 149/231 174/230 175/233 150/234
f 149/231 233/235 232/232 148/228
f 150/234 175/233 176/214 144/217
f 150/234 234/219 233/235 149/231
f 151/236 206/237 212/238 154/239
f 151/240 235/241 236/242 152/243
f 152/243 205/244 206/237 151/240
f 152/243 236/242 250/245 166/246
f 153/247 208/248 207/249 156/250
f 153/251 237/252 238/253 154/254
f 154/254 212/238 208/248 153/251
f 154/239 238/253 235/241 151/236
f 155/255 211/256 210/257 157/258
f 155/259 239/260 240/261 156/262
f 156/262 207/249 211/256 155/259
f 156/250 240/261 237/252 153/247
f 157/258 210/257 209/263 158/264
f 157/258 241/265 239/260 155/255
f 158/264 209/263 203/266 159/267
f 158/264 242/268 241/265 157/258
f 159/267 203/266 199/269 162/270
f 159/267 243/271 242/268 158/264
f 160/272 244/273 245/274 161/275
f 160/272 297/276 323/277 244/273
f 161/275 204/278 201/279 160/272
f 161/275 245/274 247/280 163/281
f 162/270 199/269 200/282 163/283
f 162/270 246/284 243/271 159/267
f 163/283 200/282 204/278 161/275
f 163/281 247/280 246/284 162/270
f 164/285 411/286 420/287 202/288
f 165/222 198/221 197/289 170/290
f 165/222 249/291 229/223 145/216
f 166/246 193/292 205/244 152/243
f 166/246 250/245 251/293 167/294
f 167/294 194/295 193/292 166/246
f 167/294 251/293 252/296 168/297
f 168/297 195/298 194/295 167/294
f 168/297 252/296 253/299 169/300
f 169/300 196/301 195/298 168/297
f 169/300 253/299 254/302 170/303
f 170/290 197/289 196/301 169/300
f 170/303 254/302 249/291 165/222
f 171/162 255/304 256/305 172/224
f 172/224 256/305 257/306 173/227
f 173/227 257/306 258/307 174/230
f 174/230 258/307 259/308 175/233
f 175/233 259/308 260/309 176/214
f 176/214 260/309 261/310 177/215
f 177/215 261/310 282/311 198/221
f 178/207 262/312 267/313 183/193
f 179/204 263/314 262/312 178/207
f 180/197 264/315 268/316 184/198
f 181/210 265/317 264/315 180/197
f 181/210 335/212 340/318 265/317
f 182/190 336/319 333/191 137/187
f 183/193 267/313 273/320 189/184
f 184/198 268/316 263/314 179/204
f 185/156 269/321 255/304 171/162
f 186/155 270/322 269/321 185/156
f 187/175 271/323 272/324 188/166
f 188/166 272/324 276/325 192/167
f 189/184 273/320 274/326 190/181
f 190/181 274/326 275/327 191/174
f 191/174 275/327 271/323 187/175
f 192/167 276/325 270/322 186/155
f 193/292 277/328 289/329 205/244
f 194/295 278/330 277/328 193/292
f 195/298 279/331 278/330 194/295
f 196/301 280/332 279/331 195/298
f 197/289 281/333 280/332 196/301
f 198/221 282/311 281/333 197/289
f 199/269 283/334 284/335 200/282
f 200/282 284/335 288/336 204/278
f 201/279 306/337 297/276 160/272
f 202/288 286/338 248/339 164/285
f 202/288 420/287 394/340 286/338
f 203/266 287/341 283/334 199/269
f 204/278 288/336 285/342 201/279
f 205/244 289/329 290/343 206/237
f 206/237 290/343 296/344 212/238
f 207/249 291/345 295/346 211/256
f 208/248 292/347 291/345 207/249
f 209/263 293/348 287/341 203/266
f 210/257 294/349 293/348 209/263
f 211/256 295/346 294/349 210/257
f 212/238 296/344 292/347 208/248
f 213/350 270/351 276/352 216/353
f 214/354 269/355 270/351 213/350
f 215/356 272/357 271/358 218/359
f 216/353 276/352 272/357 215/356
f 217/360 275/361 274/362 219/363
f 218/359 271/358 275/361 217/360
f 219/363 274/362 273/364 220/365
f 220/365 273/364 267/366 222/367
f 221/368 338/369 339/370 266/371
f 222/367 267/366 262/372 225/373
f 223/374 264/375 265/376 227/377
f 224/378 268/379 264/375 223/374
f 225/373 262/372 263/380 226/381
f 226/381 263/380 268/379 224/378
f 227/202 337/382 334/211 143/203
f 228/383 260/384 259/385 234/386
f 229/387 261/388 260/384 228/383
f 230/389 255/390 269/355 214/354
f 231/391 256/392 255/390 230/389
f 232/393 257/394 256/392 231/391
f 233/395 258/396 257/394 232/393
f 234/386 259/385 258/396 233/395
f 235/397 290/398 289/399 236/400
f 236/400 289/399 277/401 250/402
f 237/403 292/404 296/405 238/406
f 238/406 296/405 290/398 235/397
f 239/407 295/408 291/409 240/410
f 240/410 291/409 292/404 237/403
f 241/411 294/412 295/408 239/407
f 242/413 293/414 294/412 241/411
f 243/415 287/416 293/414 242/413
f 244/417 285/418 288/419 245/420
f 244/417 323/421 332/422 285/418
f 245/420 288/419 284/423 247/424
f 246/425 283/426 287/416 243/415
f 247/424 284/423 283/426 246/425
f 248/339 385/427 411/286 164/285
f 249/428 282/429 261/388 229/387
f 250/402 277/401 278/430 251/431
f 251/431 278/430 279/432 252/433
f 252/433 279/432 280/434 253/435
f 253/435 280/434 281/436 254/437
f 254/437 281/436 282/429 249/428
f 265/376 340/438 337/439 227/377
f 266/189 339/440 336/319 182/190
f 285/342 332/441 306/337 201/279
f 286/442 394/443 385/444 248/445
f 297/276 306/337 307/446 298/447
f 298/447 307/446 308/448 299/449
f 298/447 322/450 323/277 297/276
f 299/449 308/448 309/451 300/452
f 299/449 321/453 322/450 298/447
f 300/452 320/454 321/453 299/449
f 300/452 341/455 367/456 320/454
f 301/457 310/458 311/459 302/460
f 301/457 349/461 358/462 310/458
f 302/460 311/459 312/463 303/464
f 302/460 318/465 319/466 301/457
f 303/464 312/463 313/467 304/468
f 303/464 317/469 318/465 302/460
f 304/468 313/467 314/470 305/471
f 304/468 316/472 317/469 303/464
f 305/471 315/473 316/472 304/468
f 305/471 403/474 393/475 315/473
f 306/337 332/441 331/476 307/446
f 307/446 331/476 330/477 308/448
f 308/448 330/477 329/478 309/451
f 309/451 350/479 341/455 300/452
f 310/458 328/480 327/481 311/459
f 310/458 358/462 368/482 328/480
f 311/459 327/481 326/483 312/463
f 312/463 326/483 325/484 313/467
f 313/467 325/484 324/485 314/470
f 314/470 412/486 403/474 305/471
f 315/487 324/488 325/489 316/490
f 315/487 393/491 402/492 324/488
f 316/490 325/489 326/493 317/494
f 317/494 326/493 327/495 318/496
f 318/496 327/495 328/497 319/498
f 319/466 359/499 349/461 301/457
f 320/500 329/501 330/502 321/503
f 320/500 367/504 376/505 329/501
f 321/503 330/502 331/506 322/507
f 322/507 331/506 332/422 323/421
f 324/485 402/508 412/486 314/470
f 328/497 368/509 359/510 319/498
f 329/478 376/511 350/479 309/451
f 333/191 336/319 335/212 334/211
f 334/211 337/382 338/192 333/191
f 336/319 339/440 340/318 335/212
f 337/439 340/438 339/370 338/369
f 341/455 350/479 351/512 342/513
f 342/513 351/512 352/514 343/515
f 342/513 366/516 367/456 341/455
f 343/515 365/517 366/516 342/513
f 343/515 377/518 379/519 365/517
f 344/520 353/521 354/522 345/523
f 344/520 383/524 384/525 353/521
f 345/523 354/522 355/526 346/527
f 345/523 363/528 364/529 344/520
f 346/527 355/526 356/530 347/531
f 346/527 362/532 363/528 345/523
f 347/531 356/530 357/533 348/534
f 347/531 361/535 362/532 346/527
f 348/534 357/533 358/462 349/461
f 348/534 360/536 361/535 347/531
f 349/461 359/499 360/536 348/534
f 350/479 376/511 375/537 351/512
f 351/512 375/537 374/538 352/514
f 352/514 378/539 377/518 343/515
f 353/521 373/540 372/541 354/522
f 353/521 384/525 382/542 373/540
f 354/522 372/541 371/543 355/526
f 355/526 371/543 370/544 356/530
f 356/530 370/544 369/545 357/533
f 357/533 369/545 368/482 358/462
f 359/510 368/509 369/546 360/547
f 360/547 369/546 370/548 361/549
f 361/549 370/548 371/550 362/551
f 362/551 371/550 372/552 363/553
f 363/553 372/552 373/554 364/555
f 364/529 381/556 383/524 344/520
f 365/557 374/558 375/559 366/560
f 365/557 379/561 380/562 374/558
f 366/560 375/559 376/505 367/504
f 373/554 382/563 381/564 364/555
f 374/538 380/565 378/539 352/514
f 377/518 383/524 381/556 379/519
f 378/539 384/525 383/524 377/518
f 379/561 381/564 382/563 380/562
f 380/565 382/542 384/525 378/539
f 385/444 394/443 395/566 386/567
f 386/567 395/566 396/568 387/569
f 386/570 410/571 411/286 385/427
f 387/569 396/568 397/572 388/573
f 387/574 409/575 410/571 386/570
f 388/573 397/572 398/576 389/577
f 388/578 408/579 409/575 387/574
f 389/577 398/576 399/580 390/581
f 389/582 407/583 408/579 388/578
f 390/581 399/580 400/584 391/585
f 390/586 406/587 407/583 389/582
f 391/585 400/584 401/588 392/589
f 391/590 405/591 406/587 390/586
f 392/589 401/588 402/492 393/491
f 392/592 404/593 405/591 391/590
f 393/475 403/474 404/593 392/592
f 394/340 420/287 419/594 395/595
f 395/595 419/594 418/596 396/597
f 396/597 418/596 417/598 397/599
f 397/599 417/598 416/600 398/601
f 398/601 416/600 415/602 399/603
f 399/603 415/602 414/604 400/605
f 400/605 414/604 413/606 401/607
f 401/607 413/606 412/486 402/508
f 403/474 412/486 413/606 404/593
f 404/593 413/606 414/604 405/591
f 405/591 414/604 415/602 406/587
f 406/587 415/602 416/600 407/583
f 407/583 416/600 417/598 408/579
f 408/579 417/598 418/596 409/575
f 409/575 418/596 419/594 410/571
f 410/571 419/594 420/287 411/286
f 421/608 499/609 500/610 431/611
f 421/612 636/613 644/614 483/615
f 422/616 484/617 485/618 423/619
f 422/616 499/620 507/621 484/617
f 423/619 429/622 430/623 422/616
f 423/619 1024/624 1023/625 429/622
f 424/626 486/627 487/628 425/629
f 424/626 1024/630 1025/631 486/627
f 425/629 433/632 432/633 424/626
f 425/629 487/628 488/634 426/635
f 426/635 434/636 433/632 425/629
f 426/635 488/634 489/637 427/638
f 427/638 435/639 434/636 426/635
f 427/638 489/637 490/640 428/641
f 428/641 436/642 435/639 427/638
f 428/641 2071/643 2073/644 436/642
f 429/622 437/645 438/646 430/623
f 429/622 1023/625 1022/647 437/645
f 430/623 500/610 499/609 422/616
f 431/611 500/610 501/648 439/649
f 431/611 632/650 636/613 421/608
f 432/633 1023/625 1024/624 424/626
f 433/632 441/651 440/652 432/633
f 434/636 442/653 441/651 433/632
f 435/639 443/654 442/653 434/636
f 436/642 444/655 443/654 435/639
f 436/642 2073/644 2075/656 444/655
f 437/645 445/657 446/658 438/646
f 437/645 1022/647 1021/659 445/657
f 438/646 501/648 500/610 430/623
f 439/649 501/648 502/660 447/661
f 439/649 600/662 632/650 431/611
f 440/652 1022/647 1023/625 432/633
f 441/651 449/663 448/664 440/652
f 442/653 450/665 449/663 441/651
f 443/654 451/666 450/665 442/653
f 444/655 452/667 451/666 443/654
f 444/655 2075/656 2077/668 452/667
f 445/657 453/669 454/670 446/658
f 445/657 1021/659 1020/671 453/669
f 446/658 502/660 501/648 438/646
f 447/661 502/660 503/672 455/673
f 447/661 589/674 600/662 439/649
f 448/664 1021/659 1022/647 440/652
f 449/663 460/675 456/676 448/664
f 449/663 520/677 555/678 460/675
f 450/665 578/679 520/677 449/663
f 451/666 577/680 578/679 450/665
f 452/667 576/681 577/680 451/666
f 452/667 2077/668 2094/682 576/681
f 453/669 563/683 564/684 454/670
f 453/669 1020/671 1019/685 563/683
f 454/670 503/672 502/660 446/658
f 454/670 564/684 565/686 503/672
f 455/673 528/687 589/674 447/661
f 455/673 566/688 529/689 528/687
f 456/676 1020/671 1021/659 448/664
f 457/690 548/691 523/692 458/693
f 457/690 574/694 573/695 548/691
f 457/690 1234/696 1256/697 574/694
f 458/693 523/692 522/698 459/699
f 458/693 1211/700 1234/696 457/690
f 459/699 1210/701 1211/700 458/693
f 459/699 2079/702 2578/703 1210/701
f 460/675 561/704 559/705 456/676
f 461/706 652/707 661/708 491/709
f 461/706 699/710 693/711 652/707
f 462/712 492/713 493/714 463/715
f 462/712 504/716 508/717 492/713
f 462/712 698/718 704/719 504/716
f 463/715 697/720 698/718 462/712
f 463/715 1027/721 1026/722 697/720
f 464/723 494/724 495/725 465/726
f 464/723 1027/727 1028/728 494/724
f 465/726 495/725 496/729 466/730
f 465/726 702/731 703/732 464/723
f 466/730 496/729 497/733 467/734
f 466/730 701/735 702/731 465/726
f 467/734 497/733 498/736 468/737
f 467/734 700/738 701/735 466/730
f 468/737 705/739 700/738 467/734
f 468/737 2080/740 2115/741 705/739
f 469/742 505/743 508/744 491/745
f 469/746 670/747 680/748 477/749
f 470/750 478/751 479/752 471/753
f 470/750 505/754 506/755 478/751
f 471/753 493/714 492/713 470/750
f 471/753 1029/756 1028/757 493/714
f 472/758 480/759 481/760 473/761
f 472/758 1029/762 1030/763 480/759
f 473/761 481/760 482/764 474/765
f 473/761 495/725 494/724 472/758
f 474/765 686/766 495/725 473/761
f 475/767 688/768 657/769 476/770
f 476/771 498/736 497/733 475/772
f 476/771 2082/773 2086/774 498/736
f 477/749 506/755 505/754 469/746
f 477/749 712/775 718/776 506/755
f 478/751 713/777 714/778 479/752
f 479/752 1030/763 1029/762 471/753
f 480/759 715/779 716/780 481/760
f 480/759 1030/763 1031/781 715/779
f 481/760 716/780 717/782 482/764
f 482/783 685/784 675/785 474/786
f 482/783 717/787 727/788 685/784
f 483/615 507/621 499/620 421/612
f 483/789 699/790 704/791 507/792
f 484/793 698/718 697/720 485/794
f 485/618 1025/631 1024/630 423/619
f 486/795 703/732 702/731 487/796
f 486/795 1025/797 1026/798 703/732
f 487/796 702/731 701/735 488/799
f 488/799 701/735 700/738 489/800
f 489/800 700/738 705/739 490/801
f 490/640 2084/802 2071/643 428/641
f 491/745 508/744 504/716 461/706
f 491/709 661/708 670/747 469/742
f 492/713 508/717 505/743 470/750
f 493/714 1028/757 1027/727 463/715
f 494/724 1028/728 1029/756 472/758
f 495/725 686/766 676/803 496/729
f 497/733 496/729 676/803 475/772
f 498/736 2086/774 2080/740 468/737
f 503/672 565/686 566/688 455/673
f 504/716 704/719 699/790 461/706
f 506/755 718/776 713/777 478/751
f 507/792 704/791 698/718 484/793
f 509/804 1787/805 1788/806 510/807
f 510/807 1788/806 1803/808 556/809
f 511/810 1789/811 1825/812 1018/813
f 512/814 1790/815 1789/811 511/810
f 513/816 1791/817 1790/815 512/814
f 514/818 539/819 538/820 515/821
f 514/822 579/823 582/824 517/825
f 515/821 538/820 537/826 516/827
f 515/821 580/828 579/823 514/818
f 516/827 581/829 580/828 515/821
f 516/827 1204/830 1262/831 581/829
f 517/825 536/832 539/819 514/822
f 517/825 582/824 583/833 518/834
f 518/834 535/835 536/832 517/825
f 518/834 583/833 584/836 519/837
f 519/837 534/838 535/835 518/834
f 519/837 584/836 585/839 524/840
f 520/677 578/679 552/841 554/842
f 521/843 560/844 562/845 555/846
f 521/843 571/847 569/848 560/844
f 522/698 2090/849 2079/702 459/699
f 523/692 553/850 575/851 522/698
f 524/840 533/852 534/838 519/837
f 524/840 585/839 586/853 525/854
f 525/854 532/855 533/852 524/840
f 525/854 586/853 587/856 526/857
f 526/857 531/858 532/855 525/854
f 526/857 587/856 588/859 527/860
f 527/860 530/861 531/858 526/857
f 527/860 588/859 589/862 528/863
f 528/863 529/864 530/861 527/860
f 529/864 1884/865 1883/866 530/861
f 530/861 1883/866 1882/867 531/858
f 531/858 1882/867 1881/868 532/855
f 532/855 1881/868 1880/869 533/852
f 533/852 1880/869 1879/870 534/838
f 534/838 1879/870 1878/871 535/835
f 535/835 1878/871 1877/872 536/832
f 536/832 1877/872 1874/873 539/819
f 537/826 1225/874 1204/830 516/827
f 537/826 1876/875 1897/876 1225/874
f 538/820 1875/877 1876/875 537/826
f 539/819 1874/873 1875/877 538/820
f 540/878 1792/879 1795/880 543/881
f 541/882 1793/883 1792/879 540/878
f 542/884 1794/885 1793/883 541/882
f 543/881 1795/880 1796/886 544/887
f 544/887 1796/886 1797/888 545/889
f 545/889 1797/888 1798/890 546/891
f 546/891 1798/890 1799/892 547/893
f 547/893 1799/892 1800/894 549/895
f 548/691 552/896 553/850 523/692
f 548/691 573/695 554/842 552/896
f 549/895 1800/894 1801/897 550/898
f 550/898 1801/897 1802/899 551/900
f 551/901 1802/902 1805/903 558/904
f 552/896 578/679 577/680 553/850
f 553/850 577/680 576/681 575/851
f 554/842 521/843 555/846 520/677
f 554/842 573/695 571/847 521/843
f 555/678 562/845 561/704 460/675
f 556/809 1803/808 1806/905 567/906
f 557/907 1804/908 1787/805 509/804
f 558/904 1805/903 1791/817 513/816
f 559/705 1019/685 1020/671 456/676
f 559/705 1886/909 1890/910 1019/685
f 560/844 1885/911 1870/912 562/845
f 561/704 1869/913 1886/909 559/705
f 562/845 1870/912 1869/913 561/704
f 563/683 1871/914 1872/915 564/684
f 564/684 1872/915 1873/916 565/686
f 565/686 1873/916 1887/917 566/688
f 566/688 1887/917 1884/918 529/689
f 567/906 1806/905 1807/919 568/920
f 568/920 1807/919 1847/921 1253/922
f 569/848 571/847 572/923 570/924
f 569/848 1888/925 1885/911 560/844
f 570/924 1889/926 1888/925 569/848
f 571/847 573/695 574/694 572/923
f 572/923 1255/927 1254/928 570/924
f 574/694 1256/697 1255/927 572/923
f 575/851 2091/929 2090/849 522/698
f 576/681 2094/682 2091/929 575/851
f 579/823 590/930 593/931 582/824
f 580/828 591/932 590/930 579/823
f 581/829 592/933 591/932 580/828
f 581/829 1262/831 1272/934 592/933
f 582/824 593/931 594/935 583/833
f 583/833 594/935 595/936 584/836
f 584/836 595/936 596/937 585/839
f 585/839 596/937 597/938 586/853
f 586/853 597/938 598/939 587/856
f 587/856 598/939 599/940 588/859
f 588/859 599/940 600/941 589/862
f 590/930 617/942 613/943 593/931
f 591/932 621/944 617/942 590/930
f 592/933 625/945 621/944 591/932
f 592/933 1272/934 1301/946 625/945
f 593/931 613/943 609/947 594/935
f 594/935 609/947 605/948 595/936
f 595/936 605/948 601/949 596/937
f 596/937 601/949 629/950 597/938
f 597/938 629/950 630/951 598/939
f 598/939 630/951 631/952 599/940
f 599/940 631/952 632/953 600/941
f 601/949 605/948 606/954 602/955
f 601/949 637/956 633/957 629/950
f 602/955 606/954 607/958 603/959
f 602/955 638/960 637/956 601/949
f 603/959 647/961 638/960 602/955
f 603/959 1040/962 1053/963 647/961
f 604/964 1072/965 1073/966 608/967
f 604/968 2095/969 2118/970 711/971
f 605/948 609/947 610/972 606/954
f 606/954 610/972 611/973 607/958
f 607/958 1041/974 1040/962 603/959
f 608/967 1073/966 1074/975 612/976
f 608/967 2097/977 2095/969 604/964
f 609/947 613/943 614/978 610/972
f 610/972 614/978 615/979 611/973
f 611/973 1042/980 1041/974 607/958
f 612/976 1074/975 1075/981 616/982
f 612/976 2099/983 2097/977 608/967
f 613/943 617/942 618/984 614/978
f 614/978 618/984 619/985 615/979
f 615/979 1043/986 1042/980 611/973
f 616/982 1075/981 1076/987 620/988
f 616/982 2101/989 2099/983 612/976
f 617/942 621/944 622/990 618/984
f 618/984 622/990 623/991 619/985
f 619/985 1044/992 1043/986 615/979
f 620/988 1076/987 1077/993 624/994
f 620/988 2103/995 2101/989 616/982
f 621/944 625/945 626/996 622/990
f 622/990 626/996 627/997 623/991
f 623/991 1045/998 1044/992 619/985
f 624/994 1077/993 1078/999 628/1000
f 624/994 2105/1001 2103/995 620/988
f 625/945 1301/946 1302/1002 626/996
f 626/996 1302/1002 1303/1003 627/997
f 627/997 1046/1004 1045/998 623/991
f 627/997 1303/1003 1721/1005 1046/1004
f 628/1000 2107/1006 2105/1001 624/994
f 629/950 633/957 634/1007 630/951
f 630/951 634/1007 635/1008 631/952
f 631/952 635/1008 636/1009 632/953
f 633/957 641/1010 642/1011 634/1007
f 634/1007 642/1011 643/1012 635/1008
f 635/1008 643/1012 644/1013 636/1009
f 637/956 645/1014 641/1010 633/957
f 638/960 646/1015 645/1014 637/956
f 638/960 647/961 639/1016 646/1015
f 639/1017 710/1018 690/1019 646/1020
f 639/1017 1047/1021 1052/1022 710/1018
f 640/1023 1079/1024 1103/1025 711/1026
f 640/1027 2109/1028 2111/1029 648/1030
f 641/1031 695/1032 694/1033 642/1034
f 642/1034 694/1033 692/1035 643/1036
f 643/1036 692/1035 693/1037 644/1038
f 644/1039 693/711 699/710 483/789
f 645/1040 696/1041 695/1032 641/1031
f 646/1020 690/1019 696/1041 645/1040
f 647/961 1053/963 1047/1042 639/1016
f 648/1043 691/1044 689/1045 640/1046
f 648/1030 2111/1029 2113/1047 657/1048
f 649/1049 658/1050 659/1051 650/1052
f 649/1053 695/1032 696/1041 653/1054
f 650/1052 659/1051 660/1055 651/1056
f 650/1052 694/1033 695/1032 649/1049
f 651/1056 660/1055 661/1057 652/1058
f 651/1056 692/1035 694/1033 650/1052
f 652/1058 693/1037 692/1035 651/1056
f 653/1054 662/1059 658/1050 649/1053
f 653/1054 696/1041 690/1019 654/1060
f 654/1060 663/1061 662/1059 653/1054
f 654/1060 706/1062 707/1063 663/1061
f 655/1064 689/1045 691/1044 656/1065
f 655/1064 1080/1066 1084/1067 689/1045
f 656/1065 665/1068 664/1069 655/1064
f 656/1065 687/1070 666/1071 665/1068
f 656/1065 691/1044 688/1072 687/1070
f 657/769 688/768 691/1044 648/1043
f 657/1048 2113/1047 2082/1073 476/1074
f 658/1050 667/1075 668/1076 659/1051
f 659/1051 668/1076 669/1077 660/1055
f 660/1055 669/1077 670/1078 661/1057
f 662/1059 671/1079 667/1075 658/1050
f 663/1061 672/1080 671/1079 662/1059
f 663/1061 707/1063 708/1081 672/1080
f 664/1069 1081/1082 1080/1066 655/1064
f 665/1068 674/1083 673/1084 664/1069
f 666/1071 675/1085 674/1083 665/1068
f 666/1071 687/1070 676/1086 686/1087
f 667/1075 677/1088 678/1089 668/1076
f 668/1076 678/1089 679/1090 669/1077
f 669/1077 679/1090 680/1091 670/1078
f 671/1079 681/1092 677/1088 667/1075
f 672/1080 682/1093 681/1092 671/1079
f 672/1080 708/1081 709/1094 682/1093
f 673/1084 1082/1095 1081/1082 664/1069
f 674/1083 684/1096 683/1097 673/1084
f 675/1085 666/1071 686/1087 474/786
f 675/785 685/784 684/1096 674/1083
f 676/1086 687/1070 688/1072 475/767
f 677/1088 719/1098 720/1099 678/1089
f 678/1089 720/1099 721/1100 679/1090
f 679/1090 721/1100 722/1101 680/1091
f 680/748 722/1102 712/775 477/749
f 681/1092 723/1103 719/1098 677/1088
f 682/1093 724/1104 723/1103 681/1092
f 683/1097 1083/1105 1082/1095 673/1084
f 684/1096 726/1106 725/1107 683/1097
f 685/784 727/788 726/1106 684/1096
f 689/1045 1084/1067 1079/1108 640/1046
f 690/1019 710/1018 706/1062 654/1060
f 697/720 1026/722 1025/797 485/794
f 703/732 1026/798 1027/721 464/723
f 705/739 2115/741 2084/1109 490/801
f 706/1062 1048/1110 1049/1111 707/1063
f 707/1063 1049/1111 1050/1112 708/1081
f 708/1081 1050/1112 1051/1113 709/1094
f 709/1094 728/1114 724/1104 682/1093
f 709/1094 1051/1113 1054/1115 728/1114
f 710/1018 1052/1022 1048/1110 706/1062
f 711/1026 1103/1025 1072/965 604/968
f 711/971 2118/970 2109/1028 640/1023
f 712/775 729/1116 735/1117 718/776
f 713/777 730/1118 731/1119 714/778
f 714/778 1031/781 1030/763 479/752
f 715/779 732/1120 733/1121 716/780
f 715/779 1031/781 1032/1122 732/1120
f 716/780 733/1121 734/1123 717/782
f 717/787 734/1124 744/1125 727/788
f 718/776 735/1117 730/1118 713/777
f 719/1098 736/1126 737/1127 720/1099
f 720/1099 737/1127 738/1128 721/1100
f 721/1100 738/1128 739/1129 722/1101
f 722/1102 739/1130 729/1116 712/775
f 723/1103 740/1131 736/1126 719/1098
f 724/1104 741/1132 740/1131 723/1103
f 725/1107 1085/1133 1083/1105 683/1097
f 726/1106 743/1134 742/1135 725/1107
f 727/788 744/1125 743/1134 726/1106
f 728/1114 745/1136 741/1132 724/1104
f 728/1114 1054/1115 1055/1137 745/1136
f 729/1116 746/1138 752/1139 735/1117
f 730/1118 747/1140 748/1141 731/1119
f 731/1119 1032/1122 1031/781 714/778
f 732/1120 749/1142 750/1143 733/1121
f 732/1120 1032/1122 1033/1144 749/1142
f 733/1121 750/1143 751/1145 734/1123
f 734/1124 751/1146 761/1147 744/1125
f 735/1117 752/1139 747/1140 730/1118
f 736/1126 753/1148 754/1149 737/1127
f 737/1127 754/1149 755/1150 738/1128
f 738/1128 755/1150 756/1151 739/1129
f 739/1130 756/1152 746/1138 729/1116
f 740/1131 757/1153 753/1148 736/1126
f 741/1132 758/1154 757/1153 740/1131
f 742/1135 1086/1155 1085/1133 725/1107
f 743/1134 760/1156 759/1157 742/1135
f 744/1125 761/1147 760/1156 743/1134
f 745/1136 762/1158 758/1154 741/1132
f 745/1136 1055/1137 1056/1159 762/1158
f 746/1138 1808/1160 1814/1161 752/1139
f 747/1140 1809/1162 1810/1163 748/1141
f 748/1141 1033/1144 1032/1122 731/1119
f 748/1141 1810/1163 1826/1164 1033/1144
f 749/1142 1811/1165 1812/1166 750/1143
f 750/1143 1812/1166 1813/1167 751/1145
f 751/1146 1813/1168 1823/1169 761/1147
f 752/1139 1814/1161 1809/1162 747/1140
f 753/1148 1815/1170 1816/1171 754/1149
f 754/1149 1816/1171 1817/1172 755/1150
f 755/1150 1817/1172 1818/1173 756/1151
f 756/1152 1818/1174 1808/1160 746/1138
f 757/1153 1819/1175 1815/1170 753/1148
f 758/1154 1820/1176 1819/1175 757/1153
f 759/1157 1087/1177 1086/1155 742/1135
f 759/1157 1821/1178 1828/1179 1087/1177
f 760/1156 1822/1180 1821/1178 759/1157
f 761/1147 1823/1169 1822/1180 760/1156
f 762/1158 1824/1181 1820/1176 758/1154
f 763/1182 780/1183 786/1184 769/1185
f 763/1186 1911/1187 1931/1188 773/1189
f 764/1190 781/1191 782/1192 765/1193
f 764/1194 1913/1195 1923/1196 769/1197
f 765/1193 1915/1198 1913/1195 764/1190
f 766/1199 783/1200 784/1201 767/1202
f 766/1199 1034/1203 1035/1204 783/1200
f 766/1199 1917/1205 1945/1206 1034/1203
f 767/1202 784/1201 785/1207 768/1208
f 767/1202 1919/1209 1917/1205 766/1199
f 768/1208 785/1207 795/1210 778/1211
f 768/1208 1921/1212 1919/1209 767/1202
f 769/1185 786/1184 781/1191 764/1194
f 769/1197 1923/1196 1911/1187 763/1182
f 770/1213 787/1214 788/1215 771/1216
f 770/1217 1925/1218 1933/1219 774/1220
f 771/1216 788/1215 789/1221 772/1222
f 771/1216 1927/1223 1925/1218 770/1213
f 772/1222 789/1221 790/1224 773/1225
f 772/1222 1929/1226 1927/1223 771/1216
f 773/1189 790/1227 780/1183 763/1186
f 773/1225 1931/1228 1929/1226 772/1222
f 774/1220 791/1229 787/1214 770/1217
f 774/1220 1933/1219 1935/1230 775/1231
f 775/1231 792/1232 791/1229 774/1220
f 775/1231 1935/1230 1943/1233 779/1234
f 776/1235 1937/1236 1939/1237 777/1238
f 777/1238 794/1239 793/1240 776/1235
f 777/1238 1939/1237 1941/1241 778/1242
f 778/1211 795/1210 794/1239 777/1238
f 778/1211 1941/1241 1921/1212 768/1208
f 779/1234 796/1243 792/1232 775/1231
f 779/1234 1057/1244 1058/1245 796/1243
f 779/1234 1943/1233 1947/1246 1057/1244
f 780/1183 797/1247 803/1248 786/1184
f 781/1191 798/1249 799/1250 782/1192
f 782/1192 1035/1204 1034/1203 765/1193
f 783/1200 800/1251 801/1252 784/1201
f 783/1200 1035/1204 1112/1253 800/1251
f 784/1201 801/1252 802/1254 785/1207
f 785/1207 802/1254 812/1255 795/1210
f 786/1184 803/1248 798/1249 781/1191
f 787/1214 804/1256 805/1257 788/1215
f 788/1215 805/1257 806/1258 789/1221
f 789/1221 806/1258 807/1259 790/1224
f 790/1227 807/1260 797/1247 780/1183
f 791/1229 808/1261 804/1256 787/1214
f 792/1232 809/1262 808/1261 791/1229
f 793/1240 1089/1263 1088/1264 776/1235
f 794/1239 811/1265 810/1266 793/1240
f 795/1210 812/1255 811/1265 794/1239
f 796/1243 813/1267 809/1262 792/1232
f 796/1243 1058/1245 1059/1268 813/1267
f 797/1247 814/1269 820/1270 803/1248
f 798/1249 815/1271 816/1272 799/1250
f 799/1250 1112/1253 1035/1204 782/1192
f 800/1251 817/1273 818/1274 801/1252
f 800/1251 1112/1253 1111/1275 817/1273
f 801/1252 818/1274 819/1276 802/1254
f 802/1254 819/1276 829/1277 812/1255
f 803/1248 820/1270 815/1271 798/1249
f 804/1256 821/1278 822/1279 805/1257
f 805/1257 822/1279 823/1280 806/1258
f 806/1258 823/1280 824/1281 807/1259
f 807/1260 824/1282 814/1269 797/1247
f 808/1261 825/1283 821/1278 804/1256
f 809/1262 826/1284 825/1283 808/1261
f 810/1266 1090/1285 1089/1263 793/1240
f 811/1265 828/1286 827/1287 810/1266
f 812/1255 829/1277 828/1286 811/1265
f 813/1267 830/1288 826/1284 809/1262
f 813/1267 1059/1268 1060/1289 830/1288
f 814/1269 831/1290 837/1291 820/1270
f 815/1271 832/1292 833/1293 816/1272
f 816/1272 1111/1275 1112/1253 799/1250
f 817/1273 834/1294 835/1295 818/1274
f 817/1273 1111/1275 1110/1296 834/1294
f 818/1274 835/1295 836/1297 819/1276
f 819/1276 836/1297 846/1298 829/1277
f 820/1270 837/1291 832/1292 815/1271
f 821/1278 838/1299 839/1300 822/1279
f 822/1279 839/1300 840/1301 823/1280
f 823/1280 840/1301 841/1302 824/1281
f 824/1282 841/1303 831/1290 814/1269
f 825/1283 842/1304 838/1299 821/1278
f 826/1284 843/1305 842/1304 825/1283
f 827/1287 1091/1306 1090/1285 810/1266
f 828/1286 845/1307 844/1308 827/1287
f 829/1277 846/1298 845/1307 828/1286
f 830/1288 847/1309 843/1305 826/1284
f 830/1288 1060/1289 1061/1310 847/1309
f 831/1290 848/1311 854/1312 837/1291
f 832/1292 849/1313 850/1314 833/1293
f 833/1293 1110/1296 1111/1275 816/1272
f 834/1294 851/1315 852/1316 835/1295
f 834/1294 1110/1296 1109/1317 851/1315
f 835/1295 852/1316 853/1318 836/1297
f 836/1297 853/1318 863/1319 846/1298
f 837/1291 854/1312 849/1313 832/1292
f 838/1299 855/1320 856/1321 839/1300
f 839/1300 856/1321 857/1322 840/1301
f 840/1301 857/1322 858/1323 841/1302
f 841/1303 858/1324 848/1311 831/1290
f 842/1304 859/1325 855/1320 838/1299
f 843/1305 860/1326 859/1325 842/1304
f 844/1308 1092/1327 1091/1306 827/1287
f 845/1307 862/1328 861/1329 844/1308
f 846/1298 863/1319 862/1328 845/1307
f 847/1309 864/1330 860/1326 843/1305
f 847/1309 1061/1310 1062/1331 864/1330
f 848/1311 865/1332 871/1333 854/1312
f 849/1313 866/1334 867/1335 850/1314
f 850/1314 1109/1317 1110/1296 833/1293
f 851/1315 868/1336 869/1337 852/1316
f 851/1315 1109/1317 1108/1338 868/1336
f 852/1316 869/1337 870/1339 853/1318
f 853/1318 870/1339 880/1340 863/1319
f 854/1312 871/1333 866/1334 849/1313
f 855/1320 872/1341 873/1342 856/1321
f 856/1321 873/1342 874/1343 857/1322
f 857/1322 874/1343 875/1344 858/1323
f 858/1324 875/1345 865/1332 848/1311
f 859/1325 876/1346 872/1341 855/1320
f 860/1326 877/1347 876/1346 859/1325
f 861/1329 1093/1348 1092/1327 844/1308
f 862/1328 879/1349 878/1350 861/1329
f 863/1319 880/1340 879/1349 862/1328
f 864/1330 881/1351 877/1347 860/1326
f 864/1330 1062/1331 1063/1352 881/1351
f 865/1332 882/1353 888/1354 871/1333
f 866/1334 883/1355 884/1356 867/1335
f 867/1335 1108/1338 1109/1317 850/1314
f 868/1336 885/1357 886/1358 869/1337
f 868/1336 1108/1338 1107/1359 885/1357
f 869/1337 886/1358 887/1360 870/1339
f 870/1339 887/1360 897/1361 880/1340
f 871/1333 888/1354 883/1355 866/1334
f 872/1341 889/1362 890/1363 873/1342
f 873/1342 890/1363 891/1364 874/1343
f 874/1343 891/1364 892/1365 875/1344
f 875/1345 892/1366 882/1353 865/1332
f 876/1346 893/1367 889/1362 872/1341
f 877/1347 894/1368 893/1367 876/1346
f 878/1350 1094/1369 1093/1348 861/1329
f 879/1349 896/1370 895/1371 878/1350
f 880/1340 897/1361 896/1370 879/1349
f 881/1351 898/1372 894/1368 877/1347
f 881/1351 1063/1352 1064/1373 898/1372
f 882/1353 899/1374 905/1375 888/1354
f 883/1355 900/1376 901/1377 884/1356
f 884/1356 1107/1359 1108/1338 867/1335
f 885/1357 902/1378 903/1379 886/1358
f 885/1357 1107/1359 1106/1380 902/1378
f 886/1358 903/1379 904/1381 887/1360
f 887/1360 904/1381 914/1382 897/1361
f 888/1354 905/1375 900/1376 883/1355
f 889/1362 906/1383 907/1384 890/1363
f 890/1363 907/1384 908/1385 891/1364
f 891/1364 908/1385 909/1386 892/1365
f 892/1366 909/1387 899/1374 882/1353
f 893/1367 910/1388 906/1383 889/1362
f 894/1368 911/1389 910/1388 893/1367
f 895/1371 1095/1390 1094/1369 878/1350
f 896/1370 913/1391 912/1392 895/1371
f 897/1361 914/1382 913/1391 896/1370
f 898/1372 915/1393 911/1389 894/1368
f 898/1372 1064/1373 1065/1394 915/1393
f 899/1374 916/1395 922/1396 905/1375
f 900/1376 917/1397 918/1398 901/1377
f 901/1377 1106/1380 1107/1359 884/1356
f 902/1378 919/1399 920/1400 903/1379
f 902/1378 1106/1380 1104/1401 919/1399
f 903/1379 920/1400 921/1402 904/1381
f 904/1381 921/1402 931/1403 914/1382
f 905/1375 922/1396 917/1397 900/1376
f 906/1383 923/1404 924/1405 907/1384
f 907/1384 924/1405 925/1406 908/1385
f 908/1385 925/1406 926/1407 909/1386
f 909/1387 926/1408 916/1395 899/1374
f 910/1388 927/1409 923/1404 906/1383
f 911/1389 928/1410 927/1409 910/1388
f 912/1392 1096/1411 1095/1390 895/1371
f 913/1391 930/1412 929/1413 912/1392
f 914/1382 931/1403 930/1412 913/1391
f 915/1393 932/1414 928/1410 911/1389
f 915/1393 1065/1394 1066/1415 932/1414
f 916/1395 933/1416 939/1417 922/1396
f 917/1397 934/1418 935/1419 918/1398
f 918/1398 1104/1401 1106/1380 901/1377
f 919/1399 936/1420 937/1421 920/1400
f 919/1399 1104/1401 1105/1422 936/1420
f 920/1400 937/1421 938/1423 921/1402
f 921/1402 938/1423 948/1424 931/1403
f 922/1396 939/1417 934/1418 917/1397
f 923/1404 940/1425 941/1426 924/1405
f 924/1405 941/1426 942/1427 925/1406
f 925/1406 942/1427 943/1428 926/1407
f 926/1408 943/1429 933/1416 916/1395
f 927/1409 944/1430 940/1425 923/1404
f 928/1410 945/1431 944/1430 927/1409
f 929/1413 1097/1432 1096/1411 912/1392
f 930/1412 947/1433 946/1434 929/1413
f 931/1403 948/1424 947/1433 930/1412
f 932/1414 949/1435 945/1431 928/1410
f 932/1414 1066/1415 1067/1436 949/1435
f 933/1416 950/1437 956/1438 939/1417
f 934/1418 951/1439 952/1440 935/1419
f 935/1419 1105/1422 1104/1401 918/1398
f 936/1420 953/1441 954/1442 937/1421
f 936/1420 1105/1422 1039/1443 953/1441
f 937/1421 954/1442 955/1444 938/1423
f 938/1423 955/1444 965/1445 948/1424
f 939/1417 956/1438 951/1439 934/1418
f 940/1425 957/1446 958/1447 941/1426
f 941/1426 958/1447 959/1448 942/1427
f 942/1427 959/1448 960/1449 943/1428
f 943/1429 960/1450 950/1437 933/1416
f 944/1430 961/1451 957/1446 940/1425
f 945/1431 962/1452 961/1451 944/1430
f 946/1434 1098/1453 1097/1432 929/1413
f 947/1433 964/1454 963/1455 946/1434
f 948/1424 965/1445 964/1454 947/1433
f 949/1435 966/1456 962/1452 945/1431
f 949/1435 1067/1436 1068/1457 966/1456
f 950/1437 967/1458 973/1459 956/1438
f 951/1439 968/1460 969/1461 952/1440
f 952/1440 1039/1443 1105/1422 935/1419
f 953/1441 970/1462 971/1463 954/1442
f 953/1441 1039/1443 1036/1464 970/1462
f 954/1442 971/1463 972/1465 955/1444
f 955/1444 972/1465 982/1466 965/1445
f 956/1438 973/1459 968/1460 951/1439
f 957/1446 974/1467 975/1468 958/1447
f 958/1447 975/1468 976/1469 959/1448
f 959/1448 976/1469 977/1470 960/1449
f 960/1450 977/1471 967/1458 950/1437
f 961/1451 978/1472 974/1467 957/1446
f 962/1452 979/1473 978/1472 961/1451
f 963/1455 1099/1474 1098/1453 946/1434
f 964/1454 981/1475 980/1476 963/1455
f 965/1445 982/1466 981/1475 964/1454
f 966/1456 983/1477 979/1473 962/1452
f 966/1456 1068/1457 1069/1478 983/1477
f 967/1458 984/1479 990/1480 973/1459
f 968/1460 985/1481 986/1482 969/1461
f 969/1461 1036/1464 1039/1443 952/1440
f 970/1462 987/1483 988/1484 971/1463
f 970/1462 1036/1464 1037/1485 987/1483
f 971/1463 988/1484 989/1486 972/1465
f 972/1465 989/1486 999/1487 982/1466
f 973/1459 990/1480 985/1481 968/1460
f 974/1467 991/1488 992/1489 975/1468
f 975/1468 992/1489 993/1490 976/1469
f 976/1469 993/1490 994/1491 977/1470
f 977/1471 994/1492 984/1479 967/1458
f 978/1472 995/1493 991/1488 974/1467
f 979/1473 996/1494 995/1493 978/1472
f 980/1476 1100/1495 1099/1474 963/1455
f 981/1475 998/1496 997/1497 980/1476
f 982/1466 999/1487 998/1496 981/1475
f 983/1477 1000/1498 996/1494 979/1473
f 983/1477 1069/1478 1070/1499 1000/1498
f 984/1479 1001/1500 1007/1501 990/1480
f 985/1481 1002/1502 1003/1503 986/1482
f 986/1482 1037/1485 1036/1464 969/1461
f 987/1483 1004/1504 1005/1505 988/1484
f 987/1483 1037/1485 1038/1506 1004/1504
f 988/1484 1005/1505 1006/1507 989/1486
f 989/1486 1006/1507 1016/1508 999/1487
f 990/1480 1007/1501 1002/1502 985/1481
f 991/1488 1008/1509 1009/1510 992/1489
f 992/1489 1009/1510 1010/1511 993/1490
f 993/1490 1010/1511 1011/1512 994/1491
f 994/1492 1011/1513 1001/1500 984/1479
f 995/1493 1012/1514 1008/1509 991/1488
f 996/1494 1013/1515 1012/1514 995/1493
f 997/1497 1101/1516 1100/1495 980/1476
f 998/1496 1015/1517 1014/1518 997/1497
f 999/1487 1016/1508 1015/1517 998/1496
f 1000/1498 1017/1519 1013/1515 996/1494
f 1000/1498 1070/1499 1071/1520 1017/1519
f 1001/1500 1992/1521 1991/1522 1007/1501
f 1002/1502 2010/1523 2009/1524 1003/1503
f 1003/1503 1038/1506 1037/1485 986/1482
f 1003/1503 2009/1524 2008/1525 1038/1506
f 1004/1504 2007/1526 2006/1527 1005/1505
f 1005/1505 2006/1527 2005/1528 1006/1507
f 1006/1507 2005/1528 2004/1529 1016/1508
f 1007/1501 1991/1522 2010/1523 1002/1502
f 1008/1509 1996/1530 1995/1531 1009/1510
f 1009/1510 1995/1531 1994/1532 1010/1511
f 1010/1511 1994/1532 1993/1533 1011/1512
f 1011/1513 1993/1534 1992/1521 1001/1500
f 1012/1514 1997/1535 1996/1530 1008/1509
f 1013/1515 1998/1536 1997/1535 1012/1514
f 1014/1518 1102/1537 1101/1516 997/1497
f 1014/1518 2002/1538 2001/1539 1102/1537
f 1015/1517 2003/1540 2002/1538 1014/1518
f 1016/1508 2004/1529 2003/1540 1015/1517
f 1017/1519 1999/1541 1998/1536 1013/1515
f 1018/813 1825/812 1804/908 557/907
f 1019/685 1890/910 1871/914 563/683
f 1033/1144 1826/1164 1811/1165 749/1142
f 1034/1203 1945/1206 1915/1198 765/1193
f 1038/1506 2008/1525 2007/1526 1004/1504
f 1040/962 1072/965 1103/1025 1053/963
f 1041/974 1073/966 1072/965 1040/962
f 1042/980 1074/975 1073/966 1041/974
f 1043/986 1075/981 1074/975 1042/980
f 1044/992 1076/987 1075/981 1043/986
f 1045/998 1077/993 1076/987 1044/992
f 1046/1004 1078/999 1077/993 1045/998
f 1046/1004 1721/1005 1752/1542 1078/999
f 1047/1021 1079/1108 1084/1067 1052/1022
f 1048/1110 1080/1066 1081/1082 1049/1111
f 1049/1111 1081/1082 1082/1095 1050/1112
f 1050/1112 1082/1095 1083/1105 1051/1113
f 1051/1113 1083/1105 1085/1133 1054/1115
f 1052/1022 1084/1067 1080/1066 1048/1110
f 1053/963 1103/1025 1079/1024 1047/1042
f 1054/1115 1085/1133 1086/1155 1055/1137
f 1055/1137 1086/1155 1087/1177 1056/1159
f 1056/1159 1827/1543 1824/1181 762/1158
f 1057/1244 1088/1264 1089/1263 1058/1245
f 1057/1244 1947/1246 1949/1544 1088/1264
f 1058/1245 1089/1263 1090/1285 1059/1268
f 1059/1268 1090/1285 1091/1306 1060/1289
f 1060/1289 1091/1306 1092/1327 1061/1310
f 1061/1310 1092/1327 1093/1348 1062/1331
f 1062/1331 1093/1348 1094/1369 1063/1352
f 1063/1352 1094/1369 1095/1390 1064/1373
f 1064/1373 1095/1390 1096/1411 1065/1394
f 1065/1394 1096/1411 1097/1432 1066/1415
f 1066/1415 1097/1432 1098/1453 1067/1436
f 1067/1436 1098/1453 1099/1474 1068/1457
f 1068/1457 1099/1474 1100/1495 1069/1478
f 1069/1478 1100/1495 1101/1516 1070/1499
f 1070/1499 1101/1516 1102/1537 1071/1520
f 1071/1520 2000/1545 1999/1541 1017/1519
f 1078/999 1752/1542 1304/1546 628/1000
f 1087/1177 1828/1179 1827/1543 1056/1159
f 1088/1264 1949/1544 1937/1236 776/1235
f 1102/1537 2001/1539 2000/1545 1071/1520
f 1113/1547 1188/1548 1196/1549 1172/1550
f 1113/1551 1312/1552 1308/1553 1123/1554
f 1114/1555 1122/1556 1121/1557 1115/1558
f 1114/1555 1188/1559 1189/1560 1122/1556
f 1115/1558 1174/1561 1173/1562 1114/1555
f 1115/1558 1700/1563 1701/1564 1174/1561
f 1116/1565 1124/1566 1125/1567 1117/1568
f 1116/1565 1700/1569 1699/1570 1124/1566
f 1117/1568 1125/1567 1126/1571 1118/1572
f 1117/1568 1176/1573 1175/1574 1116/1565
f 1118/1572 1126/1571 1127/1575 1119/1576
f 1118/1572 1177/1577 1176/1573 1117/1568
f 1119/1576 1127/1575 1128/1578 1120/1579
f 1119/1576 1178/1580 1177/1577 1118/1572
f 1120/1579 1179/1581 1178/1580 1119/1576
f 1120/1579 2561/1582 2573/1583 1179/1581
f 1121/1557 1699/1570 1700/1569 1115/1558
f 1122/1556 1130/1584 1129/1585 1121/1557
f 1122/1556 1189/1560 1190/1586 1130/1584
f 1123/1554 1189/1560 1188/1559 1113/1551
f 1123/1554 1308/1553 1280/1587 1131/1588
f 1124/1566 1132/1589 1133/1590 1125/1567
f 1124/1566 1699/1570 1698/1591 1132/1589
f 1125/1567 1133/1590 1134/1592 1126/1571
f 1126/1571 1134/1592 1135/1593 1127/1575
f 1127/1575 1135/1593 1136/1594 1128/1578
f 1128/1578 2563/1595 2561/1582 1120/1579
f 1129/1585 1698/1591 1699/1570 1121/1557
f 1130/1584 1138/1596 1137/1597 1129/1585
f 1130/1584 1190/1586 1191/1598 1138/1596
f 1131/1588 1190/1586 1189/1560 1123/1554
f 1131/1588 1280/1587 1270/1599 1139/1600
f 1132/1589 1140/1601 1141/1602 1133/1590
f 1132/1589 1698/1591 1697/1603 1140/1601
f 1133/1590 1141/1602 1142/1604 1134/1592
f 1134/1592 1142/1604 1143/1605 1135/1593
f 1135/1593 1143/1605 1144/1606 1136/1594
f 1136/1594 2565/1607 2563/1595 1128/1578
f 1137/1597 1697/1603 1698/1591 1129/1585
f 1138/1596 1146/1608 1145/1609 1137/1597
f 1138/1596 1191/1598 1192/1610 1146/1608
f 1139/1600 1191/1598 1190/1586 1131/1588
f 1139/1600 1270/1599 1216/1611 1147/1612
f 1140/1601 1148/1613 1149/1614 1141/1602
f 1140/1601 1697/1603 1696/1615 1148/1613
f 1141/1602 1208/1616 1260/1617 1142/1604
f 1142/1604 1260/1617 1259/1618 1143/1605
f 1143/1605 1259/1618 1258/1619 1144/1606
f 1144/1606 2567/1620 2565/1607 1136/1594
f 1145/1609 1696/1615 1697/1603 1137/1597
f 1146/1608 1250/1621 1249/1622 1145/1609
f 1147/1612 1192/1610 1191/1598 1139/1600
f 1147/1612 1252/1623 1251/1624 1192/1610
f 1148/1613 1245/1625 1247/1626 1149/1614
f 1148/1613 1696/1615 1695/1627 1245/1625
f 1149/1614 1241/1628 1208/1616 1141/1602
f 1149/1614 1247/1626 1248/1629 1241/1628
f 1150/1630 1193/1631 1197/1632 1180/1633
f 1150/1630 1375/1634 1380/1635 1193/1631
f 1151/1636 1374/1637 1373/1638 1152/1639
f 1152/1639 1182/1640 1181/1641 1151/1636
f 1152/1639 1703/1642 1704/1643 1182/1640
f 1153/1644 1379/1645 1378/1646 1154/1647
f 1153/1644 1703/1648 1702/1649 1379/1645
f 1154/1647 1184/1650 1183/1651 1153/1644
f 1154/1647 1378/1646 1377/1652 1155/1653
f 1155/1653 1185/1654 1184/1650 1154/1647
f 1155/1653 1377/1652 1376/1655 1156/1656
f 1156/1656 1186/1657 1185/1654 1155/1653
f 1156/1656 1376/1655 1381/1658 1157/1659
f 1157/1659 1187/1660 1186/1657 1156/1656
f 1157/1661 2569/1662 2575/1663 1187/1664
f 1158/1665 1194/1666 1195/1667 1166/1668
f 1158/1669 1346/1670 1337/1671 1180/1672
f 1159/1673 1181/1641 1182/1640 1160/1674
f 1159/1673 1194/1675 1197/1676 1181/1641
f 1160/1674 1168/1677 1167/1678 1159/1673
f 1160/1674 1705/1679 1706/1680 1168/1677
f 1161/1681 1183/1651 1184/1650 1162/1682
f 1161/1681 1705/1683 1704/1684 1183/1651
f 1162/1682 1170/1685 1169/1686 1161/1681
f 1162/1682 1184/1650 1362/1687 1163/1688
f 1163/1688 1171/1689 1170/1685 1162/1682
f 1163/1690 1351/1691 1361/1692 1171/1693
f 1163/1690 1362/1694 1342/1695 1351/1691
f 1164/1696 1186/1657 1187/1660 1165/1697
f 1164/1696 1352/1698 1185/1654 1186/1657
f 1164/1699 1364/1700 1363/1701 1352/1702
f 1165/1703 1333/1704 1364/1700 1164/1699
f 1165/1705 2571/1706 2599/1707 1333/1708
f 1166/1668 1356/1709 1346/1670 1158/1665
f 1166/1668 1388/1710 1398/1711 1356/1709
f 1167/1678 1195/1667 1194/1666 1159/1673
f 1167/1678 1389/1712 1394/1713 1195/1667
f 1168/1677 1390/1714 1389/1712 1167/1678
f 1168/1677 1706/1680 1707/1715 1390/1714
f 1169/1686 1706/1680 1705/1679 1161/1681
f 1170/1685 1392/1716 1391/1717 1169/1686
f 1171/1689 1393/1718 1392/1716 1170/1685
f 1172/1550 1320/1719 1312/1552 1113/1547
f 1172/1720 1375/1721 1369/1722 1320/1723
f 1173/1562 1196/1549 1188/1548 1114/1555
f 1173/1724 1374/1725 1380/1726 1196/1727
f 1174/1728 1373/1638 1374/1637 1173/1724
f 1174/1728 1701/1729 1702/1730 1373/1638
f 1175/1574 1701/1564 1700/1563 1116/1565
f 1176/1731 1378/1646 1379/1645 1175/1732
f 1177/1733 1377/1652 1378/1646 1176/1731
f 1178/1734 1376/1655 1377/1652 1177/1733
f 1179/1735 1381/1658 1376/1655 1178/1734
f 1179/1581 2573/1583 2601/1736 1381/1737
f 1180/1672 1197/1632 1194/1675 1158/1669
f 1180/1672 1337/1671 1328/1738 1150/1630
f 1181/1641 1197/1676 1193/1631 1151/1636
f 1182/1640 1704/1643 1705/1683 1160/1674
f 1183/1651 1704/1684 1703/1642 1153/1644
f 1185/1654 1352/1698 1362/1687 1184/1650
f 1187/1664 2575/1663 2571/1739 1165/1740
f 1192/1610 1251/1624 1250/1621 1146/1608
f 1193/1631 1380/1635 1374/1725 1151/1636
f 1195/1667 1394/1713 1388/1710 1166/1668
f 1196/1727 1380/1726 1375/1634 1172/1720
f 1198/1741 1829/1742 1845/1743 1243/1744
f 1199/1745 1830/1746 1829/1742 1198/1741
f 1200/1747 1831/1748 1832/1749 1201/1750
f 1201/1750 1832/1749 1833/1751 1202/1752
f 1202/1752 1833/1751 1846/1753 1244/1754
f 1203/1755 1226/1756 1224/1757 1205/1758
f 1203/1759 1261/1760 1262/831 1204/830
f 1204/830 1225/874 1226/1756 1203/1759
f 1205/1758 1224/1757 1223/1761 1206/1762
f 1205/1758 1263/1763 1261/1760 1203/1755
f 1206/1762 1223/1761 1222/1764 1207/1765
f 1206/1762 1264/1766 1263/1763 1205/1758
f 1207/1765 1222/1764 1221/1767 1212/1768
f 1207/1765 1265/1769 1264/1766 1206/1762
f 1208/1616 1241/1628 1209/1770 1240/1771
f 1209/1770 1255/927 1256/697 1240/1771
f 1210/701 1257/1772 1239/1773 1211/700
f 1210/701 2578/703 2579/1774 1257/1772
f 1211/700 1239/1773 1238/1775 1234/696
f 1212/1768 1221/1767 1220/1776 1213/1777
f 1212/1768 1266/1778 1265/1769 1207/1765
f 1213/1777 1220/1776 1219/1779 1214/1780
f 1213/1777 1267/1781 1266/1778 1212/1768
f 1214/1780 1219/1779 1218/1782 1215/1783
f 1214/1780 1268/1784 1267/1781 1213/1777
f 1215/1783 1218/1782 1217/1785 1216/1786
f 1215/1783 1269/1787 1268/1784 1214/1780
f 1216/1611 1217/1788 1252/1623 1147/1612
f 1216/1786 1270/1789 1269/1787 1215/1783
f 1217/1788 1905/1790 1908/1791 1252/1623
f 1218/1782 1904/1792 1905/1793 1217/1785
f 1219/1779 1903/1794 1904/1792 1218/1782
f 1220/1776 1902/1795 1903/1794 1219/1779
f 1221/1767 1901/1796 1902/1795 1220/1776
f 1222/1764 1900/1797 1901/1796 1221/1767
f 1223/1761 1899/1798 1900/1797 1222/1764
f 1224/1757 1898/1799 1899/1798 1223/1761
f 1225/874 1897/876 1896/1800 1226/1756
f 1226/1756 1896/1800 1898/1799 1224/1757
f 1227/1801 1834/1802 1835/1803 1228/1804
f 1228/1804 1835/1803 1794/885 542/884
f 1229/1805 1836/1806 1834/1802 1227/1801
f 1230/1807 1837/1808 1836/1806 1229/1805
f 1231/1809 1838/1810 1837/1808 1230/1807
f 1232/1811 1839/1812 1838/1810 1231/1809
f 1233/1813 1840/1814 1839/1812 1232/1811
f 1235/1815 1841/1816 1840/1814 1233/1813
f 1236/1817 1842/1818 1841/1816 1235/1815
f 1237/1819 1843/1820 1842/1818 1236/1817
f 1238/1775 1240/1771 1256/697 1234/696
f 1239/1773 1259/1618 1260/1617 1238/1775
f 1240/1771 1238/1775 1260/1617 1208/1616
f 1241/1628 1248/1629 1246/1821 1209/1770
f 1242/1822 1844/1823 1830/1746 1199/1745
f 1243/1744 1845/1743 1865/1824 1694/1825
f 1244/1754 1846/1753 1843/1826 1237/1827
f 1245/1625 1907/1828 1891/1829 1247/1626
f 1246/1821 1254/928 1255/927 1209/1770
f 1246/1821 1906/1830 1909/1831 1254/928
f 1247/1626 1891/1829 1892/1832 1248/1629
f 1248/1629 1892/1832 1906/1830 1246/1821
f 1249/1622 1695/1627 1696/1615 1145/1609
f 1249/1622 1893/1833 1910/1834 1695/1627
f 1250/1621 1894/1835 1893/1833 1249/1622
f 1251/1624 1895/1836 1894/1835 1250/1621
f 1252/1623 1908/1791 1895/1836 1251/1624
f 1253/922 1847/921 1844/1823 1242/1822
f 1254/928 1909/1831 1889/926 570/924
f 1257/1772 1258/1619 1259/1618 1239/1773
f 1257/1772 2579/1774 2582/1837 1258/1619
f 1258/1619 2582/1837 2567/1620 1144/1606
f 1261/1760 1271/1838 1272/934 1262/831
f 1263/1763 1273/1839 1271/1838 1261/1760
f 1264/1766 1274/1840 1273/1839 1263/1763
f 1265/1769 1275/1841 1274/1840 1264/1766
f 1266/1778 1276/1842 1275/1841 1265/1769
f 1267/1781 1277/1843 1276/1842 1266/1778
f 1268/1784 1278/1844 1277/1843 1267/1781
f 1269/1787 1279/1845 1278/1844 1268/1784
f 1270/1789 1280/1846 1279/1845 1269/1787
f 1271/1838 1297/1847 1301/946 1272/934
f 1273/1839 1293/1848 1297/1847 1271/1838
f 1274/1840 1289/1849 1293/1848 1273/1839
f 1275/1841 1285/1850 1289/1849 1274/1840
f 1276/1842 1281/1851 1285/1850 1275/1841
f 1277/1843 1305/1852 1281/1851 1276/1842
f 1278/1844 1306/1853 1305/1852 1277/1843
f 1279/1845 1307/1854 1306/1853 1278/1844
f 1280/1846 1308/1855 1307/1854 1279/1845
f 1281/1856 1313/1857 1314/1858 1282/1859
f 1282/1859 1286/1860 1285/1850 1281/1856
f 1282/1859 1314/1858 1323/1861 1283/1862
f 1283/1862 1287/1863 1286/1860 1282/1859
f 1283/1862 1716/1864 1717/1865 1287/1863
f 1284/1866 1747/1867 1777/1868 1387/1869
f 1284/1870 2583/1871 2585/1872 1288/1873
f 1286/1860 1290/1874 1289/1849 1285/1850
f 1287/1863 1291/1875 1290/1874 1286/1860
f 1287/1863 1717/1865 1718/1876 1291/1875
f 1288/1873 1748/1877 1747/1867 1284/1870
f 1288/1873 2585/1872 2587/1878 1292/1879
f 1290/1874 1294/1880 1293/1848 1289/1849
f 1291/1875 1295/1881 1294/1880 1290/1874
f 1291/1875 1718/1876 1719/1882 1295/1881
f 1292/1879 1749/1883 1748/1877 1288/1873
f 1292/1879 2587/1878 2589/1884 1296/1885
f 1294/1880 1298/1886 1297/1847 1293/1848
f 1295/1881 1299/1887 1298/1886 1294/1880
f 1295/1881 1719/1882 1720/1888 1299/1887
f 1296/1885 1750/1889 1749/1883 1292/1879
f 1296/1885 2589/1884 2591/1890 1300/1891
f 1298/1886 1302/1002 1301/946 1297/1847
f 1299/1887 1303/1003 1302/1002 1298/1886
f 1299/1887 1720/1888 1721/1005 1303/1003
f 1300/1891 1751/1892 1750/1889 1296/1885
f 1300/1891 2591/1890 2593/1893 1304/1894
f 1304/1894 1752/1542 1751/1892 1300/1891
f 1304/1546 2593/1893 2107/1006 628/1000
f 1305/1852 1309/1895 1313/1857 1281/1851
f 1306/1853 1310/1896 1309/1895 1305/1852
f 1307/1854 1311/1897 1310/1896 1306/1853
f 1308/1855 1312/1898 1311/1897 1307/1854
f 1309/1895 1317/1899 1321/1900 1313/1857
f 1310/1896 1318/1901 1317/1899 1309/1895
f 1311/1897 1319/1902 1318/1901 1310/1896
f 1312/1898 1320/1903 1319/1902 1311/1897
f 1313/1857 1321/1900 1322/1904 1314/1858
f 1315/1905 1722/1906 1728/1907 1323/1908
f 1316/1909 1365/1910 1367/1911 1324/1912
f 1316/1909 1753/1913 1758/1914 1365/1910
f 1316/1915 2595/1916 2604/1917 1387/1918
f 1317/1919 1371/1920 1372/1921 1321/1922
f 1318/1923 1370/1924 1371/1920 1317/1919
f 1319/1925 1368/1926 1370/1924 1318/1923
f 1320/1927 1369/1928 1368/1926 1319/1925
f 1321/1922 1372/1921 1366/1929 1322/1930
f 1322/1904 1315/1905 1323/1908 1314/1858
f 1322/1930 1366/1929 1386/1931 1315/1932
f 1323/1861 1728/1907 1716/1864 1283/1862
f 1324/1912 1367/1911 1364/1700 1333/1704
f 1324/1933 2597/1934 2595/1916 1316/1915
f 1325/1935 1334/1936 1338/1937 1329/1938
f 1325/1939 1371/1920 1370/1924 1326/1940
f 1326/1940 1335/1941 1334/1936 1325/1939
f 1326/1940 1370/1924 1368/1926 1327/1942
f 1327/1942 1336/1943 1335/1941 1326/1940
f 1327/1942 1368/1926 1369/1928 1328/1944
f 1328/1944 1337/1945 1336/1943 1327/1942
f 1328/1738 1369/1722 1375/1721 1150/1630
f 1329/1938 1338/1937 1339/1946 1330/1947
f 1329/1938 1372/1921 1371/1920 1325/1935
f 1330/1947 1366/1929 1372/1921 1329/1938
f 1330/1947 1382/1948 1386/1931 1366/1929
f 1331/1949 1340/1950 1341/1951 1332/1952
f 1331/1949 1754/1953 1755/1954 1340/1950
f 1332/1952 1367/1911 1365/1910 1331/1949
f 1333/1708 2599/1707 2597/1934 1324/1933
f 1334/1936 1343/1955 1347/1956 1338/1937
f 1335/1941 1344/1957 1343/1955 1334/1936
f 1336/1943 1345/1958 1344/1957 1335/1941
f 1337/1945 1346/1959 1345/1958 1336/1943
f 1338/1937 1347/1956 1348/1960 1339/1946
f 1339/1946 1383/1961 1382/1948 1330/1947
f 1340/1950 1349/1962 1350/1963 1341/1951
f 1340/1950 1755/1954 1756/1964 1349/1962
f 1341/1951 1342/1965 1363/1966 1332/1952
f 1341/1951 1350/1963 1351/1691 1342/1965
f 1343/1955 1353/1967 1357/1968 1347/1956
f 1344/1957 1354/1969 1353/1967 1343/1955
f 1345/1958 1355/1970 1354/1969 1344/1957
f 1346/1959 1356/1971 1355/1970 1345/1958
f 1347/1956 1357/1968 1358/1972 1348/1960
f 1348/1960 1384/1973 1383/1961 1339/1946
f 1349/1962 1359/1974 1360/1975 1350/1963
f 1349/1962 1756/1964 1757/1976 1359/1974
f 1350/1963 1360/1975 1361/1692 1351/1691
f 1353/1967 1395/1977 1399/1978 1357/1968
f 1354/1969 1396/1979 1395/1977 1353/1967
f 1355/1970 1397/1980 1396/1979 1354/1969
f 1356/1971 1398/1981 1397/1980 1355/1970
f 1357/1968 1399/1978 1400/1982 1358/1972
f 1358/1972 1385/1983 1384/1973 1348/1960
f 1358/1972 1400/1982 1404/1984 1385/1983
f 1359/1974 1401/1985 1402/1986 1360/1975
f 1359/1974 1757/1976 1759/1987 1401/1985
f 1360/1975 1402/1986 1403/1988 1361/1692
f 1361/1692 1403/1988 1393/1989 1171/1693
f 1362/1694 1352/1702 1363/1701 1342/1695
f 1363/1966 1364/1700 1367/1911 1332/1952
f 1365/1910 1758/1914 1754/1953 1331/1949
f 1373/1638 1702/1730 1703/1648 1152/1639
f 1379/1645 1702/1649 1701/1729 1175/1732
f 1381/1737 2601/1736 2569/1662 1157/1661
f 1382/1948 1723/1990 1727/1991 1386/1931
f 1383/1961 1724/1992 1723/1990 1382/1948
f 1384/1973 1725/1993 1724/1992 1383/1961
f 1385/1983 1726/1994 1725/1993 1384/1973
f 1386/1931 1727/1991 1722/1995 1315/1932
f 1387/1869 1777/1868 1753/1996 1316/1915
f 1387/1869 2604/1917 2583/1871 1284/1866
f 1388/1710 1405/1997 1415/1998 1398/1711
f 1389/1712 1406/1999 1411/2000 1394/1713
f 1390/1714 1407/2001 1406/1999 1389/1712
f 1390/1714 1707/1715 1708/2002 1407/2001
f 1391/1717 1707/1715 1706/1680 1169/1686
f 1392/1716 1409/2003 1408/2004 1391/1717
f 1393/1718 1410/2005 1409/2003 1392/1716
f 1394/1713 1411/2000 1405/1997 1388/1710
f 1395/1977 1412/2006 1416/2007 1399/1978
f 1396/1979 1413/2008 1412/2006 1395/1977
f 1397/1980 1414/2009 1413/2008 1396/1979
f 1398/1981 1415/2010 1414/2009 1397/1980
f 1399/1978 1416/2007 1417/2011 1400/1982
f 1400/1982 1417/2011 1421/2012 1404/1984
f 1401/1985 1418/2013 1419/2014 1402/1986
f 1401/1985 1759/1987 1760/2015 1418/2013
f 1402/1986 1419/2014 1420/2016 1403/1988
f 1403/1988 1420/2016 1410/2017 1393/1989
f 1404/1984 1729/2018 1726/1994 1385/1983
f 1405/1997 1422/2019 1432/2020 1415/1998
f 1406/1999 1423/2021 1428/2022 1411/2000
f 1407/2001 1424/2023 1423/2021 1406/1999
f 1407/2001 1708/2002 1709/2024 1424/2023
f 1408/2004 1708/2002 1707/1715 1391/1717
f 1409/2003 1426/2025 1425/2026 1408/2004
f 1410/2005 1427/2027 1426/2025 1409/2003
f 1411/2000 1428/2022 1422/2019 1405/1997
f 1412/2006 1429/2028 1433/2029 1416/2007
f 1413/2008 1430/2030 1429/2028 1412/2006
f 1414/2009 1431/2031 1430/2030 1413/2008
f 1415/2010 1432/2032 1431/2031 1414/2009
f 1416/2007 1433/2029 1434/2033 1417/2011
f 1417/2011 1434/2033 1438/2034 1421/2012
f 1418/2013 1435/2035 1436/2036 1419/2014
f 1418/2013 1760/2015 1761/2037 1435/2035
f 1419/2014 1436/2036 1437/2038 1420/2016
f 1420/2016 1437/2038 1427/2039 1410/2017
f 1421/2012 1730/2040 1729/2018 1404/1984
f 1422/2019 1848/2041 1858/2042 1432/2020
f 1423/2021 1849/2043 1854/2044 1428/2022
f 1424/2023 1850/2045 1849/2043 1423/2021
f 1425/2026 1709/2024 1708/2002 1408/2004
f 1425/2026 1851/2046 1866/2047 1709/2024
f 1426/2025 1852/2048 1851/2046 1425/2026
f 1427/2027 1853/2049 1852/2048 1426/2025
f 1428/2022 1854/2044 1848/2041 1422/2019
f 1429/2028 1855/2050 1859/2051 1433/2029
f 1430/2030 1856/2052 1855/2050 1429/2028
f 1431/2031 1857/2053 1856/2052 1430/2030
f 1432/2032 1858/2054 1857/2053 1431/2031
f 1433/2029 1859/2051 1860/2055 1434/2033
f 1434/2033 1860/2055 1864/2056 1438/2034
f 1435/2035 1861/2057 1862/2058 1436/2036
f 1436/2036 1862/2058 1863/2059 1437/2038
f 1437/2038 1863/2059 1853/2060 1427/2039
f 1438/2034 1731/2061 1730/2040 1421/2012
f 1438/2034 1864/2056 1867/2062 1731/2061
f 1439/2063 1456/2064 1466/2065 1449/2066
f 1439/2067 1951/2068 1963/2069 1445/2070
f 1440/2071 1457/2072 1462/2073 1445/2074
f 1440/2075 1953/2076 1955/2077 1441/2078
f 1441/2078 1458/2079 1457/2072 1440/2075
f 1441/2078 1710/2080 1711/2081 1458/2079
f 1441/2078 1955/2077 1985/2082 1710/2080
f 1442/2083 1957/2084 1959/2085 1443/2086
f 1443/2086 1460/2087 1459/2088 1442/2083
f 1443/2086 1959/2085 1961/2089 1444/2090
f 1444/2090 1461/2091 1460/2087 1443/2086
f 1444/2090 1961/2089 1981/2092 1454/2093
f 1445/2070 1462/2073 1456/2064 1439/2067
f 1445/2070 1963/2069 1953/2076 1440/2071
f 1446/2094 1463/2095 1467/2096 1450/2097
f 1446/2098 1965/2099 1967/2100 1447/2101
f 1447/2101 1464/2102 1463/2095 1446/2098
f 1447/2101 1967/2100 1969/2103 1448/2104
f 1448/2104 1465/2105 1464/2102 1447/2101
f 1448/2104 1969/2103 1971/2106 1449/2107
f 1449/2107 1466/2108 1465/2105 1448/2104
f 1449/2066 1971/2109 1951/2068 1439/2063
f 1450/2097 1467/2096 1468/2110 1451/2111
f 1450/2097 1973/2112 1965/2099 1446/2094
f 1451/2111 1468/2110 1472/2113 1455/2114
f 1451/2111 1975/2115 1973/2112 1450/2097
f 1452/2116 1469/2117 1470/2118 1453/2119
f 1452/2116 1762/2120 1763/2121 1469/2117
f 1452/2116 1977/2122 1989/2123 1762/2120
f 1453/2119 1470/2118 1471/2124 1454/2125
f 1453/2119 1979/2126 1977/2122 1452/2116
f 1454/2093 1471/2124 1461/2091 1444/2090
f 1454/2093 1981/2092 1979/2126 1453/2119
f 1455/2114 1983/2127 1975/2115 1451/2111
f 1456/2064 1473/2128 1483/2129 1466/2065
f 1457/2072 1474/2130 1479/2131 1462/2073
f 1458/2079 1475/2132 1474/2130 1457/2072
f 1458/2079 1711/2081 1786/2133 1475/2132
f 1459/2088 1711/2081 1710/2080 1442/2083
f 1460/2087 1477/2134 1476/2135 1459/2088
f 1461/2091 1478/2136 1477/2134 1460/2087
f 1462/2073 1479/2131 1473/2128 1456/2064
f 1463/2095 1480/2137 1484/2138 1467/2096
f 1464/2102 1481/2139 1480/2137 1463/2095
f 1465/2105 1482/2140 1481/2139 1464/2102
f 1466/2108 1483/2141 1482/2140 1465/2105
f 1467/2096 1484/2138 1485/2142 1468/2110
f 1468/2110 1485/2142 1489/2143 1472/2113
f 1469/2117 1486/2144 1487/2145 1470/2118
f 1469/2117 1763/2121 1764/2146 1486/2144
f 1470/2118 1487/2145 1488/2147 1471/2124
f 1471/2124 1488/2147 1478/2136 1461/2091
f 1472/2113 1733/2148 1732/2149 1455/2114
f 1473/2128 1490/2150 1500/2151 1483/2129
f 1474/2130 1491/2152 1496/2153 1479/2131
f 1475/2132 1492/2154 1491/2152 1474/2130
f 1475/2132 1786/2133 1785/2155 1492/2154
f 1476/2135 1786/2133 1711/2081 1459/2088
f 1477/2134 1494/2156 1493/2157 1476/2135
f 1478/2136 1495/2158 1494/2156 1477/2134
f 1479/2131 1496/2153 1490/2150 1473/2128
f 1480/2137 1497/2159 1501/2160 1484/2138
f 1481/2139 1498/2161 1497/2159 1480/2137
f 1482/2140 1499/2162 1498/2161 1481/2139
f 1483/2141 1500/2163 1499/2162 1482/2140
f 1484/2138 1501/2160 1502/2164 1485/2142
f 1485/2142 1502/2164 1506/2165 1489/2143
f 1486/2144 1503/2166 1504/2167 1487/2145
f 1486/2144 1764/2146 1765/2168 1503/2166
f 1487/2145 1504/2167 1505/2169 1488/2147
f 1488/2147 1505/2169 1495/2158 1478/2136
f 1489/2143 1734/2170 1733/2148 1472/2113
f 1490/2150 1507/2171 1517/2172 1500/2151
f 1491/2152 1508/2173 1513/2174 1496/2153
f 1492/2154 1509/2175 1508/2173 1491/2152
f 1492/2154 1785/2155 1784/2176 1509/2175
f 1493/2157 1785/2155 1786/2133 1476/2135
f 1494/2156 1511/2177 1510/2178 1493/2157
f 1495/2158 1512/2179 1511/2177 1494/2156
f 1496/2153 1513/2174 1507/2171 1490/2150
f 1497/2159 1514/2180 1518/2181 1501/2160
f 1498/2161 1515/2182 1514/2180 1497/2159
f 1499/2162 1516/2183 1515/2182 1498/2161
f 1500/2163 1517/2184 1516/2183 1499/2162
f 1501/2160 1518/2181 1519/2185 1502/2164
f 1502/2164 1519/2185 1523/2186 1506/2165
f 1503/2166 1520/2187 1521/2188 1504/2167
f 1503/2166 1765/2168 1766/2189 1520/2187
f 1504/2167 1521/2188 1522/2190 1505/2169
f 1505/2169 1522/2190 1512/2179 1495/2158
f 1506/2165 1735/2191 1734/2170 1489/2143
f 1507/2171 1524/2192 1534/2193 1517/2172
f 1508/2173 1525/2194 1530/2195 1513/2174
f 1509/2175 1526/2196 1525/2194 1508/2173
f 1509/2175 1784/2176 1783/2197 1526/2196
f 1510/2178 1784/2176 1785/2155 1493/2157
f 1511/2177 1528/2198 1527/2199 1510/2178
f 1512/2179 1529/2200 1528/2198 1511/2177
f 1513/2174 1530/2195 1524/2192 1507/2171
f 1514/2180 1531/2201 1535/2202 1518/2181
f 1515/2182 1532/2203 1531/2201 1514/2180
f 1516/2183 1533/2204 1532/2203 1515/2182
f 1517/2184 1534/2205 1533/2204 1516/2183
f 1518/2181 1535/2202 1536/2206 1519/2185
f 1519/2185 1536/2206 1540/2207 1523/2186
f 1520/2187 1537/2208 1538/2209 1521/2188
f 1520/2187 1766/2189 1767/2210 1537/2208
f 1521/2188 1538/2209 1539/2211 1522/2190
f 1522/2190 1539/2211 1529/2200 1512/2179
f 1523/2186 1736/2212 1735/2191 1506/2165
f 1524/2192 1541/2213 1551/2214 1534/2193
f 1525/2194 1542/2215 1547/2216 1530/2195
f 1526/2196 1543/2217 1542/2215 1525/2194
f 1526/2196 1783/2197 1782/2218 1543/2217
f 1527/2199 1783/2197 1784/2176 1510/2178
f 1528/2198 1545/2219 1544/2220 1527/2199
f 1529/2200 1546/2221 1545/2219 1528/2198
f 1530/2195 1547/2216 1541/2213 1524/2192
f 1531/2201 1548/2222 1552/2223 1535/2202
f 1532/2203 1549/2224 1548/2222 1531/2201
f 1533/2204 1550/2225 1549/2224 1532/2203
f 1534/2205 1551/2226 1550/2225 1533/2204
f 1535/2202 1552/2223 1553/2227 1536/2206
f 1536/2206 1553/2227 1557/2228 1540/2207
f 1537/2208 1554/2229 1555/2230 1538/2209
f 1537/2208 1767/2210 1768/2231 1554/2229
f 1538/2209 1555/2230 1556/2232 1539/2211
f 1539/2211 1556/2232 1546/2221 1529/2200
f 1540/2207 1737/2233 1736/2212 1523/2186
f 1541/2213 1558/2234 1568/2235 1551/2214
f 1542/2215 1559/2236 1564/2237 1547/2216
f 1543/2217 1560/2238 1559/2236 1542/2215
f 1543/2217 1782/2218 1781/2239 1560/2238
f 1544/2220 1782/2218 1783/2197 1527/2199
f 1545/2219 1562/2240 1561/2241 1544/2220
f 1546/2221 1563/2242 1562/2240 1545/2219
f 1547/2216 1564/2237 1558/2234 1541/2213
f 1548/2222 1565/2243 1569/2244 1552/2223
f 1549/2224 1566/2245 1565/2243 1548/2222
f 1550/2225 1567/2246 1566/2245 1549/2224
f 1551/2226 1568/2247 1567/2246 1550/2225
f 1552/2223 1569/2244 1570/2248 1553/2227
f 1553/2227 1570/2248 1574/2249 1557/2228
f 1554/2229 1571/2250 1572/2251 1555/2230
f 1554/2229 1768/2231 1769/2252 1571/2250
f 1555/2230 1572/2251 1573/2253 1556/2232
f 1556/2232 1573/2253 1563/2242 1546/2221
f 1557/2228 1738/2254 1737/2233 1540/2207
f 1558/2234 1575/2255 1585/2256 1568/2235
f 1559/2236 1576/2257 1581/2258 1564/2237
f 1560/2238 1577/2259 1576/2257 1559/2236
f 1560/2238 1781/2239 1780/2260 1577/2259
f 1561/2241 1781/2239 1782/2218 1544/2220
f 1562/2240 1579/2261 1578/2262 1561/2241
f 1563/2242 1580/2263 1579/2261 1562/2240
f 1564/2237 1581/2258 1575/2255 1558/2234
f 1565/2243 1582/2264 1586/2265 1569/2244
f 1566/2245 1583/2266 1582/2264 1565/2243
f 1567/2246 1584/2267 1583/2266 1566/2245
f 1568/2247 1585/2268 1584/2267 1567/2246
f 1569/2244 1586/2265 1587/2269 1570/2248
f 1570/2248 1587/2269 1591/2270 1574/2249
f 1571/2250 1588/2271 1589/2272 1572/2251
f 1571/2250 1769/2252 1770/2273 1588/2271
f 1572/2251 1589/2272 1590/2274 1573/2253
f 1573/2253 1590/2274 1580/2263 1563/2242
f 1574/2249 1739/2275 1738/2254 1557/2228
f 1575/2255 1592/2276 1602/2277 1585/2256
f 1576/2257 1593/2278 1598/2279 1581/2258
f 1577/2259 1594/2280 1593/2278 1576/2257
f 1577/2259 1780/2260 1778/2281 1594/2280
f 1578/2262 1780/2260 1781/2239 1561/2241
f 1579/2261 1596/2282 1595/2283 1578/2262
f 1580/2263 1597/2284 1596/2282 1579/2261
f 1581/2258 1598/2279 1592/2276 1575/2255
f 1582/2264 1599/2285 1603/2286 1586/2265
f 1583/2266 1600/2287 1599/2285 1582/2264
f 1584/2267 1601/2288 1600/2287 1583/2266
f 1585/2268 1602/2289 1601/2288 1584/2267
f 1586/2265 1603/2286 1604/2290 1587/2269
f 1587/2269 1604/2290 1608/2291 1591/2270
f 1588/2271 1605/2292 1606/2293 1589/2272
f 1588/2271 1770/2273 1771/2294 1605/2292
f 1589/2272 1606/2293 1607/2295 1590/2274
f 1590/2274 1607/2295 1597/2284 1580/2263
f 1591/2270 1740/2296 1739/2275 1574/2249
f 1592/2276 1609/2297 1619/2298 1602/2277
f 1593/2278 1610/2299 1615/2300 1598/2279
f 1594/2280 1611/2301 1610/2299 1593/2278
f 1594/2280 1778/2281 1779/2302 1611/2301
f 1595/2283 1778/2281 1780/2260 1578/2262
f 1596/2282 1613/2303 1612/2304 1595/2283
f 1597/2284 1614/2305 1613/2303 1596/2282
f 1598/2279 1615/2300 1609/2297 1592/2276
f 1599/2285 1616/2306 1620/2307 1603/2286
f 1600/2287 1617/2308 1616/2306 1599/2285
f 1601/2288 1618/2309 1617/2308 1600/2287
f 1602/2289 1619/2310 1618/2309 1601/2288
f 1603/2286 1620/2307 1621/2311 1604/2290
f 1604/2290 1621/2311 1625/2312 1608/2291
f 1605/2292 1622/2313 1623/2314 1606/2293
f 1605/2292 1771/2294 1772/2315 1622/2313
f 1606/2293 1623/2314 1624/2316 1607/2295
f 1607/2295 1624/2316 1614/2305 1597/2284
f 1608/2291 1741/2317 1740/2296 1591/2270
f 1609/2297 1626/2318 1636/2319 1619/2298
f 1610/2299 1627/2320 1632/2321 1615/2300
f 1611/2301 1628/2322 1627/2320 1610/2299
f 1611/2301 1779/2302 1715/2323 1628/2322
f 1612/2304 1779/2302 1778/2281 1595/2283
f 1613/2303 1630/2324 1629/2325 1612/2304
f 1614/2305 1631/2326 1630/2324 1613/2303
f 1615/2300 1632/2321 1626/2318 1609/2297
f 1616/2306 1633/2327 1637/2328 1620/2307
f 1617/2308 1634/2329 1633/2327 1616/2306
f 1618/2309 1635/2330 1634/2329 1617/2308
f 1619/2310 1636/2331 1635/2330 1618/2309
f 1620/2307 1637/2328 1638/2332 1621/2311
f 1621/2311 1638/2332 1642/2333 1625/2312
f 1622/2313 1639/2334 1640/2335 1623/2314
f 1622/2313 1772/2315 1773/2336 1639/2334
f 1623/2314 1640/2335 1641/2337 1624/2316
f 1624/2316 1641/2337 1631/2326 1614/2305
f 1625/2312 1742/2338 1741/2317 1608/2291
f 1626/2318 1643/2339 1653/2340 1636/2319
f 1627/2320 1644/2341 1649/2342 1632/2321
f 1628/2322 1645/2343 1644/2341 1627/2320
f 1628/2322 1715/2323 1712/2344 1645/2343
f 1629/2325 1715/2323 1779/2302 1612/2304
f 1630/2324 1647/2345 1646/2346 1629/2325
f 1631/2326 1648/2347 1647/2345 1630/2324
f 1632/2321 1649/2342 1643/2339 1626/2318
f 1633/2327 1650/2348 1654/2349 1637/2328
f 1634/2329 1651/2350 1650/2348 1633/2327
f 1635/2330 1652/2351 1651/2350 1634/2329
f 1636/2331 1653/2352 1652/2351 1635/2330
f 1637/2328 1654/2349 1655/2353 1638/2332
f 1638/2332 1655/2353 1659/2354 1642/2333
f 1639/2334 1656/2355 1657/2356 1640/2335
f 1639/2334 1773/2336 1774/2357 1656/2355
f 1640/2335 1657/2356 1658/2358 1641/2337
f 1641/2337 1658/2358 1648/2347 1631/2326
f 1642/2333 1743/2359 1742/2338 1625/2312
f 1643/2339 1660/2360 1670/2361 1653/2340
f 1644/2341 1661/2362 1666/2363 1649/2342
f 1645/2343 1662/2364 1661/2362 1644/2341
f 1645/2343 1712/2344 1713/2365 1662/2364
f 1646/2346 1712/2344 1715/2323 1629/2325
f 1647/2345 1664/2366 1663/2367 1646/2346
f 1648/2347 1665/2368 1664/2366 1647/2345
f 1649/2342 1666/2363 1660/2360 1643/2339
f 1650/2348 1667/2369 1671/2370 1654/2349
f 1651/2350 1668/2371 1667/2369 1650/2348
f 1652/2351 1669/2372 1668/2371 1651/2350
f 1653/2352 1670/2373 1669/2372 1652/2351
f 1654/2349 1671/2370 1672/2374 1655/2353
f 1655/2353 1672/2374 1676/2375 1659/2354
f 1656/2355 1673/2376 1674/2377 1657/2356
f 1656/2355 1774/2357 1775/2378 1673/2376
f 1657/2356 1674/2377 1675/2379 1658/2358
f 1658/2358 1675/2379 1665/2368 1648/2347
f 1659/2354 1744/2380 1743/2359 1642/2333
f 1660/2360 1677/2381 1687/2382 1670/2361
f 1661/2362 1678/2383 1683/2384 1666/2363
f 1662/2364 1679/2385 1678/2383 1661/2362
f 1662/2364 1713/2365 1714/2386 1679/2385
f 1663/2367 1713/2365 1712/2344 1646/2346
f 1664/2366 1681/2387 1680/2388 1663/2367
f 1665/2368 1682/2389 1681/2387 1664/2366
f 1666/2363 1683/2384 1677/2381 1660/2360
f 1667/2369 1684/2390 1688/2391 1671/2370
f 1668/2371 1685/2392 1684/2390 1667/2369
f 1669/2372 1686/2393 1685/2392 1668/2371
f 1670/2373 1687/2394 1686/2393 1669/2372
f 1671/2370 1688/2391 1689/2395 1672/2374
f 1672/2374 1689/2395 1693/2396 1676/2375
f 1673/2376 1690/2397 1691/2398 1674/2377
f 1673/2376 1775/2378 1776/2399 1690/2397
f 1674/2377 1691/2398 1692/2400 1675/2379
f 1675/2379 1692/2400 1682/2389 1665/2368
f 1676/2375 1745/2401 1744/2380 1659/2354
f 1677/2381 2011/2402 2030/2403 1687/2382
f 1678/2383 2013/2404 2012/2405 1683/2384
f 1679/2385 2014/2406 2013/2404 1678/2383
f 1680/2388 1714/2386 1713/2365 1663/2367
f 1680/2388 2016/2407 2015/2408 1714/2386
f 1681/2387 2017/2409 2016/2407 1680/2388
f 1682/2389 2018/2410 2017/2409 1681/2387
f 1683/2384 2012/2405 2011/2402 1677/2381
f 1684/2390 2027/2411 2026/2412 1688/2391
f 1685/2392 2028/2413 2027/2411 1684/2390
f 1686/2393 2029/2414 2028/2413 1685/2392
f 1687/2394 2030/2415 2029/2414 1686/2393
f 1688/2391 2026/2412 2025/2416 1689/2395
f 1689/2395 2025/2416 2024/2417 1693/2396
f 1690/2397 2021/2418 2020/2419 1691/2398
f 1691/2398 2020/2419 2019/2420 1692/2400
f 1692/2400 2019/2420 2018/2410 1682/2389
f 1693/2396 1746/2421 1745/2401 1676/2375
f 1693/2396 2024/2417 2023/2422 1746/2421
f 1694/1825 1865/1824 1831/1748 1200/1747
f 1695/1627 1910/1834 1907/1828 1245/1625
f 1709/2024 1866/2047 1850/2045 1424/2023
f 1710/2080 1985/2082 1957/2084 1442/2083
f 1714/2386 2015/2408 2014/2406 1679/2385
f 1716/1864 1747/1867 1748/1877 1717/1865
f 1717/1865 1748/1877 1749/1883 1718/1876
f 1718/1876 1749/1883 1750/1889 1719/1882
f 1719/1882 1750/1889 1751/1892 1720/1888
f 1720/1888 1751/1892 1752/1542 1721/1005
f 1722/1906 1753/1996 1777/1868 1728/1907
f 1723/1990 1754/1953 1758/1914 1727/1991
f 1724/1992 1755/1954 1754/1953 1723/1990
f 1725/1993 1756/1964 1755/1954 1724/1992
f 1726/1994 1757/1976 1756/1964 1725/1993
f 1727/1991 1758/1914 1753/1913 1722/1995
f 1728/1907 1777/1868 1747/1867 1716/1864
f 1729/2018 1759/1987 1757/1976 1726/1994
f 1730/2040 1760/2015 1759/1987 1729/2018
f 1731/2061 1761/2037 1760/2015 1730/2040
f 1731/2061 1867/2062 1868/2423 1761/2037
f 1732/2149 1987/2424 1983/2127 1455/2114
f 1733/2148 1763/2121 1762/2120 1732/2149
f 1734/2170 1764/2146 1763/2121 1733/2148
f 1735/2191 1765/2168 1764/2146 1734/2170
f 1736/2212 1766/2189 1765/2168 1735/2191
f 1737/2233 1767/2210 1766/2189 1736/2212
f 1738/2254 1768/2231 1767/2210 1737/2233
f 1739/2275 1769/2252 1768/2231 1738/2254
f 1740/2296 1770/2273 1769/2252 1739/2275
f 1741/2317 1771/2294 1770/2273 1740/2296
f 1742/2338 1772/2315 1771/2294 1741/2317
f 1743/2359 1773/2336 1772/2315 1742/2338
f 1744/2380 1774/2357 1773/2336 1743/2359
f 1745/2401 1775/2378 1774/2357 1744/2380
f 1746/2421 1776/2399 1775/2378 1745/2401
f 1746/2421 2023/2422 2022/2425 1776/2399
f 1761/2037 1868/2423 1861/2057 1435/2035
f 1762/2120 1989/2123 1987/2424 1732/2149
f 1776/2399 2022/2425 2021/2418 1690/2397
f 1787/805 1869/913 1870/912 1788/806
f 1788/806 1870/912 1885/911 1803/808
f 1789/811 1871/914 1890/910 1825/812
f 1790/815 1872/915 1871/914 1789/811
f 1791/817 1873/916 1872/915 1790/815
f 1792/879 1874/873 1877/872 1795/880
f 1793/883 1875/877 1874/873 1792/879
f 1794/885 1876/875 1875/877 1793/883
f 1795/880 1877/872 1878/871 1796/886
f 1796/886 1878/871 1879/870 1797/888
f 1797/888 1879/870 1880/869 1798/890
f 1798/890 1880/869 1881/868 1799/892
f 1799/892 1881/868 1882/867 1800/894
f 1800/894 1882/867 1883/866 1801/897
f 1801/897 1883/866 1884/865 1802/899
f 1802/902 1884/918 1887/917 1805/903
f 1803/808 1885/911 1888/925 1806/905
f 1804/908 1886/909 1869/913 1787/805
f 1805/903 1887/917 1873/916 1791/817
f 1806/905 1888/925 1889/926 1807/919
f 1807/919 1889/926 1909/1831 1847/921
f 1808/1160 1912/2426 1924/2427 1814/1161
f 1809/1162 1914/2428 1916/2429 1810/1163
f 1810/1163 1916/2429 1946/2430 1826/1164
f 1811/1165 1918/2431 1920/2432 1812/1166
f 1812/1166 1920/2432 1922/2433 1813/1167
f 1813/1168 1922/2434 1942/2435 1823/1169
f 1814/1161 1924/2427 1914/2428 1809/1162
f 1815/1170 1926/2436 1928/2437 1816/1171
f 1816/1171 1928/2437 1930/2438 1817/1172
f 1817/1172 1930/2438 1932/2439 1818/1173
f 1818/1174 1932/2440 1912/2426 1808/1160
f 1819/1175 1934/2441 1926/2436 1815/1170
f 1820/1176 1936/2442 1934/2441 1819/1175
f 1821/1178 1938/2443 1950/2444 1828/1179
f 1822/1180 1940/2445 1938/2443 1821/1178
f 1823/1169 1942/2435 1940/2445 1822/1180
f 1824/1181 1944/2446 1936/2442 1820/1176
f 1825/812 1890/910 1886/909 1804/908
f 1826/1164 1946/2430 1918/2431 1811/1165
f 1827/1543 1948/2447 1944/2446 1824/1181
f 1828/1179 1950/2444 1948/2447 1827/1543
f 1829/1742 1891/1829 1907/1828 1845/1743
f 1830/1746 1892/1832 1891/1829 1829/1742
f 1831/1748 1893/1833 1894/1835 1832/1749
f 1832/1749 1894/1835 1895/1836 1833/1751
f 1833/1751 1895/1836 1908/1791 1846/1753
f 1834/1802 1896/1800 1897/876 1835/1803
f 1835/1803 1897/876 1876/875 1794/885
f 1836/1806 1898/1799 1896/1800 1834/1802
f 1837/1808 1899/1798 1898/1799 1836/1806
f 1838/1810 1900/1797 1899/1798 1837/1808
f 1839/1812 1901/1796 1900/1797 1838/1810
f 1840/1814 1902/1795 1901/1796 1839/1812
f 1841/1816 1903/1794 1902/1795 1840/1814
f 1842/1818 1904/1792 1903/1794 1841/1816
f 1843/1820 1905/1793 1904/1792 1842/1818
f 1844/1823 1906/1830 1892/1832 1830/1746
f 1845/1743 1907/1828 1910/1834 1865/1824
f 1846/1753 1908/1791 1905/1790 1843/1826
f 1847/921 1909/1831 1906/1830 1844/1823
f 1848/2041 1952/2448 1972/2449 1858/2042
f 1849/2043 1954/2450 1964/2451 1854/2044
f 1850/2045 1956/2452 1954/2450 1849/2043
f 1851/2046 1958/2453 1986/2454 1866/2047
f 1852/2048 1960/2455 1958/2453 1851/2046
f 1853/2049 1962/2456 1960/2455 1852/2048
f 1854/2044 1964/2451 1952/2448 1848/2041
f 1855/2050 1966/2457 1974/2458 1859/2051
f 1856/2052 1968/2459 1966/2457 1855/2050
f 1857/2053 1970/2460 1968/2459 1856/2052
f 1858/2054 1972/2461 1970/2460 1857/2053
f 1859/2051 1974/2458 1976/2462 1860/2055
f 1860/2055 1976/2462 1984/2463 1864/2056
f 1861/2057 1978/2464 1980/2465 1862/2058
f 1862/2058 1980/2465 1982/2466 1863/2059
f 1863/2059 1982/2466 1962/2467 1853/2060
f 1864/2056 1984/2463 1988/2468 1867/2062
f 1865/1824 1910/1834 1893/1833 1831/1748
f 1866/2047 1986/2454 1956/2452 1850/2045
f 1867/2062 1988/2468 1990/2469 1868/2423
f 1868/2423 1990/2469 1978/2464 1861/2057
f 1911/2470 1923/2471 1924/2427 1912/2426
f 1912/2426 1932/2440 1931/2472 1911/2470
f 1913/2473 1915/2474 1916/2429 1914/2428
f 1914/2428 1924/2427 1923/2471 1913/2473
f 1915/2474 1945/2475 1946/2430 1916/2429
f 1917/2476 1919/2477 1920/2432 1918/2431
f 1918/2431 1946/2430 1945/2475 1917/2476
f 1919/2477 1921/2478 1922/2433 1920/2432
f 1921/2479 1941/2480 1942/2435 1922/2434
f 1925/2481 1927/2482 1928/2437 1926/2436
f 1926/2436 1934/2441 1933/2483 1925/2481
f 1927/2482 1929/2484 1930/2438 1928/2437
f 1929/2484 1931/2485 1932/2439 1930/2438
f 1934/2441 1936/2442 1935/2486 1933/2483
f 1936/2442 1944/2446 1943/2487 1935/2486
f 1937/2488 1949/2489 1950/2444 1938/2443
f 1938/2443 1940/2445 1939/2490 1937/2488
f 1940/2445 1942/2435 1941/2480 1939/2490
f 1944/2446 1948/2447 1947/2491 1943/2487
f 1948/2447 1950/2444 1949/2489 1947/2491
f 1951/2492 1971/2493 1972/2449 1952/2448
f 1952/2448 1964/2451 1963/2494 1951/2492
f 1953/2495 1963/2494 1964/2451 1954/2450
f 1954/2450 1956/2452 1955/2496 1953/2495
f 1956/2452 1986/2454 1985/2497 1955/2496
f 1957/2498 1985/2497 1986/2454 1958/2453
f 1958/2453 1960/2455 1959/2499 1957/2498
f 1960/2455 1962/2456 1961/2500 1959/2499
f 1962/2467 1982/2466 1981/2501 1961/2502
f 1965/2503 1973/2504 1974/2458 1966/2457
f 1966/2457 1968/2459 1967/2505 1965/2503
f 1968/2459 1970/2460 1969/2506 1967/2505
f 1970/2460 1972/2461 1971/2507 1969/2506
f 1973/2504 1975/2508 1976/2462 1974/2458
f 1975/2508 1983/2509 1984/2463 1976/2462
f 1977/2510 1979/2511 1980/2465 1978/2464
f 1978/2464 1990/2469 1989/2512 1977/2510
f 1979/2511 1981/2501 1982/2466 1980/2465
f 1983/2509 1987/2513 1988/2468 1984/2463
f 1987/2513 1989/2512 1990/2469 1988/2468
f 1991/1522 2031/2514 2050/2515 2010/1523
f 1992/1521 2032/2516 2031/2514 1991/1522
f 1993/1534 2033/2517 2032/2516 1992/1521
f 1994/1532 2034/2518 2033/2519 1993/1533
f 1995/1531 2035/2520 2034/2518 1994/1532
f 1996/1530 2036/2521 2035/2520 1995/1531
f 1997/1535 2037/2522 2036/2521 1996/1530
f 1998/1536 2038/2523 2037/2522 1997/1535
f 1999/1541 2039/2524 2038/2523 1998/1536
f 2000/1545 2040/2525 2039/2524 1999/1541
f 2001/1539 2041/2526 2040/2525 2000/1545
f 2002/1538 2042/2527 2041/2526 2001/1539
f 2003/1540 2043/2528 2042/2527 2002/1538
f 2004/1529 2044/2529 2043/2528 2003/1540
f 2005/1528 2045/2530 2044/2529 2004/1529
f 2006/1527 2046/2531 2045/2530 2005/1528
f 2007/1526 2047/2532 2046/2531 2006/1527
f 2008/1525 2048/2533 2047/2532 2007/1526
f 2009/1524 2049/2534 2048/2533 2008/1525
f 2010/1523 2050/2515 2049/2534 2009/1524
f 2011/2402 2051/2535 2070/2536 2030/2403
f 2012/2405 2052/2537 2051/2535 2011/2402
f 2013/2404 2053/2538 2052/2537 2012/2405
f 2014/2406 2054/2539 2053/2538 2013/2404
f 2015/2408 2055/2540 2054/2539 2014/2406
f 2016/2407 2056/2541 2055/2540 2015/2408
f 2017/2409 2057/2542 2056/2541 2016/2407
f 2018/2410 2058/2543 2057/2542 2017/2409
f 2019/2420 2059/2544 2058/2543 2018/2410
f 2020/2419 2060/2545 2059/2544 2019/2420
f 2021/2418 2061/2546 2060/2545 2020/2419
f 2022/2425 2062/2547 2061/2546 2021/2418
f 2023/2422 2063/2548 2062/2547 2022/2425
f 2024/2417 2064/2549 2063/2548 2023/2422
f 2025/2416 2065/2550 2064/2549 2024/2417
f 2026/2412 2066/2551 2065/2550 2025/2416
f 2027/2411 2067/2552 2066/2551 2026/2412
f 2028/2413 2068/2553 2067/2552 2027/2411
f 2029/2414 2069/2554 2068/2553 2028/2413
f 2030/2415 2070/2555 2069/2554 2029/2414
f 2071/643 2084/802 2085/2556 2072/2557
f 2072/2557 2074/2558 2073/644 2071/643
f 2072/2557 2133/2559 2134/2560 2074/2558
f 2074/2558 2076/2561 2075/656 2073/644
f 2074/2558 2134/2560 2119/2562 2076/2561
f 2076/2561 2078/2563 2077/668 2075/656
f 2076/2561 2119/2562 2120/2564 2078/2563
f 2078/2563 2093/2565 2094/682 2077/668
f 2078/2563 2120/2564 2121/2566 2093/2565
f 2079/702 2090/849 2089/2567 2088/2568
f 2080/2569 2086/2570 2087/2571 2081/2572
f 2081/2572 2114/2573 2115/2574 2080/2569
f 2081/2572 2143/2575 2284/2576 2114/2573
f 2082/1073 2113/1047 2116/2577 2083/2578
f 2083/2579 2087/2571 2086/2570 2082/2580
f 2083/2579 2144/2581 2145/2582 2087/2571
f 2084/802 2115/2574 2114/2573 2085/2556
f 2085/2556 2132/2583 2133/2559 2072/2557
f 2087/2571 2145/2582 2143/2575 2081/2572
f 2088/2568 2577/2584 2578/703 2079/702
f 2089/2567 2139/2585 2135/2586 2088/2568
f 2090/849 2091/929 2092/2587 2089/2567
f 2091/929 2094/682 2093/2565 2092/2587
f 2092/2587 2122/2588 2139/2585 2089/2567
f 2093/2565 2121/2566 2122/2588 2092/2587
f 2095/969 2097/977 2098/2589 2096/2590
f 2096/2590 2117/2591 2118/970 2095/969
f 2096/2590 2146/2592 2156/2593 2117/2591
f 2097/977 2099/983 2100/2594 2098/2589
f 2098/2589 2147/2595 2146/2592 2096/2590
f 2099/983 2101/989 2102/2596 2100/2594
f 2100/2594 2148/2597 2147/2595 2098/2589
f 2101/989 2103/995 2104/2598 2102/2596
f 2102/2596 2149/2599 2148/2597 2100/2594
f 2103/995 2105/1001 2106/2600 2104/2598
f 2104/2598 2150/2601 2149/2599 2102/2596
f 2105/1001 2107/1006 2108/2602 2106/2600
f 2106/2600 2151/2603 2150/2601 2104/2598
f 2107/1006 2593/1893 2594/2604 2108/2602
f 2108/2602 2152/2605 2151/2603 2106/2600
f 2108/2602 2594/2604 2633/2606 2152/2605
f 2109/1028 2118/970 2117/2591 2110/2607
f 2110/2607 2112/2608 2111/1029 2109/1028
f 2110/2607 2153/2609 2154/2610 2112/2608
f 2112/2608 2116/2577 2113/1047 2111/1029
f 2112/2608 2154/2610 2155/2611 2116/2577
f 2114/2573 2284/2576 2132/2583 2085/2556
f 2116/2577 2155/2611 2144/2612 2083/2578
f 2117/2591 2156/2593 2153/2609 2110/2607
f 2119/2562 3173/2613 3170/2614 2120/2564
f 2120/2564 3170/2614 3165/2615 2121/2566
f 2121/2566 3165/2615 2123/2616 2122/2588
f 2123/2616 2140/2617 2139/2585 2122/2588
f 2123/2616 3165/2615 3166/2618 2124/2619
f 2124/2619 2141/2620 2140/2617 2123/2616
f 2124/2619 3166/2618 2126/2621 2125/2622
f 2125/2622 2142/2623 2141/2620 2124/2619
f 2125/2622 2320/2624 2302/2625 2142/2623
f 2126/2621 2314/2626 2320/2624 2125/2622
f 2126/2621 3166/2618 3169/2627 2127/2628
f 2127/2628 2292/2629 2314/2626 2126/2621
f 2127/2628 3169/2627 3174/2630 2128/2631
f 2128/2631 2293/2632 2292/2629 2127/2628
f 2128/2631 3174/2630 2130/2633 2129/2634
f 2129/2634 2318/2635 2293/2632 2128/2631
f 2130/2633 2286/2636 2288/2637 2129/2634
f 2130/2633 3174/2630 3173/2638 2131/2639
f 2131/2639 2285/2640 2286/2636 2130/2633
f 2131/2641 3178/2642 2133/2559 2132/2583
f 2132/2583 2284/2576 2285/2640 2131/2641
f 2133/2559 3178/2642 3177/2643 2134/2560
f 2134/2560 3177/2643 3173/2613 2119/2562
f 2135/2586 2139/2585 2140/2617 2136/2644
f 2135/2586 2621/2645 2577/2584 2088/2568
f 2136/2644 2140/2617 2141/2620 2137/2646
f 2136/2644 2622/2647 2621/2645 2135/2586
f 2137/2646 2141/2620 2142/2623 2138/2648
f 2137/2646 2623/2649 2622/2647 2136/2644
f 2138/2648 2624/2650 2623/2649 2137/2646
f 2142/2623 2302/2625 2308/2651 2138/2648
f 2144/2581 2158/2652 2159/2653 2145/2582
f 2145/2582 2159/2653 2157/2654 2143/2575
f 2146/2592 2160/2655 2170/2656 2156/2593
f 2147/2595 2161/2657 2160/2655 2146/2592
f 2148/2597 2162/2658 2161/2657 2147/2595
f 2149/2599 2163/2659 2162/2658 2148/2597
f 2150/2601 2164/2660 2163/2659 2149/2599
f 2151/2603 2165/2661 2164/2660 2150/2601
f 2152/2605 2166/2662 2165/2661 2151/2603
f 2152/2605 2633/2606 2646/2663 2166/2662
f 2153/2609 2167/2664 2168/2665 2154/2610
f 2154/2610 2168/2665 2169/2666 2155/2611
f 2155/2611 2169/2666 2158/2667 2144/2612
f 2156/2593 2170/2656 2167/2664 2153/2609
f 2157/2654 2285/2640 2284/2576 2143/2575
f 2158/2652 2172/2668 2173/2669 2159/2653
f 2159/2653 2173/2669 2171/2670 2157/2654
f 2160/2655 2174/2671 2184/2672 2170/2656
f 2161/2657 2175/2673 2174/2671 2160/2655
f 2162/2658 2176/2674 2175/2673 2161/2657
f 2163/2659 2177/2675 2176/2674 2162/2658
f 2164/2660 2178/2676 2177/2675 2163/2659
f 2165/2661 2179/2677 2178/2676 2164/2660
f 2166/2662 2180/2678 2179/2677 2165/2661
f 2166/2662 2646/2663 2659/2679 2180/2678
f 2167/2664 2181/2680 2182/2681 2168/2665
f 2168/2665 2182/2681 2183/2682 2169/2666
f 2169/2666 2183/2682 2172/2683 2158/2667
f 2170/2656 2184/2672 2181/2680 2167/2664
f 2171/2670 2286/2636 2285/2640 2157/2654
f 2172/2668 2186/2684 2187/2685 2173/2669
f 2173/2669 2187/2685 2185/2686 2171/2670
f 2174/2671 2188/2687 2198/2688 2184/2672
f 2175/2673 2189/2689 2188/2687 2174/2671
f 2176/2674 2190/2690 2189/2689 2175/2673
f 2177/2675 2191/2691 2190/2690 2176/2674
f 2178/2676 2192/2692 2191/2691 2177/2675
f 2179/2677 2193/2693 2192/2692 2178/2676
f 2180/2678 2194/2694 2193/2693 2179/2677
f 2180/2678 2659/2679 2672/2695 2194/2694
f 2181/2680 2195/2696 2196/2697 2182/2681
f 2182/2681 2196/2697 2197/2698 2183/2682
f 2183/2682 2197/2698 2186/2699 2172/2683
f 2184/2672 2198/2688 2195/2696 2181/2680
f 2185/2686 2288/2637 2286/2636 2171/2670
f 2186/2684 2200/2700 2201/2701 2187/2685
f 2187/2685 2201/2701 2199/2702 2185/2686
f 2188/2687 2202/2703 2212/2704 2198/2688
f 2189/2689 2203/2705 2202/2703 2188/2687
f 2190/2690 2204/2706 2203/2705 2189/2689
f 2191/2691 2205/2707 2204/2706 2190/2690
f 2192/2692 2206/2708 2205/2707 2191/2691
f 2193/2693 2207/2709 2206/2708 2192/2692
f 2194/2694 2208/2710 2207/2709 2193/2693
f 2194/2694 2672/2695 2685/2711 2208/2710
f 2195/2696 2209/2712 2210/2713 2196/2697
f 2196/2697 2210/2713 2211/2714 2197/2698
f 2197/2698 2211/2714 2200/2715 2186/2699
f 2198/2688 2212/2704 2209/2712 2195/2696
f 2199/2702 2287/2716 2288/2637 2185/2686
f 2200/2700 2214/2717 2215/2718 2201/2701
f 2201/2701 2215/2718 2213/2719 2199/2702
f 2202/2703 2216/2720 2226/2721 2212/2704
f 2203/2705 2217/2722 2216/2720 2202/2703
f 2204/2706 2218/2723 2217/2722 2203/2705
f 2205/2707 2219/2724 2218/2723 2204/2706
f 2206/2708 2220/2725 2219/2724 2205/2707
f 2207/2709 2221/2726 2220/2725 2206/2708
f 2208/2710 2222/2727 2221/2726 2207/2709
f 2208/2710 2685/2711 2698/2728 2222/2727
f 2209/2712 2223/2729 2224/2730 2210/2713
f 2210/2713 2224/2730 2225/2731 2211/2714
f 2211/2714 2225/2731 2214/2732 2200/2715
f 2212/2704 2226/2721 2223/2729 2209/2712
f 2213/2719 2321/2733 2287/2716 2199/2702
f 2214/2717 2228/2734 2229/2735 2215/2718
f 2215/2718 2229/2735 2227/2736 2213/2719
f 2216/2720 2230/2737 2240/2738 2226/2721
f 2217/2722 2231/2739 2230/2737 2216/2720
f 2218/2723 2232/2740 2231/2739 2217/2722
f 2219/2724 2233/2741 2232/2740 2218/2723
f 2220/2725 2234/2742 2233/2741 2219/2724
f 2221/2726 2235/2743 2234/2742 2220/2725
f 2222/2727 2236/2744 2235/2743 2221/2726
f 2222/2727 2698/2728 2711/2745 2236/2744
f 2223/2729 2237/2746 2238/2747 2224/2730
f 2224/2730 2238/2747 2239/2748 2225/2731
f 2225/2731 2239/2748 2228/2749 2214/2732
f 2226/2721 2240/2738 2237/2746 2223/2729
f 2227/2736 2322/2750 2321/2733 2213/2719
f 2228/2734 2242/2751 2243/2752 2229/2735
f 2229/2735 2243/2752 2241/2753 2227/2736
f 2230/2737 2244/2754 2254/2755 2240/2738
f 2231/2739 2245/2756 2244/2754 2230/2737
f 2232/2740 2246/2757 2245/2756 2231/2739
f 2233/2741 2247/2758 2246/2757 2232/2740
f 2234/2742 2248/2759 2247/2758 2233/2741
f 2235/2743 2249/2760 2248/2759 2234/2742
f 2236/2744 2250/2761 2249/2760 2235/2743
f 2236/2744 2711/2745 2724/2762 2250/2761
f 2237/2746 2251/2763 2252/2764 2238/2747
f 2238/2747 2252/2764 2253/2765 2239/2748
f 2239/2748 2253/2765 2242/2766 2228/2749
f 2240/2738 2254/2755 2251/2763 2237/2746
f 2241/2753 2323/2767 2322/2750 2227/2736
f 2241/2753 2349/2768 2361/2769 2323/2767
f 2242/2751 2351/2770 2350/2771 2243/2752
f 2243/2752 2350/2771 2349/2768 2241/2753
f 2244/2754 2259/2772 2352/2773 2254/2755
f 2245/2756 2260/2774 2259/2772 2244/2754
f 2246/2757 2261/2775 2260/2774 2245/2756
f 2247/2758 2262/2776 2261/2775 2246/2757
f 2248/2759 2263/2777 2262/2776 2247/2758
f 2249/2760 2264/2778 2263/2777 2248/2759
f 2250/2761 2265/2779 2264/2778 2249/2760
f 2250/2761 2724/2762 2738/2780 2265/2779
f 2251/2763 2368/2781 2348/2782 2252/2764
f 2252/2764 2348/2782 2347/2783 2253/2765
f 2253/2765 2347/2783 2351/2784 2242/2766
f 2254/2755 2352/2773 2368/2781 2251/2763
f 2255/2785 2349/2768 2350/2771 2257/2786
f 2256/2787 2271/2788 2272/2789 2257/2790
f 2256/2791 2351/2784 2347/2783 2268/2792
f 2257/2786 2272/2789 2270/2793 2255/2785
f 2257/2786 2350/2771 2351/2770 2256/2787
f 2258/2794 2330/2795 2331/2796 2273/2797
f 2258/2798 2363/2799 2365/2800 2316/2801
f 2259/2772 2357/2802 2269/2803 2352/2773
f 2260/2774 2358/2804 2357/2802 2259/2772
f 2261/2775 2360/2805 2358/2804 2260/2774
f 2262/2776 2353/2806 2360/2805 2261/2775
f 2263/2777 2354/2807 2353/2806 2262/2776
f 2264/2778 2355/2808 2354/2807 2263/2777
f 2265/2779 2356/2809 2355/2808 2264/2778
f 2265/2779 2738/2780 2820/2810 2356/2809
f 2266/2811 2327/2812 2326/2813 2289/2814
f 2266/2815 2359/2816 2364/2817 2273/2818
f 2267/2819 2281/2820 2282/2821 2268/2822
f 2267/2819 2325/2823 2369/2824 2281/2820
f 2267/2819 2348/2782 2368/2781 2325/2823
f 2268/2822 2282/2821 2271/2825 2256/2791
f 2268/2792 2347/2783 2348/2782 2267/2819
f 2269/2803 2357/2802 2274/2826 2283/2827
f 2270/2793 2335/2828 2324/2829 2255/2785
f 2270/2793 3305/2830 3325/2831 2335/2828
f 2271/2788 3306/2832 3307/2833 2272/2789
f 2272/2789 3307/2833 3305/2830 2270/2793
f 2273/2797 2331/2796 2327/2812 2266/2815
f 2273/2797 2364/2817 2363/2799 2258/2794
f 2274/2826 2357/2802 2358/2804 2275/2834
f 2274/2826 3308/2835 3317/2836 2283/2827
f 2275/2834 2358/2804 2360/2805 2276/2837
f 2275/2834 3309/2838 3308/2835 2274/2826
f 2276/2837 2360/2805 2353/2806 2277/2839
f 2276/2837 3310/2840 3309/2838 2275/2834
f 2277/2839 2353/2806 2354/2807 2278/2841
f 2277/2839 3311/2842 3310/2840 2276/2837
f 2278/2841 2354/2807 2355/2808 2279/2843
f 2278/2841 3312/2844 3311/2842 2277/2839
f 2279/2843 2355/2808 2356/2809 2280/2845
f 2279/2843 3313/2846 3312/2844 2278/2841
f 2280/2845 3314/2847 3313/2846 2279/2843
f 2281/2820 3315/2848 3316/2849 2282/2821
f 2282/2821 3316/2849 3306/2850 2271/2825
f 2283/2827 2369/2824 2325/2823 2269/2803
f 2283/2827 3317/2836 3326/2851 2369/2824
f 2287/2716 2321/2733 2312/2852 2318/2853
f 2288/2637 2287/2716 2318/2853 2129/2634
f 2289/2814 2362/2854 2359/2816 2266/2811
f 2289/2814 2739/2855 2823/2856 2362/2854
f 2290/2857 2308/2651 2302/2625 2296/2858
f 2290/2857 2765/2859 2771/2860 2308/2651
f 2291/2861 2313/2862 2309/2863 2295/2864
f 2291/2861 2764/2865 2777/2866 2313/2862
f 2293/2632 2299/2867 2298/2868 2292/2629
f 2293/2632 2318/2635 2312/2852 2299/2867
f 2294/2869 2332/2870 2334/2871 2317/2872
f 2294/2873 2367/2874 2361/2875 2324/2876
f 2295/2864 2309/2863 2307/2877 2297/2878
f 2295/2864 2359/2816 2362/2854 2291/2861
f 2296/2858 2309/2863 2313/2862 2290/2857
f 2296/2858 2315/2879 2307/2877 2309/2863
f 2297/2878 2307/2877 2303/2880 2301/2881
f 2297/2878 2364/2817 2359/2816 2295/2864
f 2298/2868 2319/2882 2314/2626 2292/2629
f 2299/2867 2305/2883 2304/2884 2298/2868
f 2299/2867 2312/2852 2306/2885 2305/2883
f 2300/2886 2311/2887 2305/2883 2306/2885
f 2300/2886 2367/2888 2366/2889 2311/2887
f 2301/2881 2363/2799 2364/2817 2297/2878
f 2302/2625 2320/2624 2315/2879 2296/2858
f 2303/2880 2304/2890 2310/2891 2301/2881
f 2304/2884 2303/2880 2319/2882 2298/2868
f 2305/2883 2311/2887 2310/2891 2304/2884
f 2306/2885 2322/2750 2323/2767 2300/2886
f 2307/2877 2315/2879 2319/2882 2303/2880
f 2308/2651 2771/2860 2624/2650 2138/2648
f 2310/2891 2365/2800 2363/2799 2301/2881
f 2311/2887 2366/2889 2365/2800 2310/2891
f 2312/2852 2321/2733 2322/2750 2306/2885
f 2313/2862 2777/2866 2765/2859 2290/2857
f 2316/2801 2333/2892 2330/2795 2258/2798
f 2316/2801 2365/2800 2366/2889 2317/2893
f 2317/2893 2334/2871 2333/2892 2316/2801
f 2317/2893 2366/2889 2367/2888 2294/2869
f 2319/2882 2315/2879 2320/2624 2314/2626
f 2323/2767 2361/2769 2367/2874 2300/2886
f 2324/2829 2335/2828 2332/2870 2294/2873
f 2324/2829 2361/2875 2349/2768 2255/2785
f 2325/2823 2368/2781 2352/2773 2269/2803
f 2326/2813 2793/2894 2739/2855 2289/2814
f 2326/2813 3318/2895 3339/2896 2793/2894
f 2327/2812 3319/2897 3318/2895 2326/2813
f 2328/2898 3189/2899 3190/2900 2329/2901
f 2328/2902 3319/2903 3321/2904 2342/2905
f 2329/2901 3190/2900 3210/2906 2794/2907
f 2329/2901 3318/2895 3319/2897 2328/2898
f 2330/2795 3320/2908 3321/2909 2331/2796
f 2331/2796 3321/2909 3319/2903 2327/2812
f 2332/2870 3322/2910 3324/2911 2334/2871
f 2333/2892 3323/2912 3320/2908 2330/2795
f 2334/2871 3324/2911 3323/2912 2333/2892
f 2335/2828 3325/2831 3322/2910 2332/2870
f 2336/2913 3198/2914 3197/2915 2346/2916
f 2336/2917 3305/2830 3307/2833 2338/2918
f 2337/2919 3195/2920 3199/2921 2338/2922
f 2337/2923 3306/2850 3316/2849 2340/2924
f 2338/2922 3199/2921 3198/2914 2336/2917
f 2338/2918 3307/2833 3306/2832 2337/2919
f 2339/2925 3200/2926 3196/2927 2340/2928
f 2339/2929 3315/2930 3326/2931 2370/2932
f 2340/2928 3196/2927 3195/2933 2337/2923
f 2340/2928 3316/2849 3315/2848 2339/2925
f 2341/2934 3192/2935 3188/2936 2342/2937
f 2341/2938 3320/2908 3323/2912 2344/2939
f 2342/2937 3188/2936 3189/2899 2328/2902
f 2342/2937 3321/2904 3320/2908 2341/2934
f 2343/2940 3191/2941 3186/2942 2345/2943
f 2343/2944 3322/2910 3325/2831 2346/2945
f 2344/2939 3187/2946 3192/2935 2341/2938
f 2344/2939 3323/2912 3324/2911 2345/2947
f 2345/2943 3186/2942 3187/2946 2344/2939
f 2345/2947 3324/2911 3322/2910 2343/2940
f 2346/2945 3197/2915 3191/2941 2343/2944
f 2346/2945 3325/2831 3305/2830 2336/2913
f 2356/2809 2820/2810 2752/2948 2280/2845
f 2362/2854 2823/2856 2764/2865 2291/2861
f 2369/2824 3326/2851 3315/2930 2281/2820
f 2370/2932 3194/2949 3200/2926 2339/2929
f 2370/2932 3326/2931 3317/2836 2378/2950
f 2371/2951 3179/2952 3193/2953 2378/2954
f 2371/2955 3308/2835 3309/2838 2372/2956
f 2372/2956 3180/2957 3179/2952 2371/2955
f 2372/2956 3309/2838 3310/2840 2373/2958
f 2373/2958 3181/2959 3180/2957 2372/2956
f 2373/2958 3310/2840 3311/2842 2374/2960
f 2374/2960 3182/2961 3181/2959 2373/2958
f 2374/2960 3311/2842 3312/2844 2375/2962
f 2375/2962 3183/2963 3182/2961 2374/2960
f 2375/2962 3312/2844 3313/2846 2376/2964
f 2376/2964 3184/2965 3183/2963 2375/2962
f 2376/2964 3313/2846 3314/2847 2377/2966
f 2377/2966 3185/2967 3184/2965 2376/2964
f 2377/2966 3314/2847 3335/2968 2839/2969
f 2378/2950 3193/2953 3194/2949 2370/2932
f 2378/2954 3317/2836 3308/2835 2371/2951
f 2379/2970 3194/2949 3193/2953 2387/2971
f 2380/2972 2390/2973 2405/2974 2389/2975
f 2380/2976 2512/2977 2513/2978 2381/2979
f 2381/2979 2391/2980 2390/2973 2380/2976
f 2381/2979 2513/2978 2514/2981 2382/2982
f 2382/2982 2392/2983 2391/2980 2381/2979
f 2382/2982 2514/2981 2515/2984 2383/2985
f 2383/2985 2393/2986 2392/2983 2382/2982
f 2383/2985 2515/2984 2516/2987 2384/2988
f 2384/2988 2394/2989 2393/2986 2383/2985
f 2384/2988 2516/2987 2510/2990 2385/2991
f 2385/2991 2395/2992 2394/2989 2384/2988
f 2385/2991 2510/2990 2511/2993 2386/2994
f 2386/2994 2396/2995 2395/2992 2385/2991
f 2386/2994 2847/2996 2856/2997 2396/2995
f 2387/2971 2389/2998 2388/2999 2379/2970
f 2387/2971 3193/2953 3179/2952 2512/3000
f 2388/2999 2437/3001 2431/3002 2379/2970
f 2389/2998 2387/2971 2512/3000 2380/2972
f 2389/2975 2405/2974 2397/3003 2388/2999
f 2391/2980 2399/3004 2398/3005 2390/2973
f 2392/2983 2400/3006 2399/3004 2391/2980
f 2393/2986 2401/3007 2400/3006 2392/2983
f 2394/2989 2402/3008 2401/3007 2393/2986
f 2395/2992 2403/3009 2402/3008 2394/2989
f 2396/2995 2404/3010 2403/3009 2395/2992
f 2396/2995 2856/2997 2863/3011 2404/3010
f 2397/3003 2443/3012 2437/3001 2388/2999
f 2398/3005 2414/3013 2405/2974 2390/2973
f 2399/3004 2408/3014 2407/3015 2398/3005
f 2400/3006 2409/3016 2408/3014 2399/3004
f 2401/3007 2410/3017 2409/3016 2400/3006
f 2402/3008 2411/3018 2410/3017 2401/3007
f 2403/3009 2412/3019 2411/3018 2402/3008
f 2404/3010 2413/3020 2412/3019 2403/3009
f 2404/3010 2863/3011 2871/3021 2413/3020
f 2405/2974 2414/3013 2406/3022 2397/3003
f 2406/3022 2449/3023 2443/3012 2397/3003
f 2407/3015 2423/3024 2414/3013 2398/3005
f 2408/3014 2417/3025 2416/3026 2407/3015
f 2409/3016 2418/3027 2417/3025 2408/3014
f 2410/3017 2419/3028 2418/3027 2409/3016
f 2411/3018 2420/3029 2419/3028 2410/3017
f 2412/3019 2421/3030 2420/3029 2411/3018
f 2413/3020 2422/3031 2421/3030 2412/3019
f 2413/3020 2871/3021 2879/3032 2422/3031
f 2414/3013 2423/3024 2415/3033 2406/3022
f 2415/3033 2455/3034 2449/3023 2406/3022
f 2416/3026 2425/3035 2423/3024 2407/3015
f 2416/3026 3098/3036 2427/3037 2425/3035
f 2417/3025 3128/3038 3098/3036 2416/3026
f 2418/3027 3137/3039 3128/3038 2417/3025
f 2419/3028 3142/3040 3137/3039 2418/3027
f 2420/3029 3147/3041 3142/3040 2419/3028
f 2421/3030 3152/3042 3147/3041 2420/3029
f 2422/3031 3158/3043 3152/3042 2421/3030
f 2423/3024 2425/3035 2424/3044 2415/3033
f 2424/3044 2461/3045 2455/3034 2415/3033
f 2425/3035 2427/3037 2426/3046 2424/3044
f 2426/3046 2467/3047 2461/3045 2424/3044
f 2427/3037 2429/3048 2428/3049 2426/3046
f 2427/3037 3098/3036 3099/3050 2429/3048
f 2428/3049 2473/3051 2467/3047 2426/3046
f 2428/3049 2517/3052 2520/3053 2473/3051
f 2429/3048 2518/3054 2517/3052 2428/3049
f 2429/3048 3099/3050 3100/3055 2518/3054
f 2430/3056 2436/3057 2439/3058 2433/3059
f 2430/3060 3196/2927 3200/2926 2431/3061
f 2431/3002 2437/3001 2436/3057 2430/3060
f 2431/3061 3200/2926 3194/2949 2379/2970
f 2432/3062 2438/3063 2440/3064 2434/3065
f 2432/3066 3199/2921 3195/2920 2433/3067
f 2433/3067 2439/3068 2438/3063 2432/3066
f 2433/3059 3195/2933 3196/2927 2430/3056
f 2434/3065 2440/3064 2441/3069 2435/3070
f 2434/3065 3198/2914 3199/2921 2432/3062
f 2435/3070 3197/2915 3198/2914 2434/3065
f 2436/3057 2442/3071 2445/3072 2439/3058
f 2437/3001 2443/3012 2442/3071 2436/3057
f 2438/3063 2444/3073 2446/3074 2440/3064
f 2439/3068 2445/3075 2444/3073 2438/3063
f 2440/3064 2446/3074 2447/3076 2441/3069
f 2441/3069 2483/3077 2477/3078 2435/3070
f 2442/3071 2448/3079 2451/3080 2445/3072
f 2443/3012 2449/3023 2448/3079 2442/3071
f 2444/3073 2450/3081 2452/3082 2446/3074
f 2445/3075 2451/3083 2450/3081 2444/3073
f 2446/3074 2452/3082 2453/3084 2447/3076
f 2447/3076 2489/3085 2483/3077 2441/3069
f 2448/3079 2454/3086 2457/3087 2451/3080
f 2449/3023 2455/3034 2454/3086 2448/3079
f 2450/3081 2456/3088 2458/3089 2452/3082
f 2451/3083 2457/3090 2456/3088 2450/3081
f 2452/3082 2458/3089 2459/3091 2453/3084
f 2453/3084 2495/3092 2489/3085 2447/3076
f 2454/3086 2460/3093 2463/3094 2457/3087
f 2455/3034 2461/3045 2460/3093 2454/3086
f 2456/3088 2462/3095 2464/3096 2458/3089
f 2457/3090 2463/3097 2462/3095 2456/3088
f 2458/3089 2464/3096 2465/3098 2459/3091
f 2459/3091 2500/3099 2495/3092 2453/3084
f 2460/3093 2466/3100 2469/3101 2463/3094
f 2461/3045 2467/3047 2466/3100 2460/3093
f 2462/3095 2468/3102 2470/3103 2464/3096
f 2463/3097 2469/3104 2468/3102 2462/3095
f 2464/3096 2470/3103 2471/3105 2465/3098
f 2465/3098 2502/3106 2500/3099 2459/3091
f 2466/3100 2472/3107 2475/3108 2469/3101
f 2467/3047 2473/3051 2472/3107 2466/3100
f 2468/3102 2474/3109 2529/3110 2470/3103
f 2469/3104 2475/3111 2474/3109 2468/3102
f 2470/3103 2529/3110 2525/3112 2471/3105
f 2471/3105 2504/3113 2502/3106 2465/3098
f 2471/3105 2525/3112 2524/3114 2504/3113
f 2472/3107 2519/3115 2522/3116 2475/3108
f 2473/3051 2520/3053 2519/3115 2472/3107
f 2475/3111 2522/3117 2521/3118 2474/3109
f 2476/3119 2506/3120 2507/3121 2482/3122
f 2476/3119 3190/2900 3189/2899 2506/3120
f 2477/3078 2483/3077 2486/3123 2480/3124
f 2477/3078 3191/2941 3197/2915 2435/3070
f 2478/3125 3188/2936 3192/2935 2479/3126
f 2479/3126 2485/3127 2484/3128 2478/3125
f 2479/3126 3192/2935 3187/2946 2481/3129
f 2480/3124 2486/3123 2487/3130 2481/3131
f 2480/3124 3186/2942 3191/2941 2477/3078
f 2481/3131 2487/3130 2485/3127 2479/3126
f 2481/3129 3187/2946 3186/2942 2480/3124
f 2482/3122 2507/3121 2508/3132 2488/3133
f 2482/3122 2960/3134 2959/3135 2476/3119
f 2483/3077 2489/3085 2492/3136 2486/3123
f 2484/3128 2507/3121 2506/3120 2478/3125
f 2485/3127 2491/3137 2490/3138 2484/3128
f 2486/3123 2492/3136 2493/3139 2487/3130
f 2487/3130 2493/3139 2491/3137 2485/3127
f 2488/3133 2508/3132 2509/3140 2494/3141
f 2488/3133 2961/3142 2960/3134 2482/3122
f 2489/3085 2495/3092 2498/3143 2492/3136
f 2490/3138 2508/3132 2507/3121 2484/3128
f 2491/3137 2497/3144 2496/3145 2490/3138
f 2492/3136 2498/3143 2499/3146 2493/3139
f 2493/3139 2499/3146 2497/3144 2491/3137
f 2494/3141 2962/3147 2961/3142 2488/3133
f 2494/3141 3097/3148 3084/3149 2962/3147
f 2495/3092 2500/3099 2501/3150 2498/3143
f 2496/3145 2509/3140 2508/3132 2490/3138
f 2496/3145 3069/3151 3083/3152 2509/3140
f 2497/3144 3055/3153 3069/3151 2496/3145
f 2498/3143 2501/3150 3041/3154 2499/3146
f 2499/3146 3041/3154 3055/3153 2497/3144
f 2500/3099 2502/3106 2503/3155 2501/3150
f 2502/3106 2504/3113 2505/3156 2503/3155
f 2503/3155 3040/3157 3041/3154 2501/3150
f 2504/3113 2524/3114 2523/3158 2505/3156
f 2505/3156 3039/3159 3040/3157 2503/3155
f 2506/3120 3189/2899 3188/2936 2478/3125
f 2509/3140 3083/3152 3097/3148 2494/3141
f 2510/2990 3184/2965 3185/2967 2511/2993
f 2511/2993 2963/3160 2847/2996 2386/2994
f 2511/2993 3185/2967 3206/3161 2963/3160
f 2512/3000 3179/2952 3180/2957 2513/2978
f 2513/2978 3180/2957 3181/2959 2514/2981
f 2514/2981 3181/2959 3182/2961 2515/2984
f 2515/2984 3182/2961 3183/2963 2516/2987
f 2516/2987 3183/2963 3184/2965 2510/2990
f 2517/3052 2531/3162 2534/3163 2520/3053
f 2518/3054 2532/3164 2531/3162 2517/3052
f 2518/3054 3100/3055 3101/3165 2532/3164
f 2519/3115 2533/3166 2536/3167 2522/3116
f 2520/3053 2534/3163 2533/3166 2519/3115
f 2521/3118 2530/3168 2529/3110 2474/3109
f 2521/3118 2535/3169 2540/3170 2530/3168
f 2522/3117 2536/3171 2535/3169 2521/3118
f 2523/3158 3038/3172 3039/3159 2505/3156
f 2524/3114 2527/3173 2526/3174 2523/3158
f 2525/3112 2528/3175 2527/3173 2524/3114
f 2525/3112 2529/3110 2530/3168 2528/3175
f 2526/3174 3037/3176 3038/3172 2523/3158
f 2527/3173 2538/3177 2537/3178 2526/3174
f 2528/3175 2539/3179 2538/3177 2527/3173
f 2530/3168 2540/3170 2539/3179 2528/3175
f 2531/3162 2541/3180 2544/3181 2534/3163
f 2532/3164 2542/3182 2541/3180 2531/3162
f 2532/3164 3101/3165 3102/3183 2542/3182
f 2533/3166 2543/3184 2546/3185 2536/3167
f 2534/3163 2544/3181 2543/3184 2533/3166
f 2535/3169 2545/3186 2550/3187 2540/3170
f 2536/3171 2546/3188 2545/3186 2535/3169
f 2537/3178 3036/3189 3037/3176 2526/3174
f 2538/3177 2548/3190 2547/3191 2537/3178
f 2539/3179 2549/3192 2548/3190 2538/3177
f 2540/3170 2550/3187 2549/3192 2539/3179
f 2541/3180 3221/3193 3227/3194 2544/3181
f 2542/3182 3223/3195 3221/3193 2541/3180
f 2543/3184 3225/3196 3231/3197 2546/3185
f 2544/3181 3227/3194 3225/3196 2543/3184
f 2545/3186 3229/3198 3239/3199 2550/3187
f 2546/3188 3231/3200 3229/3198 2545/3186
f 2547/3191 3035/3201 3036/3189 2537/3178
f 2547/3191 3233/3202 3288/3203 3035/3201
f 2548/3190 3235/3204 3233/3202 2547/3191
f 2549/3192 3237/3205 3235/3204 2548/3190
f 2550/3187 3239/3199 3237/3205 2549/3192
f 2551/3206 3222/3207 3224/3208 2552/3209
f 2552/3209 3224/3208 3285/3210 3025/3211
f 2553/3212 3226/3213 3228/3214 2554/3215
f 2554/3215 3228/3214 3222/3207 2551/3206
f 2555/3216 3230/3217 3232/3218 2556/3219
f 2556/3220 3232/3221 3226/3213 2553/3212
f 2557/3222 3234/3223 3236/3224 2558/3225
f 2558/3225 3236/3224 3238/3226 2559/3227
f 2559/3227 3238/3226 3240/3228 2560/3229
f 2560/3229 3240/3228 3230/3217 2555/3216
f 2561/1582 2563/1595 2564/3230 2562/3231
f 2562/3231 2574/3232 2573/1583 2561/1582
f 2562/3231 2619/3233 2618/3234 2574/3232
f 2563/1595 2565/1607 2566/3235 2564/3230
f 2564/3230 2620/3236 2619/3233 2562/3231
f 2565/1607 2567/1620 2568/3237 2566/3235
f 2566/3235 2605/3238 2620/3236 2564/3230
f 2567/1620 2582/1837 2581/3239 2568/3237
f 2568/3237 2606/3240 2605/3238 2566/3235
f 2569/1662 2601/1736 2600/3241 2570/3242
f 2570/3242 2576/3243 2575/1663 2569/1662
f 2570/3242 2625/3244 2627/3245 2576/3243
f 2571/1739 2575/1663 2576/3243 2572/3246
f 2572/3247 2602/3248 2599/1707 2571/1706
f 2572/3247 2626/3249 2636/3250 2602/3248
f 2574/3232 2600/3241 2601/1736 2573/1583
f 2574/3232 2618/3234 2756/3251 2600/3241
f 2576/3243 2627/3245 2626/3252 2572/3246
f 2577/2584 2580/3253 2579/1774 2578/703
f 2577/2584 2621/2645 2608/3254 2580/3253
f 2580/3253 2581/3239 2582/1837 2579/1774
f 2580/3253 2608/3254 2607/3255 2581/3239
f 2581/3239 2607/3255 2606/3240 2568/3237
f 2583/1871 2604/1917 2603/3256 2584/3257
f 2584/3257 2586/3258 2585/1872 2583/1871
f 2584/3257 2628/3259 2629/3260 2586/3258
f 2586/3258 2588/3261 2587/1878 2585/1872
f 2586/3258 2629/3260 2630/3262 2588/3261
f 2588/3261 2590/3263 2589/1884 2587/1878
f 2588/3261 2630/3262 2631/3264 2590/3263
f 2590/3263 2592/3265 2591/1890 2589/1884
f 2590/3263 2631/3264 2632/3266 2592/3265
f 2592/3265 2594/2604 2593/1893 2591/1890
f 2592/3265 2632/3266 2633/2606 2594/2604
f 2595/1916 2597/1934 2598/3267 2596/3268
f 2596/3268 2603/3256 2604/1917 2595/1916
f 2596/3268 2634/3269 2637/3270 2603/3256
f 2597/1934 2599/1707 2602/3248 2598/3267
f 2598/3267 2635/3271 2634/3269 2596/3268
f 2600/3241 2756/3251 2625/3244 2570/3242
f 2602/3248 2636/3250 2635/3271 2598/3267
f 2603/3256 2637/3270 2628/3259 2584/3257
f 2605/3238 3171/3272 3176/3273 2620/3236
f 2606/3240 3167/3274 3171/3272 2605/3238
f 2607/3255 3164/3275 3167/3274 2606/3240
f 2608/3254 2609/3276 3164/3275 2607/3255
f 2608/3254 2621/2645 2622/2647 2609/3276
f 2609/3276 2622/2647 2623/2649 2610/3277
f 2610/3277 2623/2649 2624/2650 2611/3278
f 2610/3277 3163/3279 3164/3275 2609/3276
f 2611/3278 2612/3280 3163/3279 2610/3277
f 2611/3278 2787/3281 2781/3282 2612/3280
f 2612/3280 2781/3282 2761/3283 2613/3284
f 2613/3284 2761/3283 2762/3285 2614/3286
f 2613/3284 3168/3287 3163/3279 2612/3280
f 2614/3286 2762/3285 2785/3288 2615/3289
f 2614/3286 3172/3290 3168/3287 2613/3284
f 2615/3289 2616/3291 3172/3290 2614/3286
f 2615/3289 2760/3292 2758/3293 2616/3291
f 2615/3289 2785/3288 2759/3294 2760/3292
f 2616/3291 2758/3293 2757/3295 2617/3296
f 2617/3296 2757/3295 2756/3251 2618/3234
f 2617/3296 3171/3297 3172/3290 2616/3291
f 2617/3296 3175/3298 3176/3273 3171/3297
f 2618/3234 2619/3233 3175/3298 2617/3296
f 2620/3236 3176/3273 3175/3298 2619/3233
f 2624/2650 2771/2860 2787/3281 2611/3278
f 2625/3244 2638/3299 2640/3300 2627/3245
f 2625/3244 2756/3251 2757/3295 2638/3299
f 2626/3249 2639/3301 2649/3302 2636/3250
f 2627/3245 2640/3300 2639/3303 2626/3252
f 2628/3259 2641/3304 2642/3305 2629/3260
f 2629/3260 2642/3305 2643/3306 2630/3262
f 2630/3262 2643/3306 2644/3307 2631/3264
f 2631/3264 2644/3307 2645/3308 2632/3266
f 2632/3266 2645/3308 2646/2663 2633/2606
f 2634/3269 2647/3309 2650/3310 2637/3270
f 2635/3271 2648/3311 2647/3309 2634/3269
f 2636/3250 2649/3302 2648/3311 2635/3271
f 2637/3270 2650/3310 2641/3304 2628/3259
f 2638/3299 2651/3312 2653/3313 2640/3300
f 2638/3299 2757/3295 2758/3293 2651/3312
f 2639/3301 2652/3314 2662/3315 2649/3302
f 2640/3300 2653/3313 2652/3316 2639/3303
f 2641/3304 2654/3317 2655/3318 2642/3305
f 2642/3305 2655/3318 2656/3319 2643/3306
f 2643/3306 2656/3319 2657/3320 2644/3307
f 2644/3307 2657/3320 2658/3321 2645/3308
f 2645/3308 2658/3321 2659/2679 2646/2663
f 2647/3309 2660/3322 2663/3323 2650/3310
f 2648/3311 2661/3324 2660/3322 2647/3309
f 2649/3302 2662/3315 2661/3324 2648/3311
f 2650/3310 2663/3323 2654/3317 2641/3304
f 2651/3312 2664/3325 2666/3326 2653/3313
f 2651/3312 2758/3293 2760/3292 2664/3325
f 2652/3314 2665/3327 2675/3328 2662/3315
f 2653/3313 2666/3326 2665/3329 2652/3316
f 2654/3317 2667/3330 2668/3331 2655/3318
f 2655/3318 2668/3331 2669/3332 2656/3319
f 2656/3319 2669/3332 2670/3333 2657/3320
f 2657/3320 2670/3333 2671/3334 2658/3321
f 2658/3321 2671/3334 2672/2695 2659/2679
f 2660/3322 2673/3335 2676/3336 2663/3323
f 2661/3324 2674/3337 2673/3335 2660/3322
f 2662/3315 2675/3328 2674/3337 2661/3324
f 2663/3323 2676/3336 2667/3330 2654/3317
f 2664/3325 2677/3338 2679/3339 2666/3326
f 2664/3325 2760/3292 2759/3294 2677/3338
f 2665/3327 2678/3340 2688/3341 2675/3328
f 2666/3326 2679/3339 2678/3342 2665/3329
f 2667/3330 2680/3343 2681/3344 2668/3331
f 2668/3331 2681/3344 2682/3345 2669/3332
f 2669/3332 2682/3345 2683/3346 2670/3333
f 2670/3333 2683/3346 2684/3347 2671/3334
f 2671/3334 2684/3347 2685/2711 2672/2695
f 2673/3335 2686/3348 2689/3349 2676/3336
f 2674/3337 2687/3350 2686/3348 2673/3335
f 2675/3328 2688/3341 2687/3350 2674/3337
f 2676/3336 2689/3349 2680/3343 2667/3330
f 2677/3338 2690/3351 2692/3352 2679/3339
f 2677/3338 2759/3294 2788/3353 2690/3351
f 2678/3340 2691/3354 2701/3355 2688/3341
f 2679/3339 2692/3352 2691/3356 2678/3342
f 2680/3343 2693/3357 2694/3358 2681/3344
f 2681/3344 2694/3358 2695/3359 2682/3345
f 2682/3345 2695/3359 2696/3360 2683/3346
f 2683/3346 2696/3360 2697/3361 2684/3347
f 2684/3347 2697/3361 2698/2728 2685/2711
f 2686/3348 2699/3362 2702/3363 2689/3349
f 2687/3350 2700/3364 2699/3362 2686/3348
f 2688/3341 2701/3355 2700/3364 2687/3350
f 2689/3349 2702/3363 2693/3357 2680/3343
f 2690/3351 2703/3365 2705/3366 2692/3352
f 2690/3351 2788/3353 2789/3367 2703/3365
f 2691/3354 2704/3368 2714/3369 2701/3355
f 2692/3352 2705/3366 2704/3370 2691/3356
f 2693/3357 2706/3371 2707/3372 2694/3358
f 2694/3358 2707/3372 2708/3373 2695/3359
f 2695/3359 2708/3373 2709/3374 2696/3360
f 2696/3360 2709/3374 2710/3375 2697/3361
f 2697/3361 2710/3375 2711/2745 2698/2728
f 2699/3362 2712/3376 2715/3377 2702/3363
f 2700/3364 2713/3378 2712/3376 2699/3362
f 2701/3355 2714/3369 2713/3378 2700/3364
f 2702/3363 2715/3377 2706/3371 2693/3357
f 2703/3365 2716/3379 2718/3380 2705/3366
f 2703/3365 2789/3367 2790/3381 2716/3379
f 2704/3368 2717/3382 2727/3383 2714/3369
f 2705/3366 2718/3380 2717/3384 2704/3370
f 2706/3371 2719/3385 2720/3386 2707/3372
f 2707/3372 2720/3386 2721/3387 2708/3373
f 2708/3373 2721/3387 2722/3388 2709/3374
f 2709/3374 2722/3388 2723/3389 2710/3375
f 2710/3375 2723/3389 2724/2762 2711/2745
f 2712/3376 2725/3390 2728/3391 2715/3377
f 2713/3378 2726/3392 2725/3390 2712/3376
f 2714/3369 2727/3383 2726/3392 2713/3378
f 2715/3377 2728/3391 2719/3385 2706/3371
f 2716/3379 2814/3393 2815/3394 2718/3380
f 2717/3382 2816/3395 2812/3396 2727/3383
f 2718/3380 2815/3394 2816/3397 2717/3384
f 2719/3385 2733/3398 2734/3399 2720/3386
f 2720/3386 2734/3399 2735/3400 2721/3387
f 2721/3387 2735/3400 2736/3401 2722/3388
f 2722/3388 2736/3401 2737/3402 2723/3389
f 2723/3389 2737/3402 2738/2780 2724/2762
f 2725/3390 2831/3403 2817/3404 2728/3391
f 2726/3392 2813/3405 2831/3403 2725/3390
f 2727/3383 2812/3396 2813/3405 2726/3392
f 2728/3391 2817/3404 2733/3398 2719/3385
f 2729/3406 2743/3407 2745/3408 2731/3409
f 2729/3406 2791/3410 2800/3411 2743/3407
f 2729/3406 2814/3412 2825/3413 2791/3410
f 2730/3414 2744/3415 2754/3416 2741/3417
f 2730/3418 2816/3397 2815/3394 2731/3419
f 2731/3409 2745/3408 2744/3420 2730/3418
f 2731/3419 2815/3394 2814/3393 2729/3406
f 2732/3421 2795/3422 2798/3423 2783/3424
f 2732/3425 2826/3426 2827/3427 2746/3428
f 2733/3398 2821/3429 2822/3430 2734/3399
f 2734/3399 2822/3430 2824/3431 2735/3400
f 2735/3400 2824/3431 2818/3432 2736/3401
f 2736/3401 2818/3432 2819/3433 2737/3402
f 2737/3402 2819/3433 2820/2810 2738/2780
f 2739/2855 2793/2894 2796/3434 2746/3435
f 2740/3436 2813/3405 2812/3396 2741/3437
f 2741/3417 2754/3416 2753/3438 2740/3436
f 2741/3437 2812/3396 2816/3395 2730/3414
f 2742/3439 2792/3440 2832/3441 2755/3442
f 2742/3439 2817/3404 2831/3403 2792/3440
f 2743/3407 3327/3443 3329/3444 2745/3408
f 2744/3415 3328/3445 3337/3446 2754/3416
f 2745/3408 3329/3444 3328/3447 2744/3420
f 2746/3428 2796/3434 2795/3422 2732/3425
f 2746/3435 2827/3427 2823/2856 2739/2855
f 2747/3448 3330/3449 3331/3450 2748/3451
f 2748/3451 2822/3430 2821/3429 2747/3448
f 2748/3451 3331/3450 3332/3452 2749/3453
f 2749/3453 2824/3431 2822/3430 2748/3451
f 2749/3453 3332/3452 3333/3454 2750/3455
f 2750/3455 2818/3432 2824/3431 2749/3453
f 2750/3455 3333/3454 3334/3456 2751/3457
f 2751/3457 2819/3433 2818/3432 2750/3455
f 2751/3457 3334/3456 3335/3458 2752/3459
f 2752/3459 2820/2810 2819/3433 2751/3457
f 2752/3459 3335/3458 3314/2847 2280/2845
f 2753/3438 2832/3441 2792/3440 2740/3436
f 2753/3438 3336/3460 3346/3461 2832/3441
f 2754/3416 3337/3446 3336/3460 2753/3438
f 2755/3442 2747/3448 2821/3429 2742/3439
f 2755/3442 3338/3462 3330/3449 2747/3448
f 2761/3283 2767/3463 2768/3464 2762/3285
f 2761/3283 2781/3282 2786/3465 2767/3463
f 2763/3466 2797/3467 2800/3411 2791/3410
f 2763/3468 2830/3469 2829/3470 2784/3471
f 2764/2865 2823/2856 2827/3427 2766/3472
f 2765/2859 2782/3473 2787/3281 2771/2860
f 2766/3472 2776/3474 2777/2866 2764/2865
f 2766/3472 2827/3427 2826/3426 2770/3475
f 2767/3463 2773/3476 2774/3477 2768/3464
f 2767/3463 2786/3465 2772/3478 2773/3476
f 2768/3464 2780/3479 2785/3288 2762/3285
f 2769/3480 2790/3381 2789/3367 2775/3481
f 2769/3480 2830/3482 2825/3483 2790/3381
f 2770/3475 2772/3484 2776/3474 2766/3472
f 2770/3475 2778/3485 2773/3476 2772/3484
f 2770/3475 2826/3426 2828/3486 2778/3485
f 2772/3478 2786/3465 2782/3487 2776/3474
f 2773/3476 2778/3485 2779/3488 2774/3477
f 2774/3477 2775/3489 2780/3479 2768/3464
f 2775/3481 2774/3477 2779/3488 2769/3480
f 2775/3489 2789/3367 2788/3353 2780/3479
f 2777/2866 2776/3474 2782/3487 2765/2859
f 2778/3485 2828/3486 2829/3490 2779/3488
f 2779/3488 2829/3490 2830/3469 2769/3480
f 2781/3282 2787/3281 2782/3473 2786/3465
f 2783/3424 2798/3423 2799/3491 2784/3492
f 2783/3424 2828/3486 2826/3426 2732/3421
f 2784/3471 2799/3491 2797/3467 2763/3468
f 2784/3492 2829/3470 2828/3486 2783/3424
f 2785/3288 2780/3479 2788/3353 2759/3294
f 2790/3381 2825/3483 2814/3412 2716/3379
f 2791/3410 2825/3413 2830/3482 2763/3466
f 2792/3440 2831/3403 2813/3405 2740/3436
f 2793/2894 3339/2896 3341/3493 2796/3434
f 2794/2907 3210/2906 3209/3494 2807/3495
f 2794/2907 3339/2896 3318/2895 2329/2901
f 2795/3422 3340/3496 3343/3497 2798/3423
f 2796/3434 3341/3493 3340/3496 2795/3422
f 2797/3467 3342/3498 3345/3499 2800/3411
f 2798/3423 3343/3497 3344/3500 2799/3491
f 2799/3491 3344/3500 3342/3498 2797/3467
f 2800/3411 3345/3499 3327/3443 2743/3407
f 2801/3501 3218/3502 3219/3503 2803/3504
f 2801/3505 3327/3443 3345/3499 2811/3506
f 2802/3507 3215/3508 3216/3509 2805/3510
f 2802/3511 3328/3447 3329/3444 2803/3512
f 2803/3504 3219/3503 3215/3513 2802/3511
f 2803/3512 3329/3444 3327/3443 2801/3501
f 2804/3514 3220/3515 3214/3516 2833/3517
f 2804/3518 3336/3460 3337/3446 2805/3519
f 2805/3510 3216/3509 3220/3515 2804/3518
f 2805/3519 3337/3446 3328/3445 2802/3507
f 2806/3520 3212/3521 3208/3522 2809/3523
f 2806/3524 3340/3496 3341/3493 2807/3525
f 2807/3525 3209/3494 3212/3521 2806/3524
f 2807/3495 3341/3493 3339/2896 2794/2907
f 2808/3526 3211/3527 3217/3528 2811/3529
f 2808/3530 3342/3498 3344/3500 2810/3531
f 2809/3523 3208/3522 3207/3532 2810/3533
f 2809/3523 3343/3497 3340/3496 2806/3520
f 2810/3531 3207/3532 3211/3527 2808/3530
f 2810/3533 3344/3500 3343/3497 2809/3523
f 2811/3506 3217/3528 3218/3502 2801/3505
f 2811/3529 3345/3499 3342/3498 2808/3526
f 2817/3404 2742/3439 2821/3429 2733/3398
f 2832/3441 3346/3461 3338/3462 2755/3442
f 2833/3517 3214/3516 3213/3534 2840/3535
f 2833/3517 3346/3461 3336/3460 2804/3514
f 2834/3536 3201/3537 3202/3538 2835/3539
f 2834/3540 3330/3449 3338/3462 2840/3541
f 2835/3539 3202/3538 3203/3542 2836/3543
f 2835/3539 3331/3450 3330/3449 2834/3536
f 2836/3543 3203/3542 3204/3544 2837/3545
f 2836/3543 3332/3452 3331/3450 2835/3539
f 2837/3545 3204/3544 3205/3546 2838/3547
f 2837/3545 3333/3454 3332/3452 2836/3543
f 2838/3547 3205/3546 3206/3548 2839/3549
f 2838/3547 3334/3456 3333/3454 2837/3545
f 2839/3549 3206/3548 3185/2967 2377/2966
f 2839/2969 3335/2968 3334/3456 2838/3547
f 2840/3535 3213/3534 3201/3537 2834/3540
f 2840/3541 3338/3462 3346/3461 2833/3517
f 2841/3550 2849/3551 2850/3552 2848/3553
f 2841/3550 2888/3554 2894/3555 2849/3551
f 2841/3550 3214/3516 3220/3515 2888/3554
f 2842/3556 2851/3557 2852/3558 2843/3559
f 2842/3560 2964/3561 2848/3553 2850/3552
f 2843/3559 2852/3558 2853/3562 2844/3563
f 2843/3559 2965/3564 2964/3561 2842/3556
f 2844/3563 2853/3562 2854/3565 2845/3566
f 2844/3563 2966/3567 2965/3564 2843/3559
f 2845/3566 2854/3565 2855/3568 2846/3569
f 2845/3566 2967/3570 2966/3567 2844/3563
f 2846/3569 2855/3568 2856/2997 2847/2996
f 2846/3569 2968/3571 2967/3570 2845/3566
f 2847/2996 2963/3160 2968/3571 2846/3569
f 2848/3553 3213/3534 3214/3516 2841/3550
f 2849/3551 2857/3572 2864/3573 2850/3552
f 2849/3551 2894/3555 2900/3574 2857/3572
f 2850/3552 2864/3573 2851/3557 2842/3560
f 2851/3557 2858/3575 2859/3576 2852/3558
f 2851/3557 2864/3573 2872/3577 2858/3575
f 2852/3558 2859/3576 2860/3578 2853/3562
f 2853/3562 2860/3578 2861/3579 2854/3565
f 2854/3565 2861/3579 2862/3580 2855/3568
f 2855/3568 2862/3580 2863/3011 2856/2997
f 2857/3572 2865/3581 2872/3577 2864/3573
f 2857/3572 2900/3574 2906/3582 2865/3581
f 2858/3575 2866/3583 2867/3584 2859/3576
f 2858/3575 2872/3577 2880/3585 2866/3583
f 2859/3576 2867/3584 2868/3586 2860/3578
f 2860/3578 2868/3586 2869/3587 2861/3579
f 2861/3579 2869/3587 2870/3588 2862/3580
f 2862/3580 2870/3588 2871/3021 2863/3011
f 2865/3581 2873/3589 2880/3585 2872/3577
f 2865/3581 2906/3582 2912/3590 2873/3589
f 2866/3583 2874/3591 2875/3592 2867/3584
f 2866/3583 2880/3585 2882/3593 2874/3591
f 2867/3584 2875/3592 2876/3594 2868/3586
f 2868/3586 2876/3594 2877/3595 2869/3587
f 2869/3587 2877/3595 2878/3596 2870/3588
f 2870/3588 2878/3596 2879/3032 2871/3021
f 2873/3589 2881/3597 2882/3593 2880/3585
f 2873/3589 2912/3590 2918/3598 2881/3597
f 2874/3591 3107/3599 3108/3600 2875/3592
f 2875/3592 3108/3600 3113/3601 2876/3594
f 2876/3594 3113/3601 3118/3602 2877/3595
f 2877/3595 3118/3602 3123/3603 2878/3596
f 2878/3596 3123/3603 3157/3604 2879/3032
f 2879/3032 3157/3604 3158/3043 2422/3031
f 2881/3597 2883/3605 2884/3606 2882/3593
f 2881/3597 2918/3598 2924/3607 2883/3605
f 2882/3593 2884/3606 3107/3599 2874/3591
f 2883/3605 2885/3608 2886/3609 2884/3606
f 2883/3605 2924/3607 2930/3610 2885/3608
f 2885/3608 2969/3611 2970/3612 2886/3609
f 2886/3609 3106/3613 3107/3599 2884/3606
f 2887/3614 2893/3615 2894/3555 2888/3554
f 2887/3616 3216/3509 3215/3508 2890/3617
f 2888/3554 3220/3515 3216/3509 2887/3614
f 2889/3618 2895/3619 2896/3620 2890/3621
f 2889/3622 3219/3503 3218/3502 2891/3623
f 2890/3617 2896/3624 2893/3615 2887/3616
f 2890/3621 3215/3513 3219/3503 2889/3618
f 2891/3623 2897/3625 2895/3619 2889/3622
f 2891/3623 3218/3502 3217/3528 2892/3626
f 2892/3626 2898/3627 2897/3625 2891/3623
f 2892/3626 2933/3628 2938/3629 2898/3627
f 2892/3626 3217/3528 3211/3527 2933/3628
f 2893/3615 2899/3630 2900/3574 2894/3555
f 2895/3619 2901/3631 2902/3632 2896/3620
f 2896/3624 2902/3633 2899/3630 2893/3615
f 2897/3625 2903/3634 2901/3631 2895/3619
f 2898/3627 2904/3635 2903/3634 2897/3625
f 2898/3627 2938/3629 2943/3636 2904/3635
f 2899/3630 2905/3637 2906/3582 2900/3574
f 2901/3631 2907/3638 2908/3639 2902/3632
f 2902/3633 2908/3640 2905/3637 2899/3630
f 2903/3634 2909/3641 2907/3638 2901/3631
f 2904/3635 2910/3642 2909/3641 2903/3634
f 2904/3635 2943/3636 2948/3643 2910/3642
f 2905/3637 2911/3644 2912/3590 2906/3582
f 2907/3638 2913/3645 2914/3646 2908/3639
f 2908/3640 2914/3647 2911/3644 2905/3637
f 2909/3641 2915/3648 2913/3645 2907/3638
f 2910/3642 2916/3649 2915/3648 2909/3641
f 2910/3642 2948/3643 2953/3650 2916/3649
f 2911/3644 2917/3651 2918/3598 2912/3590
f 2913/3645 2919/3652 2920/3653 2914/3646
f 2914/3647 2920/3654 2917/3651 2911/3644
f 2915/3648 2921/3655 2919/3652 2913/3645
f 2916/3649 2922/3656 2921/3655 2915/3648
f 2916/3649 2953/3650 2955/3657 2922/3656
f 2917/3651 2923/3658 2924/3607 2918/3598
f 2919/3652 2925/3659 2926/3660 2920/3653
f 2920/3654 2926/3661 2923/3658 2917/3651
f 2921/3655 2927/3662 2925/3659 2919/3652
f 2922/3656 2928/3663 2927/3662 2921/3655
f 2922/3656 2955/3657 2957/3664 2928/3663
f 2923/3658 2929/3665 2930/3610 2924/3607
f 2925/3659 2931/3666 2932/3667 2926/3660
f 2926/3661 2932/3668 2929/3665 2923/3658
f 2927/3662 2981/3669 2931/3666 2925/3659
f 2928/3663 2977/3670 2981/3669 2927/3662
f 2929/3665 2971/3671 2972/3672 2930/3610
f 2930/3610 2972/3672 2969/3611 2885/3608
f 2931/3666 2973/3673 2974/3674 2932/3667
f 2931/3666 2981/3669 2982/3675 2973/3673
f 2932/3668 2974/3676 2971/3671 2929/3665
f 2933/3628 3211/3527 3207/3532 2936/3677
f 2934/3678 2939/3679 2940/3680 2935/3681
f 2934/3678 2959/3135 2960/3134 2939/3679
f 2934/3678 3209/3494 3210/2906 2959/3135
f 2935/3681 2940/3680 2942/3682 2937/3683
f 2935/3681 3212/3521 3209/3494 2934/3678
f 2936/3677 2941/3684 2938/3629 2933/3628
f 2936/3677 3207/3532 3208/3522 2937/3685
f 2937/3685 2942/3682 2941/3684 2936/3677
f 2937/3683 3208/3522 3212/3521 2935/3681
f 2939/3679 2944/3686 2945/3687 2940/3680
f 2939/3679 2960/3134 2961/3142 2944/3686
f 2940/3680 2945/3687 2947/3688 2942/3682
f 2941/3684 2946/3689 2943/3636 2938/3629
f 2942/3682 2947/3688 2946/3689 2941/3684
f 2944/3686 2949/3690 2950/3691 2945/3687
f 2944/3686 2961/3142 2962/3147 2949/3690
f 2945/3687 2950/3691 2952/3692 2947/3688
f 2946/3689 2951/3693 2948/3643 2943/3636
f 2947/3688 2952/3692 2951/3693 2946/3689
f 2949/3690 3070/3694 3056/3695 2950/3691
f 2950/3691 3056/3695 3042/3696 2952/3692
f 2951/3693 2954/3697 2953/3650 2948/3643
f 2952/3692 3042/3696 2954/3697 2951/3693
f 2954/3697 2956/3698 2955/3657 2953/3650
f 2954/3697 3042/3696 3043/3699 2956/3698
f 2956/3698 2958/3700 2957/3664 2955/3657
f 2956/3698 3043/3699 3044/3701 2958/3700
f 2957/3664 2976/3702 2977/3670 2928/3663
f 2958/3700 2975/3703 2976/3702 2957/3664
f 2958/3700 3044/3701 3045/3704 2975/3703
f 2959/3135 3210/2906 3190/2900 2476/3119
f 2962/3147 3084/3149 3070/3694 2949/3690
f 2963/3160 3206/3161 3205/3546 2968/3571
f 2964/3561 3201/3537 3213/3534 2848/3553
f 2965/3564 3202/3538 3201/3537 2964/3561
f 2966/3567 3203/3542 3202/3538 2965/3564
f 2967/3570 3204/3544 3203/3542 2966/3567
f 2968/3571 3205/3546 3204/3544 2967/3570
f 2969/3611 2983/3705 2984/3706 2970/3612
f 2970/3612 3105/3707 3106/3613 2886/3609
f 2971/3671 2985/3708 2986/3709 2972/3672
f 2972/3672 2986/3709 2983/3705 2969/3611
f 2973/3673 2987/3710 2988/3711 2974/3674
f 2974/3676 2988/3712 2985/3708 2971/3671
f 2975/3703 2978/3713 2979/3714 2976/3702
f 2975/3703 3045/3704 3046/3715 2978/3713
f 2976/3702 2979/3714 2980/3716 2977/3670
f 2978/3713 2989/3717 2990/3718 2979/3714
f 2978/3713 3046/3715 3047/3719 2989/3717
f 2979/3714 2990/3718 2991/3720 2980/3716
f 2980/3716 2982/3675 2981/3669 2977/3670
f 2980/3716 2991/3720 2992/3721 2982/3675
f 2982/3675 2992/3721 2987/3710 2973/3673
f 2983/3705 2993/3722 2994/3723 2984/3706
f 2984/3706 3104/3724 3105/3707 2970/3612
f 2985/3708 2995/3725 2996/3726 2986/3709
f 2986/3709 2996/3726 2993/3722 2983/3705
f 2987/3710 2997/3727 2998/3728 2988/3711
f 2988/3712 2998/3729 2995/3725 2985/3708
f 2989/3717 2999/3730 3000/3731 2990/3718
f 2989/3717 3047/3719 3048/3732 2999/3730
f 2990/3718 3000/3731 3001/3733 2991/3720
f 2991/3720 3001/3733 3002/3734 2992/3721
f 2992/3721 3002/3734 2997/3727 2987/3710
f 2993/3722 3241/3735 3243/3736 2994/3723
f 2994/3723 3103/3737 3104/3724 2984/3706
f 2994/3723 3243/3736 3262/3738 3103/3737
f 2995/3725 3245/3739 3247/3740 2996/3726
f 2996/3726 3247/3740 3241/3735 2993/3722
f 2997/3727 3249/3741 3251/3742 2998/3728
f 2998/3729 3251/3743 3245/3739 2995/3725
f 2999/3730 3253/3744 3255/3745 3000/3731
f 3000/3731 3255/3745 3257/3746 3001/3733
f 3001/3733 3257/3746 3259/3747 3002/3734
f 3002/3734 3259/3747 3249/3741 2997/3727
f 3003/3748 3242/3749 3248/3750 3006/3751
f 3004/3752 3244/3753 3242/3749 3003/3748
f 3005/3754 3246/3755 3252/3756 3008/3757
f 3006/3751 3248/3750 3246/3755 3005/3754
f 3007/3758 3250/3759 3260/3760 3012/3761
f 3008/3762 3252/3763 3250/3759 3007/3758
f 3009/3764 3254/3765 3303/3766 3034/3767
f 3010/3768 3256/3769 3254/3765 3009/3764
f 3011/3770 3258/3771 3256/3769 3010/3768
f 3012/3761 3260/3760 3258/3771 3011/3770
f 3013/3772 3261/3773 3244/3753 3004/3752
f 3014/3774 3263/3775 3261/3773 3013/3772
f 3015/3776 3265/3777 3263/3775 3014/3774
f 3016/3778 3267/3779 3265/3777 3015/3776
f 3017/3780 3269/3781 3267/3779 3016/3778
f 3018/3782 3271/3783 3269/3781 3017/3780
f 3019/3784 3273/3785 3271/3783 3018/3782
f 3020/3786 3275/3787 3273/3785 3019/3784
f 3021/3788 3277/3789 3275/3787 3020/3786
f 3022/3790 3279/3791 3277/3789 3021/3788
f 3023/3792 3281/3793 3279/3791 3022/3790
f 3024/3794 3283/3795 3281/3793 3023/3792
f 3025/3211 3285/3210 3283/3795 3024/3794
f 3026/3796 3287/3797 3234/3223 2557/3222
f 3027/3798 3289/3799 3287/3797 3026/3796
f 3028/3800 3291/3801 3289/3799 3027/3798
f 3029/3802 3293/3803 3291/3801 3028/3800
f 3030/3804 3295/3805 3293/3803 3029/3802
f 3031/3806 3297/3807 3295/3805 3030/3804
f 3032/3808 3299/3809 3297/3807 3031/3806
f 3033/3810 3301/3811 3299/3809 3032/3808
f 3034/3767 3303/3766 3301/3811 3033/3810
f 3035/3201 3049/3812 3050/3813 3036/3189
f 3035/3201 3288/3203 3290/3814 3049/3812
f 3036/3189 3050/3813 3051/3815 3037/3176
f 3037/3176 3051/3815 3052/3816 3038/3172
f 3038/3172 3052/3816 3053/3817 3039/3159
f 3039/3159 3053/3817 3054/3818 3040/3157
f 3040/3157 3054/3818 3055/3153 3041/3154
f 3042/3696 3056/3695 3057/3819 3043/3699
f 3043/3699 3057/3819 3058/3820 3044/3701
f 3044/3701 3058/3820 3059/3821 3045/3704
f 3045/3704 3059/3821 3060/3822 3046/3715
f 3046/3715 3060/3822 3061/3823 3047/3719
f 3047/3719 3061/3823 3062/3824 3048/3732
f 3048/3732 3304/3825 3253/3744 2999/3730
f 3049/3812 3063/3826 3064/3827 3050/3813
f 3049/3812 3290/3814 3292/3828 3063/3826
f 3050/3813 3064/3827 3065/3829 3051/3815
f 3051/3815 3065/3829 3066/3830 3052/3816
f 3052/3816 3066/3830 3067/3831 3053/3817
f 3053/3817 3067/3831 3068/3832 3054/3818
f 3054/3818 3068/3832 3069/3151 3055/3153
f 3056/3695 3070/3694 3071/3833 3057/3819
f 3057/3819 3071/3833 3072/3834 3058/3820
f 3058/3820 3072/3834 3073/3835 3059/3821
f 3059/3821 3073/3835 3074/3836 3060/3822
f 3060/3822 3074/3836 3075/3837 3061/3823
f 3061/3823 3075/3837 3076/3838 3062/3824
f 3062/3824 3302/3839 3304/3825 3048/3732
f 3063/3826 3077/3840 3078/3841 3064/3827
f 3063/3826 3292/3828 3294/3842 3077/3840
f 3064/3827 3078/3841 3079/3843 3065/3829
f 3065/3829 3079/3843 3080/3844 3066/3830
f 3066/3830 3080/3844 3081/3845 3067/3831
f 3067/3831 3081/3845 3082/3846 3068/3832
f 3068/3832 3082/3846 3083/3152 3069/3151
f 3070/3694 3084/3149 3085/3847 3071/3833
f 3071/3833 3085/3847 3086/3848 3072/3834
f 3072/3834 3086/3848 3087/3849 3073/3835
f 3073/3835 3087/3849 3088/3850 3074/3836
f 3074/3836 3088/3850 3089/3851 3075/3837
f 3075/3837 3089/3851 3090/3852 3076/3838
f 3076/3838 3300/3853 3302/3839 3062/3824
f 3077/3840 3091/3854 3092/3855 3078/3841
f 3077/3840 3294/3842 3296/3856 3091/3854
f 3078/3841 3092/3855 3093/3857 3079/3843
f 3079/3843 3093/3857 3094/3858 3080/3844
f 3080/3844 3094/3858 3095/3859 3081/3845
f 3081/3845 3095/3859 3096/3860 3082/3846
f 3082/3846 3096/3860 3097/3148 3083/3152
f 3084/3149 3097/3148 3096/3860 3085/3847
f 3085/3847 3096/3860 3095/3859 3086/3848
f 3086/3848 3095/3859 3094/3858 3087/3849
f 3087/3849 3094/3858 3093/3857 3088/3850
f 3088/3850 3093/3857 3092/3855 3089/3851
f 3089/3851 3092/3855 3091/3854 3090/3852
f 3090/3852 3298/3861 3300/3853 3076/3838
f 3091/3854 3296/3856 3298/3861 3090/3852
f 3098/3036 3128/3038 3129/3862 3099/3050
f 3099/3050 3129/3862 3130/3863 3100/3055
f 3100/3055 3130/3863 3131/3864 3101/3165
f 3101/3165 3131/3864 3132/3865 3102/3183
f 3102/3183 3286/3866 3223/3195 2542/3182
f 3103/3737 3112/3867 3111/3868 3104/3724
f 3103/3737 3262/3738 3264/3869 3112/3867
f 3104/3724 3111/3868 3110/3870 3105/3707
f 3105/3707 3110/3870 3109/3871 3106/3613
f 3106/3613 3109/3871 3108/3600 3107/3599
f 3109/3871 3114/3872 3113/3601 3108/3600
f 3110/3870 3115/3873 3114/3872 3109/3871
f 3111/3868 3116/3874 3115/3873 3110/3870
f 3112/3867 3117/3875 3116/3874 3111/3868
f 3112/3867 3264/3869 3266/3876 3117/3875
f 3114/3872 3119/3877 3118/3602 3113/3601
f 3115/3873 3120/3878 3119/3877 3114/3872
f 3116/3874 3121/3879 3120/3878 3115/3873
f 3117/3875 3122/3880 3121/3879 3116/3874
f 3117/3875 3266/3876 3268/3881 3122/3880
f 3119/3877 3124/3882 3123/3603 3118/3602
f 3120/3878 3125/3883 3124/3882 3119/3877
f 3121/3879 3126/3884 3125/3883 3120/3878
f 3122/3880 3127/3885 3126/3884 3121/3879
f 3122/3880 3268/3881 3270/3886 3127/3885
f 3124/3882 3156/3887 3157/3604 3123/3603
f 3125/3883 3155/3888 3156/3887 3124/3882
f 3126/3884 3154/3889 3155/3888 3125/3883
f 3127/3885 3153/3890 3154/3889 3126/3884
f 3127/3885 3270/3886 3272/3891 3153/3890
f 3128/3038 3137/3039 3136/3892 3129/3862
f 3129/3862 3136/3892 3135/3893 3130/3863
f 3130/3863 3135/3893 3134/3894 3131/3864
f 3131/3864 3134/3894 3133/3895 3132/3865
f 3132/3865 3284/3896 3286/3866 3102/3183
f 3133/3895 3282/3897 3284/3896 3132/3865
f 3134/3894 3139/3898 3138/3899 3133/3895
f 3135/3893 3140/3900 3139/3898 3134/3894
f 3136/3892 3141/3901 3140/3900 3135/3893
f 3137/3039 3142/3040 3141/3901 3136/3892
f 3138/3899 3280/3902 3282/3897 3133/3895
f 3139/3898 3144/3903 3143/3904 3138/3899
f 3140/3900 3145/3905 3144/3903 3139/3898
f 3141/3901 3146/3906 3145/3905 3140/3900
f 3142/3040 3147/3041 3146/3906 3141/3901
f 3143/3904 3278/3907 3280/3902 3138/3899
f 3144/3903 3149/3908 3148/3909 3143/3904
f 3145/3905 3150/3910 3149/3908 3144/3903
f 3146/3906 3151/3911 3150/3910 3145/3905
f 3147/3041 3152/3042 3151/3911 3146/3906
f 3148/3909 3276/3912 3278/3907 3143/3904
f 3149/3908 3161/3913 3162/3914 3148/3909
f 3150/3910 3160/3915 3161/3913 3149/3908
f 3151/3911 3159/3916 3160/3915 3150/3910
f 3152/3042 3158/3043 3159/3916 3151/3911
f 3153/3890 3162/3914 3161/3913 3154/3889
f 3153/3890 3272/3891 3274/3917 3162/3914
f 3154/3889 3161/3913 3160/3915 3155/3888
f 3155/3888 3160/3915 3159/3916 3156/3887
f 3156/3887 3159/3916 3158/3043 3157/3604
f 3162/3914 3274/3917 3276/3912 3148/3909
f 3163/3279 3168/3287 3167/3274 3164/3275
f 3165/2615 3170/2614 3169/2627 3166/2618
f 3168/3287 3172/3290 3171/3297 3167/3274
f 3170/2614 3173/2613 3174/2630 3169/2627
f 3173/2613 3177/2643 3178/2642 2131/2639
f 3221/3193 3223/3195 3224/3208 3222/3207
f 3222/3207 3228/3214 3227/3194 3221/3193
f 3223/3195 3286/3866 3285/3210 3224/3208
f 3225/3196 3227/3194 3228/3214 3226/3213
f 3226/3213 3232/3221 3231/3197 3225/3196
f 3229/3198 3231/3200 3232/3218 3230/3217
f 3230/3217 3240/3228 3239/3199 3229/3198
f 3233/3202 3235/3204 3236/3224 3234/3223
f 3234/3223 3287/3797 3288/3203 3233/3202
f 3235/3204 3237/3205 3238/3226 3236/3224
f 3237/3205 3239/3199 3240/3228 3238/3226
f 3241/3735 3247/3740 3248/3750 3242/3749
f 3242/3749 3244/3753 3243/3736 3241/3735
f 3244/3753 3261/3773 3262/3738 3243/3736
f 3245/3739 3251/3743 3252/3756 3246/3755
f 3246/3755 3248/3750 3247/3740 3245/3739
f 3249/3741 3259/3747 3260/3760 3250/3759
f 3250/3759 3252/3763 3251/3742 3249/3741
f 3253/3744 3304/3825 3303/3766 3254/3765
f 3254/3765 3256/3769 3255/3745 3253/3744
f 3256/3769 3258/3771 3257/3746 3255/3745
f 3258/3771 3260/3760 3259/3747 3257/3746
f 3261/3773 3263/3775 3264/3869 3262/3738
f 3263/3775 3265/3777 3266/3876 3264/3869
f 3265/3777 3267/3779 3268/3881 3266/3876
f 3267/3779 3269/3781 3270/3886 3268/3881
f 3269/3781 3271/3783 3272/3891 3270/3886
f 3271/3783 3273/3785 3274/3917 3272/3891
f 3273/3785 3275/3787 3276/3912 3274/3917
f 3275/3787 3277/3789 3278/3907 3276/3912
f 3277/3789 3279/3791 3280/3902 3278/3907
f 3279/3791 3281/3793 3282/3897 3280/3902
f 3281/3793 3283/3795 3284/3896 3282/3897
f 3283/3795 3285/3210 3286/3866 3284/3896
f 3287/3797 3289/3799 3290/3814 3288/3203
f 3289/3799 3291/3801 3292/3828 3290/3814
f 3291/3801 3293/3803 3294/3842 3292/3828
f 3293/3803 3295/3805 3296/3856 3294/3842
f 3295/3805 3297/3807 3298/3861 3296/3856
f 3297/3807 3299/3809 3300/3853 3298/3861
f 3299/3809 3301/3811 3302/3839 3300/3853
f 3301/3811 3303/3766 3304/3825 3302/3839